t,channel,pdr_mean,pdr_worst,pdr_spread,n_links,links_degraded,rssi_mean,rssi_per_link,pdr_per_link,noise_dbm,meas_floor_dbm,band_power,hb_gap_max,data_tx,data_rx,rx_ok,rx_err,rev_rssi_per_link,rev_pdr_per_link,rev_age_per_link,tx_attempts,tx_acked,tx_defer_ms,tx_retry_depth,shadow_exp,shadow_miss,silent_exp,silent_miss
1.000,6,0.500,0.500,0.000,3,3,-78.473,"-76.6 -81.5 -77.3","0.500 0.500 0.500",-93.966,-100.820,"-100.8 -100.8 -100.8 -100.8 -100.8 -100.8 -100.8 -100.8",0.073,0,0,18,11,"-8e+01 -8e+01 -8e+01","1 0 0","0.073 0.048 0.023",5,5,0.01,0.00,0,0,12,0
1.100,6,1.000,1.000,0.000,3,0,-78.473,"-76.6 -81.5 -77.3","1.000 1.000 1.000",-93.966,-100.820,"-100.8 -100.8 -100.8 -100.8 -100.8 -100.8 -100.8 -100.8",0.073,2,0,21,13,"-8e+01 -8e+01 -8e+01","1 0 0","0.073 0.048 0.023",1,1,0.01,0.00,0,0,3,0
1.200,6,1.000,1.000,0.000,3,0,-78.473,"-76.6 -81.5 -77.3","1.000 1.000 1.000",-93.966,-100.820,"-100.8 -100.8 -100.8 -100.8 -100.8 -100.8 -100.8 -100.8",0.073,4,0,24,15,"-8e+01 -8e+01 -8e+01","1 0 0","0.073 0.048 0.023",1,1,0.01,0.00,0,0,3,0
1.300,6,1.000,1.000,0.000,3,0,-78.473,"-76.6 -81.5 -77.3","1.000 1.000 1.000",-93.966,-100.820,"-100.8 -100.8 -100.8 -100.8 -100.8 -100.8 -100.8 -100.8",0.073,6,0,27,17,"-8e+01 -8e+01 -8e+01","1 0 0","0.073 0.048 0.023",1,1,0.01,0.00,0,0,3,0
1.400,6,1.000,1.000,0.000,3,0,-78.473,"-76.6 -81.5 -77.3","1.000 1.000 1.000",-93.966,-100.820,"-100.8 -100.8 -100.8 -100.8 -100.8 -100.8 -100.8 -100.8",0.073,8,0,30,19,"-8e+01 -8e+01 -8e+01","1 0 0","0.073 0.048 0.023",1,1,0.02,0.00,0,0,3,0
1.500,6,1.000,1.000,0.000,3,0,-78.473,"-76.6 -81.5 -77.3","1.000 1.000 1.000",-93.966,-100.820,"-100.8 -100.8 -100.8 -100.8 -100.8 -100.8 -100.8 -100.8",0.073,10,0,33,21,"-8e+01 -8e+01 -8e+01","1 0 0","0.073 0.048 0.023",1,1,0.00,0.00,0,0,3,0
1.600,6,1.000,1.000,0.000,3,0,-78.473,"-76.6 -81.5 -77.3","1.000 1.000 1.000",-93.966,-100.820,"-100.8 -100.8 -100.8 -100.8 -100.8 -100.8 -100.8 -100.8",0.073,12,0,36,23,"-8e+01 -8e+01 -8e+01","1 0 0","0.073 0.048 0.023",1,1,0.01,0.00,0,0,3,0
1.700,6,1.000,1.000,0.000,3,0,-78.473,"-76.6 -81.5 -77.3","1.000 1.000 1.000",-93.966,-100.820,"-100.8 -100.8 -100.8 -100.8 -100.8 -100.8 -100.8 -100.8",0.073,14,0,39,25,"-8e+01 -8e+01 -8e+01","1 0 0","0.073 0.048 0.023",1,1,0.01,0.00,0,0,3,0
1.800,6,1.000,1.000,0.000,3,0,-78.473,"-76.6 -81.5 -77.3","1.000 1.000 1.000",-93.966,-100.820,"-100.8 -100.8 -100.8 -100.8 -100.8 -100.8 -100.8 -100.8",0.073,16,0,42,27,"-8e+01 -8e+01 -8e+01","1 0 0","0.073 0.048 0.023",1,1,0.01,0.00,0,0,3,0
1.900,6,1.000,1.000,0.000,3,0,-78.473,"-76.6 -81.5 -77.3","1.000 1.000 1.000",-93.966,-100.820,"-100.8 -100.8 -100.8 -100.8 -100.8 -100.8 -100.8 -100.8",0.073,18,0,45,29,"-8e+01 -8e+01 -8e+01","1 0 0","0.073 0.048 0.023",1,1,0.02,0.00,0,0,3,0
2.000,6,1.000,1.000,0.000,3,0,-78.473,"-76.6 -81.5 -77.3","1.000 1.000 1.000",-93.966,-100.820,"-100.8 -100.8 -100.8 -100.8 -100.8 -100.8 -100.8 -100.8",0.073,20,0,48,31,"-8e+01 -8e+01 -8e+01","1 0 0","0.073 0.048 0.023",1,1,0.00,0.00,0,0,3,0
2.100,6,1.000,1.000,0.000,3,0,-78.473,"-76.6 -81.5 -77.3","1.000 1.000 1.000",-93.966,-100.820,"-100.8 -100.8 -100.8 -100.8 -100.8 -100.8 -100.8 -100.8",0.073,22,0,51,34,"-8e+01 -8e+01 -8e+01","1 0 0","0.073 0.048 0.023",2,2,0.79,0.00,0,0,3,0
2.200,6,1.000,1.000,0.000,3,0,-78.473,"-76.6 -81.5 -77.3","1.000 1.000 1.000",-93.966,-100.820,"-100.8 -100.8 -100.8 -100.8 -100.8 -100.8 -100.8 -100.8",0.073,24,0,54,36,"-8e+01 -8e+01 -8e+01","1 0 0","0.073 0.048 0.023",1,1,0.01,0.00,0,0,3,0
2.300,6,1.000,1.000,0.000,3,0,-78.473,"-76.6 -81.5 -77.3","1.000 1.000 1.000",-93.966,-100.820,"-100.8 -100.8 -100.8 -100.8 -100.8 -100.8 -100.8 -100.8",0.073,26,0,59,38,"-8e+01 -8e+01 -8e+01","1 0 0","0.073 0.048 0.023",1,1,0.01,0.00,0,0,3,0
2.400,6,1.000,1.000,0.000,3,0,-78.473,"-76.6 -81.5 -77.3","1.000 1.000 1.000",-93.966,-100.820,"-100.8 -100.8 -100.8 -100.8 -100.8 -100.8 -100.8 -100.8",0.073,28,0,62,41,"-8e+01 -8e+01 -8e+01","1 0 0","0.073 0.048 0.023",1,1,0.00,0.00,0,0,3,0
2.500,6,1.000,1.000,0.000,3,0,-78.473,"-76.6 -81.5 -77.3","1.000 1.000 1.000",-93.966,-100.820,"-100.8 -100.8 -100.8 -100.8 -100.8 -100.8 -100.8 -100.8",0.073,30,0,66,43,"-8e+01 -8e+01 -8e+01","1 0 0","0.073 0.048 0.023",1,1,0.00,0.00,0,0,3,0
2.600,6,1.000,1.000,0.000,3,0,-78.473,"-76.6 -81.5 -77.3","1.000 1.000 1.000",-93.966,-100.820,"-100.8 -100.8 -100.8 -100.8 -100.8 -100.8 -100.8 -100.8",0.073,32,0,69,45,"-8e+01 -8e+01 -8e+01","1 0 0","0.073 0.048 0.023",1,1,0.01,0.00,0,0,3,0
2.700,6,1.000,1.000,0.000,3,0,-78.353,"-76.3 -81.5 -77.3","1.000 1.000 1.000",-93.966,-100.820,"-100.8 -100.8 -100.8 -100.8 -100.8 -100.8 -100.8 -100.8",0.073,34,0,77,47,"-8e+01 -8e+01 -8e+01","1 0 0","0.073 0.048 0.023",1,1,0.01,0.00,0,0,3,0
2.800,6,1.000,1.000,0.000,3,0,-78.473,"-76.6 -81.5 -77.3","1.000 1.000 1.000",-93.966,-100.820,"-100.8 -100.8 -100.8 -100.8 -100.8 -100.8 -100.8 -100.8",0.073,36,0,80,49,"-8e+01 -8e+01 -8e+01","1 0 0","0.073 0.048 0.023",1,1,0.02,0.00,0,0,3,0
2.900,6,1.000,1.000,0.000,3,0,-78.353,"-76.3 -81.5 -77.3","1.000 1.000 1.000",-93.966,-100.820,"-100.8 -100.8 -100.8 -100.8 -100.8 -100.8 -100.8 -100.8",0.073,38,0,85,51,"-8e+01 -8e+01 -8e+01","1 0 0","0.073 0.048 0.023",1,1,0.02,0.00,0,0,3,0
3.000,6,1.000,1.000,0.000,3,0,-78.473,"-76.6 -81.5 -77.3","1.000 1.000 1.000",-93.966,-100.820,"-100.8 -100.8 -100.8 -100.8 -100.8 -100.8 -100.8 -100.8",0.073,40,0,88,53,"-8e+01 -8e+01 -8e+01","1 0 0","0.073 0.048 0.023",1,1,0.00,0.00,0,0,3,0
3.100,6,1.000,1.000,0.000,3,0,-78.353,"-76.3 -81.5 -77.3","1.000 1.000 1.000",-93.966,-100.820,"-100.8 -100.8 -100.8 -100.8 -100.8 -100.8 -100.8 -100.8",0.073,42,0,93,55,"-8e+01 -8e+01 -8e+01","1 0 0","0.073 0.048 0.023",1,1,0.01,0.00,0,0,3,0
3.200,6,1.000,1.000,0.000,3,0,-78.473,"-76.6 -81.5 -77.3","1.000 1.000 1.000",-93.966,-100.820,"-100.8 -100.8 -100.8 -100.8 -100.8 -100.8 -100.8 -100.8",0.073,44,0,96,57,"-8e+01 -8e+01 -8e+01","1 0 0","0.073 0.048 0.023",1,1,0.01,0.00,0,0,3,0
3.300,6,1.000,1.000,0.000,3,0,-78.353,"-76.3 -81.5 -77.3","1.000 1.000 1.000",-93.966,-100.820,"-100.8 -100.8 -100.8 -100.8 -100.8 -100.8 -100.8 -100.8",0.073,46,0,101,59,"-8e+01 -8e+01 -8e+01","1 0 0","0.073 0.048 0.023",1,1,0.02,0.00,0,0,3,0
3.400,6,1.000,1.000,0.000,3,0,-78.473,"-76.6 -81.5 -77.3","1.000 1.000 1.000",-93.966,-100.820,"-100.8 -100.8 -100.8 -100.8 -100.8 -100.8 -100.8 -100.8",0.073,48,0,104,61,"-8e+01 -8e+01 -8e+01","1 0 0","0.073 0.048 0.023",1,1,0.02,0.00,0,0,3,0
3.500,6,1.000,1.000,0.000,3,0,-78.353,"-76.3 -81.5 -77.3","1.000 1.000 1.000",-93.966,-100.820,"-100.8 -100.8 -100.8 -100.8 -100.8 -100.8 -100.8 -100.8",0.073,50,0,109,63,"-8e+01 -8e+01 -8e+01","1 0 0","0.073 0.048 0.023",1,1,0.00,0.00,0,0,3,0
3.600,6,1.000,1.000,0.000,3,0,-78.473,"-76.6 -81.5 -77.3","1.000 1.000 1.000",-93.966,-100.820,"-100.8 -100.8 -100.8 -100.8 -100.8 -100.8 -100.8 -100.8",0.073,52,0,112,65,"-8e+01 -8e+01 -8e+01","1 0 0","0.073 0.048 0.023",1,1,0.01,0.00,0,0,3,0
3.700,6,1.000,1.000,0.000,3,0,-78.353,"-76.3 -81.5 -77.3","1.000 1.000 1.000",-93.966,-100.820,"-100.8 -100.8 -100.8 -100.8 -100.8 -100.8 -100.8 -100.8",0.073,54,0,117,67,"-8e+01 -8e+01 -8e+01","1 0 0","0.073 0.048 0.023",1,1,0.01,0.00,0,0,3,0
3.800,6,1.000,1.000,0.000,3,0,-78.473,"-76.6 -81.5 -77.3","1.000 1.000 1.000",-93.966,-100.820,"-100.8 -100.8 -100.8 -100.8 -100.8 -100.8 -100.8 -100.8",0.073,56,0,120,69,"-8e+01 -8e+01 -8e+01","1 0 0","0.073 0.048 0.023",1,1,0.01,0.00,0,0,3,0
3.900,6,1.000,1.000,0.000,3,0,-78.353,"-76.3 -81.5 -77.3","1.000 1.000 1.000",-93.966,-100.820,"-100.8 -100.8 -100.8 -100.8 -100.8 -100.8 -100.8 -100.8",0.073,58,0,125,71,"-8e+01 -8e+01 -8e+01","1 0 0","0.073 0.048 0.023",1,1,0.02,0.00,0,0,3,0
4.000,6,1.000,1.000,0.000,3,0,-78.473,"-76.6 -81.5 -77.3","1.000 1.000 1.000",-93.966,-100.820,"-100.8 -100.8 -100.8 -100.8 -100.8 -100.8 -100.8 -100.8",0.073,60,0,128,73,"-8e+01 -8e+01 -8e+01","1 0 0","0.073 0.048 0.023",1,1,0.00,0.00,0,0,3,0
4.100,6,1.000,1.000,0.000,3,0,-78.353,"-76.3 -81.5 -77.3","1.000 1.000 1.000",-93.966,-100.820,"-100.8 -100.8 -100.8 -100.8 -100.8 -100.8 -100.8 -100.8",0.073,62,0,134,75,"-8e+01 -8e+01 -8e+01","1 0 0","0.073 0.048 0.023",2,2,36.46,0.00,0,0,3,0
4.200,6,1.000,1.000,0.000,3,0,-78.473,"-76.6 -81.5 -77.3","1.000 1.000 1.000",-93.966,-100.820,"-100.8 -100.8 -100.8 -100.8 -100.8 -100.8 -100.8 -100.8",0.073,64,0,137,77,"-8e+01 -8e+01 -8e+01","1 0 0","0.073 0.048 0.023",1,1,0.01,0.00,0,0,3,0
4.300,6,1.000,1.000,0.000,3,0,-78.353,"-76.3 -81.5 -77.3","1.000 1.000 1.000",-93.966,-100.820,"-100.8 -100.8 -100.8 -100.8 -100.8 -100.8 -100.8 -100.8",0.073,66,0,142,79,"-8e+01 -8e+01 -8e+01","1 0 0","0.073 0.048 0.023",1,1,0.01,0.00,0,0,3,0
4.400,6,1.000,1.000,0.000,3,0,-78.473,"-76.6 -81.5 -77.3","1.000 1.000 1.000",-93.966,-100.820,"-100.8 -100.8 -100.8 -100.8 -100.8 -100.8 -100.8 -100.8",0.073,68,0,152,85,"-8e+01 -8e+01 -8e+01","1 0 0","0.073 0.048 0.023",4,4,1.52,0.00,1,0,2,0
4.500,6,1.000,1.000,0.000,3,0,-78.353,"-76.3 -81.5 -77.3","1.000 1.000 1.000",-93.966,-100.820,"-100.8 -100.8 -100.8 -100.8 -100.8 -100.8 -100.8 -100.8",0.073,70,0,164,90,"-8e+01 -8e+01 -8e+01","1 0 0","0.073 0.048 0.023",5,5,0.01,0.00,0,0,3,0
4.600,6,1.000,1.000,0.000,3,0,-78.473,"-76.6 -81.5 -77.3","1.000 1.000 1.000",-93.966,-100.820,"-100.8 -100.8 -100.8 -100.8 -100.8 -100.8 -100.8 -100.8",0.073,72,0,171,94,"-8e+01 -8e+01 -8e+01","1 0 0","0.073 0.048 0.023",3,3,0.00,0.00,0,0,3,0
4.700,6,1.000,1.000,0.000,3,0,-78.353,"-76.3 -81.5 -77.3","1.000 1.000 1.000",-93.966,-100.820,"-100.8 -100.8 -100.8 -100.8 -100.8 -100.8 -100.8 -100.8",0.073,74,0,180,98,"-8e+01 -8e+01 -8e+01","1 0 0","0.073 0.048 0.023",3,3,0.01,0.00,0,0,3,0
4.800,6,1.000,1.000,0.000,3,0,-78.473,"-76.6 -81.5 -77.3","1.000 1.000 1.000",-93.966,-100.820,"-100.8 -100.8 -100.8 -100.8 -100.8 -100.8 -100.8 -100.8",0.073,76,0,187,102,"-8e+01 -8e+01 -8e+01","1 0 0","0.073 0.048 0.023",3,3,0.01,0.00,0,0,3,0
4.900,6,1.000,1.000,0.000,3,0,-78.353,"-76.3 -81.5 -77.3","1.000 1.000 1.000",-93.966,-100.820,"-100.8 -100.8 -100.8 -100.8 -100.8 -100.8 -100.8 -100.8",0.073,78,0,196,106,"-8e+01 -8e+01 -8e+01","1 0 0","0.073 0.048 0.023",3,3,0.00,0.00,0,0,3,0
5.000,6,1.000,1.000,0.000,3,0,-78.473,"-76.6 -81.5 -77.3","1.000 1.000 1.000",-93.966,-100.820,"-100.8 -100.8 -100.8 -100.8 -100.8 -100.8 -100.8 -100.8",0.073,80,0,203,110,"-8e+01 -8e+01 -8e+01","1 0 0","0.073 0.048 0.023",3,3,0.01,0.00,0,0,3,0
5.100,6,1.000,1.000,0.000,3,0,-78.353,"-76.3 -81.5 -77.3","1.000 1.000 1.000",-93.966,-100.820,"-100.8 -100.8 -100.8 -100.8 -100.8 -100.8 -100.8 -100.8",0.073,82,0,212,114,"-8e+01 -8e+01 -8e+01","1 0 0","0.073 0.048 0.023",3,3,0.01,0.00,0,0,3,0
5.200,6,1.000,1.000,0.000,3,0,-78.473,"-76.6 -81.5 -77.3","1.000 1.000 1.000",-93.966,-100.820,"-100.8 -100.8 -100.8 -100.8 -100.8 -100.8 -100.8 -100.8",0.073,84,0,219,118,"-8e+01 -8e+01 -8e+01","1 0 0","0.073 0.048 0.023",3,3,0.01,0.00,0,0,3,0
5.300,6,1.000,1.000,0.000,3,0,-78.473,"-76.6 -81.5 -77.3","1.000 1.000 1.000",-93.966,-100.820,"-100.8 -100.8 -100.8 -100.8 -100.8 -100.8 -100.8 -100.8",0.073,86,0,226,122,"-8e+01 -8e+01 -8e+01","1 0 0","0.073 0.048 0.023",3,3,0.01,0.00,0,0,3,0
5.400,6,1.000,1.000,0.000,3,0,-78.473,"-76.6 -81.5 -77.3","1.000 1.000 1.000",-93.966,-100.820,"-100.8 -100.8 -100.8 -100.8 -100.8 -100.8 -100.8 -100.8",0.073,88,0,235,126,"-8e+01 -8e+01 -8e+01","1 0 0","0.073 0.048 0.023",3,3,0.01,0.00,0,0,3,0
5.500,6,1.000,1.000,0.000,3,0,-78.473,"-76.6 -81.5 -77.3","1.000 1.000 1.000",-93.966,-100.820,"-100.8 -100.8 -100.8 -100.8 -100.8 -100.8 -100.8 -100.8",0.073,90,0,242,130,"-8e+01 -8e+01 -8e+01","1 0 0","0.073 0.048 0.023",3,3,0.01,0.00,0,0,3,0
5.600,6,1.000,1.000,0.000,3,0,-78.473,"-76.6 -81.5 -77.3","1.000 1.000 1.000",-93.966,-100.820,"-100.8 -100.8 -100.8 -100.8 -100.8 -100.8 -100.8 -100.8",0.073,92,0,251,134,"-8e+01 -8e+01 -8e+01","1 0 0","0.073 0.048 0.023",3,3,0.01,0.00,0,0,3,0
5.700,6,1.000,1.000,0.000,3,0,-78.473,"-76.6 -81.5 -77.3","1.000 1.000 1.000",-93.966,-100.820,"-100.8 -100.8 -100.8 -100.8 -100.8 -100.8 -100.8 -100.8",0.073,94,0,258,138,"-8e+01 -8e+01 -8e+01","1 0 0","0.073 0.048 0.023",3,3,0.01,0.00,0,0,3,0
5.800,6,1.000,1.000,0.000,3,0,-78.473,"-76.6 -81.5 -77.3","1.000 1.000 1.000",-93.966,-100.820,"-100.8 -100.8 -100.8 -100.8 -100.8 -100.8 -100.8 -100.8",0.073,96,0,267,142,"-8e+01 -8e+01 -8e+01","1 0 0","0.073 0.048 0.023",3,3,0.01,0.00,0,0,3,0
5.900,6,1.000,1.000,0.000,3,0,-78.473,"-76.6 -81.5 -77.3","1.000 1.000 1.000",-93.966,-100.820,"-100.8 -100.8 -100.8 -100.8 -100.8 -100.8 -100.8 -100.8",0.073,98,0,274,146,"-8e+01 -8e+01 -8e+01","1 0 0","0.073 0.048 0.023",3,3,0.02,0.00,0,0,3,0
6.000,6,1.000,1.000,0.000,3,0,-78.473,"-76.6 -81.5 -77.3","1.000 1.000 1.000",-93.966,-100.820,"-100.8 -100.8 -100.8 -100.8 -100.8 -100.8 -100.8 -100.8",0.073,100,0,283,150,"-8e+01 -8e+01 -8e+01","1 0 0","0.073 0.048 0.023",3,3,0.00,0.00,0,0,3,0
6.100,6,1.000,1.000,0.000,3,0,-78.473,"-76.6 -81.5 -77.3","1.000 1.000 1.000",-93.966,-100.820,"-100.8 -100.8 -100.8 -100.8 -100.8 -100.8 -100.8 -100.8",0.073,102,0,291,154,"-8e+01 -8e+01 -8e+01","1 0 0","0.073 0.048 0.023",3,3,0.01,0.00,0,0,3,0
6.200,6,1.000,1.000,0.000,3,0,-78.473,"-76.6 -81.5 -77.3","1.000 1.000 1.000",-93.966,-100.820,"-100.8 -100.8 -100.8 -100.8 -100.8 -100.8 -100.8 -100.8",0.073,104,0,300,159,"-8e+01 -8e+01 -8e+01","1 0 0","0.073 0.048 0.023",3,3,0.24,0.00,0,0,3,0
6.300,6,1.000,1.000,0.000,3,0,-78.473,"-76.6 -81.5 -77.3","1.000 1.000 1.000",-93.966,-100.820,"-100.8 -100.8 -100.8 -100.8 -100.8 -100.8 -100.8 -100.8",0.073,106,0,308,163,"-8e+01 -8e+01 -8e+01","1 0 0","0.073 0.048 0.023",3,3,0.00,0.00,0,0,3,0
6.400,6,1.000,1.000,0.000,3,0,-78.353,"-76.3 -81.5 -77.3","1.000 1.000 1.000",-93.966,-100.820,"-100.8 -100.8 -100.8 -100.8 -100.8 -100.8 -100.8 -100.8",0.073,108,0,317,167,"-8e+01 -8e+01 -8e+01","1 0 0","0.073 0.048 0.023",4,4,0.01,0.00,0,0,3,0
6.500,6,1.000,1.000,0.000,3,0,-78.473,"-76.6 -81.5 -77.3","1.000 1.000 1.000",-93.966,-100.820,"-100.8 -100.8 -100.8 -100.8 -100.8 -100.8 -100.8 -100.8",0.073,110,0,325,172,"-8e+01 -8e+01 -8e+01","1 0 0","0.073 0.048 0.023",3,3,0.01,0.00,0,0,3,0
6.600,6,1.000,1.000,0.000,3,0,-78.353,"-76.3 -81.5 -77.3","1.000 1.000 1.000",-93.966,-100.820,"-100.8 -100.8 -100.8 -100.8 -100.8 -100.8 -100.8 -100.8",0.073,112,0,334,176,"-8e+01 -8e+01 -8e+01","1 0 0","0.073 0.048 0.023",3,3,0.01,0.00,0,0,3,0
6.700,6,1.000,1.000,0.000,3,0,-78.473,"-76.6 -81.5 -77.3","1.000 1.000 1.000",-93.966,-100.820,"-100.8 -100.8 -100.8 -100.8 -100.8 -100.8 -100.8 -100.8",0.073,114,0,341,180,"-8e+01 -8e+01 -8e+01","1 0 0","0.073 0.048 0.023",3,3,0.01,0.00,0,0,3,0
6.800,6,1.000,1.000,0.000,3,0,-78.353,"-76.3 -81.5 -77.3","1.000 1.000 1.000",-93.966,-100.820,"-100.8 -100.8 -100.8 -100.8 -100.8 -100.8 -100.8 -100.8",0.073,116,0,350,184,"-8e+01 -8e+01 -8e+01","1 0 0","0.073 0.048 0.023",3,3,0.01,0.00,0,0,3,0
6.900,6,1.000,1.000,0.000,3,0,-78.473,"-76.6 -81.5 -77.3","1.000 1.000 1.000",-93.966,-100.820,"-100.8 -100.8 -100.8 -100.8 -100.8 -100.8 -100.8 -100.8",0.073,118,0,357,188,"-8e+01 -8e+01 -8e+01","1 0 0","0.073 0.048 0.023",3,3,0.01,0.00,0,0,3,0
7.000,6,1.000,1.000,0.000,3,0,-78.353,"-76.3 -81.5 -77.3","1.000 1.000 1.000",-93.966,-100.820,"-100.8 -100.8 -100.8 -100.8 -100.8 -100.8 -100.8 -100.8",0.073,120,0,366,192,"-8e+01 -8e+01 -8e+01","1 0 0","0.073 0.048 0.023",3,3,0.01,0.00,0,0,3,0
7.100,6,1.000,1.000,0.000,3,0,-78.473,"-76.6 -81.5 -77.3","1.000 1.000 1.000",-93.966,-100.820,"-100.8 -100.8 -100.8 -100.8 -100.8 -100.8 -100.8 -100.8",0.073,122,0,373,196,"-8e+01 -8e+01 -8e+01","1 0 0","0.073 0.048 0.023",3,3,0.01,0.00,0,0,3,0
7.200,6,1.000,1.000,0.000,3,0,-78.353,"-76.3 -81.5 -77.3","1.000 1.000 1.000",-93.966,-100.820,"-100.8 -100.8 -100.8 -100.8 -100.8 -100.8 -100.8 -100.8",0.073,124,0,382,200,"-8e+01 -8e+01 -8e+01","1 0 0","0.073 0.048 0.023",3,3,0.01,0.00,0,0,3,0
7.300,6,1.000,1.000,0.000,3,0,-78.473,"-76.6 -81.5 -77.3","1.000 1.000 1.000",-93.966,-100.820,"-100.8 -100.8 -100.8 -100.8 -100.8 -100.8 -100.8 -100.8",0.073,126,0,389,204,"-8e+01 -8e+01 -8e+01","1 0 0","0.073 0.048 0.023",3,3,0.01,0.00,0,0,3,0
7.400,6,1.000,1.000,0.000,3,0,-78.353,"-76.3 -81.5 -77.3","1.000 1.000 1.000",-93.966,-100.820,"-100.8 -100.8 -100.8 -100.8 -100.8 -100.8 -100.8 -100.8",0.073,128,0,398,208,"-8e+01 -8e+01 -8e+01","1 0 0","0.073 0.048 0.023",3,3,0.01,0.00,0,0,3,0
7.500,6,1.000,1.000,0.000,3,0,-78.473,"-76.6 -81.5 -77.3","1.000 1.000 1.000",-93.966,-100.820,"-100.8 -100.8 -100.8 -100.8 -100.8 -100.8 -100.8 -100.8",0.073,130,0,405,212,"-8e+01 -8e+01 -8e+01","1 0 0","0.073 0.048 0.023",3,3,0.01,0.00,0,0,3,0
7.600,6,1.000,1.000,0.000,3,0,-78.353,"-76.3 -81.5 -77.3","1.000 1.000 1.000",-93.966,-100.820,"-100.8 -100.8 -100.8 -100.8 -100.8 -100.8 -100.8 -100.8",0.073,132,0,414,216,"-8e+01 -8e+01 -8e+01","1 0 0","0.073 0.048 0.023",3,3,0.01,0.00,0,0,3,0
7.700,6,1.000,1.000,0.000,3,0,-78.473,"-76.6 -81.5 -77.3","1.000 1.000 1.000",-93.966,-100.820,"-100.8 -100.8 -100.8 -100.8 -100.8 -100.8 -100.8 -100.8",0.073,134,0,421,220,"-8e+01 -8e+01 -8e+01","1 0 0","0.073 0.048 0.023",3,3,0.01,0.00,0,0,3,0
7.800,6,1.000,1.000,0.000,3,0,-78.353,"-76.3 -81.5 -77.3","1.000 1.000 1.000",-93.966,-100.820,"-100.8 -100.8 -100.8 -100.8 -100.8 -100.8 -100.8 -100.8",0.073,136,0,430,224,"-8e+01 -8e+01 -8e+01","1 0 0","0.073 0.048 0.023",3,3,0.01,0.00,0,0,3,0
7.900,6,1.000,1.000,0.000,3,0,-78.473,"-76.6 -81.5 -77.3","1.000 1.000 1.000",-93.966,-100.820,"-100.8 -100.8 -100.8 -100.8 -100.8 -100.8 -100.8 -100.8",0.073,138,0,437,228,"-8e+01 -8e+01 -8e+01","1 0 0","0.073 0.048 0.023",3,3,0.01,0.00,0,0,3,0
8.000,6,1.000,1.000,0.000,3,0,-78.353,"-76.3 -81.5 -77.3","1.000 1.000 1.000",-93.966,-100.820,"-100.8 -100.8 -100.8 -100.8 -100.8 -100.8 -100.8 -100.8",0.073,140,0,446,232,"-8e+01 -8e+01 -8e+01","1 0 0","0.073 0.048 0.023",3,3,0.01,0.00,0,0,3,0
8.100,6,1.000,1.000,0.000,3,0,-78.473,"-76.6 -81.5 -77.3","1.000 1.000 1.000",-93.966,-100.820,"-100.8 -100.8 -100.8 -100.8 -100.8 -100.8 -100.8 -100.8",0.073,142,0,454,237,"-8e+01 -8e+01 -8e+01","1 0 0","0.073 0.048 0.023",3,3,0.01,0.00,0,0,3,0
8.200,6,1.000,1.000,0.000,3,0,-78.353,"-76.3 -81.5 -77.3","1.000 1.000 1.000",-93.966,-100.820,"-100.8 -100.8 -100.8 -100.8 -100.8 -100.8 -100.8 -100.8",0.073,144,0,463,241,"-8e+01 -8e+01 -8e+01","1 0 0","0.073 0.048 0.023",4,4,0.00,0.00,0,0,3,0
8.300,6,1.000,1.000,0.000,3,0,-78.473,"-76.6 -81.5 -77.3","1.000 1.000 1.000",-93.966,-100.820,"-100.8 -100.8 -100.8 -100.8 -100.8 -100.8 -100.8 -100.8",0.073,146,0,470,246,"-8e+01 -8e+01 -8e+01","1 0 0","0.073 0.048 0.023",3,3,0.01,0.00,0,0,3,0
8.400,6,1.000,1.000,0.000,3,0,-78.353,"-76.3 -81.5 -77.3","1.000 1.000 1.000",-93.966,-100.820,"-100.8 -100.8 -100.8 -100.8 -100.8 -100.8 -100.8 -100.8",0.073,148,0,479,251,"-8e+01 -8e+01 -8e+01","1 0 0","0.073 0.048 0.023",3,3,0.02,0.00,0,0,3,0
8.500,6,1.000,1.000,0.000,3,0,-78.473,"-76.6 -81.5 -77.3","1.000 1.000 1.000",-93.966,-100.820,"-100.8 -100.8 -100.8 -100.8 -100.8 -100.8 -100.8 -100.8",0.073,150,0,486,255,"-8e+01 -8e+01 -8e+01","1 0 0","0.073 0.048 0.023",3,3,0.00,0.00,0,0,3,0
8.600,6,1.000,1.000,0.000,3,0,-78.353,"-76.3 -81.5 -77.3","1.000 1.000 1.000",-93.966,-100.820,"-100.8 -100.8 -100.8 -100.8 -100.8 -100.8 -100.8 -100.8",0.073,152,0,496,259,"-8e+01 -8e+01 -8e+01","1 0 0","0.073 0.048 0.023",3,3,0.51,0.00,0,0,3,0
8.700,6,1.000,1.000,0.000,3,0,-78.473,"-76.6 -81.5 -77.3","1.000 1.000 1.000",-93.966,-100.820,"-100.8 -100.8 -100.8 -100.8 -100.8 -100.8 -100.8 -100.8",0.073,154,0,503,263,"-8e+01 -8e+01 -8e+01","1 0 0","0.073 0.048 0.023",3,3,0.02,0.00,0,0,3,0
8.800,6,1.000,1.000,0.000,3,0,-78.353,"-76.3 -81.5 -77.3","1.000 1.000 1.000",-93.966,-100.820,"-100.8 -100.8 -100.8 -100.8 -100.8 -100.8 -100.8 -100.8",0.073,156,0,512,267,"-8e+01 -8e+01 -8e+01","1 0 0","0.073 0.048 0.023",3,3,0.01,0.00,0,0,3,0
8.900,6,1.000,1.000,0.000,3,0,-78.473,"-76.6 -81.5 -77.3","1.000 1.000 1.000",-93.966,-100.820,"-100.8 -100.8 -100.8 -100.8 -100.8 -100.8 -100.8 -100.8",0.073,158,0,519,271,"-8e+01 -8e+01 -8e+01","1 0 0","0.073 0.048 0.023",3,3,0.01,0.00,0,0,3,0
9.000,6,1.000,1.000,0.000,3,0,-78.353,"-76.3 -81.5 -77.3","1.000 1.000 1.000",-93.966,-100.820,"-100.8 -100.8 -100.8 -100.8 -100.8 -100.8 -100.8 -100.8",0.073,160,0,528,275,"-8e+01 -8e+01 -8e+01","1 0 0","0.073 0.048 0.023",3,3,0.02,0.00,0,0,3,0
9.100,6,1.000,1.000,0.000,3,0,-78.473,"-76.6 -81.5 -77.3","1.000 1.000 1.000",-93.966,-100.820,"-100.8 -100.8 -100.8 -100.8 -100.8 -100.8 -100.8 -100.8",0.073,162,0,535,279,"-8e+01 -8e+01 -8e+01","1 0 0","0.073 0.048 0.023",3,3,0.00,0.00,0,0,3,0
9.200,6,1.000,1.000,0.000,3,0,-78.353,"-76.3 -81.5 -77.3","1.000 1.000 1.000",-93.966,-100.820,"-100.8 -100.8 -100.8 -100.8 -100.8 -100.8 -100.8 -100.8",0.073,164,0,544,283,"-8e+01 -8e+01 -8e+01","1 0 0","0.073 0.048 0.023",3,3,0.01,0.00,0,0,3,0
9.300,6,1.000,1.000,0.000,3,0,-78.473,"-76.6 -81.5 -77.3","1.000 1.000 1.000",-93.966,-100.820,"-100.8 -100.8 -100.8 -100.8 -100.8 -100.8 -100.8 -100.8",0.073,166,0,551,287,"-8e+01 -8e+01 -8e+01","1 0 0","0.073 0.048 0.023",3,3,0.02,0.00,0,0,3,0
9.400,6,1.000,1.000,0.000,3,0,-78.353,"-76.3 -81.5 -77.3","1.000 1.000 1.000",-93.966,-100.820,"-100.8 -100.8 -100.8 -100.8 -100.8 -100.8 -100.8 -100.8",0.073,168,0,560,291,"-8e+01 -8e+01 -8e+01","1 0 0","0.073 0.048 0.023",3,3,0.00,0.00,0,0,3,0
9.500,6,1.000,1.000,0.000,3,0,-78.473,"-76.6 -81.5 -77.3","1.000 1.000 1.000",-93.966,-100.820,"-100.8 -100.8 -100.8 -100.8 -100.8 -100.8 -100.8 -100.8",0.073,170,0,567,295,"-8e+01 -8e+01 -8e+01","1 0 0","0.073 0.048 0.023",3,3,0.01,0.00,0,0,3,0
9.600,6,1.000,1.000,0.000,3,0,-78.473,"-76.6 -81.5 -77.3","1.000 1.000 1.000",-93.966,-100.820,"-100.8 -100.8 -100.8 -100.8 -100.8 -100.8 -100.8 -100.8",0.073,172,0,574,299,"-8e+01 -8e+01 -8e+01","1 0 0","0.073 0.048 0.023",3,3,0.02,0.00,0,0,3,0
9.700,6,1.000,1.000,0.000,3,0,-78.473,"-76.6 -81.5 -77.3","1.000 1.000 1.000",-93.966,-100.820,"-100.8 -100.8 -100.8 -100.8 -100.8 -100.8 -100.8 -100.8",0.073,174,0,583,303,"-8e+01 -8e+01 -8e+01","1 0 0","0.073 0.048 0.023",3,3,0.00,0.00,0,0,3,0
9.800,6,1.000,1.000,0.000,3,0,-78.473,"-76.6 -81.5 -77.3","1.000 1.000 1.000",-93.966,-100.820,"-100.8 -100.8 -100.8 -100.8 -100.8 -100.8 -100.8 -100.8",0.073,176,0,590,307,"-8e+01 -8e+01 -8e+01","1 0 0","0.073 0.048 0.023",3,3,0.01,0.00,0,0,3,0
9.900,6,1.000,1.000,0.000,3,0,-78.473,"-76.6 -81.5 -77.3","1.000 1.000 1.000",-93.966,-100.820,"-100.8 -100.8 -100.8 -100.8 -100.8 -100.8 -100.8 -100.8",0.073,178,0,599,311,"-8e+01 -8e+01 -8e+01","1 0 0","0.073 0.048 0.023",3,3,0.01,0.00,0,0,3,0
10.000,6,1.000,1.000,0.000,3,0,-78.473,"-76.6 -81.5 -77.3","1.000 1.000 1.000",-93.966,-100.820,"-100.8 -100.8 -100.8 -100.8 -100.8 -100.8 -100.8 -100.8",0.073,180,0,606,315,"-8e+01 -8e+01 -8e+01","1 0 0","0.073 0.048 0.023",3,3,0.01,0.00,0,0,3,0
10.100,6,1.000,1.000,0.000,3,0,-78.473,"-76.6 -81.5 -77.3","1.000 1.000 1.000",-93.966,-100.820,"-100.8 -100.8 -100.8 -100.8 -100.8 -100.8 -100.8 -100.8",0.073,182,0,616,319,"-8e+01 -8e+01 -8e+01","1 0 0","0.073 0.048 0.023",3,3,0.01,0.00,0,0,3,0
10.200,6,1.000,1.000,0.000,3,0,-78.473,"-76.6 -81.5 -77.3","1.000 1.000 1.000",-93.966,-100.820,"-100.8 -100.8 -100.8 -100.8 -100.8 -100.8 -100.8 -100.8",0.073,184,0,625,323,"-8e+01 -8e+01 -8e+01","1 0 0","0.073 0.048 0.023",3,3,0.01,0.00,0,0,3,0
10.300,6,1.000,1.000,0.000,3,0,-78.473,"-76.6 -81.5 -77.3","1.000 1.000 1.000",-93.966,-100.820,"-100.8 -100.8 -100.8 -100.8 -100.8 -100.8 -100.8 -100.8",0.073,186,0,634,328,"-8e+01 -8e+01 -8e+01","1 0 0","0.073 0.048 0.023",3,3,0.01,0.00,0,0,3,0
10.400,6,1.000,1.000,0.000,3,0,-78.473,"-76.6 -81.5 -77.3","1.000 1.000 1.000",-93.966,-100.820,"-100.8 -100.8 -100.8 -100.8 -100.8 -100.8 -100.8 -100.8",0.073,188,0,641,333,"-8e+01 -8e+01 -8e+01","1 0 0","0.073 0.048 0.023",4,4,0.01,0.00,0,0,3,0
10.500,6,1.000,1.000,0.000,3,0,-78.473,"-76.6 -81.5 -77.3","1.000 1.000 1.000",-93.966,-100.820,"-100.8 -100.8 -100.8 -100.8 -100.8 -100.8 -100.8 -100.8",0.073,190,0,650,337,"-8e+01 -8e+01 -8e+01","1 0 0","0.073 0.048 0.023",3,3,0.01,0.00,0,0,3,0
10.600,6,1.000,1.000,0.000,3,0,-78.473,"-76.6 -81.5 -77.3","1.000 1.000 1.000",-93.966,-100.820,"-100.8 -100.8 -100.8 -100.8 -100.8 -100.8 -100.8 -100.8",0.073,192,0,658,341,"-8e+01 -8e+01 -8e+01","1 0 0","0.073 0.048 0.023",3,3,0.01,0.00,0,0,3,0
10.700,6,1.000,1.000,0.000,3,0,-78.353,"-76.3 -81.5 -77.3","1.000 1.000 1.000",-93.966,-100.820,"-100.8 -100.8 -100.8 -100.8 -100.8 -100.8 -100.8 -100.8",0.073,194,0,668,345,"-8e+01 -8e+01 -8e+01","1 0 0","0.073 0.048 0.023",3,3,0.01,0.00,0,0,3,0
10.800,6,1.000,1.000,0.000,3,0,-78.473,"-76.6 -81.5 -77.3","1.000 1.000 1.000",-93.966,-100.820,"-100.8 -100.8 -100.8 -100.8 -100.8 -100.8 -100.8 -100.8",0.073,196,0,675,349,"-8e+01 -8e+01 -8e+01","1 0 0","0.073 0.048 0.023",3,3,0.01,0.00,0,0,3,0
10.900,6,1.000,1.000,0.000,3,0,-78.353,"-76.3 -81.5 -77.3","1.000 1.000 1.000",-93.966,-100.820,"-100.8 -100.8 -100.8 -100.8 -100.8 -100.8 -100.8 -100.8",0.073,198,0,684,353,"-8e+01 -8e+01 -8e+01","1 0 0","0.073 0.048 0.023",3,3,0.01,0.00,0,0,3,0
11.000,6,1.000,1.000,0.000,3,0,-78.473,"-76.6 -81.5 -77.3","1.000 1.000 1.000",-93.966,-100.820,"-100.8 -100.8 -100.8 -100.8 -100.8 -100.8 -100.8 -100.8",0.073,200,0,691,357,"-8e+01 -8e+01 -8e+01","1 0 0","0.073 0.048 0.023",3,3,0.01,0.00,0,0,3,0
11.100,6,1.000,1.000,0.000,3,0,-78.353,"-76.3 -81.5 -77.3","1.000 1.000 1.000",-93.966,-100.820,"-100.8 -100.8 -100.8 -100.8 -100.8 -100.8 -100.8 -100.8",0.073,202,0,700,361,"-8e+01 -8e+01 -8e+01","1 0 0","0.073 0.048 0.023",3,3,0.01,0.00,0,0,3,0
11.200,6,1.000,1.000,0.000,3,0,-78.473,"-76.6 -81.5 -77.3","1.000 1.000 1.000",-93.966,-100.820,"-100.8 -100.8 -100.8 -100.8 -100.8 -100.8 -100.8 -100.8",0.073,204,0,707,365,"-8e+01 -8e+01 -8e+01","1 0 0","0.073 0.048 0.023",3,3,0.01,0.00,0,0,3,0
11.300,6,1.000,1.000,0.000,3,0,-78.353,"-76.3 -81.5 -77.3","1.000 1.000 1.000",-93.966,-100.820,"-100.8 -100.8 -100.8 -100.8 -100.8 -100.8 -100.8 -100.8",0.073,206,0,716,369,"-8e+01 -8e+01 -8e+01","1 0 0","0.073 0.048 0.023",3,3,0.01,0.00,0,0,3,0
11.400,6,1.000,1.000,0.000,3,0,-78.473,"-76.6 -81.5 -77.3","1.000 1.000 1.000",-93.966,-100.820,"-100.8 -100.8 -100.8 -100.8 -100.8 -100.8 -100.8 -100.8",0.073,208,0,723,373,"-8e+01 -8e+01 -8e+01","1 0 0","0.073 0.048 0.023",3,3,0.01,0.00,0,0,3,0
11.500,6,1.000,1.000,0.000,3,0,-78.353,"-76.3 -81.5 -77.3","1.000 1.000 1.000",-93.966,-100.820,"-100.8 -100.8 -100.8 -100.8 -100.8 -100.8 -100.8 -100.8",0.073,210,0,732,377,"-8e+01 -8e+01 -8e+01","1 0 0","0.073 0.048 0.023",3,3,0.01,0.00,0,0,3,0
11.600,6,1.000,1.000,0.000,3,0,-78.473,"-76.6 -81.5 -77.3","1.000 1.000 1.000",-93.966,-100.820,"-100.8 -100.8 -100.8 -100.8 -100.8 -100.8 -100.8 -100.8",0.073,212,0,739,381,"-8e+01 -8e+01 -8e+01","1 0 0","0.073 0.048 0.023",3,3,0.01,0.00,0,0,3,0
11.700,6,1.000,1.000,0.000,3,0,-78.353,"-76.3 -81.5 -77.3","1.000 1.000 1.000",-93.966,-100.820,"-100.8 -100.8 -100.8 -100.8 -100.8 -100.8 -100.8 -100.8",0.073,214,0,748,385,"-8e+01 -8e+01 -8e+01","1 0 0","0.073 0.048 0.023",3,3,0.01,0.00,0,0,3,0
11.800,6,1.000,1.000,0.000,3,0,-78.473,"-76.6 -81.5 -77.3","1.000 1.000 1.000",-93.966,-100.820,"-100.8 -100.8 -100.8 -100.8 -100.8 -100.8 -100.8 -100.8",0.073,216,0,755,389,"-8e+01 -8e+01 -8e+01","1 0 0","0.073 0.048 0.023",3,3,0.01,0.00,0,0,3,0
11.900,6,1.000,1.000,0.000,3,0,-78.353,"-76.3 -81.5 -77.3","1.000 1.000 1.000",-93.966,-100.820,"-100.8 -100.8 -100.8 -100.8 -100.8 -100.8 -100.8 -100.8",0.073,218,0,764,393,"-8e+01 -8e+01 -8e+01","1 0 0","0.073 0.048 0.023",3,3,0.00,0.00,0,0,3,0
12.000,6,1.000,1.000,0.000,3,0,-78.473,"-76.6 -81.5 -77.3","1.000 1.000 1.000",-93.966,-100.820,"-100.8 -100.8 -100.8 -100.8 -100.8 -100.8 -100.8 -100.8",0.073,220,0,771,397,"-8e+01 -8e+01 -8e+01","1 0 0","0.073 0.048 0.023",3,3,0.01,0.00,0,0,3,0
12.100,6,1.000,1.000,0.000,3,0,-78.353,"-76.3 -81.5 -77.3","1.000 1.000 1.000",-93.966,-100.820,"-100.8 -100.8 -100.8 -100.8 -100.8 -100.8 -100.8 -100.8",0.073,222,0,781,401,"-8e+01 -8e+01 -8e+01","1 0 0","0.073 0.048 0.023",3,3,0.01,0.00,0,0,3,0
12.200,6,1.000,1.000,0.000,3,0,-78.473,"-76.6 -81.5 -77.3","1.000 1.000 1.000",-93.966,-100.820,"-100.8 -100.8 -100.8 -100.8 -100.8 -100.8 -100.8 -100.8",0.073,224,0,788,405,"-8e+01 -8e+01 -8e+01","1 0 0","0.073 0.048 0.023",3,3,0.01,0.00,0,0,3,0
12.300,6,1.000,1.000,0.000,3,0,-78.353,"-76.3 -81.5 -77.3","1.000 1.000 1.000",-93.966,-100.820,"-100.8 -100.8 -100.8 -100.8 -100.8 -100.8 -100.8 -100.8",0.073,226,0,798,410,"-8e+01 -8e+01 -8e+01","1 0 0","0.073 0.048 0.023",3,3,0.01,0.00,0,0,3,0
12.400,6,0.970,0.909,0.043,3,0,-78.353,"-76.6 -81.2 -77.3","1.000 0.909 1.000",-93.966,-100.820,"-100.8 -100.8 -100.8 -100.8 -100.8 -100.8 -100.8 -100.8",0.148,228,0,805,416,"-8e+01 -8e+01 -8e+01","1 0 0","0.073 0.15 0.023",4,4,0.00,0.00,0,0,2,0
12.500,6,0.970,0.909,0.043,3,0,-78.353,"-76.3 -81.5 -77.3","1.000 0.909 1.000",-93.966,-100.820,"-100.8 -100.8 -100.8 -100.8 -100.8 -100.8 -100.8 -100.8",0.073,230,0,814,420,"-8e+01 -8e+01 -8e+01","1 0 0","0.073 0.048 0.023",3,3,0.01,0.00,1,1,3,0
12.600,6,0.970,0.909,0.043,3,0,-78.473,"-76.6 -81.5 -77.3","1.000 0.909 1.000",-93.966,-100.820,"-100.8 -100.8 -100.8 -100.8 -100.8 -100.8 -100.8 -100.8",0.073,232,0,821,424,"-8e+01 -8e+01 -8e+01","1 0 0","0.073 0.048 0.023",3,3,0.01,0.00,0,0,3,0
12.700,6,0.970,0.909,0.043,3,0,-78.353,"-76.3 -81.5 -77.3","1.000 0.909 1.000",-93.966,-100.820,"-100.8 -100.8 -100.8 -100.8 -100.8 -100.8 -100.8 -100.8",0.073,234,0,830,428,"-8e+01 -8e+01 -8e+01","1 0 0","0.073 0.048 0.023",3,3,0.01,0.00,0,0,3,0
12.800,6,0.970,0.909,0.043,3,0,-78.473,"-76.6 -81.5 -77.3","1.000 0.909 1.000",-93.966,-100.820,"-100.8 -100.8 -100.8 -100.8 -100.8 -100.8 -100.8 -100.8",0.073,236,0,837,432,"-8e+01 -8e+01 -8e+01","1 0 0","0.073 0.048 0.023",3,3,0.01,0.00,0,0,3,0
12.900,6,0.970,0.909,0.043,3,0,-78.353,"-76.3 -81.5 -77.3","1.000 0.909 1.000",-93.966,-100.820,"-100.8 -100.8 -100.8 -100.8 -100.8 -100.8 -100.8 -100.8",0.073,238,0,846,436,"-8e+01 -8e+01 -8e+01","1 0 0","0.073 0.048 0.023",3,3,0.01,0.00,0,0,3,0
13.000,6,0.970,0.909,0.043,3,0,-78.473,"-76.6 -81.5 -77.3","1.000 0.909 1.000",-93.966,-100.820,"-100.8 -100.8 -100.8 -100.8 -100.8 -100.8 -100.8 -100.8",0.073,240,0,853,440,"-8e+01 -8e+01 -8e+01","1 0 0","0.073 0.048 0.023",3,3,0.01,0.00,0,0,3,0
13.100,6,0.970,0.909,0.043,3,0,-78.353,"-76.3 -81.5 -77.3","1.000 0.909 1.000",-93.966,-100.820,"-100.8 -100.8 -100.8 -100.8 -100.8 -100.8 -100.8 -100.8",0.073,242,0,862,444,"-8e+01 -8e+01 -8e+01","1 0 0","0.073 0.048 0.023",3,3,0.01,0.00,0,0,3,0
13.200,6,0.970,0.909,0.043,3,0,-78.473,"-76.6 -81.5 -77.3","1.000 0.909 1.000",-93.966,-100.820,"-100.8 -100.8 -100.8 -100.8 -100.8 -100.8 -100.8 -100.8",0.073,244,0,869,448,"-8e+01 -8e+01 -8e+01","1 0 0","0.073 0.048 0.023",3,3,0.01,0.00,0,0,3,0
13.300,6,0.970,0.909,0.043,3,0,-78.353,"-76.3 -81.5 -77.3","1.000 0.909 1.000",-93.966,-100.820,"-100.8 -100.8 -100.8 -100.8 -100.8 -100.8 -100.8 -100.8",0.073,246,0,878,452,"-8e+01 -8e+01 -8e+01","1 0 0","0.073 0.048 0.023",3,3,0.01,0.00,0,0,3,0
13.400,6,0.970,0.909,0.043,3,0,-78.473,"-76.6 -81.5 -77.3","1.000 0.909 1.000",-93.966,-100.820,"-100.8 -100.8 -100.8 -100.8 -100.8 -100.8 -100.8 -100.8",0.073,248,0,885,456,"-8e+01 -8e+01 -8e+01","1 0 0","0.073 0.048 0.023",3,3,0.01,0.00,0,0,3,0
13.500,6,1.000,1.000,0.000,3,0,-78.353,"-76.3 -81.5 -77.3","1.000 1.000 1.000",-93.966,-100.820,"-100.8 -100.8 -100.8 -100.8 -100.8 -100.8 -100.8 -100.8",0.073,250,0,894,460,"-8e+01 -8e+01 -8e+01","1 0 0","0.073 0.048 0.023",3,3,0.01,0.00,0,0,3,0
13.600,6,1.000,1.000,0.000,3,0,-78.473,"-76.6 -81.5 -77.3","1.000 1.000 1.000",-93.966,-100.820,"-100.8 -100.8 -100.8 -100.8 -100.8 -100.8 -100.8 -100.8",0.073,252,0,901,464,"-8e+01 -8e+01 -8e+01","1 0 0","0.073 0.048 0.023",3,3,0.01,0.00,0,0,3,0
13.700,6,1.000,1.000,0.000,3,0,-78.353,"-76.3 -81.5 -77.3","1.000 1.000 1.000",-93.966,-100.820,"-100.8 -100.8 -100.8 -100.8 -100.8 -100.8 -100.8 -100.8",0.073,254,0,910,468,"-8e+01 -8e+01 -8e+01","1 0 0","0.073 0.048 0.023",3,3,0.01,0.00,0,0,3,0
13.800,6,1.000,1.000,0.000,3,0,-78.473,"-76.6 -81.5 -77.3","1.000 1.000 1.000",-93.966,-100.820,"-100.8 -100.8 -100.8 -100.8 -100.8 -100.8 -100.8 -100.8",0.073,256,0,917,472,"-8e+01 -8e+01 -8e+01","1 0 0","0.073 0.048 0.023",3,3,0.01,0.00,0,0,3,0
13.900,6,1.000,1.000,0.000,3,0,-78.473,"-76.6 -81.5 -77.3","1.000 1.000 1.000",-93.966,-100.820,"-100.8 -100.8 -100.8 -100.8 -100.8 -100.8 -100.8 -100.8",0.073,258,0,924,476,"-8e+01 -8e+01 -8e+01","1 0 0","0.073 0.048 0.023",3,3,0.01,0.00,0,0,3,0
14.000,6,1.000,1.000,0.000,3,0,-78.473,"-76.6 -81.5 -77.3","1.000 1.000 1.000",-93.966,-100.820,"-100.8 -100.8 -100.8 -100.8 -100.8 -100.8 -100.8 -100.8",0.073,260,0,933,480,"-8e+01 -8e+01 -8e+01","1 0 0","0.073 0.048 0.023",3,3,0.01,0.00,0,0,3,0
14.100,6,1.000,1.000,0.000,3,0,-78.473,"-76.6 -81.5 -77.3","1.000 1.000 1.000",-93.966,-100.820,"-100.8 -100.8 -100.8 -100.8 -100.8 -100.8 -100.8 -100.8",0.073,262,0,941,484,"-8e+01 -8e+01 -8e+01","1 0 0","0.073 0.048 0.023",3,3,0.02,0.00,0,0,3,0
14.200,6,1.000,1.000,0.000,3,0,-78.473,"-76.6 -81.5 -77.3","1.000 1.000 1.000",-93.966,-100.820,"-100.8 -100.8 -100.8 -100.8 -100.8 -100.8 -100.8 -100.8",0.073,264,0,950,489,"-8e+01 -8e+01 -8e+01","1 0 0","0.073 0.048 0.023",3,3,0.01,0.00,0,0,3,0
14.300,6,1.000,1.000,0.000,3,0,-78.473,"-76.6 -81.5 -77.3","1.000 1.000 1.000",-93.966,-100.820,"-100.8 -100.8 -100.8 -100.8 -100.8 -100.8 -100.8 -100.8",0.073,266,0,958,494,"-8e+01 -8e+01 -8e+01","1 0 0","0.073 0.048 0.023",3,3,0.01,0.00,0,0,3,0
14.400,6,1.000,1.000,0.000,3,0,-78.473,"-76.6 -81.5 -77.3","1.000 1.000 1.000",-93.966,-100.820,"-100.8 -100.8 -100.8 -100.8 -100.8 -100.8 -100.8 -100.8",0.073,268,0,968,498,"-8e+01 -8e+01 -8e+01","1 0 0","0.073 0.048 0.023",3,3,0.01,0.00,0,0,3,0
14.500,6,1.000,1.000,0.000,3,0,-78.473,"-76.6 -81.5 -77.3","1.000 1.000 1.000",-93.966,-100.820,"-100.8 -100.8 -100.8 -100.8 -100.8 -100.8 -100.8 -100.8",0.073,270,0,975,502,"-8e+01 -8e+01 -8e+01","1 0 0","0.073 0.048 0.023",4,4,0.00,0.00,0,0,3,0
14.600,6,1.000,1.000,0.000,3,0,-78.473,"-76.6 -81.5 -77.3","1.000 1.000 1.000",-93.966,-100.820,"-100.8 -100.8 -100.8 -100.8 -100.8 -100.8 -100.8 -100.8",0.073,272,0,984,506,"-8e+01 -8e+01 -8e+01","1 0 0","0.073 0.048 0.023",3,3,0.01,0.00,0,0,3,0
14.700,6,1.000,1.000,0.000,3,0,-78.473,"-76.6 -81.5 -77.3","1.000 1.000 1.000",-93.966,-100.820,"-100.8 -100.8 -100.8 -100.8 -100.8 -100.8 -100.8 -100.8",0.073,274,0,991,510,"-8e+01 -8e+01 -8e+01","1 0 0","0.073 0.048 0.023",3,3,0.01,0.00,0,0,3,0
14.800,6,1.000,1.000,0.000,3,0,-78.473,"-76.6 -81.5 -77.3","1.000 1.000 1.000",-93.966,-100.820,"-100.8 -100.8 -100.8 -100.8 -100.8 -100.8 -100.8 -100.8",0.073,276,0,1000,514,"-8e+01 -8e+01 -8e+01","1 0 0","0.073 0.048 0.023",3,3,0.01,0.00,0,0,3,0
14.900,6,1.000,1.000,0.000,3,0,-78.473,"-76.6 -81.5 -77.3","1.000 1.000 1.000",-93.966,-100.820,"-100.8 -100.8 -100.8 -100.8 -100.8 -100.8 -100.8 -100.8",0.073,278,0,1007,518,"-8e+01 -8e+01 -8e+01","1 0 0","0.073 0.048 0.023",3,3,0.01,0.00,0,0,3,0
15.000,6,1.000,1.000,0.000,3,0,-78.353,"-76.3 -81.5 -77.3","1.000 1.000 1.000",-93.966,-100.820,"-100.8 -100.8 -100.8 -100.8 -100.8 -100.8 -100.8 -100.8",0.073,280,0,1016,522,"-8e+01 -8e+01 -8e+01","1 0 0","0.073 0.048 0.023",3,3,0.01,0.00,0,0,3,0
15.100,6,1.000,1.000,0.000,3,0,-78.473,"-76.6 -81.5 -77.3","1.000 1.000 1.000",-93.966,-100.820,"-100.8 -100.8 -100.8 -100.8 -100.8 -100.8 -100.8 -100.8",0.073,282,0,1023,526,"-8e+01 -8e+01 -8e+01","1 0 0","0.073 0.048 0.023",3,3,0.00,0.00,0,0,3,0
15.200,6,1.000,1.000,0.000,3,0,-78.353,"-76.3 -81.5 -77.3","1.000 1.000 1.000",-93.966,-100.820,"-100.8 -100.8 -100.8 -100.8 -100.8 -100.8 -100.8 -100.8",0.073,284,0,1033,530,"-8e+01 -8e+01 -8e+01","1 0 0","0.073 0.048 0.023",3,3,0.01,0.00,0,0,3,0
15.300,6,1.000,1.000,0.000,3,0,-78.473,"-76.6 -81.5 -77.3","1.000 1.000 1.000",-93.966,-100.820,"-100.8 -100.8 -100.8 -100.8 -100.8 -100.8 -100.8 -100.8",0.073,286,0,1040,534,"-8e+01 -8e+01 -8e+01","1 0 0","0.073 0.048 0.023",4,4,0.01,0.00,0,0,3,0
15.400,6,1.000,1.000,0.000,3,0,-78.353,"-76.3 -81.5 -77.3","1.000 1.000 1.000",-93.966,-100.820,"-100.8 -100.8 -100.8 -100.8 -100.8 -100.8 -100.8 -100.8",0.073,288,0,1051,538,"-8e+01 -8e+01 -8e+01","1 0 0","0.073 0.048 0.023",3,3,0.01,0.00,0,0,3,0
15.500,6,1.000,1.000,0.000,3,0,-78.473,"-76.6 -81.5 -77.3","1.000 1.000 1.000",-93.966,-100.820,"-100.8 -100.8 -100.8 -100.8 -100.8 -100.8 -100.8 -100.8",0.073,290,0,1059,543,"-8e+01 -8e+01 -8e+01","1 0 0","0.073 0.048 0.023",3,3,0.01,0.00,0,0,3,0
15.600,6,1.000,1.000,0.000,3,0,-78.353,"-76.3 -81.5 -77.3","1.000 1.000 1.000",-93.966,-100.820,"-100.8 -100.8 -100.8 -100.8 -100.8 -100.8 -100.8 -100.8",0.073,292,0,1068,547,"-8e+01 -8e+01 -8e+01","1 0 0","0.073 0.048 0.023",3,3,0.01,0.00,0,0,3,0
15.700,6,1.000,1.000,0.000,3,0,-78.473,"-76.6 -81.5 -77.3","1.000 1.000 1.000",-93.966,-100.820,"-100.8 -100.8 -100.8 -100.8 -100.8 -100.8 -100.8 -100.8",0.073,294,0,1075,551,"-8e+01 -8e+01 -8e+01","1 0 0","0.073 0.048 0.023",3,3,0.01,0.00,0,0,3,0
15.800,6,1.000,1.000,0.000,3,0,-78.353,"-76.3 -81.5 -77.3","1.000 1.000 1.000",-93.966,-100.820,"-100.8 -100.8 -100.8 -100.8 -100.8 -100.8 -100.8 -100.8",0.073,296,0,1084,555,"-8e+01 -8e+01 -8e+01","1 0 0","0.073 0.048 0.023",3,3,0.01,0.00,0,0,3,0
15.900,6,1.000,1.000,0.000,3,0,-78.473,"-76.6 -81.5 -77.3","1.000 1.000 1.000",-93.966,-100.820,"-100.8 -100.8 -100.8 -100.8 -100.8 -100.8 -100.8 -100.8",0.073,298,0,1091,559,"-8e+01 -8e+01 -8e+01","1 0 0","0.073 0.048 0.023",3,3,0.01,0.00,0,0,3,0
16.000,6,1.000,1.000,0.000,3,0,-78.353,"-76.3 -81.5 -77.3","1.000 1.000 1.000",-93.966,-100.820,"-100.8 -100.8 -100.8 -100.8 -100.8 -100.8 -100.8 -100.8",0.073,300,0,1100,563,"-8e+01 -8e+01 -8e+01","1 0 0","0.073 0.048 0.023",3,3,0.01,0.00,0,0,3,0
16.100,6,1.000,1.000,0.000,3,0,-78.473,"-76.6 -81.5 -77.3","1.000 1.000 1.000",-93.966,-100.820,"-100.8 -100.8 -100.8 -100.8 -100.8 -100.8 -100.8 -100.8",0.073,302,0,1107,567,"-8e+01 -8e+01 -8e+01","1 0 0","0.073 0.048 0.023",3,3,0.01,0.00,0,0,3,0
16.200,6,1.000,1.000,0.000,3,0,-78.353,"-76.3 -81.5 -77.3","1.000 1.000 1.000",-93.966,-100.820,"-100.8 -100.8 -100.8 -100.8 -100.8 -100.8 -100.8 -100.8",0.073,304,0,1117,571,"-8e+01 -8e+01 -8e+01","1 0 0","0.073 0.048 0.023",4,4,0.11,0.00,0,0,3,0
16.300,6,1.000,1.000,0.000,3,0,-78.473,"-76.6 -81.5 -77.3","1.000 1.000 1.000",-93.966,-100.820,"-100.8 -100.8 -100.8 -100.8 -100.8 -100.8 -100.8 -100.8",0.073,306,0,1125,577,"-8e+01 -8e+01 -8e+01","1 0 0","0.073 0.048 0.023",3,3,0.01,0.00,0,0,3,0
16.400,6,1.000,1.000,0.000,3,0,-78.353,"-76.3 -81.5 -77.3","1.000 1.000 1.000",-93.966,-100.819,"-100.8 -100.8 -100.8 -100.8 -100.8 -100.8 -100.8 -100.8",0.073,308,0,1134,581,"-8e+01 -8e+01 -8e+01","1 0 0","0.073 0.048 0.023",4,4,0.01,0.00,0,0,3,0
16.500,6,1.000,1.000,0.000,3,0,-78.473,"-76.6 -81.5 -77.3","1.000 1.000 1.000",-93.966,-100.819,"-100.8 -100.8 -100.8 -100.8 -100.8 -100.8 -100.8 -100.8",0.073,310,0,1142,585,"-8e+01 -8e+01 -8e+01","1 0 0","0.073 0.048 0.023",3,3,0.01,0.00,0,0,3,0
16.600,6,1.000,1.000,0.000,3,0,-78.353,"-76.3 -81.5 -77.3","1.000 1.000 1.000",-93.966,-100.819,"-100.8 -100.8 -100.8 -100.8 -100.8 -100.8 -100.8 -100.8",0.073,312,0,1151,589,"-8e+01 -8e+01 -8e+01","1 0 0","0.073 0.048 0.023",3,3,0.01,0.00,0,0,3,0
16.700,6,1.000,1.000,0.000,3,0,-78.473,"-76.6 -81.5 -77.3","1.000 1.000 1.000",-93.966,-100.819,"-100.8 -100.8 -100.8 -100.8 -100.8 -100.8 -100.8 -100.8",0.073,314,0,1158,593,"-8e+01 -8e+01 -8e+01","1 0 0","0.073 0.048 0.023",3,3,0.01,0.00,0,0,3,0
16.800,6,1.000,1.000,0.000,3,0,-78.353,"-76.3 -81.5 -77.3","1.000 1.000 1.000",-93.966,-100.819,"-100.8 -100.8 -100.8 -100.8 -100.8 -100.8 -100.8 -100.8",0.073,316,0,1167,597,"-8e+01 -8e+01 -8e+01","1 0 0","0.073 0.048 0.023",3,3,0.01,0.00,0,0,3,0
16.900,6,1.000,1.000,0.000,3,0,-78.473,"-76.6 -81.5 -77.3","1.000 1.000 1.000",-93.966,-100.819,"-100.8 -100.8 -100.8 -100.8 -100.8 -100.8 -100.8 -100.8",0.073,318,0,1174,601,"-8e+01 -8e+01 -8e+01","1 0 0","0.073 0.048 0.023",3,3,0.01,0.00,0,0,3,0
17.000,6,1.000,1.000,0.000,3,0,-78.473,"-76.6 -81.5 -77.3","1.000 1.000 1.000",-93.966,-100.819,"-100.8 -100.8 -100.8 -100.8 -100.8 -100.8 -100.8 -100.8",0.073,320,0,1181,607,"-8e+01 -8e+01 -8e+01","1 0 0","0.073 0.048 0.023",3,3,0.01,0.00,0,0,3,0
17.100,6,1.000,1.000,0.000,3,0,-78.473,"-76.6 -81.5 -77.3","1.000 1.000 1.000",-93.966,-100.819,"-100.8 -100.8 -100.8 -100.8 -100.8 -100.8 -100.8 -100.8",0.073,322,0,1188,611,"-8e+01 -8e+01 -8e+01","1 0 0","0.073 0.048 0.023",3,3,0.01,0.00,0,0,3,0
17.200,6,1.000,1.000,0.000,3,0,-78.353,"-76.3 -81.5 -77.3","1.000 1.000 1.000",-93.966,-100.819,"-100.8 -100.8 -100.8 -100.8 -100.8 -100.8 -100.8 -100.8",0.073,324,0,1197,615,"-8e+01 -8e+01 -8e+01","1 0 0","0.073 0.048 0.023",3,3,0.01,0.00,0,0,3,0
17.300,6,1.000,1.000,0.000,3,0,-78.473,"-76.6 -81.5 -77.3","1.000 1.000 1.000",-93.966,-100.819,"-100.8 -100.8 -100.8 -100.8 -100.8 -100.8 -100.8 -100.8",0.073,326,0,1204,619,"-8e+01 -8e+01 -8e+01","1 0 0","0.073 0.048 0.023",3,3,0.01,0.00,0,0,3,0
17.400,6,1.000,1.000,0.000,3,0,-78.353,"-76.3 -81.5 -77.3","1.000 1.000 1.000",-93.966,-100.819,"-100.8 -100.8 -100.8 -100.8 -100.8 -100.8 -100.8 -100.8",0.073,328,0,1213,623,"-8e+01 -8e+01 -8e+01","1 0 0","0.073 0.048 0.023",3,3,0.01,0.00,0,0,3,0
17.500,6,1.000,1.000,0.000,3,0,-78.473,"-76.6 -81.5 -77.3","1.000 1.000 1.000",-93.966,-100.819,"-100.8 -100.8 -100.8 -100.8 -100.8 -100.8 -100.8 -100.8",0.073,330,0,1220,627,"-8e+01 -8e+01 -8e+01","1 0 0","0.073 0.048 0.023",3,3,0.01,0.00,0,0,3,0
17.600,6,1.000,1.000,0.000,3,0,-78.353,"-76.3 -81.5 -77.3","1.000 1.000 1.000",-93.966,-100.819,"-100.8 -100.8 -100.8 -100.8 -100.8 -100.8 -100.8 -100.8",0.073,332,0,1229,631,"-8e+01 -8e+01 -8e+01","1 0 0","0.073 0.048 0.023",3,3,0.01,0.00,0,0,3,0
17.700,6,1.000,1.000,0.000,3,0,-78.473,"-76.6 -81.5 -77.3","1.000 1.000 1.000",-93.966,-100.819,"-100.8 -100.8 -100.8 -100.8 -100.8 -100.8 -100.8 -100.8",0.073,334,0,1236,635,"-8e+01 -8e+01 -8e+01","1 0 0","0.073 0.048 0.023",3,3,0.02,0.00,0,0,3,0
17.800,6,1.000,1.000,0.000,3,0,-78.353,"-76.3 -81.5 -77.3","1.000 1.000 1.000",-93.966,-100.819,"-100.8 -100.8 -100.8 -100.8 -100.8 -100.8 -100.8 -100.8",0.073,336,0,1245,639,"-8e+01 -8e+01 -8e+01","1 0 0","0.073 0.048 0.023",3,3,0.01,0.00,0,0,3,0
17.900,6,1.000,1.000,0.000,3,0,-78.473,"-76.6 -81.5 -77.3","1.000 1.000 1.000",-93.966,-100.819,"-100.8 -100.8 -100.8 -100.8 -100.8 -100.8 -100.8 -100.8",0.073,338,0,1252,643,"-8e+01 -8e+01 -8e+01","1 0 0","0.073 0.048 0.023",3,3,0.01,0.00,0,0,3,0
18.000,6,1.000,1.000,0.000,3,0,-78.353,"-76.3 -81.5 -77.3","1.000 1.000 1.000",-93.966,-100.819,"-100.8 -100.8 -100.8 -100.8 -100.8 -100.8 -100.8 -100.8",0.073,340,0,1261,647,"-8e+01 -8e+01 -8e+01","1 0 0","0.073 0.048 0.023",3,3,0.02,0.00,0,0,3,0
18.100,6,0.970,0.909,0.043,3,0,-78.115,"-76.3 -81.2 -76.9","1.000 1.000 0.909",-93.966,-100.819,"-100.8 -100.8 -100.8 -100.8 -100.8 -100.8 -100.8 -100.8",0.123,342,0,1420,861,"-8e+01 -8e+01 -8e+01","1 0 0","0.072 0.048 0.12",3,3,0.24,0.00,0,0,2,0
18.200,6,0.939,0.818,0.086,3,0,-78.115,"-76.3 -81.2 -76.9","1.000 1.000 0.818",-93.966,-100.819,"-100.8 -100.8 -100.8 -100.8 -100.8 -100.8 -100.8 -100.8",0.223,344,0,1568,1068,"-8e+01 -8e+01 -8e+01","1 0 0","0.07 0.048 0.22",3,3,0.03,0.00,0,0,2,0
18.300,6,0.939,0.818,0.086,3,0,-78.114,"-76.3 -81.2 -76.9","1.000 1.000 0.818",-93.966,-100.819,"-100.8 -100.8 -100.8 -100.8 -100.8 -100.8 -100.8 -100.8",0.073,346,0,1712,1289,"-8e+01 -8e+01 -8e+01","1 0 0","0.073 0.042 0.023",3,3,0.00,0.00,0,0,5,2
18.400,6,0.909,0.727,0.129,3,0,-78.115,"-76.3 -81.2 -76.9","1.000 1.000 0.727",-93.966,-100.819,"-100.8 -100.8 -100.8 -100.8 -100.8 -100.8 -100.8 -100.8",0.123,348,0,1862,1517,"-8e+01 -8e+01 -8e+01","1 0 0","0.072 0.046 0.12",3,3,2.22,0.00,0,0,2,0
18.500,6,0.909,0.727,0.129,3,0,-78.115,"-76.3 -81.2 -76.9","1.000 1.000 0.727",-93.966,-100.819,"-100.8 -100.8 -100.8 -100.8 -100.8 -100.8 -100.8 -100.8",0.073,350,0,2025,1720,"-8e+01 -8e+01 -8e+01","1 0 0","0.073 0.048 0.023",4,4,0.02,0.00,0,0,4,1
18.600,6,0.879,0.636,0.171,3,0,-78.115,"-76.3 -81.2 -76.9","1.000 1.000 0.636",-93.966,-100.819,"-100.8 -100.8 -100.8 -100.8 -100.8 -100.8 -100.8 -100.8",0.123,352,0,2174,1933,"-8e+01 -8e+01 -8e+01","1 0 0","0.073 0.048 0.12",4,4,0.91,0.00,0,0,2,0
18.700,6,0.879,0.636,0.171,3,0,-78.115,"-76.3 -81.2 -76.9","1.000 1.000 0.636",-93.966,-100.819,"-100.8 -100.8 -100.8 -100.8 -100.8 -100.8 -100.8 -100.8",0.073,354,0,2320,2135,"-8e+01 -8e+01 -8e+01","1 0.0118 0.0118","0.073 0.046 0.023",3,3,0.01,0.00,0,0,4,1
18.800,6,0.879,0.636,0.171,3,0,-78.115,"-76.3 -81.2 -76.9","1.000 1.000 0.636",-93.966,-100.819,"-100.8 -100.8 -100.8 -100.8 -100.8 -100.8 -100.8 -100.8",0.073,356,0,2486,2336,"-8e+01 -8e+01 -8e+01","1 0.0118 0.0118","0.073 0.048 0.023",3,3,0.62,0.00,0,0,3,0
18.900,6,0.848,0.545,0.214,3,1,-78.115,"-76.3 -81.2 -76.9","1.000 1.000 0.545",-93.966,-100.819,"-100.8 -100.8 -100.8 -100.8 -100.8 -100.8 -100.8 -100.8",0.123,358,0,2634,2554,"-8e+01 -8e+01 -8e+01","1 0.0196 0.0118","0.073 0.041 0.12",3,3,0.13,0.00,0,0,2,0
19.000,6,0.848,0.545,0.214,3,1,-78.115,"-76.3 -81.2 -76.9","1.000 1.000 0.545",-93.966,-100.819,"-100.8 -100.8 -100.8 -100.8 -100.8 -100.8 -100.8 -100.8",0.072,360,0,2796,2753,"-8e+01 -8e+01 -8e+01","1 0.0196 0.0196","0.072 0.048 0.023",3,3,0.53,0.00,0,0,4,1
19.100,6,0.818,0.455,0.257,3,1,-78.115,"-76.3 -81.2 -76.9","1.000 1.000 0.455",-93.966,-100.819,"-100.8 -100.8 -100.8 -100.8 -100.8 -100.8 -100.8 -100.8",0.123,362,0,2960,2955,"-8e+01 -8e+01 -8e+01","1 0.0314 0.0196","0.072 0.047 0.12",3,3,0.53,0.00,0,0,2,0
19.200,6,0.848,0.545,0.214,3,1,-78.115,"-76.3 -81.2 -76.9","1.000 1.000 0.545",-93.966,-100.819,"-100.8 -100.8 -100.8 -100.8 -100.8 -100.8 -100.8 -100.8",0.072,364,0,3100,3176,"-8e+01 -8e+01 -8e+01","1 0.0314 0.0314","0.072 0.048 0.023",4,4,0.16,0.00,0,0,4,1
19.300,6,0.848,0.545,0.214,3,1,-78.115,"-76.3 -81.2 -76.9","1.000 1.000 0.545",-93.966,-100.819,"-100.8 -100.8 -100.8 -100.8 -100.8 -100.8 -100.8 -100.8",0.123,366,0,3258,3372,"-8e+01 -8e+01 -8e+01","1 0.0314 0.0314","0.073 0.048 0.12",3,3,0.16,0.00,0,0,2,0
19.400,6,0.818,0.455,0.257,3,1,-78.115,"-76.3 -81.2 -76.9","1.000 1.000 0.455",-93.966,-100.819,"-100.8 -100.8 -100.8 -100.8 -100.8 -100.8 -100.8 -100.8",0.223,368,0,3411,3572,"-8e+01 -8e+01 -8e+01","1 0.0314 0.0314","0.072 0.047 0.22",4,4,0.30,0.00,0,0,2,0
19.500,6,0.848,0.545,0.214,3,1,-78.115,"-76.3 -81.2 -76.9","1.000 1.000 0.545",-93.966,-100.819,"-100.8 -100.8 -100.8 -100.8 -100.8 -100.8 -100.8 -100.8",0.072,370,0,3560,3793,"-8e+01 -8e+01 -8e+01","1 0.0314 0.0431","0.072 0.048 0.023",3,3,0.82,0.00,0,0,5,2
19.600,6,0.788,0.455,0.239,3,1,-78.115,"-76.3 -81.2 -76.9","1.000 0.909 0.455",-93.966,-100.819,"-100.8 -100.8 -100.8 -100.8 -100.8 -100.8 -100.8 -100.8",0.148,372,0,3708,4016,"-8e+01 -8e+01 -8e+01","1 0.0314 0.0431","0.072 0.15 0.12",5,5,0.11,0.00,0,0,1,0
19.700,6,0.727,0.455,0.196,3,1,-78.115,"-76.3 -81.2 -76.9","0.909 0.818 0.455",-93.966,-100.819,"-100.8 -100.8 -100.8 -100.8 -100.8 -100.8 -100.8 -100.8",0.248,374,0,3867,4212,"-8e+01 -8e+01 -8e+01","1 0.0314 0.0431","0.17 0.25 0.22",3,3,0.01,0.00,0,0,0,0
19.800,6,0.697,0.364,0.239,3,1,-78.115,"-76.3 -81.2 -76.9","0.909 0.818 0.364",-76.845,-100.819,"-100.8 -100.8 -100.8 -100.8 -100.8 -100.8 -100.8 -100.8",0.323,376,0,4011,4426,"-8e+01 -8e+01 -8e+01","1 0.0392 0.0431","0.073 0.048 0.32",4,4,0.84,0.00,0,0,5,3
19.900,6,0.667,0.364,0.227,3,1,-78.115,"-76.3 -81.2 -76.9","0.909 0.727 0.364",-93.966,-100.819,"-100.8 -100.8 -100.8 -100.8 -100.8 -100.8 -100.8 -100.8",0.148,378,0,4168,4632,"-8e+01 -8e+01 -8e+01","1 0.0392 0.0588","0.073 0.15 0.023",4,4,0.14,0.00,0,0,5,3
20.000,6,0.697,0.455,0.187,3,1,-78.114,"-76.3 -81.2 -76.9","0.909 0.727 0.455",-93.966,-100.819,"-100.8 -100.8 -100.8 -100.8 -100.8 -100.8 -100.8 -100.8",0.072,380,0,4330,4826,"-8e+01 -8e+01 -8e+01","1 0.0588 0.0706","0.072 0.047 0.023",3,3,0.21,0.00,0,0,4,1
20.100,6,0.667,0.455,0.155,3,1,-78.115,"-76.3 -81.2 -76.9","0.818 0.727 0.455",-93.966,-100.819,"-100.8 -100.8 -100.8 -100.8 -100.8 -100.8 -100.8 -100.8",0.172,382,0,4465,5075,"-8e+01 -8e+01 -8e+01","1 0.0588 0.0706","0.17 0.042 0.023",3,3,1.49,0.00,0,0,2,0
20.200,6,0.667,0.545,0.113,3,1,-78.115,"-76.3 -81.2 -76.9","0.818 0.636 0.545",-93.966,-100.819,"-100.8 -100.8 -100.8 -100.8 -100.8 -100.8 -100.8 -100.8",0.142,384,0,4625,5283,"-8e+01 -8e+01 -8e+01","1 0.0588 0.0706","0.073 0.14 0.023",4,4,0.24,0.00,0,0,3,1
20.300,6,0.636,0.455,0.148,3,1,-78.115,"-76.3 -81.2 -76.9","0.818 0.636 0.455",-93.966,-100.819,"-100.8 -100.8 -100.8 -100.8 -100.8 -100.8 -100.8 -100.8",0.123,386,0,4793,5483,"-8e+01 -8e+01 -8e+01","1 0.0588 0.0706","0.072 0.048 0.12",3,3,0.36,0.00,0,0,3,1
20.400,6,0.606,0.455,0.155,3,2,-78.115,"-76.3 -81.2 -76.9","0.818 0.545 0.455",-93.966,-100.819,"-100.8 -100.8 -100.8 -100.8 -100.8 -100.8 -100.8 -100.8",0.223,388,0,4945,5697,"-8e+01 -8e+01 -8e+01","1 0.0588 0.0706","0.072 0.15 0.22",6,6,0.50,0.00,0,0,1,0
20.500,6,0.576,0.455,0.171,3,2,-78.115,"-76.3 -81.2 -76.9","0.818 0.455 0.455",-93.966,-100.819,"-100.8 -100.8 -100.8 -100.8 -100.8 -100.8 -100.8 -100.8",0.323,390,0,5088,5926,"-8e+01 -8e+01 -8e+01","1 0.0588 0.0706","0.072 0.25 0.32",3,3,1.19,0.00,0,0,1,0
20.600,6,0.576,0.455,0.171,3,2,-78.115,"-76.3 -81.2 -76.9","0.818 0.455 0.455",-93.966,-100.819,"-100.8 -100.8 -100.8 -100.8 -100.8 -100.8 -100.8 -100.8",0.073,392,0,5245,6121,"-8e+01 -8e+01 -8e+01","1 0.0588 0.0706","0.073 0.048 0.023",3,3,0.01,0.00,0,0,8,5
20.700,6,0.606,0.455,0.155,3,2,-78.115,"-76.3 -81.2 -76.9","0.818 0.545 0.455",-76.845,-100.819,"-100.8 -100.8 -100.8 -100.8 -100.8 -100.8 -100.8 -100.8",0.123,394,0,5423,6306,"-8e+01 -8e+01 -8e+01","1 0.0588 0.0706","0.073 0.046 0.12",3,3,0.62,0.00,0,0,2,0
20.800,6,0.667,0.455,0.187,3,1,-78.115,"-76.3 -81.2 -76.9","0.909 0.636 0.455",-93.966,-100.819,"-100.8 -100.8 -100.8 -100.8 -100.8 -100.8 -100.8 -100.8",0.223,396,0,5579,6528,"-8e+01 -8e+01 -8e+01","1 0.0588 0.0706","0.073 0.046 0.22",5,5,0.03,0.00,0,0,2,0
20.900,6,0.667,0.455,0.187,3,1,-78.115,"-76.3 -81.2 -76.9","0.909 0.636 0.455",-93.966,-100.819,"-100.8 -100.8 -100.8 -100.8 -100.8 -100.8 -100.8 -100.8",0.323,398,0,5731,6753,"-8e+01 -8e+01 -8e+01","1 0.0588 0.0706","0.07 0.048 0.32",3,3,0.31,0.00,0,0,2,0
21.000,6,0.667,0.455,0.155,3,1,-78.234,"-76.3 -81.2 -77.3","0.818 0.727 0.455",-93.966,-100.819,"-100.8 -100.8 -100.8 -100.8 -100.8 -100.8 -100.8 -100.8",0.170,400,0,5889,6966,"-8e+01 -8e+01 -8e+01","1 0.0588 0.0706","0.17 0.048 0.023",3,3,1.12,0.00,0,0,5,3
21.100,6,0.667,0.455,0.155,3,1,-78.114,"-76.3 -81.2 -76.9","0.818 0.727 0.455",-93.966,-100.819,"-100.8 -100.8 -100.8 -100.8 -100.8 -100.8 -100.8 -100.8",0.072,402,0,6048,7179,"-8e+01 -8e+01 -8e+01","0.992 0.0588 0.0706","0.072 0.048 0.023",5,5,0.70,0.00,1,0,3,1
21.200,6,0.667,0.364,0.227,3,1,-78.115,"-76.3 -81.2 -76.9","0.909 0.727 0.364",-93.966,-100.819,"-100.8 -100.8 -100.8 -100.8 -100.8 -100.8 -100.8 -100.8",0.123,404,0,6217,7380,"-8e+01 -8e+01 -8e+01","0.992 0.0588 0.0706","0.073 0.046 0.12",4,4,1.13,0.00,0,0,2,0
21.300,6,0.667,0.273,0.281,3,1,-78.114,"-76.3 -81.2 -76.9","0.909 0.818 0.273",-93.966,-100.819,"-100.8 -100.8 -100.8 -100.8 -100.8 -100.8 -100.8 -100.8",0.223,406,0,6378,7603,"-8e+01 -8e+01 -8e+01","0.992 0.0588 0.0706","0.073 0.048 0.22",3,3,0.49,0.00,0,0,2,0
21.400,6,0.667,0.364,0.227,3,1,-78.115,"-76.3 -81.2 -76.9","0.909 0.727 0.364",-93.966,-100.819,"-100.8 -100.8 -100.8 -100.8 -100.8 -100.8 -100.8 -100.8",0.148,408,0,6533,7814,"-8e+01 -8e+01 -8e+01","0.992 0.0588 0.0706","0.072 0.15 0.023",3,3,0.07,0.00,0,0,4,2
21.500,6,0.727,0.455,0.196,3,1,-78.115,"-76.3 -81.2 -76.9","0.909 0.818 0.455",-93.966,-100.819,"-100.8 -100.8 -100.8 -100.8 -100.8 -100.8 -100.8 -100.8",0.072,410,0,6688,8017,"-8e+01 -8e+01 -8e+01","0.992 0.0588 0.0706","0.072 0.048 0.023",3,3,0.71,0.00,0,0,4,1
21.600,6,0.727,0.455,0.196,3,1,-78.115,"-76.3 -81.2 -76.9","0.818 0.909 0.455",-93.966,-100.819,"-100.8 -100.8 -100.8 -100.8 -100.8 -100.8 -100.8 -100.8",0.172,412,0,6850,8227,"-8e+01 -8e+01 -8e+01","0.992 0.0588 0.0706","0.17 0.048 0.12",3,3,0.55,0.00,0,0,1,0
21.700,6,0.727,0.455,0.196,3,1,-78.115,"-76.3 -81.2 -76.9","0.818 0.909 0.455",-93.966,-100.819,"-100.8 -100.8 -100.8 -100.8 -100.8 -100.8 -100.8 -100.8",0.072,414,0,7011,8427,"-8e+01 -8e+01 -8e+01","0.992 0.0588 0.0706","0.072 0.048 0.023",3,3,0.36,0.00,0,0,5,2
21.800,6,0.697,0.455,0.187,3,1,-78.115,"-76.3 -81.2 -76.9","0.727 0.909 0.455",-93.966,-100.819,"-100.8 -100.8 -100.8 -100.8 -100.8 -100.8 -100.8 -100.8",0.172,416,0,7156,8635,"-8e+01 -8e+01 -8e+01","0.992 0.0588 0.0706","0.17 0.048 0.12",4,4,0.24,0.00,0,0,1,0
21.900,6,0.727,0.545,0.148,3,1,-78.114,"-76.3 -81.2 -76.9","0.727 0.909 0.545",-93.966,-100.819,"-100.8 -100.8 -100.8 -100.8 -100.8 -100.8 -100.8 -100.8",0.070,418,0,7310,8833,"-8e+01 -8e+01 -8e+01","0.988 0.0588 0.0667","0.07 0.048 0.022",3,3,1.07,0.00,0,0,5,2
22.000,6,0.758,0.636,0.113,3,0,-78.115,"-76.3 -81.2 -76.9","0.727 0.909 0.636",-93.966,-100.819,"-100.8 -100.8 -100.8 -100.8 -100.8 -100.8 -100.8 -100.8",0.072,420,0,7480,9029,"-8e+01 -8e+01 -8e+01","0.988 0.0588 0.0667","0.072 0.048 0.023",3,3,0.14,0.00,0,0,3,0
22.100,6,0.788,0.636,0.113,3,0,-78.114,"-76.3 -81.2 -76.9","0.818 0.909 0.636",-93.966,-100.819,"-100.8 -100.8 -100.8 -100.8 -100.8 -100.8 -100.8 -100.8",0.072,422,0,7647,9236,"-8e+01 -8e+01 -8e+01","0.988 0.0588 0.0667","0.072 0.048 0.023",3,3,1.03,0.00,0,0,3,0
22.200,6,0.758,0.545,0.155,3,1,-78.114,"-76.3 -81.2 -76.9","0.818 0.909 0.545",-93.966,-100.819,"-100.8 -100.8 -100.8 -100.8 -100.8 -100.8 -100.8 -100.8",0.123,424,0,7791,9448,"-8e+01 -8e+01 -8e+01","0.988 0.0667 0.0667","0.073 0.047 0.12",3,3,0.25,0.00,0,0,2,0
22.300,6,0.788,0.636,0.113,3,0,-78.234,"-76.3 -81.5 -76.9","0.818 0.909 0.636",-93.966,-100.819,"-100.8 -100.8 -100.8 -100.8 -100.8 -100.8 -100.8 -100.8",0.073,426,0,7923,9575,"-8e+01 -8e+01 -8e+01","0.988 0.0667 0.0745","0.073 0.048 0.023",3,3,0.59,0.00,0,0,4,1
22.400,6,0.758,0.636,0.113,3,0,-78.234,"-76.3 -81.5 -76.9","0.727 0.909 0.636",-93.966,-100.819,"-100.8 -100.8 -100.8 -100.8 -100.8 -100.8 -100.8 -100.8",0.173,428,0,8051,9674,"-8e+01 -8e+01 -8e+01","0.988 0.0667 0.0745","0.17 0.048 0.12",5,5,0.01,0.00,0,0,1,0
22.500,6,0.758,0.636,0.113,3,0,-78.114,"-76.3 -81.2 -76.9","0.727 0.909 0.636",-93.966,-100.819,"-100.8 -100.8 -100.8 -100.8 -100.8 -100.8 -100.8 -100.8",0.148,430,0,8174,9769,"-8e+01 -8e+01 -8e+01","0.988 0.0667 0.0745","0.073 0.15 0.023",4,4,0.02,0.00,0,0,4,2
22.600,6,0.727,0.545,0.148,3,1,-78.234,"-76.3 -81.5 -76.9","0.727 0.909 0.545",-93.966,-100.819,"-100.8 -100.8 -100.8 -100.8 -100.8 -100.8 -100.8 -100.8",0.123,432,0,8295,9870,"-8e+01 -8e+01 -8e+01","0.988 0.0667 0.0745","0.073 0.048 0.12",3,3,0.01,0.00,0,0,3,1
22.700,6,0.758,0.636,0.113,3,0,-78.234,"-76.3 -81.5 -76.9","0.727 0.909 0.636",-93.966,-100.819,"-100.8 -100.8 -100.8 -100.8 -100.8 -100.8 -100.8 -100.8",0.173,434,0,8417,9965,"-8e+01 -8e+01 -8e+01","0.988 0.0706 0.0784","0.17 0.048 0.023",3,3,0.01,0.00,0,0,3,1
22.800,6,0.727,0.545,0.148,3,1,-78.234,"-76.3 -81.5 -76.9","0.727 0.909 0.545",-93.966,-100.819,"-100.8 -100.8 -100.8 -100.8 -100.8 -100.8 -100.8 -100.8",0.123,436,0,8541,10063,"-8e+01 -8e+01 -8e+01","0.988 0.0706 0.0784","0.073 0.048 0.12",3,3,0.01,0.00,0,0,3,1
22.900,6,0.788,0.636,0.113,3,0,-78.234,"-76.3 -81.5 -76.9","0.818 0.909 0.636",-93.966,-100.819,"-100.8 -100.8 -100.8 -100.8 -100.8 -100.8 -100.8 -100.8",0.073,438,0,8669,10162,"-8e+01 -8e+01 -8e+01","0.988 0.0784 0.0863","0.073 0.048 0.023",3,3,0.51,0.00,0,0,4,1
23.000,6,0.758,0.545,0.155,3,1,-78.234,"-76.3 -81.5 -76.9","0.818 0.909 0.545",-93.966,-100.819,"-100.8 -100.8 -100.8 -100.8 -100.8 -100.8 -100.8 -100.8",0.123,440,0,8798,10256,"-8e+01 -8e+01 -8e+01","0.988 0.0784 0.0863","0.073 0.048 0.12",3,3,0.01,0.00,0,0,2,0
23.100,6,0.758,0.545,0.155,3,1,-78.234,"-76.3 -81.5 -76.9","0.818 0.909 0.545",-93.966,-100.819,"-100.8 -100.8 -100.8 -100.8 -100.8 -100.8 -100.8 -100.8",0.073,442,0,8925,10351,"-8e+01 -8e+01 -8e+01","0.988 0.0824 0.0902","0.073 0.048 0.023",3,3,0.01,0.00,0,0,4,1
23.200,6,0.758,0.545,0.155,3,1,-78.234,"-76.3 -81.5 -76.9","0.818 0.909 0.545",-93.966,-100.819,"-100.8 -100.8 -100.8 -100.8 -100.8 -100.8 -100.8 -100.8",0.073,444,0,9057,10445,"-8e+01 -8e+01 -8e+01","0.988 0.0824 0.0902","0.073 0.048 0.023",3,3,0.11,0.00,0,0,3,0
23.300,6,0.788,0.636,0.113,3,0,-78.234,"-76.3 -81.5 -76.9","0.818 0.909 0.636",-93.966,-100.819,"-100.8 -100.8 -100.8 -100.8 -100.8 -100.8 -100.8 -100.8",0.073,446,0,9180,10547,"-8e+01 -8e+01 -8e+01","0.988 0.0824 0.0902","0.073 0.048 0.023",3,3,0.02,0.00,0,0,3,0
23.400,6,0.758,0.636,0.086,3,0,-78.234,"-76.3 -81.5 -76.9","0.818 0.818 0.636",-93.966,-100.819,"-100.8 -100.8 -100.8 -100.8 -100.8 -100.8 -100.8 -100.8",0.148,448,0,9306,10645,"-8e+01 -8e+01 -8e+01","0.988 0.0824 0.0902","0.073 0.15 0.023",4,4,0.02,0.00,0,0,2,0
23.500,6,0.818,0.727,0.074,3,0,-78.234,"-76.3 -81.5 -76.9","0.909 0.818 0.727",-93.966,-100.819,"-100.8 -100.8 -100.8 -100.8 -100.8 -100.8 -100.8 -100.8",0.073,450,0,9431,10744,"-8e+01 -8e+01 -8e+01","0.988 0.0824 0.0902","0.073 0.048 0.023",4,4,0.01,0.00,0,0,4,1
23.600,6,0.848,0.727,0.086,3,0,-78.114,"-76.3 -81.2 -76.9","0.909 0.909 0.727",-93.966,-100.819,"-100.8 -100.8 -100.8 -100.8 -100.8 -100.8 -100.8 -100.8",0.073,452,0,9553,10844,"-8e+01 -8e+01 -8e+01","0.988 0.0902 0.0941","0.073 0.048 0.023",3,3,0.34,0.00,0,0,3,0
23.700,6,0.879,0.818,0.043,3,0,-78.234,"-76.3 -81.5 -76.9","0.909 0.909 0.818",-93.966,-100.819,"-100.8 -100.8 -100.8 -100.8 -100.8 -100.8 -100.8 -100.8",0.073,454,0,9678,10940,"-8e+01 -8e+01 -8e+01","0.988 0.0902 0.0941","0.073 0.048 0.023",3,3,0.00,0.00,0,0,3,0
23.800,6,0.909,0.818,0.074,3,0,-78.114,"-76.3 -81.2 -76.9","1.000 0.909 0.818",-93.966,-100.819,"-100.8 -100.8 -100.8 -100.8 -100.8 -100.8 -100.8 -100.8",0.073,456,0,9805,11040,"-8e+01 -8e+01 -8e+01","0.988 0.0902 0.0941","0.073 0.048 0.023",3,3,0.19,0.00,0,0,3,0
23.900,6,0.909,0.818,0.074,3,0,-78.114,"-76.3 -81.2 -76.9","1.000 0.818 0.909",-93.966,-100.819,"-100.8 -100.8 -100.8 -100.8 -100.8 -100.8 -100.8 -100.8",0.148,458,0,9927,11138,"-8e+01 -8e+01 -8e+01","0.988 0.0902 0.0941","0.073 0.15 0.023",3,3,0.01,0.00,0,0,2,0
24.000,6,0.909,0.818,0.074,3,0,-78.234,"-76.3 -81.5 -76.9","1.000 0.818 0.909",-93.966,-100.819,"-100.8 -100.8 -100.8 -100.8 -100.8 -100.8 -100.8 -100.8",0.073,460,0,10056,11234,"-8e+01 -8e+01 -8e+01","0.988 0.0902 0.0941","0.073 0.048 0.023",4,4,0.36,0.00,0,0,4,1
24.100,6,0.879,0.818,0.043,3,0,-78.234,"-76.3 -81.5 -76.9","0.909 0.818 0.909",-93.966,-100.819,"-100.8 -100.8 -100.8 -100.8 -100.8 -100.8 -100.8 -100.8",0.173,462,0,10182,11332,"-8e+01 -8e+01 -8e+01","0.988 0.0902 0.0941","0.17 0.048 0.12",3,3,0.01,0.00,0,0,1,0
24.200,6,0.848,0.818,0.043,3,0,-78.114,"-76.3 -81.2 -76.9","0.909 0.818 0.818",-93.966,-100.819,"-100.8 -100.8 -100.8 -100.8 -100.8 -100.8 -100.8 -100.8",0.223,464,0,10306,11432,"-8e+01 -8e+01 -8e+01","0.988 0.0902 0.0941","0.073 0.048 0.22",4,4,0.75,0.00,0,0,3,1
24.300,6,0.818,0.727,0.074,3,0,-78.234,"-76.3 -81.5 -76.9","0.909 0.818 0.727",-93.966,-100.819,"-100.8 -100.8 -100.8 -100.8 -100.8 -100.8 -100.8 -100.8",0.323,466,0,10425,11534,"-8e+01 -8e+01 -8e+01","0.988 0.0902 0.0941","0.073 0.048 0.32",3,3,0.36,0.00,0,0,2,0
24.400,6,0.788,0.727,0.086,3,0,-78.114,"-76.3 -81.2 -76.9","0.909 0.727 0.727",-93.966,-100.819,"-100.8 -100.8 -100.8 -100.8 -100.8 -100.8 -100.8 -100.8",0.148,468,0,10544,11638,"-8e+01 -8e+01 -8e+01","0.988 0.0902 0.0941","0.073 0.15 0.023",4,4,0.71,0.00,0,0,5,3
24.500,6,0.818,0.727,0.074,3,0,-78.114,"-76.3 -81.2 -76.9","0.909 0.818 0.727",-93.966,-100.819,"-100.8 -100.8 -100.8 -100.8 -100.8 -100.8 -100.8 -100.8",0.073,470,0,10636,11716,"-8e+01 -8e+01 -8e+01","0.988 0.0902 0.0941","0.073 0.048 0.023",3,3,0.01,0.00,0,0,4,1
24.600,6,0.788,0.727,0.086,3,0,-78.114,"-76.3 -81.2 -76.9","0.909 0.727 0.727",-93.966,-100.819,"-100.8 -100.8 -100.8 -100.8 -100.8 -100.8 -100.8 -100.8",0.148,472,0,10692,11772,"-8e+01 -8e+01 -8e+01","0.988 0.0902 0.0941","0.073 0.15 0.023",1,1,0.03,0.00,0,0,2,0
24.700,6,0.788,0.727,0.086,3,0,-78.353,"-76.6 -81.5 -76.9","0.909 0.727 0.727",-93.966,-100.819,"-100.8 -100.8 -100.8 -100.8 -100.8 -100.8 -100.8 -100.8",0.073,474,0,10748,11828,"-8e+01 -8e+01 -8e+01","0.988 0.0902 0.0941","0.073 0.048 0.023",1,1,0.00,0.00,0,0,4,1
24.800,6,0.758,0.727,0.043,3,0,-78.234,"-76.3 -81.5 -76.9","0.818 0.727 0.727",-93.966,-100.819,"-100.8 -100.8 -100.8 -100.8 -100.8 -100.8 -100.8 -100.8",0.173,476,0,10804,11885,"-8e+01 -8e+01 -8e+01","0.988 0.0902 0.0941","0.17 0.048 0.023",1,1,0.01,0.00,0,0,2,0
24.900,6,0.758,0.727,0.043,3,0,-78.353,"-76.6 -81.5 -76.9","0.818 0.727 0.727",-93.966,-100.819,"-100.8 -100.8 -100.8 -100.8 -100.8 -100.8 -100.8 -100.8",0.073,478,0,10860,11941,"-8e+01 -8e+01 -8e+01","0.988 0.0902 0.0941","0.073 0.048 0.023",1,1,0.00,0.00,0,0,4,1
25.000,6,0.788,0.727,0.043,3,0,-78.234,"-76.3 -81.5 -76.9","0.818 0.818 0.727",-93.966,-100.819,"-100.8 -100.8 -100.8 -100.8 -100.8 -100.8 -100.8 -100.8",0.073,480,0,10918,11998,"-8e+01 -8e+01 -8e+01","0.988 0.0902 0.0941","0.073 0.048 0.023",1,1,0.35,0.00,0,0,3,0
25.100,6,0.788,0.727,0.043,3,0,-78.353,"-76.6 -81.5 -76.9","0.818 0.818 0.727",-93.966,-100.819,"-100.8 -100.8 -100.8 -100.8 -100.8 -100.8 -100.8 -100.8",0.073,482,0,10974,12055,"-8e+01 -8e+01 -8e+01","0.988 0.0902 0.0941","0.073 0.048 0.023",1,1,0.00,0.00,0,0,3,0
25.200,6,0.848,0.818,0.043,3,0,-78.234,"-76.3 -81.5 -76.9","0.909 0.818 0.818",-93.966,-100.819,"-100.8 -100.8 -100.8 -100.8 -100.8 -100.8 -100.8 -100.8",0.073,484,0,11032,12112,"-8e+01 -8e+01 -8e+01","0.988 0.0902 0.0941","0.073 0.048 0.023",2,2,0.26,0.00,0,0,3,0
25.300,6,0.848,0.727,0.086,3,0,-78.353,"-76.6 -81.5 -76.9","0.909 0.727 0.909",-93.966,-100.819,"-100.8 -100.8 -100.8 -100.8 -100.8 -100.8 -100.8 -100.8",0.148,486,0,11086,12169,"-8e+01 -8e+01 -8e+01","0.988 0.0902 0.0941","0.073 0.15 0.023",1,1,0.07,0.00,0,0,2,0
25.400,6,0.879,0.727,0.113,3,0,-78.234,"-76.3 -81.5 -76.9","0.909 0.727 1.000",-93.966,-100.819,"-100.8 -100.8 -100.8 -100.8 -100.8 -100.8 -100.8 -100.8",0.073,488,0,11145,12226,"-8e+01 -8e+01 -8e+01","0.988 0.0902 0.0941","0.073 0.048 0.023",1,1,0.02,0.00,0,0,4,1
25.500,6,0.879,0.818,0.086,3,0,-78.234,"-76.3 -81.5 -76.9","0.818 0.818 1.000",-93.966,-100.819,"-100.8 -100.8 -100.8 -100.8 -100.8 -100.8 -100.8 -100.8",0.173,490,0,11199,12284,"-8e+01 -8e+01 -8e+01","0.988 0.0902 0.0941","0.17 0.048 0.023",2,2,0.78,0.00,0,0,2,0
25.600,6,0.848,0.727,0.113,3,0,-78.353,"-76.6 -81.5 -76.9","0.818 0.727 1.000",-93.966,-100.819,"-100.8 -100.8 -100.8 -100.8 -100.8 -100.8 -100.8 -100.8",0.148,492,0,11253,12342,"-8e+01 -8e+01 -8e+01","0.988 0.0902 0.0941","0.073 0.15 0.023",1,1,0.01,0.00,0,0,3,1
25.700,6,0.848,0.727,0.113,3,0,-78.353,"-76.6 -81.5 -76.9","0.727 0.818 1.000",-93.966,-100.819,"-100.8 -100.8 -100.8 -100.8 -100.8 -100.8 -100.8 -100.8",0.173,494,0,11308,12400,"-8e+01 -8e+01 -8e+01","0.988 0.0824 0.0941","0.17 0.048 0.023",1,1,0.47,0.00,0,0,3,1
25.800,6,0.848,0.727,0.113,3,0,-78.234,"-76.3 -81.5 -76.9","0.727 0.818 1.000",-93.966,-100.819,"-100.8 -100.8 -100.8 -100.8 -100.8 -100.8 -100.8 -100.8",0.073,496,0,11366,12457,"-8e+01 -8e+01 -8e+01","0.988 0.0824 0.0941","0.073 0.048 0.023",1,1,0.00,0.00,0,0,4,1
25.900,6,0.879,0.818,0.086,3,0,-78.353,"-76.6 -81.5 -76.9","0.818 0.818 1.000",-93.966,-100.819,"-100.8 -100.8 -100.8 -100.8 -100.8 -100.8 -100.8 -100.8",0.073,498,0,11421,12515,"-8e+01 -8e+01 -8e+01","0.988 0.0824 0.0941","0.073 0.048 0.023",1,1,0.00,0.00,0,0,3,0
26.000,6,0.848,0.727,0.113,3,0,-78.234,"-76.3 -81.5 -76.9","0.818 0.727 1.000",-93.966,-100.819,"-100.8 -100.8 -100.8 -100.8 -100.8 -100.8 -100.8 -100.8",0.148,500,0,11478,12572,"-8e+01 -8e+01 -8e+01","0.988 0.0824 0.0941","0.073 0.15 0.023",1,1,0.20,0.00,0,0,2,0
26.100,6,0.818,0.636,0.148,3,0,-78.353,"-76.6 -81.5 -76.9","0.818 0.636 1.000",-93.966,-100.819,"-100.8 -100.8 -100.8 -100.8 -100.8 -100.8 -100.8 -100.8",0.248,502,0,11533,12630,"-8e+01 -8e+01 -8e+01","0.988 0.0824 0.0941","0.073 0.25 0.023",1,1,0.01,0.00,0,0,2,0
26.200,6,0.788,0.636,0.155,3,0,-78.234,"-76.3 -81.5 -76.9","0.727 0.636 1.000",-93.966,-100.819,"-100.8 -100.8 -100.8 -100.8 -100.8 -100.8 -100.8 -100.8",0.173,504,0,11589,12689,"-8e+01 -8e+01 -8e+01","0.988 0.0824 0.0941","0.17 0.048 0.023",1,1,0.01,0.00,0,0,4,2
26.300,6,0.758,0.545,0.187,3,1,-78.353,"-76.6 -81.5 -76.9","0.727 0.545 1.000",-93.966,-100.819,"-100.8 -100.8 -100.8 -100.8 -100.8 -100.8 -100.8 -100.8",0.148,506,0,11643,12746,"-8e+01 -8e+01 -8e+01","0.992 0.0824 0.0941","0.073 0.15 0.023",1,1,0.01,0.00,0,0,3,1
26.400,6,0.788,0.636,0.155,3,0,-78.234,"-76.3 -81.5 -76.9","0.727 0.636 1.000",-93.966,-100.819,"-100.8 -100.8 -100.8 -100.8 -100.8 -100.8 -100.8 -100.8",0.073,508,0,11701,12803,"-8e+01 -8e+01 -8e+01","0.992 0.0824 0.0941","0.073 0.048 0.023",1,1,0.56,0.00,0,0,4,1
26.500,6,0.727,0.636,0.129,3,0,-78.115,"-76.3 -81.2 -76.9","0.636 0.636 0.909",-93.966,-100.819,"-100.8 -100.8 -100.8 -100.8 -100.8 -100.8 -100.8 -100.8",0.173,510,0,11851,12994,"-8e+01 -8e+01 -8e+01","0.992 0.0824 0.0941","0.17 0.047 0.12",3,3,0.48,0.00,0,0,1,0
26.600,6,0.727,0.636,0.074,3,0,-78.115,"-76.3 -81.2 -76.9","0.727 0.636 0.818",-93.966,-100.819,"-100.8 -100.8 -100.8 -100.8 -100.8 -100.8 -100.8 -100.8",0.223,512,0,12009,13210,"-8e+01 -8e+01 -8e+01","0.992 0.0824 0.0941","0.073 0.048 0.22",3,3,0.01,0.00,0,0,3,1
26.700,6,0.727,0.636,0.074,3,0,-78.115,"-76.3 -81.2 -76.9","0.727 0.636 0.818",-93.966,-100.819,"-100.8 -100.8 -100.8 -100.8 -100.8 -100.8 -100.8 -100.8",0.148,514,0,12163,13402,"-8e+01 -8e+01 -8e+01","0.992 0.0824 0.0941","0.073 0.15 0.023",3,3,0.59,0.00,0,0,4,2
26.800,6,0.727,0.636,0.074,3,0,-78.114,"-76.3 -81.2 -76.9","0.818 0.636 0.727",-93.966,-100.819,"-100.8 -100.8 -100.8 -100.8 -100.8 -100.8 -100.8 -100.8",0.123,516,0,12316,13617,"-8e+01 -8e+01 -8e+01","0.992 0.0824 0.0941","0.073 0.048 0.12",4,4,1.18,0.00,0,0,3,1
26.900,6,0.727,0.636,0.074,3,0,-78.234,"-76.3 -81.2 -77.3","0.818 0.636 0.727",-93.966,-100.819,"-100.8 -100.8 -100.8 -100.8 -100.8 -100.8 -100.8 -100.8",0.073,518,0,12481,13815,"-8e+01 -8e+01 -8e+01","0.992 0.0824 0.0941","0.073 0.047 0.023",4,4,0.58,0.00,0,0,4,1
27.000,6,0.697,0.636,0.086,3,0,-78.115,"-76.3 -81.2 -76.9","0.818 0.636 0.636",-93.966,-100.819,"-100.8 -100.8 -100.8 -100.8 -100.8 -100.8 -100.8 -100.8",0.123,520,0,12633,14020,"-8e+01 -8e+01 -8e+01","0.992 0.0863 0.0941","0.073 0.048 0.12",3,3,0.20,0.00,0,0,2,0
27.100,6,0.697,0.636,0.086,3,0,-78.114,"-76.3 -81.2 -76.9","0.818 0.636 0.636",-93.966,-100.819,"-100.8 -100.8 -100.8 -100.8 -100.8 -100.8 -100.8 -100.8",0.148,522,0,12785,14230,"-8e+01 -8e+01 -8e+01","0.992 0.0863 0.098","0.073 0.15 0.023",3,3,0.01,0.00,0,0,3,1
27.200,6,0.727,0.636,0.074,3,0,-78.115,"-76.3 -81.2 -76.9","0.818 0.727 0.636",-93.966,-100.819,"-100.8 -100.8 -100.8 -100.8 -100.8 -100.8 -100.8 -100.8",0.072,524,0,12951,14430,"-8e+01 -8e+01 -8e+01","0.992 0.0863 0.098","0.072 0.047 0.023",3,3,0.91,0.00,0,0,4,1
27.300,6,0.758,0.636,0.113,3,0,-78.115,"-76.3 -81.2 -76.9","0.909 0.727 0.636",-93.966,-100.819,"-100.8 -100.8 -100.8 -100.8 -100.8 -100.8 -100.8 -100.8",0.073,526,0,13096,14661,"-8e+01 -8e+01 -8e+01","0.992 0.0863 0.098","0.073 0.031 0.023",3,3,0.01,0.00,0,0,3,0
27.400,6,0.788,0.636,0.113,3,0,-78.234,"-76.3 -81.2 -77.3","0.909 0.818 0.636",-93.966,-100.819,"-100.8 -100.8 -100.8 -100.8 -100.8 -100.8 -100.8 -100.8",0.072,528,0,13245,14867,"-8e+01 -8e+01 -8e+01","0.992 0.0863 0.102","0.072 0.048 0.023",3,3,0.42,0.00,0,0,3,0
27.500,6,0.758,0.545,0.155,3,1,-78.115,"-76.3 -81.2 -76.9","0.909 0.818 0.545",-93.966,-100.819,"-100.8 -100.8 -100.8 -100.8 -100.8 -100.8 -100.8 -100.8",0.123,530,0,13423,15046,"-8e+01 -8e+01 -8e+01","0.992 0.0863 0.102","0.073 0.048 0.12",3,3,0.02,0.00,0,0,2,0
27.600,6,0.788,0.636,0.155,3,0,-78.115,"-76.3 -81.2 -76.9","1.000 0.727 0.636",-93.966,-100.819,"-100.8 -100.8 -100.8 -100.8 -100.8 -100.8 -100.8 -100.8",0.148,532,0,13580,15245,"-8e+01 -8e+01 -8e+01","0.992 0.0863 0.11","0.073 0.15 0.023",3,3,0.60,0.00,0,0,3,1
27.700,6,0.788,0.636,0.155,3,0,-78.114,"-76.3 -81.2 -76.9","1.000 0.727 0.636",-93.966,-100.819,"-100.8 -100.8 -100.8 -100.8 -100.8 -100.8 -100.8 -100.8",0.123,534,0,13745,15458,"-8e+01 -8e+01 -8e+01","0.992 0.0941 0.11","0.073 0.047 0.12",3,3,0.19,0.00,0,0,3,1
27.800,6,0.788,0.545,0.187,3,1,-78.115,"-76.3 -81.2 -76.9","1.000 0.818 0.545",-93.966,-100.819,"-100.8 -100.8 -100.8 -100.8 -100.8 -100.8 -100.8 -100.8",0.223,536,0,13902,15667,"-8e+01 -8e+01 -8e+01","0.992 0.0941 0.11","0.073 0.048 0.22",5,5,0.05,0.00,0,0,2,0
27.900,6,0.758,0.545,0.155,3,1,-78.115,"-76.3 -81.2 -76.9","0.909 0.818 0.545",-93.966,-100.819,"-100.8 -100.8 -100.8 -100.8 -100.8 -100.8 -100.8 -100.8",0.323,538,0,14060,15859,"-8e+01 -8e+01 -8e+01","0.992 0.0941 0.11","0.17 0.048 0.32",3,3,0.02,0.00,0,0,1,0
28.000,6,0.727,0.455,0.196,3,1,-78.114,"-76.3 -81.2 -76.9","0.909 0.818 0.455",-93.966,-100.819,"-100.8 -100.8 -100.8 -100.8 -100.8 -100.8 -100.8 -100.8",0.423,540,0,14204,16082,"-8e+01 -8e+01 -8e+01","0.992 0.0941 0.11","0.072 0.048 0.42",3,3,0.30,0.00,0,0,3,1
28.100,6,0.727,0.455,0.196,3,1,-78.115,"-76.3 -81.2 -76.9","0.909 0.818 0.455",-93.966,-100.819,"-100.8 -100.8 -100.8 -100.8 -100.8 -100.8 -100.8 -100.8",0.523,542,0,14352,16306,"-8e+01 -8e+01 -8e+01","0.992 0.0941 0.11","0.073 0.044 0.52",3,3,0.78,0.00,0,0,2,0
28.200,6,0.758,0.455,0.214,3,1,-78.115,"-76.3 -81.2 -76.9","0.909 0.909 0.455",-93.966,-100.819,"-100.8 -100.8 -100.8 -100.8 -100.8 -100.8 -100.8 -100.8",0.073,544,0,14522,16494,"-8e+01 -8e+01 -8e+01","0.992 0.098 0.114","0.073 0.048 0.023",4,4,0.39,0.00,0,0,8,5
28.300,6,0.758,0.455,0.214,3,1,-78.115,"-76.3 -81.2 -76.9","0.909 0.909 0.455",-93.966,-100.819,"-100.8 -100.8 -100.8 -100.8 -100.8 -100.8 -100.8 -100.8",0.073,546,0,14675,16699,"-8e+01 -8e+01 -8e+01","0.992 0.098 0.114","0.073 0.048 0.023",3,3,0.01,0.00,0,0,3,0
28.400,6,0.727,0.455,0.196,3,1,-78.115,"-76.3 -81.2 -76.9","0.909 0.818 0.455",-93.966,-100.819,"-100.8 -100.8 -100.8 -100.8 -100.8 -100.8 -100.8 -100.8",0.148,548,0,14841,16886,"-8e+01 -8e+01 -8e+01","0.992 0.098 0.114","0.073 0.15 0.023",3,3,0.58,0.00,0,0,2,0
28.500,6,0.667,0.364,0.227,3,1,-78.114,"-76.3 -81.2 -76.9","0.909 0.727 0.364",-93.966,-100.819,"-100.8 -100.8 -100.8 -100.8 -100.8 -100.8 -100.8 -100.8",0.248,550,0,14993,17094,"-8e+01 -8e+01 -8e+01","0.992 0.098 0.114","0.073 0.25 0.12",4,4,0.00,0.00,0,0,1,0
28.600,6,0.667,0.455,0.187,3,1,-78.115,"-76.3 -81.2 -76.9","0.909 0.636 0.455",-93.966,-100.819,"-100.8 -100.8 -100.8 -100.8 -100.8 -100.8 -100.8 -100.8",0.348,552,0,15150,17293,"-8e+01 -8e+01 -8e+01","0.992 0.098 0.114","0.073 0.35 0.023",3,3,0.58,0.00,0,0,3,1
28.700,6,0.667,0.455,0.155,3,1,-78.234,"-76.3 -81.2 -77.3","0.818 0.727 0.455",-93.966,-100.819,"-100.8 -100.8 -100.8 -100.8 -100.8 -100.8 -100.8 -100.8",0.173,554,0,15304,17505,"-8e+01 -8e+01 -8e+01","0.992 0.098 0.114","0.17 0.048 0.023",3,3,0.01,0.00,0,0,5,3
28.800,6,0.667,0.545,0.113,3,1,-78.115,"-76.3 -81.2 -76.9","0.818 0.636 0.545",-93.966,-100.819,"-100.8 -100.8 -100.8 -100.8 -100.8 -100.8 -100.8 -100.8",0.148,556,0,15451,17718,"-8e+01 -8e+01 -8e+01","0.992 0.098 0.118","0.073 0.15 0.023",3,3,0.99,0.00,0,0,3,1
28.900,6,0.636,0.545,0.129,3,2,-78.115,"-76.3 -81.2 -76.9","0.818 0.545 0.545",-93.966,-100.819,"-100.8 -100.8 -100.8 -100.8 -100.8 -100.8 -100.8 -100.8",0.248,558,0,15601,17911,"-8e+01 -8e+01 -8e+01","0.992 0.098 0.118","0.073 0.25 0.12",3,3,0.01,0.00,0,0,1,0
29.000,6,0.697,0.545,0.155,3,1,-78.114,"-76.3 -81.2 -76.9","0.909 0.545 0.636",-93.966,-100.819,"-100.8 -100.8 -100.8 -100.8 -100.8 -100.8 -100.8 -100.8",0.073,560,0,15758,18110,"-8e+01 -8e+01 -8e+01","0.992 0.098 0.118","0.073 0.046 0.023",3,3,1.03,0.00,0,0,6,3
29.100,6,0.697,0.545,0.155,3,1,-78.115,"-76.3 -81.2 -76.9","0.909 0.545 0.636",-93.966,-100.819,"-100.8 -100.8 -100.8 -100.8 -100.8 -100.8 -100.8 -100.8",0.123,562,0,15908,18308,"-8e+01 -8e+01 -8e+01","0.992 0.098 0.118","0.072 0.048 0.12",4,4,0.68,0.00,0,0,2,0
29.200,6,0.697,0.545,0.155,3,1,-78.115,"-76.3 -81.2 -76.9","0.909 0.545 0.636",-93.966,-100.819,"-100.8 -100.8 -100.8 -100.8 -100.8 -100.8 -100.8 -100.8",0.223,564,0,16072,18494,"-8e+01 -8e+01 -8e+01","0.992 0.098 0.118","0.068 0.048 0.22",3,3,1.21,0.00,0,0,2,0
29.300,6,0.667,0.455,0.187,3,1,-78.114,"-76.3 -81.2 -76.9","0.909 0.455 0.636",-93.966,-100.819,"-100.8 -100.8 -100.8 -100.8 -100.8 -100.8 -100.8 -100.8",0.148,566,0,16232,18676,"-8e+01 -8e+01 -8e+01","0.992 0.098 0.122","0.073 0.15 0.023",3,3,1.46,0.00,0,0,4,2
29.400,6,0.606,0.364,0.187,3,1,-78.115,"-76.3 -81.2 -76.9","0.818 0.364 0.636",-93.966,-100.819,"-100.8 -100.8 -100.8 -100.8 -100.8 -100.8 -100.8 -100.8",0.248,568,0,16399,18877,"-8e+01 -8e+01 -8e+01","0.992 0.098 0.125","0.17 0.25 0.023",3,3,3.62,0.00,0,0,1,0
29.500,6,0.636,0.455,0.148,3,1,-78.115,"-76.3 -81.2 -76.9","0.818 0.455 0.636",-93.966,-100.819,"-100.8 -100.8 -100.8 -100.8 -100.8 -100.8 -100.8 -100.8",0.073,570,0,16560,19079,"-8e+01 -8e+01 -8e+01","0.992 0.098 0.125","0.073 0.048 0.023",4,4,0.51,0.00,1,1,5,2
29.600,6,0.667,0.545,0.113,3,1,-78.115,"-76.3 -81.2 -76.9","0.818 0.545 0.636",-93.966,-100.819,"-100.8 -100.8 -100.8 -100.8 -100.8 -100.8 -100.8 -100.8",0.123,572,0,16706,19294,"-8e+01 -8e+01 -8e+01","0.992 0.098 0.125","0.073 0.048 0.12",3,3,0.19,0.00,0,0,2,0
29.700,6,0.697,0.636,0.086,3,0,-78.115,"-76.3 -81.2 -76.9","0.818 0.636 0.636",-93.966,-100.819,"-100.8 -100.8 -100.8 -100.8 -100.8 -100.8 -100.8 -100.8",0.073,574,0,16863,19498,"-8e+01 -8e+01 -8e+01","0.992 0.102 0.125","0.073 0.048 0.023",3,3,0.47,0.00,0,0,4,1
29.800,6,0.727,0.636,0.129,3,0,-78.115,"-76.3 -81.2 -76.9","0.909 0.636 0.636",-93.966,-100.819,"-100.8 -100.8 -100.8 -100.8 -100.8 -100.8 -100.8 -100.8",0.073,576,0,17007,19718,"-8e+01 -8e+01 -8e+01","0.992 0.106 0.133","0.073 0.048 0.023",3,3,0.16,0.00,0,0,3,0
29.900,6,0.727,0.636,0.129,3,0,-78.115,"-76.3 -81.2 -76.9","0.909 0.636 0.636",-93.966,-100.819,"-100.8 -100.8 -100.8 -100.8 -100.8 -100.8 -100.8 -100.8",0.148,578,0,17158,19922,"-8e+01 -8e+01 -8e+01","0.992 0.106 0.133","0.072 0.15 0.023",4,4,0.05,0.00,0,0,2,0
30.000,6,0.727,0.636,0.074,3,0,-78.115,"-76.3 -81.2 -76.9","0.818 0.727 0.636",-93.966,-100.819,"-100.8 -100.8 -100.8 -100.8 -100.8 -100.8 -100.8 -100.8",0.172,580,0,17308,20134,"-8e+01 -8e+01 -8e+01","0.992 0.106 0.133","0.17 0.04 0.12",4,4,0.02,0.00,0,0,2,1
30.100,6,0.697,0.636,0.086,3,0,-78.233,"-76.3 -81.2 -77.3","0.818 0.636 0.636",-93.966,-100.819,"-100.8 -100.8 -100.8 -100.8 -100.8 -100.8 -100.8 -100.8",0.140,582,0,17460,20338,"-8e+01 -8e+01 -8e+01","0.992 0.106 0.133","0.072 0.14 0.023",5,5,0.29,0.00,0,0,4,2
30.200,6,0.697,0.636,0.086,3,0,-78.115,"-76.3 -81.2 -76.9","0.818 0.636 0.636",-93.966,-100.819,"-100.8 -100.8 -100.8 -100.8 -100.8 -100.8 -100.8 -100.8",0.123,584,0,17623,20522,"-8e+01 -8e+01 -8e+01","0.992 0.11 0.133","0.073 0.034 0.12",3,3,0.33,0.00,0,0,3,1
30.300,6,0.697,0.636,0.086,3,0,-78.115,"-76.3 -81.2 -76.9","0.818 0.636 0.636",-93.966,-100.819,"-100.8 -100.8 -100.8 -100.8 -100.8 -100.8 -100.8 -100.8",0.223,586,0,17781,20732,"-8e+01 -8e+01 -8e+01","0.992 0.11 0.133","0.072 0.048 0.22",3,3,0.51,0.00,0,0,2,0
30.400,6,0.697,0.545,0.113,3,1,-78.115,"-76.3 -81.2 -76.9","0.818 0.727 0.545",-93.966,-100.819,"-100.8 -100.8 -100.8 -100.8 -100.8 -100.8 -100.8 -100.8",0.323,588,0,17935,20938,"-8e+01 -8e+01 -8e+01","0.992 0.11 0.133","0.073 0.048 0.32",4,4,0.63,0.00,0,0,2,0
30.500,6,0.758,0.545,0.155,3,1,-78.233,"-76.3 -81.2 -77.3","0.909 0.818 0.545",-93.966,-100.819,"-100.8 -100.8 -100.8 -100.8 -100.8 -100.8 -100.8 -100.8",0.072,590,0,18096,21156,"-8e+01 -8e+01 -8e+01","0.992 0.11 0.133","0.072 0.036 0.022",3,3,0.77,0.00,0,0,6,3
30.600,6,0.758,0.545,0.155,3,1,-78.115,"-76.3 -81.2 -76.9","0.909 0.818 0.545",-93.966,-100.819,"-100.8 -100.8 -100.8 -100.8 -100.8 -100.8 -100.8 -100.8",0.073,592,0,18252,21313,"-8e+01 -8e+01 -8e+01","0.992 0.11 0.133","0.073 0.045 0.0053",4,4,0.17,0.00,0,0,3,0
30.700,6,0.788,0.636,0.113,3,0,-78.115,"-76.3 -81.2 -76.9","0.909 0.818 0.636",-93.966,-100.819,"-100.8 -100.8 -100.8 -100.8 -100.8 -100.8 -100.8 -100.8",0.073,594,0,18409,21523,"-8e+01 -8e+01 -8e+01","0.992 0.11 0.133","0.073 0.048 0.023",3,3,0.33,0.00,0,0,3,0
30.800,6,0.758,0.545,0.155,3,1,-78.114,"-76.3 -81.2 -76.9","0.909 0.818 0.545",-93.966,-100.819,"-100.8 -100.8 -100.8 -100.8 -100.8 -100.8 -100.8 -100.8",0.123,596,0,18598,21648,"-8e+01 -8e+01 -8e+01","0.992 0.11 0.133","0.072 0.048 0.12",3,3,0.01,0.00,0,0,2,0
30.900,6,0.788,0.636,0.113,3,0,-78.114,"-76.3 -81.2 -76.9","0.909 0.818 0.636",-93.966,-100.819,"-100.8 -100.8 -100.8 -100.8 -100.8 -100.8 -100.8 -100.8",0.073,598,0,18780,21795,"-8e+01 -8e+01 -8e+01","0.992 0.11 0.133","0.073 0.048 0.0093",3,3,0.01,0.00,0,0,4,0
31.000,6,0.788,0.545,0.171,3,1,-78.234,"-76.3 -81.2 -77.3","0.909 0.909 0.545",-93.966,-100.819,"-100.8 -100.8 -100.8 -100.8 -100.8 -100.8 -100.8 -100.8",0.109,600,0,18968,21981,"-8e+01 -8e+01 -8e+01","0.988 0.11 0.133","0.07 0.039 0.11",4,4,5.40,0.00,1,0,1,0
31.100,6,0.788,0.545,0.187,3,1,-78.115,"-76.3 -81.2 -76.9","1.000 0.818 0.545",-93.966,-100.819,"-100.8 -100.8 -100.8 -100.8 -100.8 -100.8 -100.8 -100.8",0.209,602,0,19111,22197,"-8e+01 -8e+01 -8e+01","0.988 0.11 0.133","0.072 0.14 0.21",3,3,0.26,0.00,0,0,1,0
31.200,6,0.818,0.545,0.196,3,1,-78.115,"-76.3 -81.2 -76.9","1.000 0.909 0.545",-93.966,-100.819,"-100.8 -100.8 -100.8 -100.8 -100.8 -100.8 -100.8 -100.8",0.072,604,0,19268,22398,"-8e+01 -8e+01 -8e+01","0.988 0.114 0.137","0.072 0.048 0.023",3,3,0.94,0.00,0,0,6,3
31.300,6,0.788,0.545,0.187,3,1,-78.114,"-76.3 -81.2 -76.9","1.000 0.818 0.545",-93.966,-100.819,"-100.8 -100.8 -100.8 -100.8 -100.8 -100.8 -100.8 -100.8",0.148,606,0,19424,22569,"-8e+01 -8e+01 -8e+01","0.988 0.114 0.137","0.073 0.15 0.12",3,3,0.01,0.00,0,0,1,0
31.400,6,0.788,0.636,0.113,3,0,-78.114,"-76.3 -81.2 -76.9","0.909 0.818 0.636",-93.966,-100.819,"-100.8 -100.8 -100.8 -100.8 -100.8 -100.8 -100.8 -100.8",0.173,608,0,19584,22764,"-8e+01 -8e+01 -8e+01","0.988 0.118 0.141","0.17 0.048 0.023",3,3,0.84,0.00,0,0,4,2
31.500,6,0.788,0.727,0.086,3,0,-78.115,"-76.3 -81.2 -76.9","0.909 0.727 0.727",-93.966,-100.819,"-100.8 -100.8 -100.8 -100.8 -100.8 -100.8 -100.8 -100.8",0.148,610,0,19754,22958,"-8e+01 -8e+01 -8e+01","0.988 0.118 0.141","0.073 0.15 0.023",3,3,0.01,0.00,0,0,3,1
31.600,6,0.758,0.636,0.113,3,0,-78.115,"-76.3 -81.2 -76.9","0.909 0.727 0.636",-93.966,-100.819,"-100.8 -100.8 -100.8 -100.8 -100.8 -100.8 -100.8 -100.8",0.123,612,0,19918,23168,"-8e+01 -8e+01 -8e+01","0.984 0.118 0.141","0.073 0.048 0.12",3,3,0.57,0.00,0,0,3,1
31.700,6,0.727,0.545,0.148,3,1,-78.114,"-76.3 -81.2 -76.9","0.909 0.727 0.545",-93.966,-100.819,"-100.8 -100.8 -100.8 -100.8 -100.8 -100.8 -100.8 -100.8",0.223,614,0,20089,23336,"-8e+01 -8e+01 -8e+01","0.984 0.118 0.141","0.073 0.048 0.22",3,3,0.01,0.00,0,0,2,0
31.800,6,0.727,0.545,0.148,3,1,-78.234,"-76.3 -81.2 -77.3","0.909 0.727 0.545",-93.966,-100.819,"-100.8 -100.8 -100.8 -100.8 -100.8 -100.8 -100.8 -100.8",0.072,616,0,20241,23557,"-8e+01 -8e+01 -8e+01","0.984 0.118 0.141","0.072 0.024 0.00013",3,3,0.85,0.00,0,0,5,2
31.900,6,0.727,0.545,0.148,3,1,-78.115,"-76.3 -81.2 -76.9","0.909 0.727 0.545",-93.966,-100.819,"-100.8 -100.8 -100.8 -100.8 -100.8 -100.8 -100.8 -100.8",0.100,618,0,20409,23754,"-8e+01 -8e+01 -8e+01","0.984 0.118 0.141","0.073 0.031 0.1",3,3,0.01,0.00,0,0,2,0
32.000,6,0.636,0.364,0.223,3,1,-78.115,"-76.3 -81.2 -76.9","0.909 0.636 0.364",-93.966,-100.819,"-100.8 -100.8 -100.8 -100.8 -100.8 -100.8 -100.8 -100.8",0.200,620,0,20569,23948,"-8e+01 -8e+01 -8e+01","0.984 0.118 0.141","0.072 0.13 0.2",3,3,0.01,0.00,0,0,1,0
32.100,6,0.667,0.455,0.187,3,1,-78.114,"-76.3 -81.2 -76.9","0.909 0.636 0.455",-93.966,-100.819,"-100.8 -100.8 -100.8 -100.8 -100.8 -100.8 -100.8 -100.8",0.071,622,0,20727,24127,"-8e+01 -8e+01 -8e+01","0.984 0.118 0.141","0.071 0.048 0.023",4,4,0.01,0.00,1,0,5,3
32.200,6,0.667,0.400,0.205,3,1,-78.115,"-76.3 -81.2 -76.9","0.900 0.700 0.400",-93.966,-100.819,"-100.8 -100.8 -100.8 -100.8 -100.8 -100.8 -100.8 -100.8",0.123,624,0,20883,24306,"-8e+01 -8e+01 -8e+01","0.984 0.118 0.141","0.072 0.03 0.12",3,3,1.37,0.00,0,0,2,0
32.300,6,0.667,0.364,0.227,3,1,-78.115,"-76.3 -81.2 -76.9","0.909 0.727 0.364",-93.966,-100.819,"-100.8 -100.8 -100.8 -100.8 -100.8 -100.8 -100.8 -100.8",0.223,626,0,21050,24478,"-8e+01 -8e+01 -8e+01","0.984 0.118 0.141","0.072 0.031 0.22",3,3,0.68,0.00,0,0,2,0
32.400,6,0.697,0.364,0.239,3,1,-78.115,"-76.3 -81.2 -76.9","0.909 0.818 0.364",-93.966,-100.819,"-100.8 -100.8 -100.8 -100.8 -100.8 -100.8 -100.8 -100.8",0.323,628,0,21204,24666,"-8e+01 -8e+01 -8e+01","0.984 0.118 0.141","0.072 0.028 0.32",3,3,0.57,0.00,0,0,2,0
32.500,6,0.667,0.273,0.300,3,1,-78.115,"-76.3 -81.2 -76.9","1.000 0.727 0.273",-93.966,-100.819,"-100.8 -100.8 -100.8 -100.8 -100.8 -100.8 -100.8 -100.8",0.423,630,0,21368,24867,"-8e+01 -8e+01 -8e+01","0.984 0.118 0.141","0.073 0.13 0.42",3,3,0.72,0.00,0,0,1,0
32.600,6,0.667,0.182,0.351,3,1,-78.115,"-76.3 -81.2 -76.9","1.000 0.818 0.182",-93.966,-100.819,"-100.8 -100.8 -100.8 -100.8 -100.8 -100.8 -100.8 -100.8",0.523,632,0,21515,25084,"-8e+01 -8e+01 -8e+01","0.984 0.118 0.141","0.073 0.048 0.52",3,3,1.19,0.00,0,0,3,1
32.700,6,0.633,0.200,0.330,3,1,-78.114,"-76.3 -81.2 -76.9","1.000 0.700 0.200",-76.845,-100.819,"-100.8 -100.8 -100.8 -100.8 -100.8 -100.8 -100.8 -100.8",0.623,634,0,21672,25249,"-8e+01 -8e+01 -8e+01","0.984 0.118 0.141","0.072 0.15 0.62",3,3,0.21,0.00,0,0,1,0
32.800,6,0.667,0.273,0.300,3,1,-78.115,"-76.3 -81.2 -76.9","1.000 0.727 0.273",-93.966,-100.819,"-100.8 -100.8 -100.8 -100.8 -100.8 -100.8 -100.8 -100.8",0.073,636,0,21830,25448,"-8e+01 -8e+01 -8e+01","0.984 0.118 0.137","0.073 0.046 0.023",3,3,0.69,0.00,0,0,10,7
32.900,6,0.636,0.182,0.340,3,1,-78.115,"-76.3 -81.2 -76.9","1.000 0.727 0.182",-93.966,-100.819,"-100.8 -100.8 -100.8 -100.8 -100.8 -100.8 -100.8 -100.8",0.123,638,0,21977,25681,"-8e+01 -8e+01 -8e+01","0.984 0.118 0.137","0.073 0.042 0.12",3,3,0.36,0.00,0,0,2,0
33.000,6,0.667,0.273,0.300,3,1,-78.115,"-76.3 -81.2 -76.9","1.000 0.727 0.273",-93.966,-100.819,"-100.8 -100.8 -100.8 -100.8 -100.8 -100.8 -100.8 -100.8",0.073,640,0,22150,25877,"-8e+01 -8e+01 -8e+01","0.984 0.118 0.137","0.073 0.048 0.023",3,3,0.39,0.00,0,0,4,1
33.100,6,0.667,0.273,0.281,3,1,-78.115,"-76.3 -81.2 -76.9","0.909 0.818 0.273",-93.966,-100.819,"-100.8 -100.8 -100.8 -100.8 -100.8 -100.8 -100.8 -100.8",0.173,642,0,22303,26079,"-8e+01 -8e+01 -8e+01","0.984 0.118 0.137","0.17 0.045 0.12",3,3,0.06,0.00,0,0,1,0
33.200,6,0.636,0.273,0.268,3,1,-78.115,"-76.3 -81.2 -76.9","0.909 0.727 0.273",-93.966,-100.819,"-100.8 -100.8 -100.8 -100.8 -100.8 -100.8 -100.8 -100.8",0.145,644,0,22470,26272,"-8e+01 -8e+01 -8e+01","0.984 0.118 0.137","0.073 0.14 0.023",3,3,1.06,0.00,0,0,4,2
33.300,6,0.606,0.273,0.261,3,1,-78.115,"-76.3 -81.2 -76.9","0.909 0.636 0.273",-93.966,-100.819,"-100.8 -100.8 -100.8 -100.8 -100.8 -100.8 -100.8 -100.8",0.245,646,0,22628,26459,"-8e+01 -8e+01 -8e+01","0.984 0.118 0.137","0.073 0.24 0.12",3,3,0.92,0.00,0,0,1,0
33.400,6,0.606,0.273,0.261,3,1,-78.114,"-76.3 -81.2 -76.9","0.909 0.636 0.273",-82.661,-100.819,"-100.8 -100.8 -100.8 -100.8 -100.8 -100.8 -100.8 -100.8",0.223,648,0,22774,26666,"-8e+01 -8e+01 -8e+01","0.984 0.118 0.137","0.073 0.048 0.22",3,3,0.15,0.00,0,0,4,2
33.500,6,0.606,0.273,0.261,3,1,-78.115,"-76.3 -81.2 -76.9","0.909 0.636 0.273",-76.185,-100.819,"-100.8 -100.8 -100.8 -100.8 -100.8 -100.8 -100.8 -100.8",0.323,650,0,22950,26819,"-8e+01 -8e+01 -8e+01","0.984 0.118 0.137","0.073 0.047 0.32",3,3,0.72,0.00,0,0,2,0
33.600,6,0.636,0.273,0.268,3,1,-78.115,"-76.3 -81.2 -76.9","0.909 0.727 0.273",-93.966,-100.819,"-100.8 -100.8 -100.8 -100.8 -100.8 -100.8 -100.8 -100.8",0.423,652,0,23114,26986,"-8e+01 -8e+01 -8e+01","0.984 0.118 0.137","0.073 0.048 0.42",3,3,0.49,0.00,0,0,2,0
33.700,6,0.636,0.273,0.268,3,1,-78.115,"-76.3 -81.2 -76.9","0.909 0.727 0.273",-93.966,-100.819,"-100.8 -100.8 -100.8 -100.8 -100.8 -100.8 -100.8 -100.8",0.523,654,0,23259,27224,"-8e+01 -8e+01 -8e+01","0.984 0.118 0.137","0.066 0.048 0.52",4,4,7.93,0.00,1,0,1,0
33.800,6,0.636,0.273,0.257,3,1,-78.114,"-76.3 -81.2 -76.9","0.818 0.818 0.273",-93.966,-100.819,"-100.8 -100.8 -100.8 -100.8 -100.8 -100.8 -100.8 -100.8",0.623,656,0,23411,27438,"-8e+01 -8e+01 -8e+01","0.984 0.118 0.137","0.17 0.048 0.62",3,3,0.04,0.00,0,0,1,0
33.900,6,0.576,0.182,0.281,3,1,-78.115,"-76.3 -81.2 -76.9","0.727 0.818 0.182",-93.966,-100.819,"-100.8 -100.8 -100.8 -100.8 -100.8 -100.8 -100.8 -100.8",0.723,658,0,23573,27626,"-8e+01 -8e+01 -8e+01","0.984 0.11 0.137","0.27 0.046 0.72",3,3,0.71,0.00,0,0,1,0
34.000,6,0.606,0.273,0.239,3,1,-78.115,"-76.3 -81.2 -76.9","0.727 0.818 0.273",-93.966,-100.819,"-100.8 -100.8 -100.8 -100.8 -100.8 -100.8 -100.8 -100.8",0.073,660,0,23733,27808,"-8e+01 -8e+01 -8e+01","0.984 0.11 0.137","0.073 0.048 0.023",3,3,0.83,0.00,0,0,12,9
34.100,6,0.545,0.182,0.257,3,1,-78.115,"-76.3 -81.2 -76.9","0.727 0.727 0.182",-93.966,-100.819,"-100.8 -100.8 -100.8 -100.8 -100.8 -100.8 -100.8 -100.8",0.148,662,0,23889,27995,"-8e+01 -8e+01 -8e+01","0.984 0.11 0.137","0.073 0.15 0.12",4,4,0.37,0.00,0,0,1,0
34.200,6,0.545,0.182,0.268,3,1,-78.115,"-76.3 -81.2 -76.9","0.818 0.636 0.182",-93.966,-100.819,"-100.8 -100.8 -100.8 -100.8 -100.8 -100.8 -100.8 -100.8",0.248,664,0,24039,28219,"-8e+01 -8e+01 -8e+01","0.984 0.11 0.137","0.073 0.25 0.22",3,3,0.32,0.00,0,0,1,0
34.300,6,0.545,0.091,0.324,3,1,-78.115,"-76.3 -81.2 -76.9","0.818 0.727 0.091",-93.966,-100.819,"-100.8 -100.8 -100.8 -100.8 -100.8 -100.8 -100.8 -100.8",0.323,666,0,24203,28341,"-8e+01 -8e+01 -8e+01","0.984 0.11 0.137","0.072 0.048 0.32",3,3,0.59,0.00,0,0,4,2
34.400,6,0.545,0.091,0.324,3,1,-78.114,"-76.3 -81.2 -76.9","0.727 0.818 0.091",-93.966,-100.819,"-100.8 -100.8 -100.8 -100.8 -100.8 -100.8 -100.8 -100.8",0.423,668,0,24350,28557,"-8e+01 -8e+01 -8e+01","0.984 0.11 0.137","0.17 0.048 0.42",5,5,4.50,0.00,0,0,1,0
34.500,6,0.606,0.273,0.239,3,1,-78.114,"-76.3 -81.2 -76.9","0.727 0.818 0.273",-76.845,-100.819,"-100.8 -100.8 -100.8 -100.8 -100.8 -100.8 -100.8 -100.8",0.072,670,0,24527,28751,"-8e+01 -8e+01 -8e+01","0.984 0.11 0.145","0.072 0.011 0.023",3,3,0.53,0.00,3,3,5,1
34.600,6,0.606,0.273,0.239,3,1,-78.115,"-76.3 -81.2 -76.9","0.727 0.818 0.273",-93.966,-100.819,"-100.8 -100.8 -100.8 -100.8 -100.8 -100.8 -100.8 -100.8",0.123,672,0,24692,28873,"-8e+01 -8e+01 -8e+01","0.984 0.114 0.145","0.072 0.048 0.12",3,3,0.50,0.00,0,0,2,0
34.700,6,0.576,0.273,0.214,3,1,-78.114,"-76.3 -81.2 -76.9","0.727 0.727 0.273",-93.966,-100.819,"-100.8 -100.8 -100.8 -100.8 -100.8 -100.8 -100.8 -100.8",0.223,674,0,24859,29023,"-8e+01 -8e+01 -8e+01","0.984 0.114 0.145","0.073 0.15 0.22",3,3,0.66,0.00,0,0,1,0
34.800,6,0.606,0.364,0.171,3,1,-78.115,"-76.3 -81.2 -76.9","0.727 0.727 0.364",-93.966,-100.819,"-100.8 -100.8 -100.8 -100.8 -100.8 -100.8 -100.8 -100.8",0.073,676,0,25057,29183,"-8e+01 -8e+01 -8e+01","0.984 0.118 0.149","0.073 0.045 0.023",3,3,1.98,0.00,0,0,6,3
34.900,6,0.636,0.455,0.148,3,1,-78.115,"-76.3 -81.2 -76.9","0.818 0.636 0.455",-93.966,-100.819,"-100.8 -100.8 -100.8 -100.8 -100.8 -100.8 -100.8 -100.8",0.145,678,0,25212,29393,"-8e+01 -8e+01 -8e+01","0.984 0.118 0.149","0.072 0.14 0.023",3,3,0.48,0.00,0,0,2,0
35.000,6,0.667,0.455,0.187,3,1,-78.114,"-76.3 -81.2 -76.9","0.909 0.636 0.455",-93.966,-100.819,"-100.8 -100.8 -100.8 -100.8 -100.8 -100.8 -100.8 -100.8",0.123,680,0,25366,29597,"-8e+01 -8e+01 -8e+01","0.984 0.118 0.149","0.072 0.047 0.12",3,3,0.49,0.00,0,0,3,1
35.100,6,0.636,0.364,0.223,3,1,-78.114,"-76.3 -81.2 -76.9","0.909 0.636 0.364",-93.966,-100.819,"-100.8 -100.8 -100.8 -100.8 -100.8 -100.8 -100.8 -100.8",0.223,682,0,25519,29819,"-8e+01 -8e+01 -8e+01","0.984 0.118 0.149","0.073 0.048 0.22",4,4,1.26,0.00,0,0,2,0
35.200,6,0.667,0.364,0.227,3,1,-78.115,"-76.3 -81.2 -76.9","0.909 0.727 0.364",-93.966,-100.819,"-100.8 -100.8 -100.8 -100.8 -100.8 -100.8 -100.8 -100.8",0.323,684,0,25665,30018,"-8e+01 -8e+01 -8e+01","0.984 0.118 0.149","0.073 0.048 0.32",3,3,0.89,0.00,0,0,2,0
35.300,6,0.697,0.455,0.187,3,1,-78.115,"-76.3 -81.2 -76.9","0.909 0.727 0.455",-93.966,-100.819,"-100.8 -100.8 -100.8 -100.8 -100.8 -100.8 -100.8 -100.8",0.148,686,0,25822,30205,"-8e+01 -8e+01 -8e+01","0.984 0.118 0.153","0.073 0.15 0.023",3,3,1.17,0.00,0,0,5,3
35.400,6,0.697,0.455,0.187,3,1,-78.114,"-76.3 -81.2 -76.9","0.909 0.727 0.455",-93.966,-100.819,"-100.8 -100.8 -100.8 -100.8 -100.8 -100.8 -100.8 -100.8",0.123,688,0,25997,30385,"-8e+01 -8e+01 -8e+01","0.984 0.118 0.153","0.072 0.048 0.12",3,3,0.35,0.00,0,0,3,1
35.500,6,0.697,0.455,0.187,3,1,-78.114,"-76.3 -81.2 -76.9","0.909 0.727 0.455",-93.966,-100.819,"-100.8 -100.8 -100.8 -100.8 -100.8 -100.8 -100.8 -100.8",0.223,690,0,26178,30553,"-8e+01 -8e+01 -8e+01","0.984 0.122 0.153","0.17 0.048 0.22",3,3,2.42,0.00,0,0,1,0
35.600,6,0.606,0.364,0.187,3,1,-78.234,"-76.3 -81.2 -77.3","0.818 0.636 0.364",-93.966,-100.139,"-100.8 -100.8 -100.7 -100.5 -100.3 -100.1 -100.3 -100.5",0.272,692,0,26316,30818,"-8e+01 -8e+01 -8e+01","0.984 0.122 0.153","0.27 0.15 0.023",3,3,0.33,0.00,0,0,3,2
35.700,6,0.636,0.455,0.148,3,1,-78.115,"-76.3 -81.2 -76.9","0.818 0.636 0.455",-93.966,-100.819,"-100.8 -100.8 -100.8 -100.8 -100.8 -100.8 -100.8 -100.8",0.073,694,0,26483,31007,"-8e+01 -8e+01 -8e+01","0.984 0.125 0.157","0.073 0.042 0.023",3,3,0.34,0.00,0,0,6,3
35.800,6,0.667,0.455,0.155,3,1,-78.115,"-76.3 -81.2 -76.9","0.818 0.727 0.455",-80.935,-100.819,"-100.8 -100.8 -100.8 -100.8 -100.8 -100.8 -100.8 -100.8",0.123,696,0,26645,31177,"-8e+01 -8e+01 -8e+01","0.984 0.125 0.157","0.073 0.048 0.12",3,3,0.44,0.00,0,0,2,0
35.900,6,0.636,0.364,0.196,3,1,-78.115,"-76.3 -81.2 -76.9","0.818 0.727 0.364",-93.966,-100.819,"-100.8 -100.8 -100.8 -100.8 -100.8 -100.8 -100.8 -100.8",0.223,698,0,26814,31333,"-8e+01 -8e+01 -8e+01","0.984 0.125 0.157","0.07 0.048 0.22",4,4,4.48,0.00,0,0,2,0
36.000,6,0.636,0.364,0.196,3,1,-78.115,"-76.3 -81.2 -76.9","0.727 0.818 0.364",-93.966,-100.819,"-100.8 -100.8 -100.8 -100.8 -100.8 -100.8 -100.8 -100.8",0.170,700,0,26984,31515,"-8e+01 -8e+01 -8e+01","0.984 0.129 0.161","0.17 0.04 0.023",3,3,0.56,0.00,0,0,4,2
36.100,6,0.606,0.364,0.171,3,1,-78.114,"-76.3 -81.2 -76.9","0.727 0.727 0.364",-93.966,-100.819,"-100.8 -100.8 -100.8 -100.8 -100.8 -100.8 -100.8 -100.8",0.140,702,0,27149,31724,"-8e+01 -8e+01 -8e+01","0.984 0.129 0.161","0.073 0.14 0.12",3,3,0.01,0.00,0,0,2,1
36.200,6,0.606,0.455,0.113,3,1,-78.115,"-76.3 -81.2 -76.9","0.727 0.636 0.455",-93.966,-100.819,"-100.8 -100.8 -100.8 -100.8 -100.8 -100.8 -100.8 -100.8",0.240,704,0,27292,31943,"-8e+01 -8e+01 -8e+01","0.984 0.129 0.161","0.072 0.24 0.023",4,4,0.45,0.00,0,0,3,1
36.300,6,0.606,0.455,0.113,3,1,-78.114,"-76.3 -81.2 -76.9","0.727 0.636 0.455",-93.966,-100.819,"-100.8 -100.8 -100.8 -100.8 -100.8 -100.8 -100.8 -100.8",0.123,706,0,27464,32078,"-8e+01 -8e+01 -8e+01","0.984 0.129 0.161","0.073 0.048 0.12",3,3,0.46,0.00,0,0,4,2
36.400,6,0.636,0.455,0.129,3,1,-78.115,"-76.3 -81.2 -76.9","0.727 0.727 0.455",-93.966,-100.819,"-100.8 -100.8 -100.8 -100.8 -100.8 -100.8 -100.8 -100.8",0.072,708,0,27636,32201,"-8e+01 -8e+01 -8e+01","0.984 0.129 0.161","0.072 0.047 0.015",3,3,0.65,0.00,0,0,4,1
36.500,6,0.667,0.545,0.086,3,1,-78.113,"-76.3 -81.2 -76.9","0.727 0.727 0.545",-93.966,-100.819,"-100.8 -100.8 -100.8 -100.8 -100.8 -100.8 -100.8 -100.8",0.072,710,0,27811,32390,"-8e+01 -8e+01 -8e+01","0.984 0.129 0.161","0.072 0.047 0.023",3,3,1.65,0.00,0,0,3,0
36.600,6,0.697,0.636,0.086,3,0,-78.115,"-76.3 -81.2 -76.9","0.818 0.636 0.636",-93.966,-100.819,"-100.8 -100.8 -100.8 -100.8 -100.8 -100.8 -100.8 -100.8",0.147,712,0,27976,32596,"-8e+01 -8e+01 -8e+01","0.984 0.129 0.161","0.072 0.15 0.023",5,5,2.37,0.00,1,0,1,0
36.700,6,0.727,0.545,0.148,3,1,-78.115,"-76.3 -81.2 -76.9","0.909 0.727 0.545",-93.966,-100.819,"-100.8 -100.8 -100.8 -100.8 -100.8 -100.8 -100.8 -100.8",0.123,714,0,28142,32753,"-8e+01 -8e+01 -8e+01","0.98 0.129 0.161","0.073 0.027 0.12",3,3,0.23,0.00,0,0,3,1
36.800,6,0.697,0.455,0.187,3,1,-78.115,"-76.3 -81.2 -76.9","0.909 0.727 0.455",-93.966,-100.819,"-100.8 -100.8 -100.8 -100.8 -100.8 -100.8 -100.8 -100.8",0.223,716,0,28324,32927,"-8e+01 -8e+01 -8e+01","0.98 0.129 0.161","0.073 0.036 0.22",3,3,0.64,0.00,0,0,2,0
36.900,6,0.697,0.455,0.187,3,1,-78.115,"-76.3 -81.2 -76.9","0.909 0.727 0.455",-93.966,-100.819,"-100.8 -100.8 -100.8 -100.8 -100.8 -100.8 -100.8 -100.8",0.323,718,0,28485,33118,"-8e+01 -8e+01 -8e+01","0.98 0.129 0.161","0.072 0.048 0.32",3,3,0.01,0.00,0,0,2,0
37.000,6,0.727,0.545,0.148,3,1,-78.115,"-76.3 -81.2 -76.9","0.909 0.727 0.545",-93.966,-100.819,"-100.8 -100.8 -100.8 -100.8 -100.8 -100.8 -100.8 -100.8",0.073,720,0,28650,33315,"-8e+01 -8e+01 -8e+01","0.98 0.129 0.161","0.073 0.048 0.023",3,3,0.70,0.00,0,0,6,3
37.100,6,0.727,0.455,0.223,3,1,-78.115,"-76.3 -81.2 -76.9","1.000 0.727 0.455",-93.966,-100.819,"-100.8 -100.8 -100.8 -100.8 -100.8 -100.8 -100.8 -100.8",0.123,722,0,28806,33533,"-8e+01 -8e+01 -8e+01","0.98 0.129 0.161","0.072 0.048 0.12",3,3,0.73,0.00,0,0,2,0
37.200,6,0.788,0.545,0.187,3,1,-78.114,"-76.3 -81.2 -76.9","1.000 0.818 0.545",-93.966,-100.819,"-100.8 -100.8 -100.8 -100.8 -100.8 -100.8 -100.8 -100.8",0.073,724,0,28978,33708,"-8e+01 -8e+01 -8e+01","0.98 0.129 0.161","0.073 0.043 0.023",3,3,0.15,0.00,0,0,4,1
37.300,6,0.758,0.455,0.214,3,1,-78.115,"-76.3 -81.2 -76.9","0.909 0.909 0.455",-93.966,-100.819,"-100.8 -100.8 -100.8 -100.8 -100.8 -100.8 -100.8 -100.8",0.173,726,0,29145,33912,"-8e+01 -8e+01 -8e+01","0.98 0.129 0.161","0.17 0.046 0.12",6,6,0.01,0.00,0,0,1,0
37.400,6,0.727,0.545,0.129,3,1,-78.115,"-76.3 -81.2 -76.9","0.818 0.818 0.545",-93.966,-100.819,"-100.8 -100.8 -100.8 -100.8 -100.8 -100.8 -100.8 -100.8",0.273,728,0,29302,34109,"-8e+01 -8e+01 -8e+01","0.98 0.129 0.161","0.27 0.15 0.023",3,3,0.02,0.00,0,0,2,1
37.500,6,0.727,0.545,0.129,3,1,-78.115,"-76.3 -81.2 -76.9","0.818 0.818 0.545",-93.966,-100.819,"-100.8 -100.8 -100.8 -100.8 -100.8 -100.8 -100.8 -100.8",0.072,730,0,29447,34322,"-8e+01 -8e+01 -8e+01","0.98 0.129 0.161","0.072 0.048 0.023",3,3,0.59,0.00,1,1,5,2
37.600,6,0.697,0.455,0.171,3,1,-78.115,"-76.3 -81.2 -76.9","0.818 0.818 0.455",-93.966,-100.819,"-100.8 -100.8 -100.8 -100.8 -100.8 -100.8 -100.8 -100.8",0.123,732,0,29615,34487,"-8e+01 -8e+01 -8e+01","0.98 0.129 0.161","0.073 0.025 0.12",3,3,0.20,0.00,0,0,2,0
37.700,6,0.697,0.455,0.187,3,1,-78.114,"-76.3 -81.2 -76.9","0.727 0.909 0.455",-93.966,-100.819,"-100.8 -100.8 -100.8 -100.8 -100.8 -100.8 -100.8 -100.8",0.173,734,0,29760,34709,"-8e+01 -8e+01 -8e+01","0.98 0.129 0.161","0.17 0.048 0.023",3,3,0.38,0.00,0,0,3,1
37.800,6,0.697,0.455,0.187,3,1,-78.114,"-76.3 -81.2 -76.9","0.727 0.909 0.455",-93.966,-100.819,"-100.8 -100.8 -100.8 -100.8 -100.8 -100.8 -100.8 -100.8",0.123,736,0,29920,34918,"-8e+01 -8e+01 -8e+01","0.98 0.133 0.161","0.072 0.046 0.12",3,3,1.78,0.00,0,0,3,1
37.900,6,0.697,0.455,0.187,3,1,-78.115,"-76.3 -81.2 -76.9","0.727 0.909 0.455",-93.966,-100.819,"-100.8 -100.8 -100.8 -100.8 -100.8 -100.8 -100.8 -100.8",0.223,738,0,30076,35126,"-8e+01 -8e+01 -8e+01","0.98 0.133 0.161","0.073 0.048 0.22",3,3,1.56,0.00,0,0,2,0
38.000,6,0.727,0.545,0.148,3,1,-78.114,"-76.3 -81.2 -76.9","0.727 0.909 0.545",-76.845,-100.819,"-100.8 -100.8 -100.8 -100.8 -100.8 -100.8 -100.8 -100.8",0.073,740,0,30240,35263,"-8e+01 -8e+01 -8e+01","0.98 0.133 0.165","0.073 0.048 0.023",3,3,0.08,0.00,0,0,5,2
38.100,6,0.697,0.545,0.155,3,1,-78.234,"-76.3 -81.2 -77.3","0.636 0.909 0.545",-93.966,-100.819,"-100.8 -100.8 -100.8 -100.8 -100.8 -100.8 -100.8 -100.8",0.173,742,0,30397,35463,"-8e+01 -8e+01 -8e+01","0.98 0.133 0.165","0.17 0.038 0.023",3,3,2.27,0.00,0,0,2,0
38.200,6,0.697,0.545,0.155,3,1,-78.114,"-76.3 -81.2 -76.9","0.636 0.909 0.545",-93.966,-100.819,"-100.8 -100.8 -100.8 -100.8 -100.8 -100.8 -100.8 -100.8",0.123,744,0,30581,35582,"-8e+01 -8e+01 -8e+01","0.98 0.133 0.165","0.073 0.048 0.12",5,5,0.61,0.00,2,1,1,0
38.300,6,0.636,0.455,0.148,3,1,-78.115,"-76.3 -81.2 -76.9","0.636 0.818 0.455",-93.966,-100.819,"-100.8 -100.8 -100.8 -100.8 -100.8 -100.8 -100.8 -100.8",0.223,746,0,30747,35769,"-8e+01 -8e+01 -8e+01","0.98 0.133 0.165","0.072 0.15 0.22",3,3,0.26,0.00,0,0,1,0
38.400,6,0.636,0.455,0.129,3,1,-78.115,"-76.3 -81.2 -76.9","0.727 0.727 0.455",-93.966,-100.819,"-100.8 -100.8 -100.8 -100.8 -100.8 -100.8 -100.8 -100.8",0.323,748,0,30901,35986,"-8e+01 -8e+01 -8e+01","0.976 0.133 0.165","0.073 0.25 0.32",3,3,0.01,0.00,0,0,1,0
38.500,6,0.667,0.364,0.214,3,1,-78.234,"-76.3 -81.2 -77.3","0.818 0.818 0.364",-93.966,-100.819,"-100.8 -100.8 -100.8 -100.8 -100.8 -100.8 -100.8 -100.8",0.423,750,0,31045,36192,"-8e+01 -8e+01 -8e+01","0.976 0.133 0.165","0.072 0.048 0.42",3,3,1.08,0.00,0,0,4,2
38.600,6,0.636,0.273,0.257,3,1,-78.115,"-76.3 -81.2 -76.9","0.818 0.818 0.273",-93.966,-100.819,"-100.8 -100.8 -100.8 -100.8 -100.8 -100.8 -100.8 -100.8",0.523,752,0,31221,36353,"-8e+01 -8e+01 -8e+01","0.976 0.137 0.165","0.073 0.048 0.52",4,4,3.48,0.00,0,0,2,0
38.700,6,0.636,0.273,0.257,3,1,-78.114,"-76.3 -81.2 -76.9","0.818 0.818 0.273",-93.966,-100.819,"-100.8 -100.8 -100.8 -100.8 -100.8 -100.8 -100.8 -100.8",0.623,754,0,31406,36459,"-8e+01 -8e+01 -8e+01","0.976 0.137 0.165","0.072 0.041 0.62",3,3,0.52,0.00,0,0,2,0
38.800,6,0.636,0.273,0.257,3,1,-78.114,"-76.3 -81.2 -76.9","0.818 0.818 0.273",-93.966,-100.819,"-100.8 -100.8 -100.8 -100.8 -100.8 -100.8 -100.8 -100.8",0.172,756,0,31560,36693,"-8e+01 -8e+01 -8e+01","0.976 0.137 0.169","0.17 0.045 0.022",3,3,0.01,0.00,0,0,7,5
38.900,6,0.606,0.273,0.239,3,1,-78.115,"-76.3 -81.2 -76.9","0.818 0.727 0.273",-93.966,-100.819,"-100.8 -100.8 -100.8 -100.8 -100.8 -100.8 -100.8 -100.8",0.145,758,0,31729,36883,"-8e+01 -8e+01 -8e+01","0.976 0.137 0.169","0.073 0.15 0.12",5,5,3.02,0.00,0,0,2,1
39.000,6,0.636,0.364,0.196,3,1,-78.115,"-76.3 -81.2 -76.9","0.818 0.727 0.364",-76.845,-100.819,"-100.8 -100.8 -100.8 -100.8 -100.8 -100.8 -100.8 -100.8",0.073,760,0,31902,37045,"-8e+01 -8e+01 -8e+01","0.976 0.137 0.169","0.073 0.048 0.02",3,3,0.28,0.00,0,0,6,3
39.100,6,0.606,0.273,0.239,3,1,-78.114,"-76.3 -81.2 -76.9","0.818 0.727 0.273",-93.966,-100.819,"-100.8 -100.8 -100.8 -100.8 -100.8 -100.8 -100.8 -100.8",0.120,762,0,32057,37222,"-8e+01 -8e+01 -8e+01","0.976 0.141 0.169","0.073 0.048 0.12",3,3,0.51,0.00,0,0,2,0
39.200,6,0.636,0.273,0.268,3,1,-78.114,"-76.3 -81.2 -76.9","0.909 0.727 0.273",-93.966,-100.819,"-100.8 -100.8 -100.8 -100.8 -100.8 -100.8 -100.8 -100.8",0.073,764,0,32239,37388,"-8e+01 -8e+01 -8e+01","0.976 0.141 0.173","0.073 0.048 0.017",3,3,0.95,0.00,0,0,4,1
39.300,6,0.667,0.364,0.227,3,1,-78.115,"-76.3 -81.2 -76.9","0.909 0.727 0.364",-93.966,-100.819,"-100.8 -100.8 -100.8 -100.8 -100.8 -100.8 -100.8 -100.8",0.073,766,0,32422,37543,"-8e+01 -8e+01 -8e+01","0.976 0.141 0.173","0.073 0.048 0.016",3,3,0.49,0.00,0,0,3,0
39.400,6,0.697,0.364,0.239,3,1,-78.115,"-76.3 -81.2 -76.9","0.909 0.818 0.364",-93.966,-100.819,"-100.8 -100.8 -100.8 -100.8 -100.8 -100.8 -100.8 -100.8",0.116,768,0,32595,37744,"-8e+01 -8e+01 -8e+01","0.976 0.141 0.173","0.072 0.044 0.12",4,4,2.89,0.00,1,0,1,0
39.500,6,0.727,0.455,0.196,3,1,-78.233,"-76.3 -81.2 -77.3","0.909 0.818 0.455",-93.966,-100.819,"-100.8 -100.8 -100.8 -100.8 -100.8 -100.8 -100.8 -100.8",0.144,770,0,32739,37955,"-8e+01 -8e+01 -8e+01","0.976 0.141 0.173","0.073 0.14 0.023",3,3,0.27,0.00,0,0,3,1
39.600,6,0.758,0.545,0.155,3,1,-78.115,"-76.3 -81.2 -76.9","0.909 0.818 0.545",-93.966,-100.819,"-100.8 -100.8 -100.8 -100.8 -100.8 -100.8 -100.8 -100.8",0.073,772,0,32895,38175,"-8e+01 -8e+01 -8e+01","0.976 0.141 0.173","0.073 0.048 0.019",4,4,0.22,0.00,0,0,4,1
39.700,6,0.758,0.636,0.113,3,0,-78.234,"-76.3 -81.2 -77.3","0.909 0.727 0.636",-93.966,-100.819,"-100.8 -100.8 -100.8 -100.8 -100.8 -100.8 -100.8 -100.8",0.148,774,0,33056,38362,"-8e+01 -8e+01 -8e+01","0.973 0.141 0.173","0.073 0.15 0.023",3,3,0.00,0.00,0,0,2,0
39.800,6,0.758,0.636,0.113,3,0,-78.113,"-76.3 -81.2 -76.9","0.909 0.727 0.636",-93.966,-100.819,"-100.8 -100.8 -100.8 -100.8 -100.8 -100.8 -100.8 -100.8",0.123,776,0,33209,38562,"-8e+01 -8e+01 -8e+01","0.973 0.141 0.173","0.072 0.048 0.12",3,3,0.30,0.00,0,0,3,1
39.900,6,0.758,0.545,0.187,3,1,-78.115,"-76.3 -81.2 -76.9","1.000 0.727 0.545",-93.966,-100.819,"-100.8 -100.8 -100.8 -100.8 -100.8 -100.8 -100.8 -100.8",0.223,778,0,33367,38748,"-8e+01 -8e+01 -8e+01","0.973 0.141 0.173","0.073 0.048 0.22",3,3,1.66,0.00,1,0,1,0
40.000,6,0.758,0.545,0.187,3,1,-78.115,"-76.3 -81.2 -76.9","1.000 0.727 0.545",-93.966,-100.819,"-100.8 -100.8 -100.8 -100.8 -100.8 -100.8 -100.8 -100.8",0.323,780,0,33528,38944,"-8e+01 -8e+01 -8e+01","0.973 0.141 0.173","0.072 0.15 0.32",3,3,0.25,0.00,0,0,1,0
40.100,6,0.758,0.545,0.187,3,1,-78.115,"-76.3 -81.2 -76.9","1.000 0.727 0.545",-93.966,-100.819,"-100.8 -100.8 -100.8 -100.8 -100.8 -100.8 -100.8 -100.8",0.072,782,0,33679,39139,"-8e+01 -8e+01 -8e+01","0.973 0.141 0.173","0.072 0.048 0.023",4,4,0.34,0.00,0,0,7,4
40.200,6,0.758,0.545,0.187,3,1,-78.114,"-76.3 -81.2 -76.9","1.000 0.727 0.545",-93.966,-100.819,"-100.8 -100.8 -100.8 -100.8 -100.8 -100.8 -100.8 -100.8",0.123,784,0,33855,39255,"-8e+01 -8e+01 -8e+01","0.973 0.137 0.173","0.072 0.048 0.12",3,3,0.50,0.00,0,0,2,0
40.300,6,0.727,0.545,0.148,3,1,-78.113,"-76.3 -81.2 -76.9","0.909 0.727 0.545",-93.966,-100.819,"-100.8 -100.8 -100.8 -100.8 -100.8 -100.8 -100.8 -100.8",0.172,786,0,34003,39503,"-8e+01 -8e+01 -8e+01","0.973 0.137 0.173","0.17 0.048 0.016",3,3,5.93,0.00,0,0,2,0
40.400,6,0.697,0.545,0.155,3,1,-78.113,"-76.3 -81.2 -76.9","0.909 0.636 0.545",-93.966,-100.819,"-100.8 -100.8 -100.8 -100.8 -100.8 -100.8 -100.8 -100.8",0.148,788,0,34168,39710,"-8e+01 -8e+01 -8e+01","0.973 0.137 0.173","0.073 0.15 0.023",3,3,0.51,0.00,0,0,4,2
40.500,6,0.667,0.545,0.171,3,2,-78.115,"-76.3 -81.2 -76.9","0.909 0.545 0.545",-93.966,-100.819,"-100.8 -100.8 -100.8 -100.8 -100.8 -100.8 -100.8 -100.8",0.248,790,0,34348,39886,"-8e+01 -8e+01 -8e+01","0.973 0.137 0.173","0.073 0.25 0.12",3,3,0.07,0.00,0,0,1,0
40.600,6,0.667,0.455,0.187,3,1,-78.115,"-76.3 -81.2 -76.9","0.909 0.636 0.455",-93.966,-100.819,"-100.8 -100.8 -100.8 -100.8 -100.8 -100.8 -100.8 -100.8",0.223,792,0,34515,40054,"-8e+01 -8e+01 -8e+01","0.973 0.137 0.173","0.072 0.048 0.22",3,3,0.32,0.00,0,0,4,2
40.700,6,0.636,0.364,0.223,3,1,-78.115,"-76.3 -81.2 -76.9","0.909 0.636 0.364",-93.966,-100.819,"-100.8 -100.8 -100.8 -100.8 -100.8 -100.8 -100.8 -100.8",0.323,794,0,34687,40226,"-8e+01 -8e+01 -8e+01","0.969 0.137 0.173","0.073 0.048 0.32",3,3,0.01,0.00,0,0,2,0
40.800,6,0.667,0.364,0.227,3,1,-78.115,"-76.3 -81.2 -76.9","0.909 0.727 0.364",-93.966,-100.819,"-100.8 -100.8 -100.8 -100.8 -100.8 -100.8 -100.8 -100.8",0.072,796,0,34865,40360,"-8e+01 -8e+01 -8e+01","0.973 0.137 0.173","0.072 0.048 0.023",3,3,0.42,0.00,0,0,6,3
40.900,6,0.667,0.364,0.227,3,1,-78.113,"-76.3 -81.2 -76.9","0.909 0.727 0.364",-93.966,-100.819,"-100.8 -100.8 -100.8 -100.8 -100.8 -100.8 -100.8 -100.8",0.123,798,0,35051,40482,"-8e+01 -8e+01 -8e+01","0.973 0.137 0.173","0.073 0.048 0.12",3,3,0.11,0.00,0,0,2,0
41.000,6,0.697,0.545,0.113,3,1,-78.234,"-76.3 -81.2 -77.3","0.818 0.727 0.545",-93.966,-100.819,"-100.8 -100.8 -100.8 -100.8 -100.8 -100.8 -100.8 -100.8",0.173,800,0,35234,40639,"-8e+01 -8e+01 -8e+01","0.973 0.137 0.173","0.17 0.026 2.2e-05",3,3,0.43,0.00,0,0,3,0
41.100,6,0.697,0.636,0.043,3,0,-78.115,"-76.3 -81.2 -76.9","0.727 0.727 0.636",-93.966,-100.819,"-100.8 -100.8 -100.8 -100.8 -100.8 -100.8 -100.8 -100.8",0.273,802,0,35394,40824,"-8e+01 -8e+01 -8e+01","0.973 0.137 0.173","0.27 0.13 0.023",3,3,2.11,0.00,0,0,1,0
41.200,6,0.667,0.545,0.086,3,1,-78.115,"-76.3 -81.2 -76.9","0.727 0.727 0.545",-93.966,-100.819,"-100.8 -100.8 -100.8 -100.8 -100.8 -100.8 -100.8 -100.8",0.123,804,0,35562,40962,"-8e+01 -8e+01 -8e+01","0.973 0.137 0.173","0.073 0.041 0.12",3,3,0.61,0.00,1,1,4,2
41.300,6,0.667,0.545,0.086,3,1,-78.115,"-76.3 -81.2 -76.9","0.727 0.727 0.545",-93.966,-100.819,"-100.8 -100.8 -100.8 -100.8 -100.8 -100.8 -100.8 -100.8",0.223,806,0,35737,41169,"-8e+01 -8e+01 -8e+01","0.973 0.141 0.173","0.073 0.044 0.22",3,3,2.31,0.00,0,0,2,0
41.400,6,0.636,0.455,0.148,3,1,-78.115,"-76.3 -81.2 -76.9","0.818 0.636 0.455",-93.966,-100.819,"-100.8 -100.8 -100.8 -100.8 -100.8 -100.8 -100.8 -100.8",0.323,808,0,35894,41371,"-8e+01 -8e+01 -8e+01","0.973 0.141 0.173","0.073 0.14 0.32",3,3,0.64,0.00,0,0,1,0
41.500,6,0.667,0.455,0.155,3,1,-78.115,"-76.3 -81.2 -76.9","0.818 0.727 0.455",-93.966,-100.819,"-100.8 -100.8 -100.8 -100.8 -100.8 -100.8 -100.8 -100.8",0.072,810,0,36048,41576,"-8e+01 -8e+01 -8e+01","0.973 0.141 0.173","0.072 0.048 0.023",3,3,0.23,0.00,0,0,7,4
41.600,6,0.727,0.545,0.129,3,1,-78.114,"-76.3 -81.2 -76.9","0.818 0.818 0.545",-93.966,-100.819,"-100.8 -100.8 -100.8 -100.8 -100.8 -100.8 -100.8 -100.8",0.073,812,0,36221,41716,"-8e+01 -8e+01 -8e+01","0.973 0.141 0.173","0.073 0.048 0.02",3,3,0.20,0.00,0,0,3,0
41.700,6,0.727,0.545,0.129,3,1,-78.115,"-76.3 -81.2 -76.9","0.818 0.818 0.545",-93.966,-100.819,"-100.8 -100.8 -100.8 -100.8 -100.8 -100.8 -100.8 -100.8",0.120,814,0,36373,41924,"-8e+01 -8e+01 -8e+01","0.973 0.141 0.173","0.072 0.026 0.12",3,3,0.96,0.00,0,0,2,0
41.800,6,0.758,0.636,0.086,3,0,-78.114,"-76.3 -81.2 -76.9","0.818 0.818 0.636",-93.966,-100.819,"-100.8 -100.8 -100.8 -100.8 -100.8 -100.8 -100.8 -100.8",0.073,816,0,36544,42078,"-8e+01 -8e+01 -8e+01","0.973 0.141 0.173","0.073 0.047 0.0044",3,3,0.23,0.00,0,0,4,1
41.900,6,0.727,0.545,0.129,3,1,-78.115,"-76.3 -81.2 -76.9","0.818 0.818 0.545",-93.966,-100.819,"-100.8 -100.8 -100.8 -100.8 -100.8 -100.8 -100.8 -100.8",0.104,818,0,36729,42228,"-8e+01 -8e+01 -8e+01","0.973 0.141 0.173","0.068 0.048 0.1",3,3,1.91,0.00,0,0,2,0
42.000,6,0.727,0.545,0.129,3,1,-78.115,"-76.3 -81.2 -76.9","0.818 0.818 0.545",-93.966,-100.819,"-100.8 -100.8 -100.8 -100.8 -100.8 -100.8 -100.8 -100.8",0.204,820,0,36892,42417,"-8e+01 -8e+01 -8e+01","0.973 0.141 0.173","0.073 0.048 0.2",3,3,0.94,0.00,0,0,2,0
42.100,6,0.727,0.455,0.196,3,1,-78.114,"-76.3 -81.2 -76.9","0.909 0.818 0.455",-76.845,-100.819,"-100.8 -100.8 -100.8 -100.8 -100.8 -100.8 -100.8 -100.8",0.073,822,0,37040,42604,"-8e+01 -8e+01 -8e+01","0.973 0.141 0.176","0.073 0.047 0.023",4,4,0.36,0.00,1,0,4,2
42.200,6,0.758,0.364,0.281,3,1,-78.115,"-76.3 -81.2 -76.9","1.000 0.909 0.364",-93.966,-100.819,"-100.8 -100.8 -100.8 -100.8 -100.8 -100.8 -100.8 -100.8",0.123,824,0,37206,42814,"-8e+01 -8e+01 -8e+01","0.969 0.141 0.176","0.073 0.047 0.12",3,3,0.81,0.00,0,0,2,0
42.300,6,0.727,0.364,0.268,3,1,-78.115,"-76.3 -81.2 -76.9","1.000 0.818 0.364",-93.966,-100.819,"-100.8 -100.8 -100.8 -100.8 -100.8 -100.8 -100.8 -100.8",0.223,826,0,37371,43001,"-8e+01 -8e+01 -8e+01","0.969 0.141 0.176","0.073 0.15 0.22",4,4,0.56,0.00,0,0,1,0
42.400,6,0.758,0.455,0.227,3,1,-78.234,"-76.3 -81.2 -77.3","1.000 0.818 0.455",-93.966,-100.819,"-100.8 -100.8 -100.8 -100.8 -100.8 -100.8 -100.8 -100.8",0.073,828,0,37526,43209,"-8e+01 -8e+01 -8e+01","0.969 0.141 0.176","0.073 0.043 0.016",3,3,0.67,0.00,0,0,6,3
42.500,6,0.818,0.545,0.196,3,1,-78.114,"-76.3 -81.2 -76.9","1.000 0.909 0.545",-93.966,-100.819,"-100.8 -100.8 -100.8 -100.8 -100.8 -100.8 -100.8 -100.8",0.072,830,0,37692,43341,"-8e+01 -8e+01 -8e+01","0.969 0.141 0.176","0.072 0.048 0.0094",3,3,0.31,0.00,0,0,3,0
42.600,6,0.758,0.455,0.227,3,1,-78.115,"-76.3 -81.2 -76.9","1.000 0.818 0.455",-93.966,-100.819,"-100.8 -100.8 -100.8 -100.8 -100.8 -100.8 -100.8 -100.8",0.148,832,0,37837,43554,"-8e+01 -8e+01 -8e+01","0.969 0.141 0.176","0.073 0.15 0.11",3,3,0.76,0.00,0,0,1,0
42.700,6,0.727,0.364,0.268,3,1,-78.114,"-76.3 -81.2 -76.9","1.000 0.818 0.364",-93.966,-100.819,"-100.8 -100.8 -100.8 -100.8 -100.8 -100.8 -100.8 -100.8",0.209,834,0,37987,43758,"-8e+01 -8e+01 -8e+01","0.969 0.141 0.176","0.073 0.048 0.21",3,3,0.58,0.00,0,0,3,1
42.800,6,0.727,0.364,0.268,3,1,-78.114,"-76.3 -81.2 -76.9","1.000 0.818 0.364",-93.966,-100.819,"-100.8 -100.8 -100.8 -100.8 -100.8 -100.8 -100.8 -100.8",0.309,836,0,38164,43869,"-8e+01 -8e+01 -8e+01","0.965 0.141 0.176","0.073 0.03 0.31",3,3,0.54,0.00,0,0,2,0
42.900,6,0.667,0.273,0.281,3,1,-78.115,"-76.3 -81.2 -76.9","0.909 0.818 0.273",-93.966,-100.819,"-100.8 -100.8 -100.8 -100.8 -100.8 -100.8 -100.8 -100.8",0.409,838,0,38282,44165,"-8e+01 -8e+01 -8e+01","0.965 0.141 0.176","0.17 0.009 0.41",3,3,0.52,0.00,0,0,1,0
43.000,6,0.667,0.273,0.281,3,1,-78.114,"-76.3 -81.2 -76.9","0.909 0.818 0.273",-93.966,-100.819,"-100.8 -100.8 -100.8 -100.8 -100.8 -100.8 -100.8 -100.8",0.509,840,0,38435,44367,"-8e+01 -8e+01 -8e+01","0.965 0.141 0.176","0.072 0.048 0.51",4,4,1.09,0.00,0,0,3,1
43.100,6,0.667,0.273,0.281,3,1,-78.114,"-76.3 -81.2 -76.9","0.909 0.818 0.273",-76.845,-100.819,"-100.8 -100.8 -100.8 -100.8 -100.8 -100.8 -100.8 -100.8",0.609,842,0,38587,44581,"-8e+01 -8e+01 -8e+01","0.965 0.141 0.176","0.073 0.048 0.61",3,3,1.02,0.00,0,0,2,0
43.200,6,0.636,0.182,0.324,3,1,-78.115,"-76.3 -81.2 -76.9","0.909 0.818 0.182",-93.966,-100.819,"-100.8 -100.8 -100.8 -100.8 -100.8 -100.8 -100.8 -100.8",0.709,844,0,38770,44708,"-8e+01 -8e+01 -8e+01","0.969 0.141 0.176","0.073 0.048 0.71",3,3,0.01,0.00,0,0,2,0
43.300,6,0.636,0.182,0.324,3,1,-78.112,"-76.3 -81.2 -76.9","0.909 0.818 0.182",-93.966,-100.819,"-100.8 -100.8 -100.8 -100.8 -100.8 -100.8 -100.8 -100.8",0.809,846,0,38936,44917,"-8e+01 -8e+01 -8e+01","0.969 0.141 0.176","0.073 0.048 0.81",3,3,1.23,0.00,0,0,2,0
43.400,6,0.667,0.182,0.343,3,1,-78.114,"-76.3 -81.2 -76.9","0.909 0.909 0.182",-93.966,-100.819,"-100.8 -100.8 -100.8 -100.8 -100.8 -100.8 -100.8 -100.8",0.909,848,0,39111,45063,"-8e+01 -8e+01 -8e+01","0.969 0.141 0.176","0.073 0.045 0.91",3,3,0.28,0.00,0,0,2,0
43.500,6,0.636,0.091,0.386,3,1,-78.113,"-76.3 -81.2 -76.9","0.909 0.909 0.091",-93.966,-100.819,"-100.8 -100.8 -100.8 -100.8 -100.8 -100.8 -100.8 -100.8",1.009,850,0,39246,45291,"-8e+01 -8e+01 -8e+01","0.969 0.137 0.176","0.071 0.048 1",5,5,1.69,0.00,0,0,2,0
43.600,6,0.606,0.091,0.366,3,1,-78.115,"-76.3 -81.2 -76.9","0.909 0.818 0.091",-93.966,-100.819,"-100.8 -100.8 -100.8 -100.8 -100.8 -100.8 -100.8 -100.8",0.148,852,0,39420,45453,"-8e+01 -8e+01 -8e+01","0.969 0.137 0.169","0.073 0.15 0.087",3,3,1.89,0.00,5,4,6,5
43.700,6,0.606,0.091,0.366,3,1,-78.114,"-76.3 -81.2 -76.9","0.909 0.818 0.091",-93.966,-100.819,"-100.8 -100.8 -100.8 -100.8 -100.8 -100.8 -100.8 -100.8",0.248,854,0,39581,45592,"-8e+01 -8e+01 -8e+01","0.969 0.137 0.169","0.072 0.25 0.19",3,3,0.33,0.00,0,0,1,0
43.800,6,0.576,0.091,0.351,3,1,-78.115,"-76.3 -81.2 -76.9","0.909 0.727 0.091",-93.966,-100.819,"-100.8 -100.8 -100.8 -100.8 -100.8 -100.8 -100.8 -100.8",0.348,856,0,39758,45780,"-8e+01 -8e+01 -8e+01","0.965 0.137 0.169","0.073 0.35 0.29",3,3,1.47,0.00,0,0,1,0
43.900,6,0.576,0.091,0.351,3,1,-78.114,"-76.3 -81.2 -76.9","0.909 0.727 0.091",-93.966,-100.819,"-100.8 -100.8 -100.8 -100.8 -100.8 -100.8 -100.8 -100.8",0.387,858,0,39919,45946,"-8e+01 -8e+01 -8e+01","0.965 0.141 0.169","0.073 0.047 0.39",3,3,0.01,0.00,0,0,5,3
44.000,6,0.606,0.091,0.381,3,1,-78.115,"-76.3 -81.2 -76.9","1.000 0.727 0.091",-93.966,-100.819,"-100.8 -100.8 -100.8 -100.8 -100.8 -100.8 -100.8 -100.8",0.487,860,0,40075,46132,"-8e+01 -8e+01 -8e+01","0.965 0.141 0.169","0.072 0.048 0.49",5,5,2.50,0.00,0,0,2,0
44.100,6,0.636,0.182,0.340,3,1,-78.115,"-76.3 -81.2 -76.9","1.000 0.727 0.182",-93.966,-100.819,"-100.8 -100.8 -100.8 -100.8 -100.8 -100.8 -100.8 -100.8",0.073,862,0,40227,46362,"-8e+01 -8e+01 -8e+01","0.965 0.141 0.173","0.073 0.032 0.023",3,3,0.01,0.00,1,1,7,4
44.200,6,0.636,0.182,0.340,3,1,-78.115,"-76.3 -81.2 -76.9","1.000 0.727 0.182",-93.966,-100.819,"-100.8 -100.8 -100.8 -100.8 -100.8 -100.8 -100.8 -100.8",0.123,864,0,40373,46565,"-8e+01 -8e+01 -8e+01","0.965 0.141 0.173","0.073 0.048 0.12",4,4,0.55,0.00,0,0,2,0
44.300,6,0.636,0.182,0.340,3,1,-78.114,"-76.3 -81.2 -76.9","1.000 0.727 0.182",-93.966,-100.819,"-100.8 -100.8 -100.8 -100.8 -100.8 -100.8 -100.8 -100.8",0.223,866,0,40534,46757,"-8e+01 -8e+01 -8e+01","0.965 0.141 0.173","0.073 0.047 0.22",3,3,0.02,0.00,0,0,2,0
44.400,6,0.667,0.273,0.300,3,1,-78.115,"-76.3 -81.2 -76.9","1.000 0.727 0.273",-93.966,-100.819,"-100.8 -100.8 -100.8 -100.8 -100.8 -100.8 -100.8 -100.8",0.073,868,0,40684,46915,"-8e+01 -8e+01 -8e+01","0.965 0.141 0.173","0.073 0.048 0.016",3,3,1.47,0.00,0,0,5,2
44.500,6,0.667,0.273,0.300,3,1,-78.115,"-76.3 -81.2 -76.9","1.000 0.727 0.273",-93.966,-100.819,"-100.8 -100.8 -100.8 -100.8 -100.8 -100.8 -100.8 -100.8",0.116,870,0,40869,47072,"-8e+01 -8e+01 -8e+01","0.965 0.141 0.173","0.071 0.048 0.12",4,4,0.82,0.00,0,0,2,0
44.600,6,0.697,0.364,0.261,3,1,-78.233,"-76.3 -81.2 -77.3","1.000 0.727 0.364",-93.966,-100.819,"-100.8 -100.8 -100.8 -100.8 -100.8 -100.8 -100.8 -100.8",0.072,872,0,41015,47259,"-8e+01 -8e+01 -8e+01","0.965 0.141 0.173","0.072 0.048 0.014",3,3,0.71,0.00,0,0,4,1
44.700,6,0.727,0.364,0.268,3,1,-78.115,"-76.3 -81.2 -76.9","1.000 0.818 0.364",-93.966,-100.819,"-100.8 -100.8 -100.8 -100.8 -100.8 -100.8 -100.8 -100.8",0.073,874,0,41203,47425,"-8e+01 -8e+01 -8e+01","0.965 0.141 0.173","0.073 0.048 0.021",3,3,0.38,0.00,0,0,3,0
44.800,6,0.758,0.364,0.281,3,1,-78.114,"-76.3 -81.2 -76.9","1.000 0.909 0.364",-93.966,-100.819,"-100.8 -100.8 -100.8 -100.8 -100.8 -100.8 -100.8 -100.8",0.121,876,0,41388,47549,"-8e+01 -8e+01 -8e+01","0.965 0.141 0.173","0.073 0.048 0.12",3,3,0.04,0.00,0,0,2,0
44.900,6,0.788,0.455,0.239,3,1,-78.115,"-76.3 -81.2 -76.9","0.909 1.000 0.455",-93.966,-100.819,"-100.8 -100.8 -100.8 -100.8 -100.8 -100.8 -100.8 -100.8",0.173,878,0,41569,47714,"-8e+01 -8e+01 -8e+01","0.965 0.141 0.173","0.17 0.048 0.014",3,3,0.15,0.00,0,0,2,0
45.000,6,0.818,0.545,0.196,3,1,-78.114,"-76.3 -81.2 -76.9","0.909 1.000 0.545",-93.966,-100.819,"-100.8 -100.8 -100.8 -100.8 -100.8 -100.8 -100.8 -100.8",0.066,880,0,41734,47916,"-8e+01 -8e+01 -8e+01","0.965 0.141 0.173","0.066 0.048 0.023",4,4,5.51,0.00,0,0,5,2
45.100,6,0.758,0.545,0.155,3,1,-78.114,"-76.3 -81.2 -76.9","0.818 0.909 0.545",-93.966,-100.819,"-100.8 -100.8 -100.8 -100.8 -100.8 -100.8 -100.8 -100.8",0.166,882,0,41856,48136,"-8e+01 -8e+01 -8e+01","0.965 0.141 0.173","0.17 0.15 0.12",3,3,0.77,0.00,0,0,0,0
45.200,6,0.788,0.545,0.187,3,1,-78.115,"-76.3 -81.2 -76.9","0.818 1.000 0.545",-93.966,-100.819,"-100.8 -100.8 -100.8 -100.8 -100.8 -100.8 -100.8 -100.8",0.072,884,0,42033,48309,"-8e+01 -8e+01 -8e+01","0.965 0.141 0.173","0.072 0.047 0.023",3,3,1.57,0.00,0,0,6,2
45.300,6,0.818,0.636,0.148,3,0,-78.115,"-76.3 -81.2 -76.9","0.818 1.000 0.636",-93.966,-100.819,"-100.8 -100.8 -100.8 -100.8 -100.8 -100.8 -100.8 -100.8",0.072,886,0,42193,48510,"-8e+01 -8e+01 -8e+01","0.965 0.141 0.173","0.072 0.046 0.023",3,3,0.02,0.00,0,0,3,0
45.400,6,0.818,0.636,0.148,3,0,-78.114,"-76.3 -81.2 -76.9","0.818 1.000 0.636",-93.966,-100.819,"-100.8 -100.8 -100.8 -100.8 -100.8 -100.8 -100.8 -100.8",0.123,888,0,42362,48687,"-8e+01 -8e+01 -8e+01","0.965 0.141 0.173","0.073 0.048 0.12",3,3,0.77,0.00,0,0,2,0
45.500,6,0.788,0.545,0.187,3,1,-78.114,"-76.3 -81.2 -76.9","0.818 1.000 0.545",-93.966,-100.819,"-100.8 -100.8 -100.8 -100.8 -100.8 -100.8 -100.8 -100.8",0.223,890,0,42544,48805,"-8e+01 -8e+01 -8e+01","0.965 0.141 0.173","0.072 0.048 0.22",4,4,0.13,0.00,0,0,2,0
45.600,6,0.758,0.545,0.187,3,1,-78.114,"-76.3 -81.2 -76.9","0.727 1.000 0.545",-93.966,-100.819,"-100.8 -100.8 -100.8 -100.8 -100.8 -100.8 -100.8 -100.8",0.323,892,0,42681,49074,"-8e+01 -8e+01 -8e+01","0.965 0.141 0.173","0.17 0.031 0.32",3,3,1.04,0.00,0,0,1,0
45.700,6,0.758,0.545,0.187,3,1,-78.233,"-76.3 -81.2 -77.3","0.727 1.000 0.545",-93.966,-100.819,"-100.8 -100.8 -100.8 -100.8 -100.8 -100.8 -100.8 -100.8",0.095,894,0,42851,49251,"-8e+01 -8e+01 -8e+01","0.965 0.141 0.176","0.073 0.046 0.095",3,3,0.84,0.00,1,0,5,3
45.800,6,0.758,0.545,0.187,3,1,-78.115,"-76.3 -81.2 -76.9","0.727 1.000 0.545",-93.966,-100.819,"-100.8 -100.8 -100.8 -100.8 -100.8 -100.8 -100.8 -100.8",0.073,896,0,43010,49472,"-8e+01 -8e+01 -8e+01","0.965 0.141 0.176","0.073 0.048 0.02",3,3,1.19,0.00,0,0,4,1
45.900,6,0.758,0.545,0.187,3,1,-78.114,"-76.3 -81.2 -76.9","0.727 1.000 0.545",-93.966,-100.819,"-100.8 -100.8 -100.8 -100.8 -100.8 -100.8 -100.8 -100.8",0.120,898,0,43164,49679,"-8e+01 -8e+01 -8e+01","0.965 0.141 0.176","0.073 0.048 0.12",3,3,1.50,0.00,0,0,2,0
46.000,6,0.727,0.455,0.223,3,1,-78.114,"-76.3 -81.2 -76.9","0.727 1.000 0.455",-76.845,-100.819,"-100.8 -100.8 -100.8 -100.8 -100.8 -100.8 -100.8 -100.8",0.220,900,0,43319,49886,"-8e+01 -8e+01 -8e+01","0.965 0.141 0.176","0.17 0.048 0.22",3,3,0.02,0.00,0,0,1,0
46.100,6,0.697,0.364,0.261,3,1,-78.114,"-76.3 -81.2 -76.9","0.727 1.000 0.364",-93.966,-100.819,"-100.8 -100.8 -100.8 -100.8 -100.8 -100.8 -100.8 -100.8",0.320,902,0,43479,50075,"-8e+01 -8e+01 -8e+01","0.965 0.141 0.176","0.073 0.048 0.32",3,3,0.85,0.00,0,0,3,1
46.200,6,0.758,0.455,0.227,3,1,-78.115,"-76.3 -81.2 -76.9","0.818 1.000 0.455",-93.966,-100.819,"-100.8 -100.8 -100.8 -100.8 -100.8 -100.8 -100.8 -100.8",0.148,904,0,43640,50263,"-8e+01 -8e+01 -8e+01","0.965 0.141 0.176","0.073 0.15 0.023",3,3,0.64,0.00,0,0,5,3
46.300,6,0.727,0.455,0.196,3,1,-78.115,"-76.3 -81.2 -76.9","0.818 0.909 0.455",-93.966,-100.819,"-100.8 -100.8 -100.8 -100.8 -100.8 -100.8 -100.8 -100.8",0.073,906,0,43785,50493,"-8e+01 -8e+01 -8e+01","0.969 0.141 0.176","0.073 0.044 0.023",3,3,0.17,0.00,0,0,4,1
46.400,6,0.697,0.364,0.239,3,1,-78.115,"-76.3 -81.2 -76.9","0.818 0.909 0.364",-93.966,-100.819,"-100.8 -100.8 -100.8 -100.8 -100.8 -100.8 -100.8 -100.8",0.123,908,0,43931,50691,"-8e+01 -8e+01 -8e+01","0.969 0.141 0.176","0.072 0.048 0.12",4,4,0.04,0.00,0,0,2,0
46.500,6,0.697,0.364,0.239,3,1,-78.233,"-76.3 -81.2 -77.3","0.818 0.909 0.364",-93.966,-100.819,"-100.8 -100.8 -100.8 -100.8 -100.8 -100.8 -100.8 -100.8",0.223,910,0,44093,50876,"-8e+01 -8e+01 -8e+01","0.969 0.141 0.176","0.072 0.04 0.22",3,3,0.35,0.00,0,0,2,0
46.600,6,0.667,0.364,0.227,3,1,-78.115,"-76.3 -81.2 -76.9","0.727 0.909 0.364",-93.966,-100.819,"-100.8 -100.8 -100.8 -100.8 -100.8 -100.8 -100.8 -100.8",0.323,912,0,44257,51057,"-8e+01 -8e+01 -8e+01","0.969 0.145 0.176","0.17 0.048 0.32",3,3,0.07,0.00,0,0,1,0
46.700,6,0.697,0.364,0.239,3,1,-78.115,"-76.3 -81.2 -76.9","0.818 0.909 0.364",-93.966,-100.819,"-100.8 -100.8 -100.8 -100.8 -100.8 -100.8 -100.8 -100.8",0.423,914,0,44419,51254,"-8e+01 -8e+01 -8e+01","0.969 0.145 0.176","0.072 0.048 0.42",3,3,0.23,0.00,0,0,3,1
46.800,6,0.636,0.273,0.257,3,1,-78.115,"-76.3 -81.2 -76.9","0.818 0.818 0.273",-93.966,-100.819,"-100.8 -100.8 -100.8 -100.8 -100.8 -100.8 -100.8 -100.8",0.523,916,0,44569,51462,"-8e+01 -8e+01 -8e+01","0.969 0.145 0.176","0.073 0.15 0.52",3,3,1.15,0.00,0,0,1,0
46.900,6,0.606,0.182,0.300,3,1,-78.114,"-76.3 -81.2 -76.9","0.818 0.818 0.182",-93.966,-100.819,"-100.8 -100.8 -100.8 -100.8 -100.8 -100.8 -100.8 -100.8",0.623,918,0,44731,51655,"-8e+01 -8e+01 -8e+01","0.965 0.145 0.176","0.073 0.048 0.62",3,3,1.73,0.00,1,0,2,1
47.000,6,0.636,0.273,0.257,3,1,-78.115,"-76.3 -81.2 -76.9","0.818 0.818 0.273",-93.966,-100.819,"-100.8 -100.8 -100.8 -100.8 -100.8 -100.8 -100.8 -100.8",0.073,920,0,44894,51867,"-8e+01 -8e+01 -8e+01","0.965 0.145 0.18","0.073 0.043 0.023",4,4,0.38,0.00,0,0,9,6
47.100,6,0.697,0.364,0.239,3,1,-78.115,"-76.3 -81.2 -76.9","0.909 0.818 0.364",-93.966,-100.819,"-100.8 -100.8 -100.8 -100.8 -100.8 -100.8 -100.8 -100.8",0.072,922,0,45063,52032,"-8e+01 -8e+01 -8e+01","0.965 0.145 0.18","0.072 0.041 0.023",3,3,0.35,0.00,0,0,3,0
47.200,6,0.697,0.364,0.239,3,1,-78.115,"-76.3 -81.2 -76.9","0.909 0.818 0.364",-93.966,-100.819,"-100.8 -100.8 -100.8 -100.8 -100.8 -100.8 -100.8 -100.8",0.123,924,0,45221,52234,"-8e+01 -8e+01 -8e+01","0.961 0.145 0.18","0.072 0.036 0.12",3,3,1.54,0.00,0,0,2,0
47.300,6,0.727,0.364,0.257,3,1,-78.115,"-76.3 -81.2 -76.9","0.909 0.909 0.364",-93.966,-100.819,"-100.8 -100.8 -100.8 -100.8 -100.8 -100.8 -100.8 -100.8",0.071,926,0,45388,52432,"-8e+01 -8e+01 -8e+01","0.961 0.145 0.18","0.071 0.048 0.023",3,3,1.02,0.00,0,0,4,1
47.400,6,0.697,0.273,0.300,3,1,-78.234,"-76.3 -81.5 -76.9","0.909 0.909 0.273",-93.966,-100.819,"-100.8 -100.8 -100.8 -100.8 -100.8 -100.8 -100.8 -100.8",0.123,928,0,45540,52639,"-8e+01 -8e+01 -8e+01","0.961 0.145 0.18","0.073 0.0052 0.12",3,3,0.02,0.00,0,0,2,0
47.500,6,0.697,0.364,0.239,3,1,-78.114,"-76.3 -81.2 -76.9","0.909 0.818 0.364",-93.966,-100.819,"-100.8 -100.8 -100.8 -100.8 -100.8 -100.8 -100.8 -100.8",0.105,930,0,45689,52848,"-8e+01 -8e+01 -8e+01","0.961 0.145 0.18","0.073 0.11 0.023",4,4,0.81,0.00,0,0,3,1
47.600,6,0.667,0.364,0.227,3,1,-78.115,"-76.3 -81.2 -76.9","0.909 0.727 0.364",-93.966,-100.819,"-100.8 -100.8 -100.8 -100.8 -100.8 -100.8 -100.8 -100.8",0.205,932,0,45871,52987,"-8e+01 -8e+01 -8e+01","0.961 0.145 0.18","0.073 0.21 0.12",3,3,0.14,0.00,0,0,1,0
47.700,6,0.697,0.364,0.261,3,1,-78.114,"-76.3 -81.2 -76.9","1.000 0.727 0.364",-93.966,-100.819,"-100.8 -100.8 -100.8 -100.8 -100.8 -100.8 -100.8 -100.8",0.223,934,0,46052,53126,"-8e+01 -8e+01 -8e+01","0.961 0.141 0.18","0.073 0.048 0.22",3,3,4.14,0.00,0,0,4,2
47.800,6,0.697,0.364,0.261,3,1,-78.114,"-76.3 -81.2 -76.9","1.000 0.727 0.364",-93.966,-100.819,"-100.8 -100.8 -100.8 -100.8 -100.8 -100.8 -100.8 -100.8",0.323,936,0,46185,53385,"-8e+01 -8e+01 -8e+01","0.961 0.141 0.18","0.073 0.016 0.32",3,3,0.01,0.00,0,0,2,0
47.900,6,0.758,0.455,0.227,3,1,-78.115,"-76.3 -81.2 -76.9","1.000 0.818 0.455",-93.966,-100.819,"-100.8 -100.8 -100.8 -100.8 -100.8 -100.8 -100.8 -100.8",0.073,938,0,46346,53566,"-8e+01 -8e+01 -8e+01","0.961 0.141 0.184","0.073 0.048 0.023",4,4,1.98,0.00,1,0,5,3
48.000,6,0.758,0.455,0.227,3,1,-78.115,"-76.3 -81.2 -76.9","1.000 0.818 0.455",-93.966,-100.819,"-100.8 -100.8 -100.8 -100.8 -100.8 -100.8 -100.8 -100.8",0.123,940,0,46498,53773,"-8e+01 -8e+01 -8e+01","0.961 0.141 0.184","0.073 0.048 0.12",3,3,0.04,0.00,0,0,2,0
48.100,6,0.727,0.455,0.223,3,1,-78.114,"-76.3 -81.2 -76.9","1.000 0.727 0.455",-93.966,-100.819,"-100.8 -100.8 -100.8 -100.8 -100.8 -100.8 -100.8 -100.8",0.148,942,0,46655,53970,"-8e+01 -8e+01 -8e+01","0.961 0.141 0.184","0.073 0.15 0.023",3,3,0.01,0.00,0,0,3,1
48.200,6,0.667,0.364,0.261,3,1,-78.115,"-76.3 -81.2 -76.9","1.000 0.636 0.364",-93.966,-100.819,"-100.8 -100.8 -100.8 -100.8 -100.8 -100.8 -100.8 -100.8",0.248,944,0,46814,54175,"-8e+01 -8e+01 -8e+01","0.961 0.141 0.184","0.071 0.25 0.12",3,3,0.68,0.00,0,0,1,0
48.300,6,0.667,0.364,0.261,3,1,-78.115,"-76.3 -81.2 -76.9","1.000 0.636 0.364",-93.966,-100.819,"-100.8 -100.8 -100.8 -100.8 -100.8 -100.8 -100.8 -100.8",0.223,946,0,46969,54368,"-8e+01 -8e+01 -8e+01","0.957 0.141 0.184","0.073 0.032 0.22",4,4,0.02,0.00,0,0,4,2
48.400,6,0.636,0.273,0.297,3,1,-78.114,"-76.3 -81.2 -76.9","1.000 0.636 0.273",-93.966,-100.819,"-100.8 -100.8 -100.8 -100.8 -100.8 -100.8 -100.8 -100.8",0.323,948,0,47124,54555,"-8e+01 -8e+01 -8e+01","0.957 0.141 0.184","0.073 0.048 0.32",3,3,0.19,0.00,0,0,2,0
48.500,6,0.667,0.364,0.261,3,1,-78.115,"-76.3 -81.2 -76.9","1.000 0.636 0.364",-93.966,-100.819,"-100.8 -100.8 -100.8 -100.8 -100.8 -100.8 -100.8 -100.8",0.073,950,0,47288,54764,"-8e+01 -8e+01 -8e+01","0.957 0.145 0.188","0.073 0.047 0.022",4,4,1.67,0.00,0,0,6,3
48.600,6,0.636,0.273,0.268,3,1,-78.115,"-76.3 -81.2 -76.9","0.909 0.727 0.273",-93.966,-100.819,"-100.8 -100.8 -100.8 -100.8 -100.8 -100.8 -100.8 -100.8",0.173,952,0,47434,54996,"-8e+01 -8e+01 -8e+01","0.957 0.145 0.188","0.17 0.048 0.12",3,3,0.25,0.00,0,0,1,0
48.700,6,0.667,0.273,0.281,3,1,-78.115,"-76.3 -81.2 -76.9","0.909 0.818 0.273",-93.966,-100.819,"-100.8 -100.8 -100.8 -100.8 -100.8 -100.8 -100.8 -100.8",0.222,954,0,47592,55152,"-8e+01 -8e+01 -8e+01","0.957 0.145 0.188","0.073 0.048 0.22",3,3,0.76,0.00,0,0,3,1
48.800,6,0.697,0.364,0.239,3,1,-78.115,"-76.3 -81.2 -76.9","0.909 0.818 0.364",-93.966,-100.819,"-100.8 -100.8 -100.8 -100.8 -100.8 -100.8 -100.8 -100.8",0.094,956,0,47778,55277,"-8e+01 -8e+01 -8e+01","0.957 0.145 0.188","0.069 0.048 0.094",4,4,5.41,0.00,2,0,2,1
48.900,6,0.727,0.455,0.196,3,1,-78.114,"-76.3 -81.2 -76.9","0.909 0.818 0.455",-93.966,-100.819,"-100.8 -100.8 -100.8 -100.8 -100.8 -100.8 -100.8 -100.8",0.090,958,0,47963,55376,"-8e+01 -8e+01 -8e+01","0.961 0.145 0.188","0.072 0.048 0.09",5,5,1.64,0.00,0,0,3,0
49.000,6,0.697,0.455,0.187,3,1,-78.234,"-76.3 -81.2 -77.3","0.909 0.727 0.455",-93.966,-100.819,"-100.8 -100.8 -100.8 -100.8 -100.8 -100.8 -100.8 -100.8",0.148,960,0,48145,55529,"-8e+01 -8e+01 -8e+01","0.961 0.145 0.188","0.07 0.15 0.002",3,3,1.75,0.00,0,0,2,0
49.100,6,0.697,0.455,0.187,3,1,-78.114,"-76.3 -81.2 -76.9","0.909 0.727 0.455",-93.966,-100.819,"-100.8 -100.8 -100.8 -100.8 -100.8 -100.8 -100.8 -100.8",0.102,962,0,48296,55784,"-8e+01 -8e+01 -8e+01","0.961 0.145 0.188","0.06 0.048 0.1",3,3,5.20,0.00,0,0,3,1
49.200,6,0.697,0.364,0.239,3,1,-78.115,"-76.3 -81.2 -76.9","0.909 0.818 0.364",-93.966,-100.819,"-100.8 -100.8 -100.8 -100.8 -100.8 -100.8 -100.8 -100.8",0.202,964,0,48457,55992,"-8e+01 -8e+01 -8e+01","0.961 0.145 0.188","0.072 0.048 0.2",5,5,0.52,0.00,0,0,2,0
49.300,6,0.727,0.364,0.257,3,1,-78.115,"-76.3 -81.2 -76.9","0.909 0.909 0.364",-80.935,-100.819,"-100.8 -100.8 -100.8 -100.8 -100.8 -100.8 -100.8 -100.8",0.302,966,0,48629,56114,"-8e+01 -8e+01 -8e+01","0.961 0.145 0.188","0.073 0.048 0.3",3,3,0.71,0.00,0,0,2,0
49.400,6,0.758,0.455,0.214,3,1,-78.114,"-76.3 -81.2 -76.9","0.909 0.909 0.455",-93.966,-100.819,"-100.8 -100.8 -100.8 -100.8 -100.8 -100.8 -100.8 -100.8",0.072,968,0,48801,56279,"-8e+01 -8e+01 -8e+01","0.961 0.145 0.188","0.072 0.014 0.047",3,3,0.51,0.00,0,0,6,3
49.500,6,0.788,0.545,0.171,3,1,-78.114,"-76.3 -81.2 -76.9","0.909 0.909 0.545",-93.966,-100.819,"-100.8 -100.8 -100.8 -100.8 -100.8 -100.8 -100.8 -100.8",0.073,970,0,48989,56430,"-8e+01 -8e+01 -8e+01","0.961 0.145 0.188","0.073 0.048 0.019",4,4,0.15,0.00,0,0,4,1
49.600,6,0.758,0.545,0.155,3,1,-78.115,"-76.3 -81.2 -76.9","0.909 0.818 0.545",-93.966,-100.819,"-100.8 -100.8 -100.8 -100.8 -100.8 -100.8 -100.8 -100.8",0.148,972,0,49153,56616,"-8e+01 -8e+01 -8e+01","0.961 0.145 0.188","0.073 0.15 0.023",3,3,0.35,0.00,0,0,2,0
49.700,6,0.818,0.636,0.148,3,0,-78.115,"-76.3 -81.2 -76.9","1.000 0.818 0.636",-93.966,-100.819,"-100.8 -100.8 -100.8 -100.8 -100.8 -100.8 -100.8 -100.8",0.073,974,0,49313,56814,"-8e+01 -8e+01 -8e+01","0.957 0.145 0.188","0.073 0.048 0.023",3,3,0.01,0.00,0,0,4,1
49.800,6,0.818,0.727,0.129,3,0,-78.233,"-76.3 -81.2 -77.3","1.000 0.727 0.727",-93.966,-100.819,"-100.8 -100.8 -100.8 -100.8 -100.8 -100.8 -100.8 -100.8",0.148,976,0,49471,57030,"-8e+01 -8e+01 -8e+01","0.957 0.145 0.188","0.073 0.15 0.023",3,3,0.43,0.00,0,0,2,0
49.900,6,0.788,0.636,0.155,3,0,-78.115,"-76.3 -81.2 -76.9","1.000 0.727 0.636",-93.966,-100.819,"-100.8 -100.8 -100.8 -100.8 -100.8 -100.8 -100.8 -100.8",0.123,978,0,49647,57153,"-8e+01 -8e+01 -8e+01","0.957 0.145 0.188","0.073 0.048 0.12",3,3,0.45,0.00,0,0,3,1
50.000,6,0.758,0.636,0.113,3,0,-78.115,"-76.3 -81.2 -76.9","0.909 0.727 0.636",-93.966,-100.819,"-100.8 -100.8 -100.8 -100.8 -100.8 -100.8 -100.8 -100.8",0.173,980,0,49791,57415,"-8e+01 -8e+01 -8e+01","0.957 0.145 0.188","0.17 0.044 0.023",3,3,8.47,0.00,0,0,3,1
50.100,6,0.727,0.545,0.148,3,1,-78.115,"-76.3 -81.2 -76.9","0.909 0.727 0.545",-93.966,-100.819,"-100.8 -100.8 -100.8 -100.8 -100.8 -100.8 -100.8 -100.8",0.144,982,0,49946,57599,"-8e+01 -8e+01 -8e+01","0.957 0.145 0.188","0.073 0.14 0.12",3,3,0.04,0.00,0,0,2,1
50.200,6,0.727,0.545,0.148,3,1,-78.114,"-76.3 -81.2 -76.9","0.909 0.727 0.545",-93.966,-100.819,"-100.8 -100.8 -100.8 -100.8 -100.8 -100.8 -100.8 -100.8",0.223,984,0,50111,57782,"-8e+01 -8e+01 -8e+01","0.957 0.145 0.188","0.072 0.04 0.22",4,4,0.02,0.00,0,0,3,1
50.300,6,0.697,0.545,0.155,3,1,-78.115,"-76.3 -81.2 -76.9","0.909 0.636 0.545",-93.966,-100.819,"-100.8 -100.8 -100.8 -100.8 -100.8 -100.8 -100.8 -100.8",0.323,986,0,50274,57960,"-8e+01 -8e+01 -8e+01","0.957 0.145 0.188","0.073 0.14 0.32",3,3,0.92,0.00,0,0,1,0
50.400,6,0.667,0.545,0.113,3,1,-78.114,"-76.3 -81.2 -76.9","0.818 0.636 0.545",-93.966,-100.819,"-100.8 -100.8 -100.8 -100.8 -100.8 -100.8 -100.8 -100.8",0.423,988,0,50408,58172,"-8e+01 -8e+01 -8e+01","0.957 0.145 0.188","0.17 0.048 0.42",3,3,0.03,0.00,0,0,2,1
50.500,6,0.667,0.545,0.113,3,1,-78.234,"-76.3 -81.2 -77.3","0.818 0.636 0.545",-93.966,-100.819,"-100.8 -100.8 -100.8 -100.8 -100.8 -100.8 -100.8 -100.8",0.070,990,0,50565,58335,"-8e+01 -8e+01 -8e+01","0.957 0.145 0.184","0.07 0.048 0.023",4,4,2.07,0.00,1,0,7,5
50.600,6,0.636,0.455,0.148,3,1,-78.114,"-76.3 -81.2 -76.9","0.818 0.636 0.455",-93.966,-100.819,"-100.8 -100.8 -100.8 -100.8 -100.8 -100.8 -100.8 -100.8",0.123,992,0,50757,58426,"-8e+01 -8e+01 -8e+01","0.957 0.145 0.184","0.073 0.048 0.12",3,3,0.32,0.00,0,0,2,0
50.700,6,0.667,0.545,0.086,3,1,-78.114,"-76.3 -81.2 -76.9","0.727 0.727 0.545",-93.966,-100.819,"-100.8 -100.8 -100.8 -100.8 -100.8 -100.8 -100.8 -100.8",0.173,994,0,50918,58649,"-8e+01 -8e+01 -8e+01","0.957 0.145 0.184","0.17 0.033 0.023",4,4,3.85,0.00,0,0,3,0
50.800,6,0.606,0.455,0.113,3,1,-78.114,"-76.3 -81.2 -76.9","0.727 0.636 0.455",-93.966,-100.819,"-100.8 -100.8 -100.8 -100.8 -100.8 -100.8 -100.8 -100.8",0.133,996,0,51072,58844,"-8e+01 -8e+01 -8e+01","0.957 0.145 0.184","0.073 0.13 0.12",3,3,1.38,0.00,1,1,1,0
50.900,6,0.606,0.364,0.171,3,1,-78.114,"-76.3 -81.2 -76.9","0.727 0.727 0.364",-93.966,-100.819,"-100.8 -100.8 -100.8 -100.8 -100.8 -100.8 -100.8 -100.8",0.223,998,0,51239,59004,"-8e+01 -8e+01 -8e+01","0.957 0.145 0.184","0.073 0.048 0.22",3,3,0.66,0.00,0,0,3,1
51.000,6,0.576,0.364,0.155,3,1,-78.114,"-76.3 -81.2 -76.9","0.727 0.636 0.364",-93.966,-100.819,"-100.8 -100.8 -100.8 -100.8 -100.8 -100.8 -100.8 -100.8",0.323,1000,0,51387,59216,"-8e+01 -8e+01 -8e+01","0.957 0.145 0.184","0.072 0.15 0.32",5,5,2.30,0.00,1,0,0,0
51.100,6,0.545,0.273,0.223,3,2,-78.115,"-76.3 -81.2 -76.9","0.818 0.545 0.273",-93.966,-100.819,"-100.8 -100.8 -100.8 -100.8 -100.8 -100.8 -100.8 -100.8",0.423,1002,0,51544,59441,"-8e+01 -8e+01 -8e+01","0.957 0.145 0.184","0.073 0.25 0.42",3,3,0.00,0.00,0,0,1,0
51.200,6,0.606,0.364,0.187,3,1,-78.115,"-76.3 -81.2 -76.9","0.818 0.636 0.364",-93.966,-100.819,"-100.8 -100.8 -100.8 -100.8 -100.8 -100.8 -100.8 -100.8",0.073,1004,0,51700,59639,"-8e+01 -8e+01 -8e+01","0.957 0.145 0.188","0.073 0.048 0.023",3,3,0.56,0.00,0,0,9,6
51.300,6,0.636,0.455,0.148,3,1,-78.115,"-76.3 -81.2 -76.9","0.818 0.636 0.455",-93.966,-100.819,"-100.8 -100.8 -100.8 -100.8 -100.8 -100.8 -100.8 -100.8",0.072,1006,0,51854,59849,"-8e+01 -8e+01 -8e+01","0.957 0.145 0.188","0.072 0.048 0.023",3,3,0.71,0.00,0,0,3,0
51.400,6,0.667,0.455,0.155,3,1,-78.115,"-76.3 -81.2 -76.9","0.818 0.727 0.455",-93.966,-100.819,"-100.8 -100.8 -100.8 -100.8 -100.8 -100.8 -100.8 -100.8",0.123,1008,0,52017,60050,"-8e+01 -8e+01 -8e+01","0.961 0.145 0.188","0.073 0.048 0.12",3,3,0.01,0.00,0,0,2,0
51.500,6,0.727,0.545,0.148,3,1,-78.114,"-76.3 -81.2 -76.9","0.909 0.727 0.545",-93.966,-100.819,"-100.8 -100.8 -100.8 -100.8 -100.8 -100.8 -100.8 -100.8",0.072,1010,0,52175,60243,"-8e+01 -8e+01 -8e+01","0.961 0.145 0.188","0.072 0.047 0.023",3,3,0.42,0.00,0,0,4,1
51.600,6,0.697,0.455,0.187,3,1,-78.115,"-76.3 -81.2 -76.9","0.909 0.727 0.455",-93.966,-100.819,"-100.8 -100.8 -100.8 -100.8 -100.8 -100.8 -100.8 -100.8",0.123,1012,0,52323,60451,"-8e+01 -8e+01 -8e+01","0.961 0.145 0.188","0.073 0.034 0.12",3,3,0.03,0.00,0,0,2,0
51.700,6,0.727,0.545,0.148,3,1,-78.115,"-76.3 -81.2 -76.9","0.909 0.727 0.545",-93.966,-100.819,"-100.8 -100.8 -100.8 -100.8 -100.8 -100.8 -100.8 -100.8",0.073,1014,0,52484,60673,"-8e+01 -8e+01 -8e+01","0.961 0.145 0.188","0.073 0.046 0.022",3,3,0.49,0.00,0,0,4,1
51.800,6,0.697,0.364,0.261,3,1,-78.115,"-76.3 -81.2 -76.9","1.000 0.727 0.364",-93.966,-100.819,"-100.8 -100.8 -100.8 -100.8 -100.8 -100.8 -100.8 -100.8",0.122,1016,0,52647,60857,"-8e+01 -8e+01 -8e+01","0.961 0.145 0.188","0.073 0.024 0.12",3,3,0.01,0.00,0,0,2,0
51.900,6,0.758,0.455,0.227,3,1,-78.114,"-76.3 -81.2 -76.9","1.000 0.818 0.455",-93.966,-100.819,"-100.8 -100.8 -100.8 -100.8 -100.8 -100.8 -100.8 -100.8",0.073,1018,0,52809,60976,"-8e+01 -8e+01 -8e+01","0.961 0.145 0.188","0.073 0.048 0.023",3,3,0.73,0.00,0,0,4,1
52.000,6,0.758,0.455,0.227,3,1,-78.115,"-76.3 -81.2 -76.9","1.000 0.818 0.455",-93.966,-100.819,"-100.8 -100.8 -100.8 -100.8 -100.8 -100.8 -100.8 -100.8",0.123,1020,0,52981,61178,"-8e+01 -8e+01 -8e+01","0.961 0.145 0.188","0.071 0.042 0.12",3,3,2.59,0.00,0,0,2,0
52.100,6,0.788,0.455,0.239,3,1,-78.115,"-76.3 -81.2 -76.9","1.000 0.909 0.455",-93.966,-100.819,"-100.8 -100.8 -100.8 -100.8 -100.8 -100.8 -100.8 -100.8",0.223,1022,0,53143,61368,"-8e+01 -8e+01 -8e+01","0.961 0.145 0.188","0.073 0.048 0.22",3,3,0.40,0.00,0,0,2,0
52.200,6,0.848,0.545,0.214,3,1,-78.114,"-76.3 -81.2 -76.9","1.000 1.000 0.545",-93.966,-100.819,"-100.8 -100.8 -100.8 -100.8 -100.8 -100.8 -100.8 -100.8",0.073,1024,0,53293,61576,"-8e+01 -8e+01 -8e+01","0.961 0.145 0.192","0.073 0.048 0.023",3,3,0.11,0.00,0,0,5,2
52.300,6,0.818,0.545,0.196,3,1,-78.115,"-76.3 -81.2 -76.9","1.000 0.909 0.545",-93.966,-100.819,"-100.8 -100.8 -100.8 -100.8 -100.8 -100.8 -100.8 -100.8",0.148,1026,0,53453,61770,"-8e+01 -8e+01 -8e+01","0.961 0.145 0.192","0.073 0.15 0.023",3,3,1.86,0.00,0,0,2,0
52.400,6,0.758,0.455,0.214,3,1,-78.114,"-76.3 -81.2 -76.9","0.909 0.909 0.455",-93.966,-100.819,"-100.8 -100.8 -100.8 -100.8 -100.8 -100.8 -100.8 -100.8",0.173,1028,0,53619,61922,"-8e+01 -8e+01 -8e+01","0.961 0.145 0.192","0.17 0.048 0.12",4,4,0.51,0.00,0,0,2,1
52.500,6,0.788,0.545,0.171,3,1,-78.114,"-76.3 -81.2 -76.9","0.909 0.909 0.545",-93.966,-100.819,"-100.8 -100.8 -100.8 -100.8 -100.8 -100.8 -100.8 -100.8",0.064,1030,0,53754,62142,"-8e+01 -8e+01 -8e+01","0.961 0.145 0.192","0.064 0.047 0.023",4,4,1.05,0.00,0,0,5,2
52.600,6,0.788,0.545,0.171,3,1,-78.233,"-76.3 -81.2 -77.3","0.909 0.909 0.545",-93.966,-100.819,"-100.8 -100.8 -100.8 -100.8 -100.8 -100.8 -100.8 -100.8",0.072,1032,0,53911,62347,"-8e+01 -8e+01 -8e+01","0.961 0.149 0.196","0.072 0.048 0.019",3,3,0.71,0.00,0,0,3,0
52.700,6,0.788,0.636,0.113,3,0,-78.115,"-76.3 -81.2 -76.9","0.909 0.818 0.636",-93.966,-100.819,"-100.8 -100.8 -100.8 -100.8 -100.8 -100.8 -100.8 -100.8",0.148,1034,0,54074,62547,"-8e+01 -8e+01 -8e+01","0.961 0.149 0.196","0.072 0.15 0.023",3,3,1.27,0.00,0,0,2,0
52.800,6,0.758,0.636,0.113,3,0,-78.115,"-76.3 -81.2 -76.9","0.909 0.727 0.636",-93.966,-100.819,"-100.8 -100.8 -100.8 -100.8 -100.8 -100.8 -100.8 -100.8",0.248,1036,0,54248,62724,"-8e+01 -8e+01 -8e+01","0.961 0.149 0.196","0.072 0.25 0.023",3,3,0.32,0.00,0,0,2,0
52.900,6,0.788,0.727,0.086,3,0,-78.114,"-76.3 -81.2 -76.9","0.909 0.727 0.727",-93.966,-100.819,"-100.8 -100.8 -100.8 -100.8 -100.8 -100.8 -100.8 -100.8",0.073,1038,0,54397,62886,"-8e+01 -8e+01 -8e+01","0.961 0.149 0.196","0.073 0.048 0.023",3,3,0.13,0.00,0,0,5,2
53.000,6,0.788,0.727,0.086,3,0,-78.233,"-76.3 -81.2 -77.3","0.909 0.727 0.727",-93.966,-100.819,"-100.8 -100.8 -100.8 -100.8 -100.8 -100.8 -100.8 -100.8",0.072,1040,0,54559,63079,"-8e+01 -8e+01 -8e+01","0.961 0.149 0.196","0.072 0.037 0.01",5,5,1.29,0.00,0,0,3,0
53.100,6,0.758,0.636,0.113,3,0,-78.115,"-76.3 -81.2 -76.9","0.909 0.636 0.727",-93.966,-100.819,"-100.8 -100.8 -100.8 -100.8 -100.8 -100.8 -100.8 -100.8",0.137,1042,0,54730,63266,"-8e+01 -8e+01 -8e+01","0.961 0.149 0.196","0.073 0.14 0.11",3,3,0.01,0.00,0,0,1,0
53.200,6,0.758,0.636,0.113,3,0,-78.115,"-76.3 -81.2 -76.9","0.909 0.636 0.727",-93.966,-100.819,"-100.8 -100.8 -100.8 -100.8 -100.8 -100.8 -100.8 -100.8",0.210,1044,0,54877,63507,"-8e+01 -8e+01 -8e+01","0.957 0.153 0.196","0.073 0.029 0.21",3,3,2.93,0.00,0,0,3,1
53.300,6,0.727,0.636,0.129,3,0,-78.115,"-76.3 -81.2 -76.9","0.909 0.636 0.636",-93.966,-100.819,"-100.8 -100.8 -100.8 -100.8 -100.8 -100.8 -100.8 -100.8",0.310,1046,0,55044,63680,"-8e+01 -8e+01 -8e+01","0.957 0.153 0.196","0.073 0.048 0.31",3,3,0.05,0.00,0,0,2,0
53.400,6,0.727,0.545,0.148,3,1,-78.114,"-76.3 -81.2 -76.9","0.909 0.727 0.545",-93.966,-100.819,"-100.8 -100.8 -100.8 -100.8 -100.8 -100.8 -100.8 -100.8",0.410,1048,0,55186,63913,"-8e+01 -8e+01 -8e+01","0.957 0.153 0.196","0.069 0.048 0.41",3,3,0.97,0.00,0,0,2,0
53.500,6,0.788,0.636,0.155,3,0,-78.115,"-76.3 -81.2 -76.9","1.000 0.727 0.636",-93.966,-100.819,"-100.8 -100.8 -100.8 -100.8 -100.8 -100.8 -100.8 -100.8",0.073,1050,0,55343,64104,"-8e+01 -8e+01 -8e+01","0.957 0.153 0.2","0.073 0.046 0.023",3,3,0.01,0.00,0,0,7,4
53.600,6,0.758,0.636,0.171,3,0,-78.115,"-76.3 -81.2 -76.9","1.000 0.636 0.636",-93.966,-100.819,"-100.8 -100.8 -100.8 -100.8 -100.8 -100.8 -100.8 -100.8",0.146,1052,0,55496,64317,"-8e+01 -8e+01 -8e+01","0.957 0.153 0.2","0.072 0.15 0.023",3,3,1.49,0.00,0,0,2,0
53.700,6,0.667,0.545,0.171,3,2,-78.115,"-76.3 -81.2 -76.9","0.909 0.545 0.545",-93.966,-100.819,"-100.8 -100.8 -100.8 -100.8 -100.8 -100.8 -100.8 -100.8",0.246,1054,0,55642,64544,"-8e+01 -8e+01 -8e+01","0.957 0.153 0.2","0.17 0.25 0.12",3,3,1.22,0.00,0,0,0,0
53.800,6,0.697,0.545,0.155,3,1,-78.115,"-76.3 -81.2 -76.9","0.909 0.636 0.545",-93.966,-100.819,"-100.8 -100.8 -100.8 -100.8 -100.8 -100.8 -100.8 -100.8",0.073,1056,0,55804,64746,"-8e+01 -8e+01 -8e+01","0.957 0.153 0.204","0.073 0.039 0.023",3,3,1.91,0.00,1,0,6,4
53.900,6,0.667,0.455,0.187,3,1,-78.115,"-76.3 -81.2 -76.9","0.909 0.636 0.455",-76.845,-100.819,"-100.8 -100.8 -100.8 -100.8 -100.8 -100.8 -100.8 -100.8",0.139,1058,0,55973,64935,"-8e+01 -8e+01 -8e+01","0.957 0.153 0.204","0.073 0.14 0.12",3,3,0.00,0.00,0,0,1,0
54.000,6,0.636,0.364,0.223,3,1,-78.115,"-76.3 -81.2 -76.9","0.909 0.636 0.364",-93.966,-100.819,"-100.8 -100.8 -100.8 -100.8 -100.8 -100.8 -100.8 -100.8",0.223,1060,0,56132,65114,"-8e+01 -8e+01 -8e+01","0.961 0.153 0.204","0.073 0.032 0.22",3,3,0.58,0.00,0,0,3,1
54.100,6,0.606,0.273,0.261,3,1,-78.115,"-76.3 -81.2 -76.9","0.909 0.636 0.273",-93.966,-100.819,"-100.8 -100.8 -100.8 -100.8 -100.8 -100.8 -100.8 -100.8",0.323,1062,0,56304,65275,"-8e+01 -8e+01 -8e+01","0.961 0.153 0.204","0.073 0.048 0.32",3,3,0.00,0.00,0,0,2,0
54.200,6,0.636,0.364,0.223,3,1,-78.115,"-76.3 -81.2 -76.9","0.909 0.636 0.364",-93.966,-100.819,"-100.8 -100.8 -100.8 -100.8 -100.8 -100.8 -100.8 -100.8",0.148,1064,0,56454,65478,"-8e+01 -8e+01 -8e+01","0.961 0.153 0.204","0.073 0.15 0.023",4,4,0.58,0.00,0,0,5,3
54.300,6,0.636,0.364,0.223,3,1,-78.115,"-76.3 -81.2 -76.9","0.909 0.636 0.364",-93.966,-100.819,"-100.8 -100.8 -100.8 -100.8 -100.8 -100.8 -100.8 -100.8",0.123,1066,0,56611,65613,"-8e+01 -8e+01 -8e+01","0.961 0.153 0.204","0.073 0.048 0.12",3,3,0.01,0.00,0,0,3,1
54.400,6,0.667,0.455,0.187,3,1,-78.114,"-76.3 -81.2 -76.9","0.909 0.636 0.455",-93.966,-100.819,"-100.8 -100.8 -100.8 -100.8 -100.8 -100.8 -100.8 -100.8",0.087,1068,0,56788,65787,"-8e+01 -8e+01 -8e+01","0.961 0.153 0.204","0.072 0.048 0.087",4,4,1.20,0.00,0,0,3,0
54.500,6,0.636,0.455,0.148,3,1,-78.115,"-76.3 -81.2 -76.9","0.818 0.636 0.455",-93.966,-100.819,"-100.8 -100.8 -100.8 -100.8 -100.8 -100.8 -100.8 -100.8",0.187,1070,0,56966,65910,"-8e+01 -8e+01 -8e+01","0.961 0.149 0.204","0.17 0.048 0.19",5,5,3.61,0.00,0,0,1,0
54.600,6,0.636,0.455,0.148,3,1,-78.114,"-76.3 -81.2 -76.9","0.818 0.636 0.455",-93.966,-100.819,"-100.8 -100.8 -100.8 -100.8 -100.8 -100.8 -100.8 -100.8",0.071,1072,0,57130,66075,"-8e+01 -8e+01 -8e+01","0.961 0.149 0.2","0.071 0.048 0.021",3,3,0.96,0.00,2,2,4,1
54.700,6,0.636,0.364,0.196,3,1,-78.114,"-76.3 -81.2 -76.9","0.818 0.727 0.364",-93.966,-100.819,"-100.8 -100.8 -100.8 -100.8 -100.8 -100.8 -100.8 -100.8",0.121,1074,0,57306,66199,"-8e+01 -8e+01 -8e+01","0.961 0.149 0.2","0.073 0.043 0.12",3,3,1.49,0.00,0,0,2,0
54.800,6,0.727,0.455,0.196,3,1,-78.234,"-76.3 -81.2 -77.3","0.909 0.818 0.455",-93.966,-100.819,"-100.8 -100.8 -100.8 -100.8 -100.8 -100.8 -100.8 -100.8",0.073,1076,0,57483,66356,"-8e+01 -8e+01 -8e+01","0.957 0.149 0.204","0.073 0.044 0.0012",3,3,0.62,0.00,0,0,3,0
54.900,6,0.697,0.364,0.239,3,1,-78.115,"-76.3 -81.2 -76.9","0.909 0.818 0.364",-93.966,-100.819,"-100.8 -100.8 -100.8 -100.8 -100.8 -100.8 -100.8 -100.8",0.101,1078,0,57666,66545,"-8e+01 -8e+01 -8e+01","0.957 0.149 0.204","0.072 0.048 0.1",4,4,11.99,0.00,0,0,2,0
55.000,6,0.758,0.455,0.214,3,1,-78.115,"-76.3 -81.2 -76.9","0.909 0.909 0.455",-93.966,-100.819,"-100.8 -100.8 -100.8 -100.8 -100.8 -100.8 -100.8 -100.8",0.073,1080,0,57827,66733,"-8e+01 -8e+01 -8e+01","0.957 0.153 0.208","0.073 0.048 0.023",3,3,0.20,0.00,1,1,4,1
55.100,6,0.788,0.545,0.171,3,1,-78.115,"-76.3 -81.2 -76.9","0.909 0.909 0.545",-93.966,-100.819,"-100.8 -100.8 -100.8 -100.8 -100.8 -100.8 -100.8 -100.8",0.072,1082,0,57998,66912,"-8e+01 -8e+01 -8e+01","0.957 0.157 0.212","0.072 0.048 0.023",3,3,0.30,0.00,0,0,3,0
55.200,6,0.818,0.636,0.129,3,0,-78.114,"-76.3 -81.2 -76.9","0.909 0.909 0.636",-93.966,-100.819,"-100.8 -100.8 -100.8 -100.8 -100.8 -100.8 -100.8 -100.8",0.073,1084,0,58164,67051,"-8e+01 -8e+01 -8e+01","0.957 0.157 0.212","0.073 0.048 0.023",4,4,0.01,0.00,0,0,3,0
55.300,6,0.818,0.545,0.196,3,1,-78.115,"-76.3 -81.2 -76.9","0.909 1.000 0.545",-93.966,-100.819,"-100.8 -100.8 -100.8 -100.8 -100.8 -100.8 -100.8 -100.8",0.123,1086,0,58331,67257,"-8e+01 -8e+01 -8e+01","0.957 0.161 0.212","0.072 0.048 0.12",5,5,1.43,0.00,0,0,2,0
55.400,6,0.818,0.545,0.196,3,1,-78.115,"-76.3 -81.2 -76.9","0.909 1.000 0.545",-93.966,-100.819,"-100.8 -100.8 -100.8 -100.8 -100.8 -100.8 -100.8 -100.8",0.223,1088,0,58478,67479,"-8e+01 -8e+01 -8e+01","0.957 0.161 0.212","0.073 0.048 0.22",3,3,0.04,0.00,0,0,2,0
55.500,6,0.788,0.455,0.239,3,1,-78.114,"-76.3 -81.2 -76.9","0.909 1.000 0.455",-93.966,-100.819,"-100.8 -100.8 -100.8 -100.8 -100.8 -100.8 -100.8 -100.8",0.323,1090,0,58652,67602,"-8e+01 -8e+01 -8e+01","0.957 0.161 0.212","0.072 0.048 0.32",3,3,0.01,0.00,0,0,2,0
55.600,6,0.848,0.545,0.214,3,1,-78.114,"-76.3 -81.2 -76.9","1.000 1.000 0.545",-93.966,-100.819,"-100.8 -100.8 -100.8 -100.8 -100.8 -100.8 -100.8 -100.8",0.091,1092,0,58831,67747,"-8e+01 -8e+01 -8e+01","0.957 0.161 0.212","0.073 0.043 0.091",3,3,2.58,0.00,2,1,3,1
55.700,6,0.818,0.455,0.257,3,1,-78.114,"-76.3 -81.2 -76.9","1.000 1.000 0.455",-93.966,-100.819,"-100.8 -100.8 -100.8 -100.8 -100.8 -100.8 -100.8 -100.8",0.191,1094,0,59004,67937,"-8e+01 -8e+01 -8e+01","0.957 0.161 0.212","0.07 0.048 0.19",3,3,0.96,0.00,0,0,2,0
55.800,6,0.818,0.545,0.196,3,1,-78.115,"-76.3 -81.2 -76.9","0.909 1.000 0.545",-93.966,-100.819,"-100.8 -100.8 -100.8 -100.8 -100.8 -100.8 -100.8 -100.8",0.170,1096,0,59164,68152,"-8e+01 -8e+01 -8e+01","0.957 0.161 0.212","0.17 0.04 0.077",3,3,1.99,0.00,0,0,3,1
55.900,6,0.788,0.455,0.239,3,1,-78.115,"-76.3 -81.2 -76.9","0.909 1.000 0.455",-93.966,-100.819,"-100.8 -100.8 -100.8 -100.8 -100.8 -100.8 -100.8 -100.8",0.177,1098,0,59342,68267,"-8e+01 -8e+01 -8e+01","0.957 0.161 0.212","0.072 0.048 0.18",4,4,0.43,0.00,0,0,3,1
56.000,6,0.818,0.636,0.129,3,0,-78.115,"-76.3 -81.2 -76.9","0.909 0.909 0.636",-93.966,-100.819,"-100.8 -100.8 -100.8 -100.8 -100.8 -100.8 -100.8 -100.8",0.148,1100,0,59504,68472,"-8e+01 -8e+01 -8e+01","0.957 0.161 0.212","0.073 0.15 0.023",3,3,0.90,0.00,1,1,3,0
56.100,6,0.788,0.545,0.171,3,1,-78.115,"-76.3 -81.2 -76.9","0.909 0.909 0.545",-93.966,-100.819,"-100.8 -100.8 -100.8 -100.8 -100.8 -100.8 -100.8 -100.8",0.123,1102,0,59685,68587,"-8e+01 -8e+01 -8e+01","0.957 0.161 0.212","0.073 0.048 0.12",4,4,0.51,0.00,0,0,3,1
56.200,6,0.758,0.455,0.214,3,1,-78.115,"-76.3 -81.2 -76.9","0.909 0.909 0.455",-93.966,-100.819,"-100.8 -100.8 -100.8 -100.8 -100.8 -100.8 -100.8 -100.8",0.223,1104,0,59872,68717,"-8e+01 -8e+01 -8e+01","0.957 0.161 0.212","0.063 0.048 0.22",3,3,0.96,0.00,0,0,2,0
56.300,6,0.667,0.364,0.214,3,1,-78.114,"-76.3 -81.2 -76.9","0.818 0.818 0.364",-93.966,-100.819,"-100.8 -100.8 -100.8 -100.8 -100.8 -100.8 -100.8 -100.8",0.323,1106,0,60032,68926,"-8e+01 -8e+01 -8e+01","0.957 0.161 0.212","0.16 0.15 0.32",3,3,0.74,0.00,0,0,0,0
56.400,6,0.667,0.364,0.214,3,1,-78.114,"-76.3 -81.2 -76.9","0.818 0.818 0.364",-93.966,-100.819,"-100.8 -100.8 -100.8 -100.8 -100.8 -100.8 -100.8 -100.8",0.423,1108,0,60216,69039,"-8e+01 -8e+01 -8e+01","0.957 0.161 0.212","0.073 0.048 0.42",3,3,0.26,0.00,0,0,4,2
56.500,6,0.636,0.364,0.196,3,1,-78.115,"-76.3 -81.2 -76.9","0.818 0.727 0.364",-93.966,-100.819,"-100.8 -100.8 -100.8 -100.8 -100.8 -100.8 -100.8 -100.8",0.523,1110,0,60386,69229,"-8e+01 -8e+01 -8e+01","0.961 0.161 0.212","0.073 0.15 0.52",3,3,0.46,0.00,0,0,1,0
56.600,6,0.636,0.455,0.148,3,1,-78.114,"-76.3 -81.2 -76.9","0.818 0.636 0.455",-76.845,-100.819,"-100.8 -100.8 -100.8 -100.8 -100.8 -100.8 -100.8 -100.8",0.248,1112,0,60546,69440,"-8e+01 -8e+01 -8e+01","0.961 0.161 0.212","0.073 0.25 0.098",7,7,1.16,0.00,0,0,5,3
56.700,6,0.606,0.455,0.113,3,1,-78.114,"-76.3 -81.2 -76.9","0.727 0.636 0.455",-93.966,-100.819,"-100.8 -100.8 -100.8 -100.8 -100.8 -100.8 -100.8 -100.8",0.173,1114,0,60689,69674,"-8e+01 -8e+01 -8e+01","0.961 0.161 0.208","0.17 0.047 0.023",3,3,0.63,0.00,1,1,5,3
56.800,6,0.576,0.455,0.113,3,2,-78.115,"-76.3 -81.2 -76.9","0.727 0.545 0.455",-93.966,-100.819,"-100.8 -100.8 -100.8 -100.8 -100.8 -100.8 -100.8 -100.8",0.147,1116,0,60833,69909,"-8e+01 -8e+01 -8e+01","0.957 0.161 0.208","0.073 0.15 0.12",5,5,0.74,0.00,0,0,2,1
56.900,6,0.606,0.455,0.155,3,2,-78.114,"-76.3 -81.2 -76.9","0.818 0.545 0.455",-76.845,-100.819,"-100.8 -100.8 -100.8 -100.8 -100.8 -100.8 -100.8 -100.8",0.073,1118,0,60999,70099,"-8e+01 -8e+01 -8e+01","0.957 0.161 0.208","0.073 0.048 0.023",5,5,1.29,0.00,0,0,5,2
57.000,6,0.636,0.545,0.129,3,2,-78.115,"-76.3 -81.2 -76.9","0.818 0.545 0.545",-93.966,-100.819,"-100.8 -100.8 -100.8 -100.8 -100.8 -100.8 -100.8 -100.8",0.071,1120,0,61153,70312,"-8e+01 -8e+01 -8e+01","0.957 0.161 0.208","0.071 0.048 0.023",3,3,0.32,0.00,0,0,3,0
57.100,6,0.636,0.455,0.148,3,1,-78.115,"-76.3 -81.2 -76.9","0.818 0.636 0.455",-93.966,-100.819,"-100.8 -100.8 -100.8 -100.8 -100.8 -100.8 -100.8 -100.8",0.072,1122,0,61315,70500,"-8e+01 -8e+01 -8e+01","0.953 0.161 0.208","0.072 0.047 0.023",3,3,0.01,0.00,0,0,3,0
57.200,6,0.606,0.455,0.155,3,2,-78.115,"-76.3 -81.2 -76.9","0.818 0.545 0.455",-93.966,-100.819,"-100.8 -100.8 -100.8 -100.8 -100.8 -100.8 -100.8 -100.8",0.147,1124,0,61474,70697,"-8e+01 -8e+01 -8e+01","0.953 0.161 0.208","0.068 0.15 0.12",3,3,2.09,0.00,0,0,1,0
57.300,6,0.606,0.455,0.155,3,2,-78.233,"-76.3 -81.2 -77.3","0.818 0.455 0.545",-93.966,-100.819,"-100.8 -100.8 -100.8 -100.8 -100.8 -100.8 -100.8 -100.8",0.247,1126,0,61619,70915,"-8e+01 -8e+01 -8e+01","0.953 0.161 0.208","0.073 0.25 0.023",3,3,0.00,0.00,0,0,3,1
57.400,6,0.667,0.545,0.171,3,2,-78.115,"-76.3 -81.2 -76.9","0.909 0.545 0.545",-93.966,-100.819,"-100.8 -100.8 -100.8 -100.8 -100.8 -100.8 -100.8 -100.8",0.123,1128,0,61784,71111,"-8e+01 -8e+01 -8e+01","0.953 0.161 0.208","0.072 0.043 0.12",3,3,0.37,0.00,0,0,4,2
57.500,6,0.606,0.455,0.155,3,2,-78.115,"-76.3 -81.2 -76.9","0.818 0.455 0.545",-93.966,-100.819,"-100.8 -100.8 -100.8 -100.8 -100.8 -100.8 -100.8 -100.8",0.223,1130,0,61938,71314,"-8e+01 -8e+01 -8e+01","0.953 0.161 0.208","0.17 0.14 0.22",4,4,0.89,0.00,0,0,0,0
57.600,6,0.636,0.545,0.129,3,2,-78.114,"-76.3 -81.2 -76.9","0.818 0.545 0.545",-93.966,-100.819,"-100.8 -100.8 -100.8 -100.8 -100.8 -100.8 -100.8 -100.8",0.323,1132,0,62083,71528,"-8e+01 -8e+01 -8e+01","0.953 0.161 0.208","0.07 0.048 0.32",3,3,0.87,0.00,0,0,4,2
57.700,6,0.636,0.455,0.148,3,1,-78.115,"-76.3 -81.2 -76.9","0.818 0.636 0.455",-93.966,-100.819,"-100.8 -100.8 -100.8 -100.8 -100.8 -100.8 -100.8 -100.8",0.423,1134,0,62238,71741,"-8e+01 -8e+01 -8e+01","0.953 0.161 0.208","0.073 0.048 0.42",5,5,2.20,0.00,1,0,1,0
57.800,6,0.606,0.364,0.227,3,2,-78.115,"-76.3 -81.2 -76.9","0.909 0.545 0.364",-93.966,-100.819,"-100.8 -100.8 -100.8 -100.8 -100.8 -100.8 -100.8 -100.8",0.523,1136,0,62382,71942,"-8e+01 -8e+01 -8e+01","0.953 0.161 0.208","0.073 0.15 0.52",4,4,0.24,0.00,0,0,1,0
57.900,6,0.606,0.364,0.227,3,2,-78.115,"-76.3 -81.2 -76.9","0.909 0.545 0.364",-93.966,-100.819,"-100.8 -100.8 -100.8 -100.8 -100.8 -100.8 -100.8 -100.8",0.623,1138,0,62526,72145,"-8e+01 -8e+01 -8e+01","0.957 0.161 0.208","0.072 0.25 0.62",3,3,0.82,0.00,0,0,1,0
58.000,6,0.545,0.273,0.268,3,2,-78.115,"-76.3 -81.2 -76.9","0.909 0.455 0.273",-93.966,-100.819,"-100.8 -100.8 -100.8 -100.8 -100.8 -100.8 -100.8 -100.8",0.723,1140,0,62669,72362,"-8e+01 -8e+01 -8e+01","0.957 0.161 0.208","0.071 0.35 0.72",3,3,0.65,0.00,0,0,1,0
58.100,6,0.515,0.273,0.281,3,2,-78.115,"-76.3 -81.2 -76.9","0.909 0.364 0.273",-93.966,-100.819,"-100.8 -100.8 -100.8 -100.8 -100.8 -100.8 -100.8 -100.8",0.448,1142,0,62828,72561,"-8e+01 -8e+01 -8e+01","0.957 0.161 0.204","0.073 0.45 0.023",3,3,0.55,0.00,0,0,9,7
58.200,6,0.515,0.273,0.281,3,2,-78.115,"-76.3 -81.2 -76.9","0.909 0.364 0.273",-93.966,-100.819,"-100.8 -100.8 -100.8 -100.8 -100.8 -100.8 -100.8 -100.8",0.073,1144,0,62999,72751,"-8e+01 -8e+01 -8e+01","0.957 0.149 0.204","0.073 0.044 0.023",3,3,0.71,0.00,0,0,7,4
58.300,6,0.576,0.364,0.239,3,2,-78.115,"-76.3 -81.2 -76.9","0.909 0.455 0.364",-93.966,-100.819,"-100.8 -100.8 -100.8 -100.8 -100.8 -100.8 -100.8 -100.8",0.073,1146,0,63158,72958,"-8e+01 -8e+01 -8e+01","0.957 0.149 0.204","0.073 0.048 0.023",4,4,0.01,0.00,0,0,3,0
58.400,6,0.576,0.273,0.261,3,2,-78.115,"-76.3 -81.2 -76.9","0.909 0.545 0.273",-93.966,-100.819,"-100.8 -100.8 -100.8 -100.8 -100.8 -100.8 -100.8 -100.8",0.123,1148,0,63315,73189,"-8e+01 -8e+01 -8e+01","0.957 0.149 0.204","0.071 0.046 0.12",3,3,0.53,0.00,0,0,2,0
58.500,6,0.545,0.273,0.268,3,2,-78.115,"-76.3 -81.2 -76.9","0.909 0.455 0.273",-93.966,-100.819,"-100.8 -100.8 -100.8 -100.8 -100.8 -100.8 -100.8 -100.8",0.223,1150,0,63474,73390,"-8e+01 -8e+01 -8e+01","0.957 0.149 0.204","0.072 0.15 0.22",3,3,0.32,0.00,0,0,1,0
58.600,6,0.606,0.273,0.300,3,2,-78.115,"-76.3 -81.2 -76.9","1.000 0.545 0.273",-93.966,-100.819,"-100.8 -100.8 -100.8 -100.8 -100.8 -100.8 -100.8 -100.8",0.323,1152,0,63633,73606,"-8e+01 -8e+01 -8e+01","0.957 0.149 0.204","0.073 0.048 0.32",3,3,0.54,0.00,0,0,3,1
58.700,6,0.576,0.273,0.309,3,2,-78.115,"-76.3 -81.2 -76.9","1.000 0.455 0.273",-93.966,-100.819,"-100.8 -100.8 -100.8 -100.8 -100.8 -100.8 -100.8 -100.8",0.423,1154,0,63793,73802,"-8e+01 -8e+01 -8e+01","0.953 0.149 0.204","0.073 0.15 0.42",3,3,1.15,0.00,0,0,1,0
58.800,6,0.576,0.364,0.300,3,2,-78.115,"-76.3 -81.2 -76.9","1.000 0.364 0.364",-93.966,-100.819,"-100.8 -100.8 -100.8 -100.8 -100.8 -100.8 -100.8 -100.8",0.248,1156,0,63964,73987,"-8e+01 -8e+01 -8e+01","0.953 0.149 0.204","0.073 0.25 0.023",3,3,0.01,0.00,0,0,6,4
58.900,6,0.576,0.364,0.300,3,2,-78.115,"-76.3 -81.2 -76.9","1.000 0.364 0.364",-93.966,-100.819,"-100.8 -100.8 -100.8 -100.8 -100.8 -100.8 -100.8 -100.8",0.348,1158,0,64122,74187,"-8e+01 -8e+01 -8e+01","0.953 0.149 0.204","0.072 0.35 0.12",3,3,0.34,0.00,0,0,1,0
59.000,6,0.606,0.364,0.281,3,2,-78.115,"-76.3 -81.2 -76.9","1.000 0.455 0.364",-93.966,-100.819,"-100.8 -100.8 -100.8 -100.8 -100.8 -100.8 -100.8 -100.8",0.223,1160,0,64286,74383,"-8e+01 -8e+01 -8e+01","0.953 0.149 0.204","0.072 0.045 0.22",3,3,0.69,0.00,0,0,5,3
59.100,6,0.636,0.364,0.268,3,2,-78.115,"-76.3 -81.2 -76.9","1.000 0.545 0.364",-93.966,-100.819,"-100.8 -100.8 -100.8 -100.8 -100.8 -100.8 -100.8 -100.8",0.323,1162,0,64454,74578,"-8e+01 -8e+01 -8e+01","0.953 0.149 0.204","0.072 0.048 0.32",4,4,0.33,0.00,0,0,2,0
59.200,6,0.667,0.364,0.261,3,1,-78.115,"-76.3 -81.2 -76.9","1.000 0.636 0.364",-93.966,-100.819,"-100.8 -100.8 -100.8 -100.8 -100.8 -100.8 -100.8 -100.8",0.073,1164,0,64615,74775,"-8e+01 -8e+01 -8e+01","0.953 0.149 0.204","0.073 0.047 0.023",3,3,0.05,0.00,0,0,6,3
59.300,6,0.636,0.273,0.297,3,1,-78.115,"-76.3 -81.2 -76.9","1.000 0.636 0.273",-93.966,-100.819,"-100.8 -100.8 -100.8 -100.8 -100.8 -100.8 -100.8 -100.8",0.123,1166,0,64777,74970,"-8e+01 -8e+01 -8e+01","0.953 0.149 0.204","0.072 0.048 0.12",3,3,0.03,0.00,0,0,2,0
59.400,6,0.606,0.182,0.335,3,1,-78.114,"-76.3 -81.2 -76.9","1.000 0.636 0.182",-93.966,-100.819,"-100.8 -100.8 -100.8 -100.8 -100.8 -100.8 -100.8 -100.8",0.223,1168,0,64935,75168,"-8e+01 -8e+01 -8e+01","0.953 0.149 0.204","0.073 0.048 0.22",3,3,0.01,0.00,0,0,2,0
59.500,6,0.606,0.273,0.261,3,1,-78.115,"-76.3 -81.2 -76.9","0.909 0.636 0.273",-93.966,-100.819,"-100.8 -100.8 -100.8 -100.8 -100.8 -100.8 -100.8 -100.8",0.173,1170,0,65084,75397,"-8e+01 -8e+01 -8e+01","0.953 0.149 0.204","0.17 0.043 0.023",3,3,0.55,0.00,0,0,4,2
59.600,6,0.606,0.273,0.261,3,1,-78.115,"-76.3 -81.2 -76.9","0.909 0.636 0.273",-93.966,-100.819,"-100.8 -100.8 -100.8 -100.8 -100.8 -100.8 -100.8 -100.8",0.143,1172,0,65243,75582,"-8e+01 -8e+01 -8e+01","0.953 0.149 0.204","0.072 0.14 0.12",3,3,0.84,0.00,0,0,2,1
59.700,6,0.606,0.273,0.261,3,1,-78.115,"-76.3 -81.2 -76.9","0.909 0.636 0.273",-93.966,-100.819,"-100.8 -100.8 -100.8 -100.8 -100.8 -100.8 -100.8 -100.8",0.223,1174,0,65404,75777,"-8e+01 -8e+01 -8e+01","0.953 0.149 0.204","0.072 0.048 0.22",3,3,0.97,0.00,0,0,3,1
59.800,6,0.606,0.273,0.261,3,1,-78.115,"-76.3 -81.2 -76.9","0.909 0.636 0.273",-93.966,-100.819,"-100.8 -100.8 -100.8 -100.8 -100.8 -100.8 -100.8 -100.8",0.323,1176,0,65558,75979,"-8e+01 -8e+01 -8e+01","0.953 0.149 0.204","0.072 0.15 0.32",3,3,0.02,0.00,0,0,1,0
59.900,6,0.606,0.182,0.309,3,1,-78.115,"-76.3 -81.2 -76.9","0.909 0.727 0.182",-93.966,-100.819,"-100.8 -100.8 -100.8 -100.8 -100.8 -100.8 -100.8 -100.8",0.423,1178,0,65714,76195,"-8e+01 -8e+01 -8e+01","0.953 0.149 0.204","0.072 0.045 0.42",3,3,0.61,0.00,0,0,3,1
