t,channel,pdr_mean,pdr_worst,pdr_spread,n_links,links_degraded,rssi_mean,rssi_per_link,pdr_per_link,noise_dbm,meas_floor_dbm,band_power,hb_gap_max,data_tx,data_rx,rx_ok,rx_err,rev_rssi_per_link,rev_pdr_per_link,rev_age_per_link,tx_attempts,tx_acked,tx_defer_ms,tx_retry_depth,shadow_exp,shadow_miss,silent_exp,silent_miss
1.000,6,0.500,0.500,0.000,3,3,-78.473,"-76.6 -81.5 -77.3","0.500 0.500 0.500",-93.966,-100.820,"-100.8 -100.8 -100.8 -100.8 -100.8 -100.8 -100.8 -100.8",0.073,0,0,18,11,"-8e+01 -8e+01 -8e+01","1 0 0","0.073 0.048 0.023",5,5,0.01,0.00,0,0,12,0
1.100,6,1.000,1.000,0.000,3,0,-78.473,"-76.6 -81.5 -77.3","1.000 1.000 1.000",-93.966,-100.820,"-100.8 -100.8 -100.8 -100.8 -100.8 -100.8 -100.8 -100.8",0.073,2,0,21,13,"-8e+01 -8e+01 -8e+01","1 0 0","0.073 0.048 0.023",1,1,0.02,0.00,0,0,3,0
1.200,6,1.000,1.000,0.000,3,0,-78.473,"-76.6 -81.5 -77.3","1.000 1.000 1.000",-93.966,-100.820,"-100.8 -100.8 -100.8 -100.8 -100.8 -100.8 -100.8 -100.8",0.073,4,0,24,15,"-8e+01 -8e+01 -8e+01","1 0 0","0.073 0.048 0.023",1,1,0.02,0.00,0,0,3,0
1.300,6,1.000,1.000,0.000,3,0,-78.473,"-76.6 -81.5 -77.3","1.000 1.000 1.000",-93.966,-100.820,"-100.8 -100.8 -100.8 -100.8 -100.8 -100.8 -100.8 -100.8",0.073,6,0,27,17,"-8e+01 -8e+01 -8e+01","1 0 0","0.073 0.048 0.023",1,1,0.00,0.00,0,0,3,0
1.400,6,1.000,1.000,0.000,3,0,-78.473,"-76.6 -81.5 -77.3","1.000 1.000 1.000",-93.966,-100.820,"-100.8 -100.8 -100.8 -100.8 -100.8 -100.8 -100.8 -100.8",0.073,8,0,30,19,"-8e+01 -8e+01 -8e+01","1 0 0","0.073 0.048 0.023",1,1,0.01,0.00,0,0,3,0
1.500,6,1.000,1.000,0.000,3,0,-78.473,"-76.6 -81.5 -77.3","1.000 1.000 1.000",-93.966,-100.820,"-100.8 -100.8 -100.8 -100.8 -100.8 -100.8 -100.8 -100.8",0.073,10,0,33,21,"-8e+01 -8e+01 -8e+01","1 0 0","0.073 0.048 0.023",1,1,0.01,0.00,0,0,3,0
1.600,6,1.000,1.000,0.000,3,0,-78.473,"-76.6 -81.5 -77.3","1.000 1.000 1.000",-93.966,-100.820,"-100.8 -100.8 -100.8 -100.8 -100.8 -100.8 -100.8 -100.8",0.073,12,0,36,23,"-8e+01 -8e+01 -8e+01","1 0 0","0.073 0.048 0.023",1,1,0.01,0.00,0,0,3,0
1.700,6,1.000,1.000,0.000,3,0,-78.473,"-76.6 -81.5 -77.3","1.000 1.000 1.000",-93.966,-100.820,"-100.8 -100.8 -100.8 -100.8 -100.8 -100.8 -100.8 -100.8",0.073,14,0,39,25,"-8e+01 -8e+01 -8e+01","1 0 0","0.073 0.048 0.023",1,1,0.02,0.00,0,0,3,0
1.800,6,1.000,1.000,0.000,3,0,-78.473,"-76.6 -81.5 -77.3","1.000 1.000 1.000",-93.966,-100.820,"-100.8 -100.8 -100.8 -100.8 -100.8 -100.8 -100.8 -100.8",0.073,16,0,42,27,"-8e+01 -8e+01 -8e+01","1 0 0","0.073 0.048 0.023",1,1,0.00,0.00,0,0,3,0
1.900,6,1.000,1.000,0.000,3,0,-78.473,"-76.6 -81.5 -77.3","1.000 1.000 1.000",-93.966,-100.820,"-100.8 -100.8 -100.8 -100.8 -100.8 -100.8 -100.8 -100.8",0.073,18,0,45,29,"-8e+01 -8e+01 -8e+01","1 0 0","0.073 0.048 0.023",1,1,0.01,0.00,0,0,3,0
2.000,6,1.000,1.000,0.000,3,0,-78.473,"-76.6 -81.5 -77.3","1.000 1.000 1.000",-93.966,-100.820,"-100.8 -100.8 -100.8 -100.8 -100.8 -100.8 -100.8 -100.8",0.073,20,0,48,31,"-8e+01 -8e+01 -8e+01","1 0 0","0.073 0.048 0.023",1,1,0.01,0.00,0,0,3,0
2.100,6,1.000,1.000,0.000,3,0,-78.473,"-76.6 -81.5 -77.3","1.000 1.000 1.000",-93.966,-100.820,"-100.8 -100.8 -100.8 -100.8 -100.8 -100.8 -100.8 -100.8",0.073,22,0,56,34,"-8e+01 -8e+01 -8e+01","1 0 0","0.073 0.048 0.023",2,2,0.93,0.00,0,0,3,0
2.200,6,1.000,1.000,0.000,3,0,-78.473,"-76.6 -81.5 -77.3","1.000 1.000 1.000",-93.966,-100.820,"-100.8 -100.8 -100.8 -100.8 -100.8 -100.8 -100.8 -100.8",0.073,24,0,59,36,"-8e+01 -8e+01 -8e+01","1 0 0","0.073 0.048 0.023",1,1,0.02,0.00,0,0,3,0
2.300,6,1.000,1.000,0.000,3,0,-78.353,"-76.3 -81.5 -77.3","1.000 1.000 1.000",-93.966,-100.820,"-100.8 -100.8 -100.8 -100.8 -100.8 -100.8 -100.8 -100.8",0.073,26,0,64,38,"-8e+01 -8e+01 -8e+01","1 0 0","0.073 0.048 0.023",1,1,0.00,0.00,0,0,3,0
2.400,6,1.000,1.000,0.000,3,0,-78.473,"-76.6 -81.5 -77.3","1.000 1.000 1.000",-93.966,-100.820,"-100.8 -100.8 -100.8 -100.8 -100.8 -100.8 -100.8 -100.8",0.073,28,0,68,41,"-8e+01 -8e+01 -8e+01","1 0 0","0.073 0.048 0.023",1,1,0.01,0.00,0,0,3,0
2.500,6,1.000,1.000,0.000,3,0,-78.473,"-76.6 -81.5 -77.3","1.000 1.000 1.000",-93.966,-100.820,"-100.8 -100.8 -100.8 -100.8 -100.8 -100.8 -100.8 -100.8",0.073,30,0,74,44,"-8e+01 -8e+01 -8e+01","1 0 0","0.073 0.048 0.023",1,1,0.01,0.00,0,0,3,0
2.600,6,1.000,1.000,0.000,3,0,-78.473,"-76.6 -81.5 -77.3","1.000 1.000 1.000",-93.966,-100.820,"-100.8 -100.8 -100.8 -100.8 -100.8 -100.8 -100.8 -100.8",0.073,32,0,77,46,"-8e+01 -8e+01 -8e+01","1 0 0","0.073 0.048 0.023",1,1,0.02,0.00,0,0,3,0
2.700,6,1.000,1.000,0.000,3,0,-78.353,"-76.3 -81.5 -77.3","1.000 1.000 1.000",-93.966,-100.820,"-100.8 -100.8 -100.8 -100.8 -100.8 -100.8 -100.8 -100.8",0.073,34,0,82,48,"-8e+01 -8e+01 -8e+01","1 0 0","0.073 0.048 0.023",1,1,0.02,0.00,0,0,3,0
2.800,6,1.000,1.000,0.000,3,0,-78.473,"-76.6 -81.5 -77.3","1.000 1.000 1.000",-93.966,-100.820,"-100.8 -100.8 -100.8 -100.8 -100.8 -100.8 -100.8 -100.8",0.073,36,0,85,50,"-8e+01 -8e+01 -8e+01","1 0 0","0.073 0.048 0.023",1,1,0.00,0.00,0,0,3,0
2.900,6,1.000,1.000,0.000,3,0,-78.353,"-76.3 -81.5 -77.3","1.000 1.000 1.000",-93.966,-100.820,"-100.8 -100.8 -100.8 -100.8 -100.8 -100.8 -100.8 -100.8",0.073,38,0,90,52,"-8e+01 -8e+01 -8e+01","1 0 0","0.073 0.048 0.023",1,1,0.01,0.00,0,0,3,0
3.000,6,1.000,1.000,0.000,3,0,-78.473,"-76.6 -81.5 -77.3","1.000 1.000 1.000",-93.966,-100.820,"-100.8 -100.8 -100.8 -100.8 -100.8 -100.8 -100.8 -100.8",0.073,40,0,93,54,"-8e+01 -8e+01 -8e+01","1 0 0","0.073 0.048 0.023",1,1,0.01,0.00,0,0,3,0
3.100,6,1.000,1.000,0.000,3,0,-78.353,"-76.3 -81.5 -77.3","1.000 1.000 1.000",-93.966,-100.820,"-100.8 -100.8 -100.8 -100.8 -100.8 -100.8 -100.8 -100.8",0.073,42,0,98,56,"-8e+01 -8e+01 -8e+01","1 0 0","0.073 0.048 0.023",1,1,0.02,0.00,0,0,3,0
3.200,6,1.000,1.000,0.000,3,0,-78.473,"-76.6 -81.5 -77.3","1.000 1.000 1.000",-93.966,-100.820,"-100.8 -100.8 -100.8 -100.8 -100.8 -100.8 -100.8 -100.8",0.073,44,0,101,58,"-8e+01 -8e+01 -8e+01","1 0 0","0.073 0.048 0.023",1,1,0.02,0.00,0,0,3,0
3.300,6,1.000,1.000,0.000,3,0,-78.353,"-76.3 -81.5 -77.3","1.000 1.000 1.000",-93.966,-100.820,"-100.8 -100.8 -100.8 -100.8 -100.8 -100.8 -100.8 -100.8",0.073,46,0,106,60,"-8e+01 -8e+01 -8e+01","1 0 0","0.073 0.048 0.023",1,1,0.00,0.00,0,0,3,0
3.400,6,1.000,1.000,0.000,3,0,-78.473,"-76.6 -81.5 -77.3","1.000 1.000 1.000",-93.966,-100.820,"-100.8 -100.8 -100.8 -100.8 -100.8 -100.8 -100.8 -100.8",0.073,48,0,109,62,"-8e+01 -8e+01 -8e+01","1 0 0","0.073 0.048 0.023",1,1,0.01,0.00,0,0,3,0
3.500,6,1.000,1.000,0.000,3,0,-78.353,"-76.3 -81.5 -77.3","1.000 1.000 1.000",-93.966,-100.820,"-100.8 -100.8 -100.8 -100.8 -100.8 -100.8 -100.8 -100.8",0.073,50,0,114,64,"-8e+01 -8e+01 -8e+01","1 0 0","0.073 0.048 0.023",1,1,0.01,0.00,0,0,3,0
3.600,6,1.000,1.000,0.000,3,0,-78.473,"-76.6 -81.5 -77.3","1.000 1.000 1.000",-93.966,-100.820,"-100.8 -100.8 -100.8 -100.8 -100.8 -100.8 -100.8 -100.8",0.073,52,0,117,66,"-8e+01 -8e+01 -8e+01","1 0 0","0.073 0.048 0.023",1,1,0.01,0.00,0,0,3,0
3.700,6,1.000,1.000,0.000,3,0,-78.353,"-76.3 -81.5 -77.3","1.000 1.000 1.000",-93.966,-100.820,"-100.8 -100.8 -100.8 -100.8 -100.8 -100.8 -100.8 -100.8",0.073,54,0,122,68,"-8e+01 -8e+01 -8e+01","1 0 0","0.073 0.048 0.023",1,1,0.02,0.00,0,0,3,0
3.800,6,1.000,1.000,0.000,3,0,-78.473,"-76.6 -81.5 -77.3","1.000 1.000 1.000",-93.966,-100.820,"-100.8 -100.8 -100.8 -100.8 -100.8 -100.8 -100.8 -100.8",0.073,56,0,125,70,"-8e+01 -8e+01 -8e+01","1 0 0","0.073 0.048 0.023",1,1,0.00,0.00,0,0,3,0
3.900,6,1.000,1.000,0.000,3,0,-78.353,"-76.3 -81.5 -77.3","1.000 1.000 1.000",-93.966,-100.820,"-100.8 -100.8 -100.8 -100.8 -100.8 -100.8 -100.8 -100.8",0.073,58,0,130,72,"-8e+01 -8e+01 -8e+01","1 0 0","0.073 0.048 0.023",1,1,0.01,0.00,0,0,3,0
4.000,6,1.000,1.000,0.000,3,0,-78.473,"-76.6 -81.5 -77.3","1.000 1.000 1.000",-93.966,-100.820,"-100.8 -100.8 -100.8 -100.8 -100.8 -100.8 -100.8 -100.8",0.073,60,0,133,74,"-8e+01 -8e+01 -8e+01","1 0 0","0.073 0.048 0.023",1,1,0.01,0.00,0,0,3,0
4.100,6,1.000,1.000,0.000,3,0,-78.353,"-76.3 -81.5 -77.3","1.000 1.000 1.000",-93.966,-100.820,"-100.8 -100.8 -100.8 -100.8 -100.8 -100.8 -100.8 -100.8",0.073,62,0,137,78,"-8e+01 -8e+01 -8e+01","1 0 0","0.073 0.048 0.023",2,2,36.45,0.00,0,0,3,0
4.200,6,1.000,1.000,0.000,3,0,-78.473,"-76.6 -81.5 -77.3","1.000 1.000 1.000",-93.966,-100.820,"-100.8 -100.8 -100.8 -100.8 -100.8 -100.8 -100.8 -100.8",0.073,64,0,142,80,"-8e+01 -8e+01 -8e+01","1 0 0","0.073 0.048 0.023",1,1,0.02,0.00,0,0,3,0
4.300,6,1.000,1.000,0.000,3,0,-78.353,"-76.3 -81.5 -77.3","1.000 1.000 1.000",-93.966,-100.820,"-100.8 -100.8 -100.8 -100.8 -100.8 -100.8 -100.8 -100.8",0.073,66,0,155,85,"-8e+01 -8e+01 -8e+01","1 0 0","0.073 0.048 0.023",5,5,0.00,0.00,0,0,3,0
4.400,6,1.000,1.000,0.000,3,0,-78.473,"-76.6 -81.5 -77.3","1.000 1.000 1.000",-93.966,-100.820,"-100.8 -100.8 -100.8 -100.8 -100.8 -100.8 -100.8 -100.8",0.073,68,0,162,90,"-8e+01 -8e+01 -8e+01","1 0 0","0.073 0.048 0.023",3,3,0.01,0.00,0,0,3,0
4.500,6,1.000,1.000,0.000,3,0,-78.353,"-76.3 -81.5 -77.3","1.000 1.000 1.000",-93.966,-100.820,"-100.8 -100.8 -100.8 -100.8 -100.8 -100.8 -100.8 -100.8",0.073,70,0,171,94,"-8e+01 -8e+01 -8e+01","1 0 0","0.073 0.048 0.023",3,3,0.01,0.00,0,0,3,0
4.600,6,1.000,1.000,0.000,3,0,-78.473,"-76.6 -81.5 -77.3","1.000 1.000 1.000",-93.966,-100.820,"-100.8 -100.8 -100.8 -100.8 -100.8 -100.8 -100.8 -100.8",0.073,72,0,178,98,"-8e+01 -8e+01 -8e+01","1 0 0","0.073 0.048 0.023",3,3,0.01,0.00,0,0,3,0
4.700,6,1.000,1.000,0.000,3,0,-78.353,"-76.3 -81.5 -77.3","1.000 1.000 1.000",-93.966,-100.820,"-100.8 -100.8 -100.8 -100.8 -100.8 -100.8 -100.8 -100.8",0.073,74,0,187,102,"-8e+01 -8e+01 -8e+01","1 0 0","0.073 0.048 0.023",3,3,0.02,0.00,0,0,3,0
4.800,6,1.000,1.000,0.000,3,0,-78.473,"-76.6 -81.5 -77.3","1.000 1.000 1.000",-93.966,-100.820,"-100.8 -100.8 -100.8 -100.8 -100.8 -100.8 -100.8 -100.8",0.073,76,0,194,106,"-8e+01 -8e+01 -8e+01","1 0 0","0.073 0.048 0.023",3,3,0.00,0.00,0,0,3,0
4.900,6,1.000,1.000,0.000,3,0,-78.353,"-76.3 -81.5 -77.3","1.000 1.000 1.000",-93.966,-100.820,"-100.8 -100.8 -100.8 -100.8 -100.8 -100.8 -100.8 -100.8",0.073,78,0,203,110,"-8e+01 -8e+01 -8e+01","1 0 0","0.073 0.048 0.023",3,3,0.01,0.00,0,0,3,0
5.000,6,1.000,1.000,0.000,3,0,-78.473,"-76.6 -81.5 -77.3","1.000 1.000 1.000",-93.966,-100.820,"-100.8 -100.8 -100.8 -100.8 -100.8 -100.8 -100.8 -100.8",0.073,80,0,210,114,"-8e+01 -8e+01 -8e+01","1 0 0","0.073 0.048 0.023",3,3,0.02,0.00,0,0,3,0
5.100,6,1.000,1.000,0.000,3,0,-78.353,"-76.3 -81.5 -77.3","1.000 1.000 1.000",-93.966,-100.820,"-100.8 -100.8 -100.8 -100.8 -100.8 -100.8 -100.8 -100.8",0.073,82,0,219,118,"-8e+01 -8e+01 -8e+01","1 0 0","0.073 0.048 0.023",3,3,0.00,0.00,0,0,3,0
5.200,6,1.000,1.000,0.000,3,0,-78.473,"-76.6 -81.5 -77.3","1.000 1.000 1.000",-93.966,-100.820,"-100.8 -100.8 -100.8 -100.8 -100.8 -100.8 -100.8 -100.8",0.073,84,0,226,122,"-8e+01 -8e+01 -8e+01","1 0 0","0.073 0.048 0.023",3,3,0.01,0.00,0,0,3,0
5.300,6,1.000,1.000,0.000,3,0,-78.473,"-76.6 -81.5 -77.3","1.000 1.000 1.000",-93.966,-100.820,"-100.8 -100.8 -100.8 -100.8 -100.8 -100.8 -100.8 -100.8",0.073,86,0,233,126,"-8e+01 -8e+01 -8e+01","1 0 0","0.073 0.048 0.023",3,3,0.02,0.00,0,0,3,0
5.400,6,1.000,1.000,0.000,3,0,-78.473,"-76.6 -81.5 -77.3","1.000 1.000 1.000",-93.966,-100.820,"-100.8 -100.8 -100.8 -100.8 -100.8 -100.8 -100.8 -100.8",0.073,88,0,242,130,"-8e+01 -8e+01 -8e+01","1 0 0","0.073 0.048 0.023",3,3,0.00,0.00,0,0,3,0
5.500,6,1.000,1.000,0.000,3,0,-78.473,"-76.6 -81.5 -77.3","1.000 1.000 1.000",-93.966,-100.820,"-100.8 -100.8 -100.8 -100.8 -100.8 -100.8 -100.8 -100.8",0.073,90,0,249,134,"-8e+01 -8e+01 -8e+01","1 0 0","0.073 0.048 0.023",3,3,0.01,0.00,0,0,3,0
5.600,6,1.000,1.000,0.000,3,0,-78.473,"-76.6 -81.5 -77.3","1.000 1.000 1.000",-93.966,-100.820,"-100.8 -100.8 -100.8 -100.8 -100.8 -100.8 -100.8 -100.8",0.073,92,0,258,138,"-8e+01 -8e+01 -8e+01","1 0 0","0.073 0.048 0.023",3,3,0.02,0.00,0,0,3,0
5.700,6,1.000,1.000,0.000,3,0,-78.473,"-76.6 -81.5 -77.3","1.000 1.000 1.000",-93.966,-100.820,"-100.8 -100.8 -100.8 -100.8 -100.8 -100.8 -100.8 -100.8",0.073,94,0,265,142,"-8e+01 -8e+01 -8e+01","1 0 0","0.073 0.048 0.023",3,3,0.01,0.00,0,0,3,0
5.800,6,1.000,1.000,0.000,3,0,-78.473,"-76.6 -81.5 -77.3","1.000 1.000 1.000",-93.966,-100.820,"-100.8 -100.8 -100.8 -100.8 -100.8 -100.8 -100.8 -100.8",0.073,96,0,274,146,"-8e+01 -8e+01 -8e+01","1 0 0","0.073 0.048 0.023",3,3,0.01,0.00,0,0,3,0
5.900,6,1.000,1.000,0.000,3,0,-78.473,"-76.6 -81.5 -77.3","1.000 1.000 1.000",-93.966,-100.820,"-100.8 -100.8 -100.8 -100.8 -100.8 -100.8 -100.8 -100.8",0.073,98,0,281,150,"-8e+01 -8e+01 -8e+01","1 0 0","0.073 0.048 0.023",3,3,0.01,0.00,0,0,3,0
6.000,6,1.000,1.000,0.000,3,0,-78.473,"-76.6 -81.5 -77.3","1.000 1.000 1.000",-93.966,-100.820,"-100.8 -100.8 -100.8 -100.8 -100.8 -100.8 -100.8 -100.8",0.073,100,0,290,154,"-8e+01 -8e+01 -8e+01","1 0 0","0.073 0.048 0.023",3,3,0.01,0.00,0,0,3,0
6.100,6,1.000,1.000,0.000,3,0,-78.473,"-76.6 -81.5 -77.3","1.000 1.000 1.000",-93.966,-100.820,"-100.8 -100.8 -100.8 -100.8 -100.8 -100.8 -100.8 -100.8",0.073,102,0,299,158,"-8e+01 -8e+01 -8e+01","1 0 0","0.073 0.048 0.023",3,3,0.01,0.00,0,0,3,0
6.200,6,1.000,1.000,0.000,3,0,-78.473,"-76.6 -81.5 -77.3","1.000 1.000 1.000",-93.966,-100.820,"-100.8 -100.8 -100.8 -100.8 -100.8 -100.8 -100.8 -100.8",0.073,104,0,308,162,"-8e+01 -8e+01 -8e+01","1 0 0","0.073 0.048 0.023",3,3,0.18,0.00,0,0,3,0
6.300,6,1.000,1.000,0.000,3,0,-78.473,"-76.6 -81.5 -77.3","1.000 1.000 1.000",-93.966,-100.820,"-100.8 -100.8 -100.8 -100.8 -100.8 -100.8 -100.8 -100.8",0.073,106,0,316,166,"-8e+01 -8e+01 -8e+01","1 0 0","0.073 0.048 0.023",3,3,0.01,0.00,0,0,3,0
6.400,6,1.000,1.000,0.000,3,0,-78.353,"-76.3 -81.5 -77.3","1.000 1.000 1.000",-93.966,-100.820,"-100.8 -100.8 -100.8 -100.8 -100.8 -100.8 -100.8 -100.8",0.073,108,0,325,170,"-8e+01 -8e+01 -8e+01","1 0 0","0.073 0.048 0.023",4,4,0.02,0.00,0,0,3,0
6.500,6,1.000,1.000,0.000,3,0,-78.473,"-76.6 -81.5 -77.3","1.000 1.000 1.000",-93.966,-100.820,"-100.8 -100.8 -100.8 -100.8 -100.8 -100.8 -100.8 -100.8",0.073,110,0,332,176,"-8e+01 -8e+01 -8e+01","1 0 0","0.073 0.048 0.023",5,5,0.01,0.00,0,0,3,0
6.600,6,1.000,1.000,0.000,3,0,-78.353,"-76.3 -81.5 -77.3","1.000 1.000 1.000",-93.966,-100.820,"-100.8 -100.8 -100.8 -100.8 -100.8 -100.8 -100.8 -100.8",0.073,112,0,341,180,"-8e+01 -8e+01 -8e+01","1 0 0","0.073 0.048 0.023",3,3,0.02,0.00,0,0,3,0
6.700,6,1.000,1.000,0.000,3,0,-78.473,"-76.6 -81.5 -77.3","1.000 1.000 1.000",-93.966,-100.820,"-100.8 -100.8 -100.8 -100.8 -100.8 -100.8 -100.8 -100.8",0.073,114,0,348,184,"-8e+01 -8e+01 -8e+01","1 0 0","0.073 0.048 0.023",3,3,0.00,0.00,0,0,3,0
6.800,6,1.000,1.000,0.000,3,0,-78.353,"-76.3 -81.5 -77.3","1.000 1.000 1.000",-93.966,-100.820,"-100.8 -100.8 -100.8 -100.8 -100.8 -100.8 -100.8 -100.8",0.073,116,0,357,188,"-8e+01 -8e+01 -8e+01","1 0 0","0.073 0.048 0.023",3,3,0.01,0.00,0,0,3,0
6.900,6,1.000,1.000,0.000,3,0,-78.473,"-76.6 -81.5 -77.3","1.000 1.000 1.000",-93.966,-100.820,"-100.8 -100.8 -100.8 -100.8 -100.8 -100.8 -100.8 -100.8",0.073,118,0,364,192,"-8e+01 -8e+01 -8e+01","1 0 0","0.073 0.048 0.023",3,3,0.02,0.00,0,0,3,0
7.000,6,1.000,1.000,0.000,3,0,-78.353,"-76.3 -81.5 -77.3","1.000 1.000 1.000",-93.966,-100.820,"-100.8 -100.8 -100.8 -100.8 -100.8 -100.8 -100.8 -100.8",0.073,120,0,373,196,"-8e+01 -8e+01 -8e+01","1 0 0","0.073 0.048 0.023",3,3,0.00,0.00,0,0,3,0
7.100,6,1.000,1.000,0.000,3,0,-78.473,"-76.6 -81.5 -77.3","1.000 1.000 1.000",-93.966,-100.820,"-100.8 -100.8 -100.8 -100.8 -100.8 -100.8 -100.8 -100.8",0.073,122,0,380,200,"-8e+01 -8e+01 -8e+01","1 0 0","0.073 0.048 0.023",3,3,0.01,0.00,0,0,3,0
7.200,6,1.000,1.000,0.000,3,0,-78.353,"-76.3 -81.5 -77.3","1.000 1.000 1.000",-93.966,-100.820,"-100.8 -100.8 -100.8 -100.8 -100.8 -100.8 -100.8 -100.8",0.073,124,0,389,204,"-8e+01 -8e+01 -8e+01","1 0 0","0.073 0.048 0.023",3,3,0.02,0.00,0,0,3,0
7.300,6,1.000,1.000,0.000,3,0,-78.473,"-76.6 -81.5 -77.3","1.000 1.000 1.000",-93.966,-100.820,"-100.8 -100.8 -100.8 -100.8 -100.8 -100.8 -100.8 -100.8",0.073,126,0,396,208,"-8e+01 -8e+01 -8e+01","1 0 0","0.073 0.048 0.023",3,3,0.00,0.00,0,0,3,0
7.400,6,1.000,1.000,0.000,3,0,-78.353,"-76.3 -81.5 -77.3","1.000 1.000 1.000",-93.966,-100.820,"-100.8 -100.8 -100.8 -100.8 -100.8 -100.8 -100.8 -100.8",0.073,128,0,405,212,"-8e+01 -8e+01 -8e+01","1 0 0","0.073 0.048 0.023",3,3,0.01,0.00,0,0,3,0
7.500,6,1.000,1.000,0.000,3,0,-78.473,"-76.6 -81.5 -77.3","1.000 1.000 1.000",-93.966,-100.820,"-100.8 -100.8 -100.8 -100.8 -100.8 -100.8 -100.8 -100.8",0.073,130,0,412,216,"-8e+01 -8e+01 -8e+01","1 0 0","0.073 0.048 0.023",3,3,0.02,0.00,0,0,3,0
7.600,6,1.000,1.000,0.000,3,0,-78.353,"-76.3 -81.5 -77.3","1.000 1.000 1.000",-93.966,-100.820,"-100.8 -100.8 -100.8 -100.8 -100.8 -100.8 -100.8 -100.8",0.073,132,0,421,220,"-8e+01 -8e+01 -8e+01","1 0 0","0.073 0.048 0.023",3,3,0.00,0.00,0,0,3,0
7.700,6,1.000,1.000,0.000,3,0,-78.473,"-76.6 -81.5 -77.3","1.000 1.000 1.000",-93.966,-100.820,"-100.8 -100.8 -100.8 -100.8 -100.8 -100.8 -100.8 -100.8",0.073,134,0,428,224,"-8e+01 -8e+01 -8e+01","1 0 0","0.073 0.048 0.023",3,3,0.01,0.00,0,0,3,0
7.800,6,1.000,1.000,0.000,3,0,-78.353,"-76.3 -81.5 -77.3","1.000 1.000 1.000",-93.966,-100.820,"-100.8 -100.8 -100.8 -100.8 -100.8 -100.8 -100.8 -100.8",0.073,136,0,437,228,"-8e+01 -8e+01 -8e+01","1 0 0","0.073 0.048 0.023",3,3,0.02,0.00,0,0,3,0
7.900,6,1.000,1.000,0.000,3,0,-78.473,"-76.6 -81.5 -77.3","1.000 1.000 1.000",-93.966,-100.820,"-100.8 -100.8 -100.8 -100.8 -100.8 -100.8 -100.8 -100.8",0.073,138,0,444,232,"-8e+01 -8e+01 -8e+01","1 0 0","0.073 0.048 0.023",3,3,0.01,0.00,0,0,3,0
8.000,6,1.000,1.000,0.000,3,0,-78.353,"-76.3 -81.5 -77.3","1.000 1.000 1.000",-93.966,-100.820,"-100.8 -100.8 -100.8 -100.8 -100.8 -100.8 -100.8 -100.8",0.073,140,0,453,236,"-8e+01 -8e+01 -8e+01","1 0 0","0.073 0.048 0.023",3,3,0.01,0.00,0,0,3,0
8.100,6,1.000,1.000,0.000,3,0,-78.473,"-76.6 -81.5 -77.3","1.000 1.000 1.000",-93.966,-100.820,"-100.8 -100.8 -100.8 -100.8 -100.8 -100.8 -100.8 -100.8",0.073,142,0,460,241,"-8e+01 -8e+01 -8e+01","1 0 0","0.073 0.048 0.023",3,3,0.02,0.00,0,0,3,0
8.200,6,1.000,1.000,0.000,3,0,-78.353,"-76.3 -81.5 -77.3","1.000 1.000 1.000",-93.966,-100.820,"-100.8 -100.8 -100.8 -100.8 -100.8 -100.8 -100.8 -100.8",0.073,144,0,469,245,"-8e+01 -8e+01 -8e+01","1 0 0","0.073 0.048 0.023",4,4,0.00,0.00,0,0,3,0
8.300,6,1.000,1.000,0.000,3,0,-78.473,"-76.6 -81.5 -77.3","1.000 1.000 1.000",-93.966,-100.820,"-100.8 -100.8 -100.8 -100.8 -100.8 -100.8 -100.8 -100.8",0.073,146,0,476,251,"-8e+01 -8e+01 -8e+01","1 0 0","0.073 0.048 0.023",3,3,0.01,0.00,0,0,3,0
8.400,6,1.000,1.000,0.000,3,0,-78.353,"-76.3 -81.5 -77.3","1.000 1.000 1.000",-93.966,-100.820,"-100.8 -100.8 -100.8 -100.8 -100.8 -100.8 -100.8 -100.8",0.073,148,0,485,255,"-8e+01 -8e+01 -8e+01","1 0 0","0.073 0.048 0.023",3,3,0.01,0.00,0,0,3,0
8.500,6,1.000,1.000,0.000,3,0,-78.473,"-76.6 -81.5 -77.3","1.000 1.000 1.000",-93.966,-100.820,"-100.8 -100.8 -100.8 -100.8 -100.8 -100.8 -100.8 -100.8",0.073,150,0,494,259,"-8e+01 -8e+01 -8e+01","1 0 0","0.073 0.048 0.023",3,3,0.00,0.00,0,0,3,0
8.600,6,1.000,1.000,0.000,3,0,-78.353,"-76.3 -81.5 -77.3","1.000 1.000 1.000",-93.966,-100.820,"-100.8 -100.8 -100.8 -100.8 -100.8 -100.8 -100.8 -100.8",0.073,152,0,503,263,"-8e+01 -8e+01 -8e+01","1 0 0","0.073 0.048 0.023",3,3,0.01,0.00,0,0,3,0
8.700,6,1.000,1.000,0.000,3,0,-78.473,"-76.6 -81.5 -77.3","1.000 1.000 1.000",-93.966,-100.820,"-100.8 -100.8 -100.8 -100.8 -100.8 -100.8 -100.8 -100.8",0.073,154,0,510,267,"-8e+01 -8e+01 -8e+01","1 0 0","0.073 0.048 0.023",3,3,0.01,0.00,0,0,3,0
8.800,6,1.000,1.000,0.000,3,0,-78.353,"-76.3 -81.5 -77.3","1.000 1.000 1.000",-93.966,-100.820,"-100.8 -100.8 -100.8 -100.8 -100.8 -100.8 -100.8 -100.8",0.073,156,0,519,271,"-8e+01 -8e+01 -8e+01","1 0 0","0.073 0.048 0.023",3,3,0.00,0.00,0,0,3,0
8.900,6,1.000,1.000,0.000,3,0,-78.473,"-76.6 -81.5 -77.3","1.000 1.000 1.000",-93.966,-100.820,"-100.8 -100.8 -100.8 -100.8 -100.8 -100.8 -100.8 -100.8",0.073,158,0,526,275,"-8e+01 -8e+01 -8e+01","1 0 0","0.073 0.048 0.023",3,3,0.01,0.00,0,0,3,0
9.000,6,1.000,1.000,0.000,3,0,-78.353,"-76.3 -81.5 -77.3","1.000 1.000 1.000",-93.966,-100.820,"-100.8 -100.8 -100.8 -100.8 -100.8 -100.8 -100.8 -100.8",0.073,160,0,535,279,"-8e+01 -8e+01 -8e+01","1 0 0","0.073 0.048 0.023",3,3,0.01,0.00,0,0,3,0
9.100,6,1.000,1.000,0.000,3,0,-78.473,"-76.6 -81.5 -77.3","1.000 1.000 1.000",-93.966,-100.820,"-100.8 -100.8 -100.8 -100.8 -100.8 -100.8 -100.8 -100.8",0.073,162,0,542,283,"-8e+01 -8e+01 -8e+01","1 0 0","0.073 0.048 0.023",3,3,0.01,0.00,0,0,3,0
9.200,6,1.000,1.000,0.000,3,0,-78.353,"-76.3 -81.5 -77.3","1.000 1.000 1.000",-93.966,-100.820,"-100.8 -100.8 -100.8 -100.8 -100.8 -100.8 -100.8 -100.8",0.073,164,0,551,287,"-8e+01 -8e+01 -8e+01","1 0 0","0.073 0.048 0.023",3,3,0.01,0.00,0,0,3,0
9.300,6,1.000,1.000,0.000,3,0,-78.473,"-76.6 -81.5 -77.3","1.000 1.000 1.000",-93.966,-100.820,"-100.8 -100.8 -100.8 -100.8 -100.8 -100.8 -100.8 -100.8",0.073,166,0,558,291,"-8e+01 -8e+01 -8e+01","1 0 0","0.073 0.048 0.023",3,3,0.01,0.00,0,0,3,0
9.400,6,1.000,1.000,0.000,3,0,-78.353,"-76.3 -81.5 -77.3","1.000 1.000 1.000",-93.966,-100.820,"-100.8 -100.8 -100.8 -100.8 -100.8 -100.8 -100.8 -100.8",0.073,168,0,567,295,"-8e+01 -8e+01 -8e+01","1 0 0","0.073 0.048 0.023",3,3,0.01,0.00,0,0,3,0
9.500,6,1.000,1.000,0.000,3,0,-78.473,"-76.6 -81.5 -77.3","1.000 1.000 1.000",-93.966,-100.820,"-100.8 -100.8 -100.8 -100.8 -100.8 -100.8 -100.8 -100.8",0.073,170,0,574,299,"-8e+01 -8e+01 -8e+01","1 0 0","0.073 0.048 0.023",3,3,0.01,0.00,0,0,3,0
9.600,6,1.000,1.000,0.000,3,0,-78.473,"-76.6 -81.5 -77.3","1.000 1.000 1.000",-93.966,-100.820,"-100.8 -100.8 -100.8 -100.8 -100.8 -100.8 -100.8 -100.8",0.073,172,0,581,303,"-8e+01 -8e+01 -8e+01","1 0 0","0.073 0.048 0.023",3,3,0.01,0.00,0,0,3,0
9.700,6,1.000,1.000,0.000,3,0,-78.473,"-76.6 -81.5 -77.3","1.000 1.000 1.000",-93.966,-100.820,"-100.8 -100.8 -100.8 -100.8 -100.8 -100.8 -100.8 -100.8",0.073,174,0,590,307,"-8e+01 -8e+01 -8e+01","1 0 0","0.073 0.048 0.023",3,3,0.01,0.00,0,0,3,0
9.800,6,1.000,1.000,0.000,3,0,-78.473,"-76.6 -81.5 -77.3","1.000 1.000 1.000",-93.966,-100.820,"-100.8 -100.8 -100.8 -100.8 -100.8 -100.8 -100.8 -100.8",0.073,176,0,597,311,"-8e+01 -8e+01 -8e+01","1 0 0","0.073 0.048 0.023",3,3,0.01,0.00,0,0,3,0
9.900,6,1.000,1.000,0.000,3,0,-78.473,"-76.6 -81.5 -77.3","1.000 1.000 1.000",-93.966,-100.820,"-100.8 -100.8 -100.8 -100.8 -100.8 -100.8 -100.8 -100.8",0.073,178,0,606,315,"-8e+01 -8e+01 -8e+01","1 0 0","0.073 0.048 0.023",3,3,0.01,0.00,0,0,3,0
10.000,6,1.000,1.000,0.000,3,0,-78.473,"-76.6 -81.5 -77.3","1.000 1.000 1.000",-93.966,-100.820,"-100.8 -100.8 -100.8 -100.8 -100.8 -100.8 -100.8 -100.8",0.073,180,0,613,319,"-8e+01 -8e+01 -8e+01","1 0 0","0.073 0.048 0.023",3,3,0.01,0.00,0,0,3,0
10.100,6,1.000,1.000,0.000,3,0,-78.473,"-76.6 -81.5 -77.3","1.000 1.000 1.000",-93.966,-100.820,"-100.8 -100.8 -100.8 -100.8 -100.8 -100.8 -100.8 -100.8",0.073,182,0,622,323,"-8e+01 -8e+01 -8e+01","1 0 0","0.073 0.048 0.023",3,3,0.01,0.00,0,0,3,0
10.200,6,1.000,1.000,0.000,3,0,-78.473,"-76.6 -81.5 -77.3","1.000 1.000 1.000",-93.966,-100.820,"-100.8 -100.8 -100.8 -100.8 -100.8 -100.8 -100.8 -100.8",0.073,184,0,630,328,"-8e+01 -8e+01 -8e+01","1 0 0","0.073 0.048 0.023",3,3,0.01,0.00,0,0,3,0
10.300,6,1.000,1.000,0.000,3,0,-78.473,"-76.6 -81.5 -77.3","1.000 1.000 1.000",-93.966,-100.820,"-100.8 -100.8 -100.8 -100.8 -100.8 -100.8 -100.8 -100.8",0.073,186,0,640,333,"-8e+01 -8e+01 -8e+01","1 0 0","0.073 0.048 0.023",3,3,0.02,0.00,0,0,3,0
10.400,6,1.000,1.000,0.000,3,0,-78.473,"-76.6 -81.5 -77.3","1.000 1.000 1.000",-93.966,-100.820,"-100.8 -100.8 -100.8 -100.8 -100.8 -100.8 -100.8 -100.8",0.073,188,0,648,337,"-8e+01 -8e+01 -8e+01","1 0 0","0.073 0.048 0.023",4,4,0.00,0.00,0,0,3,0
10.500,6,1.000,1.000,0.000,3,0,-78.473,"-76.6 -81.5 -77.3","1.000 1.000 1.000",-93.966,-100.820,"-100.8 -100.8 -100.8 -100.8 -100.8 -100.8 -100.8 -100.8",0.073,190,0,657,341,"-8e+01 -8e+01 -8e+01","1 0 0","0.073 0.048 0.023",3,3,0.01,0.00,0,0,3,0
10.600,6,1.000,1.000,0.000,3,0,-78.473,"-76.6 -81.5 -77.3","1.000 1.000 1.000",-93.966,-100.820,"-100.8 -100.8 -100.8 -100.8 -100.8 -100.8 -100.8 -100.8",0.073,192,0,664,345,"-8e+01 -8e+01 -8e+01","1 0 0","0.073 0.048 0.023",3,3,0.01,0.00,0,0,3,0
10.700,6,1.000,1.000,0.000,3,0,-78.353,"-76.3 -81.5 -77.3","1.000 1.000 1.000",-93.966,-100.820,"-100.8 -100.8 -100.8 -100.8 -100.8 -100.8 -100.8 -100.8",0.073,194,0,673,349,"-8e+01 -8e+01 -8e+01","1 0 0","0.073 0.048 0.023",3,3,0.01,0.00,0,0,3,0
10.800,6,1.000,1.000,0.000,3,0,-78.473,"-76.6 -81.5 -77.3","1.000 1.000 1.000",-93.966,-100.820,"-100.8 -100.8 -100.8 -100.8 -100.8 -100.8 -100.8 -100.8",0.073,196,0,681,354,"-8e+01 -8e+01 -8e+01","1 0 0","0.073 0.048 0.023",3,3,0.01,0.00,0,0,3,0
10.900,6,1.000,1.000,0.000,3,0,-78.353,"-76.3 -81.5 -77.3","1.000 1.000 1.000",-93.966,-100.820,"-100.8 -100.8 -100.8 -100.8 -100.8 -100.8 -100.8 -100.8",0.073,198,0,690,358,"-8e+01 -8e+01 -8e+01","1 0 0","0.073 0.048 0.023",3,3,0.01,0.00,0,0,3,0
11.000,6,1.000,1.000,0.000,3,0,-78.473,"-76.6 -81.5 -77.3","1.000 1.000 1.000",-93.966,-100.820,"-100.8 -100.8 -100.8 -100.8 -100.8 -100.8 -100.8 -100.8",0.073,200,0,697,362,"-8e+01 -8e+01 -8e+01","1 0 0","0.073 0.048 0.023",3,3,0.02,0.00,0,0,3,0
11.100,6,1.000,1.000,0.000,3,0,-78.353,"-76.3 -81.5 -77.3","1.000 1.000 1.000",-93.966,-100.820,"-100.8 -100.8 -100.8 -100.8 -100.8 -100.8 -100.8 -100.8",0.073,202,0,706,366,"-8e+01 -8e+01 -8e+01","1 0 0","0.073 0.048 0.023",3,3,0.01,0.00,0,0,3,0
11.200,6,1.000,1.000,0.000,3,0,-78.473,"-76.6 -81.5 -77.3","1.000 1.000 1.000",-93.966,-100.820,"-100.8 -100.8 -100.8 -100.8 -100.8 -100.8 -100.8 -100.8",0.073,204,0,713,370,"-8e+01 -8e+01 -8e+01","1 0 0","0.073 0.048 0.023",3,3,0.01,0.00,0,0,3,0
11.300,6,1.000,1.000,0.000,3,0,-78.353,"-76.3 -81.5 -77.3","1.000 1.000 1.000",-93.966,-100.820,"-100.8 -100.8 -100.8 -100.8 -100.8 -100.8 -100.8 -100.8",0.073,206,0,722,374,"-8e+01 -8e+01 -8e+01","1 0 0","0.073 0.048 0.023",3,3,0.01,0.00,0,0,3,0
11.400,6,1.000,1.000,0.000,3,0,-78.473,"-76.6 -81.5 -77.3","1.000 1.000 1.000",-93.966,-100.820,"-100.8 -100.8 -100.8 -100.8 -100.8 -100.8 -100.8 -100.8",0.073,208,0,729,378,"-8e+01 -8e+01 -8e+01","1 0 0","0.073 0.048 0.023",3,3,0.01,0.00,0,0,3,0
11.500,6,1.000,1.000,0.000,3,0,-78.353,"-76.3 -81.5 -77.3","1.000 1.000 1.000",-93.966,-100.820,"-100.8 -100.8 -100.8 -100.8 -100.8 -100.8 -100.8 -100.8",0.073,210,0,738,382,"-8e+01 -8e+01 -8e+01","1 0 0","0.073 0.048 0.023",3,3,0.01,0.00,0,0,3,0
11.600,6,1.000,1.000,0.000,3,0,-78.473,"-76.6 -81.5 -77.3","1.000 1.000 1.000",-93.966,-100.820,"-100.8 -100.8 -100.8 -100.8 -100.8 -100.8 -100.8 -100.8",0.073,212,0,745,386,"-8e+01 -8e+01 -8e+01","1 0 0","0.073 0.048 0.023",3,3,0.01,0.00,0,0,3,0
11.700,6,1.000,1.000,0.000,3,0,-78.353,"-76.3 -81.5 -77.3","1.000 1.000 1.000",-93.966,-100.820,"-100.8 -100.8 -100.8 -100.8 -100.8 -100.8 -100.8 -100.8",0.073,214,0,754,390,"-8e+01 -8e+01 -8e+01","1 0 0","0.073 0.048 0.023",3,3,0.01,0.00,0,0,3,0
11.800,6,1.000,1.000,0.000,3,0,-78.473,"-76.6 -81.5 -77.3","1.000 1.000 1.000",-93.966,-100.820,"-100.8 -100.8 -100.8 -100.8 -100.8 -100.8 -100.8 -100.8",0.073,216,0,761,394,"-8e+01 -8e+01 -8e+01","1 0 0","0.073 0.048 0.023",3,3,0.01,0.00,0,0,3,0
11.900,6,1.000,1.000,0.000,3,0,-78.353,"-76.3 -81.5 -77.3","1.000 1.000 1.000",-93.966,-100.820,"-100.8 -100.8 -100.8 -100.8 -100.8 -100.8 -100.8 -100.8",0.073,218,0,770,398,"-8e+01 -8e+01 -8e+01","1 0 0","0.073 0.048 0.023",3,3,0.01,0.00,0,0,3,0
12.000,6,1.000,1.000,0.000,3,0,-78.473,"-76.6 -81.5 -77.3","1.000 1.000 1.000",-93.966,-100.820,"-100.8 -100.8 -100.8 -100.8 -100.8 -100.8 -100.8 -100.8",0.073,220,0,777,402,"-8e+01 -8e+01 -8e+01","1 0 0","0.073 0.048 0.023",3,3,0.01,0.00,0,0,3,0
12.100,6,1.000,1.000,0.000,3,0,-78.353,"-76.3 -81.5 -77.3","1.000 1.000 1.000",-93.966,-100.820,"-100.8 -100.8 -100.8 -100.8 -100.8 -100.8 -100.8 -100.8",0.073,222,0,786,406,"-8e+01 -8e+01 -8e+01","1 0 0","0.073 0.048 0.023",3,3,0.01,0.00,0,0,3,0
12.200,6,1.000,1.000,0.000,3,0,-78.473,"-76.6 -81.5 -77.3","1.000 1.000 1.000",-93.966,-100.820,"-100.8 -100.8 -100.8 -100.8 -100.8 -100.8 -100.8 -100.8",0.073,224,0,795,410,"-8e+01 -8e+01 -8e+01","1 0 0","0.073 0.048 0.023",3,3,0.01,0.00,0,0,3,0
12.300,6,1.000,1.000,0.000,3,0,-78.353,"-76.3 -81.5 -77.3","1.000 1.000 1.000",-93.966,-100.820,"-100.8 -100.8 -100.8 -100.8 -100.8 -100.8 -100.8 -100.8",0.073,226,0,804,416,"-8e+01 -8e+01 -8e+01","1 0 0","0.073 0.048 0.023",3,3,0.01,0.00,0,0,3,0
12.400,6,1.000,1.000,0.000,3,0,-78.473,"-76.6 -81.5 -77.3","1.000 1.000 1.000",-93.966,-100.820,"-100.8 -100.8 -100.8 -100.8 -100.8 -100.8 -100.8 -100.8",0.073,228,0,811,420,"-8e+01 -8e+01 -8e+01","1 0 0","0.073 0.048 0.023",4,4,0.01,0.00,1,0,2,0
12.500,6,0.970,0.909,0.043,3,0,-78.473,"-76.6 -81.5 -77.3","1.000 1.000 0.909",-77.196,-100.820,"-100.8 -100.8 -100.8 -100.8 -100.8 -100.8 -100.8 -100.8",0.123,230,0,820,425,"-8e+01 -8e+01 -8e+01","1 0 0","0.073 0.048 0.12",3,3,0.01,0.00,0,0,2,0
12.600,6,0.970,0.909,0.043,3,0,-78.473,"-76.6 -81.5 -77.3","1.000 1.000 0.909",-93.966,-100.820,"-100.8 -100.8 -100.8 -100.8 -100.8 -100.8 -100.8 -100.8",0.073,232,0,827,429,"-8e+01 -8e+01 -8e+01","1 0 0","0.073 0.048 0.023",3,3,0.00,0.00,0,0,4,1
12.700,6,0.970,0.909,0.043,3,0,-78.353,"-76.3 -81.5 -77.3","1.000 1.000 0.909",-93.966,-100.820,"-100.8 -100.8 -100.8 -100.8 -100.8 -100.8 -100.8 -100.8",0.073,234,0,836,433,"-8e+01 -8e+01 -8e+01","1 0 0","0.073 0.048 0.023",3,3,0.01,0.00,0,0,3,0
12.800,6,0.970,0.909,0.043,3,0,-78.473,"-76.6 -81.5 -77.3","1.000 1.000 0.909",-93.966,-100.820,"-100.8 -100.8 -100.8 -100.8 -100.8 -100.8 -100.8 -100.8",0.073,236,0,843,437,"-8e+01 -8e+01 -8e+01","1 0 0","0.073 0.048 0.023",3,3,0.02,0.00,0,0,3,0
12.900,6,0.970,0.909,0.043,3,0,-78.353,"-76.3 -81.5 -77.3","1.000 1.000 0.909",-93.966,-100.820,"-100.8 -100.8 -100.8 -100.8 -100.8 -100.8 -100.8 -100.8",0.073,238,0,852,441,"-8e+01 -8e+01 -8e+01","1 0 0","0.073 0.048 0.023",3,3,0.00,0.00,0,0,3,0
13.000,6,0.970,0.909,0.043,3,0,-78.473,"-76.6 -81.5 -77.3","1.000 1.000 0.909",-93.966,-100.820,"-100.8 -100.8 -100.8 -100.8 -100.8 -100.8 -100.8 -100.8",0.073,240,0,859,445,"-8e+01 -8e+01 -8e+01","1 0 0","0.073 0.048 0.023",3,3,0.01,0.00,0,0,3,0
13.100,6,0.970,0.909,0.043,3,0,-78.353,"-76.3 -81.5 -77.3","1.000 1.000 0.909",-93.966,-100.820,"-100.8 -100.8 -100.8 -100.8 -100.8 -100.8 -100.8 -100.8",0.073,242,0,868,449,"-8e+01 -8e+01 -8e+01","1 0 0","0.073 0.048 0.023",3,3,0.02,0.00,0,0,3,0
13.200,6,0.970,0.909,0.043,3,0,-78.473,"-76.6 -81.5 -77.3","1.000 1.000 0.909",-93.966,-100.820,"-100.8 -100.8 -100.8 -100.8 -100.8 -100.8 -100.8 -100.8",0.073,244,0,875,453,"-8e+01 -8e+01 -8e+01","1 0 0","0.073 0.048 0.023",3,3,0.00,0.00,0,0,3,0
13.300,6,0.970,0.909,0.043,3,0,-78.353,"-76.3 -81.5 -77.3","1.000 1.000 0.909",-93.966,-100.820,"-100.8 -100.8 -100.8 -100.8 -100.8 -100.8 -100.8 -100.8",0.073,246,0,884,457,"-8e+01 -8e+01 -8e+01","1 0 0","0.073 0.048 0.023",3,3,0.01,0.00,0,0,3,0
13.400,6,0.970,0.909,0.043,3,0,-78.473,"-76.6 -81.5 -77.3","1.000 1.000 0.909",-93.966,-100.820,"-100.8 -100.8 -100.8 -100.8 -100.8 -100.8 -100.8 -100.8",0.073,248,0,891,461,"-8e+01 -8e+01 -8e+01","1 0 0","0.073 0.048 0.023",3,3,0.01,0.00,0,0,3,0
13.500,6,0.970,0.909,0.043,3,0,-78.353,"-76.3 -81.5 -77.3","1.000 1.000 0.909",-93.966,-100.820,"-100.8 -100.8 -100.8 -100.8 -100.8 -100.8 -100.8 -100.8",0.073,250,0,900,465,"-8e+01 -8e+01 -8e+01","1 0 0","0.073 0.048 0.023",3,3,0.01,0.00,0,0,3,0
13.600,6,1.000,1.000,0.000,3,0,-78.473,"-76.6 -81.5 -77.3","1.000 1.000 1.000",-93.966,-100.820,"-100.8 -100.8 -100.8 -100.8 -100.8 -100.8 -100.8 -100.8",0.073,252,0,907,469,"-8e+01 -8e+01 -8e+01","1 0 0","0.073 0.048 0.023",3,3,0.01,0.00,0,0,3,0
13.700,6,1.000,1.000,0.000,3,0,-78.353,"-76.3 -81.5 -77.3","1.000 1.000 1.000",-93.966,-100.820,"-100.8 -100.8 -100.8 -100.8 -100.8 -100.8 -100.8 -100.8",0.073,254,0,916,473,"-8e+01 -8e+01 -8e+01","1 0 0","0.073 0.048 0.023",3,3,0.01,0.00,0,0,3,0
13.800,6,1.000,1.000,0.000,3,0,-78.473,"-76.6 -81.5 -77.3","1.000 1.000 1.000",-93.966,-100.820,"-100.8 -100.8 -100.8 -100.8 -100.8 -100.8 -100.8 -100.8",0.073,256,0,923,477,"-8e+01 -8e+01 -8e+01","1 0 0","0.073 0.048 0.023",3,3,0.01,0.00,0,0,3,0
13.900,6,1.000,1.000,0.000,3,0,-78.473,"-76.6 -81.5 -77.3","1.000 1.000 1.000",-93.966,-100.820,"-100.8 -100.8 -100.8 -100.8 -100.8 -100.8 -100.8 -100.8",0.073,258,0,930,481,"-8e+01 -8e+01 -8e+01","1 0 0","0.073 0.048 0.023",3,3,0.01,0.00,0,0,3,0
14.000,6,1.000,1.000,0.000,3,0,-78.473,"-76.6 -81.5 -77.3","1.000 1.000 1.000",-93.966,-100.820,"-100.8 -100.8 -100.8 -100.8 -100.8 -100.8 -100.8 -100.8",0.073,260,0,939,485,"-8e+01 -8e+01 -8e+01","1 0 0","0.073 0.048 0.023",3,3,0.01,0.00,0,0,3,0
14.100,6,1.000,1.000,0.000,3,0,-78.473,"-76.6 -81.5 -77.3","1.000 1.000 1.000",-93.966,-100.820,"-100.8 -100.8 -100.8 -100.8 -100.8 -100.8 -100.8 -100.8",0.073,262,0,947,490,"-8e+01 -8e+01 -8e+01","1 0 0","0.073 0.048 0.023",3,3,0.01,0.00,0,0,3,0
14.200,6,1.000,1.000,0.000,3,0,-78.473,"-76.6 -81.5 -77.3","1.000 1.000 1.000",-93.966,-100.820,"-100.8 -100.8 -100.8 -100.8 -100.8 -100.8 -100.8 -100.8",0.073,264,0,956,494,"-8e+01 -8e+01 -8e+01","1 0 0","0.073 0.048 0.023",3,3,0.01,0.00,0,0,3,0
14.300,6,1.000,1.000,0.000,3,0,-78.473,"-76.6 -81.5 -77.3","1.000 1.000 1.000",-93.966,-100.820,"-100.8 -100.8 -100.8 -100.8 -100.8 -100.8 -100.8 -100.8",0.073,266,0,963,498,"-8e+01 -8e+01 -8e+01","1 0 0","0.073 0.048 0.023",3,3,0.01,0.00,0,0,3,0
14.400,6,1.000,1.000,0.000,3,0,-78.473,"-76.6 -81.5 -77.3","1.000 1.000 1.000",-93.966,-100.820,"-100.8 -100.8 -100.8 -100.8 -100.8 -100.8 -100.8 -100.8",0.073,268,0,972,502,"-8e+01 -8e+01 -8e+01","1 0 0","0.073 0.048 0.023",3,3,0.01,0.00,0,0,3,0
14.500,6,1.000,1.000,0.000,3,0,-78.473,"-76.6 -81.5 -77.3","1.000 1.000 1.000",-93.966,-100.820,"-100.8 -100.8 -100.8 -100.8 -100.8 -100.8 -100.8 -100.8",0.073,270,0,981,507,"-8e+01 -8e+01 -8e+01","1 0 0","0.073 0.048 0.023",4,4,0.01,0.00,0,0,3,0
14.600,6,1.000,1.000,0.000,3,0,-78.473,"-76.6 -81.5 -77.3","1.000 1.000 1.000",-93.966,-100.820,"-100.8 -100.8 -100.8 -100.8 -100.8 -100.8 -100.8 -100.8",0.073,272,0,990,511,"-8e+01 -8e+01 -8e+01","1 0 0","0.073 0.048 0.023",3,3,0.00,0.00,0,0,3,0
14.700,6,1.000,1.000,0.000,3,0,-78.473,"-76.6 -81.5 -77.3","1.000 1.000 1.000",-93.966,-100.820,"-100.8 -100.8 -100.8 -100.8 -100.8 -100.8 -100.8 -100.8",0.073,274,0,997,515,"-8e+01 -8e+01 -8e+01","1 0 0","0.073 0.048 0.023",3,3,0.01,0.00,0,0,3,0
14.800,6,1.000,1.000,0.000,3,0,-78.473,"-76.6 -81.5 -77.3","1.000 1.000 1.000",-93.966,-100.820,"-100.8 -100.8 -100.8 -100.8 -100.8 -100.8 -100.8 -100.8",0.073,276,0,1006,519,"-8e+01 -8e+01 -8e+01","1 0 0","0.073 0.048 0.023",3,3,0.02,0.00,0,0,3,0
14.900,6,1.000,1.000,0.000,3,0,-78.473,"-76.6 -81.5 -77.3","1.000 1.000 1.000",-93.966,-100.820,"-100.8 -100.8 -100.8 -100.8 -100.8 -100.8 -100.8 -100.8",0.073,278,0,1013,523,"-8e+01 -8e+01 -8e+01","1 0 0","0.073 0.048 0.023",3,3,0.00,0.00,0,0,3,0
15.000,6,1.000,1.000,0.000,3,0,-78.353,"-76.3 -81.5 -77.3","1.000 1.000 1.000",-93.966,-100.820,"-100.8 -100.8 -100.8 -100.8 -100.8 -100.8 -100.8 -100.8",0.073,280,0,1022,527,"-8e+01 -8e+01 -8e+01","1 0 0","0.073 0.048 0.023",3,3,0.01,0.00,0,0,3,0
15.100,6,1.000,1.000,0.000,3,0,-78.473,"-76.6 -81.5 -77.3","1.000 1.000 1.000",-93.966,-100.820,"-100.8 -100.8 -100.8 -100.8 -100.8 -100.8 -100.8 -100.8",0.073,282,0,1029,532,"-8e+01 -8e+01 -8e+01","1 0 0","0.073 0.048 0.023",3,3,0.02,0.00,0,0,3,0
15.200,6,1.000,1.000,0.000,3,0,-78.353,"-76.3 -81.5 -77.3","1.000 1.000 1.000",-93.966,-100.820,"-100.8 -100.8 -100.8 -100.8 -100.8 -100.8 -100.8 -100.8",0.073,284,0,1038,536,"-8e+01 -8e+01 -8e+01","1 0 0","0.073 0.048 0.023",3,3,0.01,0.00,0,0,3,0
15.300,6,1.000,1.000,0.000,3,0,-78.473,"-76.6 -81.5 -77.3","1.000 1.000 1.000",-93.966,-100.820,"-100.8 -100.8 -100.8 -100.8 -100.8 -100.8 -100.8 -100.8",0.073,286,0,1045,540,"-8e+01 -8e+01 -8e+01","1 0 0","0.073 0.048 0.023",4,4,0.01,0.00,0,0,3,0
15.400,6,1.000,1.000,0.000,3,0,-78.353,"-76.3 -81.5 -77.3","1.000 1.000 1.000",-93.966,-100.820,"-100.8 -100.8 -100.8 -100.8 -100.8 -100.8 -100.8 -100.8",0.073,288,0,1054,544,"-8e+01 -8e+01 -8e+01","1 0 0","0.073 0.048 0.023",3,3,0.01,0.00,0,0,3,0
15.500,6,1.000,1.000,0.000,3,0,-78.473,"-76.6 -81.5 -77.3","1.000 1.000 1.000",-93.966,-100.820,"-100.8 -100.8 -100.8 -100.8 -100.8 -100.8 -100.8 -100.8",0.073,290,0,1063,548,"-8e+01 -8e+01 -8e+01","1 0 0","0.073 0.048 0.023",3,3,0.01,0.00,0,0,3,0
15.600,6,1.000,1.000,0.000,3,0,-78.353,"-76.3 -81.5 -77.3","1.000 1.000 1.000",-93.966,-100.820,"-100.8 -100.8 -100.8 -100.8 -100.8 -100.8 -100.8 -100.8",0.073,292,0,1072,552,"-8e+01 -8e+01 -8e+01","1 0 0","0.073 0.048 0.023",3,3,0.00,0.00,0,0,3,0
15.700,6,1.000,1.000,0.000,3,0,-78.473,"-76.6 -81.5 -77.3","1.000 1.000 1.000",-93.966,-100.820,"-100.8 -100.8 -100.8 -100.8 -100.8 -100.8 -100.8 -100.8",0.073,294,0,1079,557,"-8e+01 -8e+01 -8e+01","1 0 0","0.073 0.048 0.023",3,3,0.01,0.00,0,0,3,0
15.800,6,1.000,1.000,0.000,3,0,-78.353,"-76.3 -81.5 -77.3","1.000 1.000 1.000",-93.966,-100.820,"-100.8 -100.8 -100.8 -100.8 -100.8 -100.8 -100.8 -100.8",0.073,296,0,1088,561,"-8e+01 -8e+01 -8e+01","1 0 0","0.073 0.048 0.023",3,3,0.02,0.00,0,0,3,0
15.900,6,1.000,1.000,0.000,3,0,-78.473,"-76.6 -81.5 -77.3","1.000 1.000 1.000",-93.966,-100.820,"-100.8 -100.8 -100.8 -100.8 -100.8 -100.8 -100.8 -100.8",0.073,298,0,1095,565,"-8e+01 -8e+01 -8e+01","1 0 0","0.073 0.048 0.023",4,4,0.00,0.00,0,0,3,0
16.000,6,1.000,1.000,0.000,3,0,-78.353,"-76.3 -81.5 -77.3","1.000 1.000 1.000",-93.966,-100.820,"-100.8 -100.8 -100.8 -100.8 -100.8 -100.8 -100.8 -100.8",0.073,300,0,1104,569,"-8e+01 -8e+01 -8e+01","1 0 0","0.073 0.048 0.023",3,3,0.00,0.00,0,0,3,0
16.100,6,1.000,1.000,0.000,3,0,-78.473,"-76.6 -81.5 -77.3","1.000 1.000 1.000",-93.966,-100.820,"-100.8 -100.8 -100.8 -100.8 -100.8 -100.8 -100.8 -100.8",0.073,302,0,1113,574,"-8e+01 -8e+01 -8e+01","1 0 0","0.073 0.048 0.023",3,3,0.01,0.00,0,0,3,0
16.200,6,1.000,1.000,0.000,3,0,-78.353,"-76.3 -81.5 -77.3","1.000 1.000 1.000",-93.966,-100.820,"-100.8 -100.8 -100.8 -100.8 -100.8 -100.8 -100.8 -100.8",0.073,304,0,1122,579,"-8e+01 -8e+01 -8e+01","1 0 0","0.073 0.048 0.023",4,4,0.02,0.00,0,0,3,0
16.300,6,1.000,1.000,0.000,3,0,-78.473,"-76.6 -81.5 -77.3","1.000 1.000 1.000",-93.966,-100.820,"-100.8 -100.8 -100.8 -100.8 -100.8 -100.8 -100.8 -100.8",0.073,306,0,1130,583,"-8e+01 -8e+01 -8e+01","1 0 0","0.073 0.048 0.023",3,3,0.00,0.00,0,0,3,0
16.400,6,1.000,1.000,0.000,3,0,-78.353,"-76.3 -81.5 -77.3","1.000 1.000 1.000",-93.966,-100.820,"-100.8 -100.8 -100.8 -100.8 -100.8 -100.8 -100.8 -100.8",0.073,308,0,1139,587,"-8e+01 -8e+01 -8e+01","1 0 0","0.073 0.048 0.023",3,3,0.01,0.00,0,0,3,0
16.500,6,1.000,1.000,0.000,3,0,-78.473,"-76.6 -81.5 -77.3","1.000 1.000 1.000",-93.966,-100.820,"-100.8 -100.8 -100.8 -100.8 -100.8 -100.8 -100.8 -100.8",0.073,310,0,1146,591,"-8e+01 -8e+01 -8e+01","1 0 0","0.073 0.048 0.023",3,3,0.02,0.00,0,0,3,0
16.600,6,1.000,1.000,0.000,3,0,-78.353,"-76.3 -81.5 -77.3","1.000 1.000 1.000",-93.966,-100.820,"-100.8 -100.8 -100.8 -100.8 -100.8 -100.8 -100.8 -100.8",0.073,312,0,1155,595,"-8e+01 -8e+01 -8e+01","1 0 0","0.073 0.048 0.023",3,3,0.00,0.00,0,0,3,0
16.700,6,1.000,1.000,0.000,3,0,-78.473,"-76.6 -81.5 -77.3","1.000 1.000 1.000",-93.966,-100.820,"-100.8 -100.8 -100.8 -100.8 -100.8 -100.8 -100.8 -100.8",0.073,314,0,1162,599,"-8e+01 -8e+01 -8e+01","1 0 0","0.073 0.048 0.023",3,3,0.01,0.00,0,0,3,0
16.800,6,1.000,1.000,0.000,3,0,-78.353,"-76.3 -81.5 -77.3","1.000 1.000 1.000",-93.966,-100.820,"-100.8 -100.8 -100.8 -100.8 -100.8 -100.8 -100.8 -100.8",0.073,316,0,1171,603,"-8e+01 -8e+01 -8e+01","1 0 0","0.073 0.048 0.023",3,3,0.02,0.00,0,0,3,0
16.900,6,1.000,1.000,0.000,3,0,-78.473,"-76.6 -81.5 -77.3","1.000 1.000 1.000",-93.966,-100.820,"-100.8 -100.8 -100.8 -100.8 -100.8 -100.8 -100.8 -100.8",0.073,318,0,1178,607,"-8e+01 -8e+01 -8e+01","1 0 0","0.073 0.048 0.023",3,3,0.00,0.00,0,0,3,0
17.000,6,1.000,1.000,0.000,3,0,-78.473,"-76.6 -81.5 -77.3","1.000 1.000 1.000",-93.966,-100.820,"-100.8 -100.8 -100.8 -100.8 -100.8 -100.8 -100.8 -100.8",0.073,320,0,1185,613,"-8e+01 -8e+01 -8e+01","1 0 0","0.073 0.048 0.023",3,3,0.01,0.00,0,0,3,0
17.100,6,1.000,1.000,0.000,3,0,-78.473,"-76.6 -81.5 -77.3","1.000 1.000 1.000",-93.966,-100.820,"-100.8 -100.8 -100.8 -100.8 -100.8 -100.8 -100.8 -100.8",0.073,322,0,1192,617,"-8e+01 -8e+01 -8e+01","1 0 0","0.073 0.048 0.023",3,3,0.02,0.00,0,0,3,0
17.200,6,1.000,1.000,0.000,3,0,-78.353,"-76.3 -81.5 -77.3","1.000 1.000 1.000",-93.966,-100.820,"-100.8 -100.8 -100.8 -100.8 -100.8 -100.8 -100.8 -100.8",0.073,324,0,1201,621,"-8e+01 -8e+01 -8e+01","1 0 0","0.073 0.048 0.023",3,3,0.00,0.00,0,0,3,0
17.300,6,1.000,1.000,0.000,3,0,-78.473,"-76.6 -81.5 -77.3","1.000 1.000 1.000",-93.966,-100.820,"-100.8 -100.8 -100.8 -100.8 -100.8 -100.8 -100.8 -100.8",0.073,326,0,1208,625,"-8e+01 -8e+01 -8e+01","1 0 0","0.073 0.048 0.023",3,3,0.01,0.00,0,0,3,0
17.400,6,1.000,1.000,0.000,3,0,-78.353,"-76.3 -81.5 -77.3","1.000 1.000 1.000",-93.966,-100.820,"-100.8 -100.8 -100.8 -100.8 -100.8 -100.8 -100.8 -100.8",0.073,328,0,1217,629,"-8e+01 -8e+01 -8e+01","1 0 0","0.073 0.048 0.023",3,3,0.02,0.00,0,0,3,0
17.500,6,1.000,1.000,0.000,3,0,-78.473,"-76.6 -81.5 -77.3","1.000 1.000 1.000",-93.966,-100.820,"-100.8 -100.8 -100.8 -100.8 -100.8 -100.8 -100.8 -100.8",0.073,330,0,1224,633,"-8e+01 -8e+01 -8e+01","1 0 0","0.073 0.048 0.023",3,3,0.00,0.00,0,0,3,0
17.600,6,1.000,1.000,0.000,3,0,-78.353,"-76.3 -81.5 -77.3","1.000 1.000 1.000",-93.966,-100.820,"-100.8 -100.8 -100.8 -100.8 -100.8 -100.8 -100.8 -100.8",0.073,332,0,1233,637,"-8e+01 -8e+01 -8e+01","1 0 0","0.073 0.048 0.023",3,3,0.01,0.00,0,0,3,0
17.700,6,1.000,1.000,0.000,3,0,-78.473,"-76.6 -81.5 -77.3","1.000 1.000 1.000",-93.966,-100.820,"-100.8 -100.8 -100.8 -100.8 -100.8 -100.8 -100.8 -100.8",0.073,334,0,1240,641,"-8e+01 -8e+01 -8e+01","1 0 0","0.073 0.048 0.023",3,3,0.02,0.00,0,0,3,0
17.800,6,1.000,1.000,0.000,3,0,-78.353,"-76.3 -81.5 -77.3","1.000 1.000 1.000",-93.966,-100.820,"-100.8 -100.8 -100.8 -100.8 -100.8 -100.8 -100.8 -100.8",0.073,336,0,1249,645,"-8e+01 -8e+01 -8e+01","1 0 0","0.073 0.048 0.023",3,3,0.00,0.00,0,0,3,0
17.900,6,1.000,1.000,0.000,3,0,-78.473,"-76.6 -81.5 -77.3","1.000 1.000 1.000",-93.966,-100.820,"-100.8 -100.8 -100.8 -100.8 -100.8 -100.8 -100.8 -100.8",0.073,338,0,1256,649,"-8e+01 -8e+01 -8e+01","1 0 0","0.073 0.048 0.023",3,3,0.01,0.00,0,0,3,0
18.000,6,1.000,1.000,0.000,3,0,-78.353,"-76.3 -81.5 -77.3","1.000 1.000 1.000",-93.966,-100.820,"-100.8 -100.8 -100.8 -100.8 -100.8 -100.8 -100.8 -100.8",0.073,340,0,1265,653,"-8e+01 -8e+01 -8e+01","1 0 0","0.073 0.048 0.023",3,3,0.02,0.00,0,0,3,0
18.100,6,0.970,0.909,0.043,3,0,-78.353,"-76.3 -81.5 -77.3","0.909 1.000 1.000",-93.966,-100.820,"-100.8 -100.8 -100.8 -100.8 -100.8 -100.8 -100.8 -100.8",0.173,342,0,1271,658,"-8e+01 -8e+01 -8e+01","1 0 0","0.17 0.048 0.023",3,3,0.00,0.00,0,0,2,0
18.200,6,0.939,0.818,0.086,3,0,-78.353,"-76.3 -81.5 -77.3","0.818 1.000 1.000",-93.966,-100.820,"-100.8 -100.8 -100.8 -100.8 -100.8 -100.8 -100.8 -100.8",0.273,344,0,1277,662,"-8e+01 -8e+01 -8e+01","1 0 0","0.27 0.048 0.023",3,3,0.01,0.00,0,0,2,0
18.300,6,0.909,0.727,0.129,3,0,-78.353,"-76.3 -81.5 -77.3","0.727 1.000 1.000",-93.966,-100.820,"-100.8 -100.8 -100.8 -100.8 -100.8 -100.8 -100.8 -100.8",0.373,346,0,1283,666,"-8e+01 -8e+01 -8e+01","1 0 0","0.37 0.048 0.023",3,3,0.01,0.00,0,0,2,0
18.400,6,0.879,0.636,0.171,3,0,-78.353,"-76.3 -81.5 -77.3","0.636 1.000 1.000",-93.966,-100.820,"-100.8 -100.8 -100.8 -100.8 -100.8 -100.8 -100.8 -100.8",0.473,348,0,1290,671,"-8e+01 -8e+01 -8e+01","1 0 0","0.47 0.048 0.023",3,3,0.10,0.00,0,0,2,0
18.500,6,0.848,0.545,0.214,3,1,-78.353,"-76.3 -81.5 -77.3","0.545 1.000 1.000",-93.966,-100.820,"-100.8 -100.8 -100.8 -100.8 -100.8 -100.8 -100.8 -100.8",0.573,350,0,1297,675,"-8e+01 -8e+01 -8e+01","1 0 0","0.57 0.048 0.023",4,4,0.02,0.00,0,0,2,0
18.600,6,0.818,0.455,0.257,3,1,-78.353,"-76.3 -81.5 -77.3","0.455 1.000 1.000",-93.966,-100.820,"-100.8 -100.8 -100.8 -100.8 -100.8 -100.8 -100.8 -100.8",0.673,352,0,1303,679,"-8e+01 -8e+01 -8e+01","1 0 0","0.67 0.048 0.023",3,3,0.01,0.00,0,0,2,0
18.700,6,0.788,0.364,0.300,3,1,-78.353,"-76.3 -81.5 -77.3","0.364 1.000 1.000",-93.966,-100.820,"-100.8 -100.8 -100.8 -100.8 -100.8 -100.8 -100.8 -100.8",0.773,354,0,1309,683,"-8e+01 -8e+01 -8e+01","1 0 0","0.77 0.048 0.023",3,3,0.02,0.00,0,0,2,0
18.800,6,0.758,0.273,0.343,3,1,-78.353,"-76.3 -81.5 -77.3","0.273 1.000 1.000",-93.966,-100.820,"-100.8 -100.8 -100.8 -100.8 -100.8 -100.8 -100.8 -100.8",0.873,356,0,1315,687,"-8e+01 -8e+01 -8e+01","1 0 0","0.87 0.048 0.023",3,3,0.00,0.00,0,0,2,0
18.900,6,0.727,0.182,0.386,3,1,-78.353,"-76.3 -81.5 -77.3","0.182 1.000 1.000",-93.966,-100.820,"-100.8 -100.8 -100.8 -100.8 -100.8 -100.8 -100.8 -100.8",0.973,358,0,1321,691,"-8e+01 -8e+01 -8e+01","1 0 0","0.97 0.048 0.023",3,3,0.01,0.00,0,0,2,0
19.000,6,0.697,0.091,0.429,3,1,-78.353,"-76.3 -81.5 -77.3","0.091 1.000 1.000",-93.966,-100.820,"-100.8 -100.8 -100.8 -100.8 -100.8 -100.8 -100.8 -100.8",1.073,360,0,1327,695,"-8e+01 -8e+01 -8e+01","1 0 0","1.1 0.048 0.023",3,3,0.02,0.00,0,0,2,0
19.100,6,0.667,0.000,0.471,3,1,-78.353,"-76.3 -81.5 -77.3","0.000 1.000 1.000",-93.966,-100.820,"-100.8 -100.8 -100.8 -100.8 -100.8 -100.8 -100.8 -100.8",1.173,362,0,1333,699,"-8e+01 -8e+01 -8e+01","1 0 0","1.2 0.048 0.023",3,3,0.00,0.00,0,0,2,0
19.200,6,0.667,0.000,0.471,3,1,-78.353,"-76.3 -81.5 -77.3","0.000 1.000 1.000",-93.966,-100.820,"-100.8 -100.8 -100.8 -100.8 -100.8 -100.8 -100.8 -100.8",1.273,364,0,1339,703,"-8e+01 -8e+01 -8e+01","1 0 0","1.3 0.048 0.023",3,3,0.01,0.00,0,0,2,0
19.300,6,0.667,0.000,0.471,3,1,-78.353,"-76.3 -81.5 -77.3","0.000 1.000 1.000",-93.966,-100.820,"-100.8 -100.8 -100.8 -100.8 -100.8 -100.8 -100.8 -100.8",1.373,366,0,1345,707,"-8e+01 -8e+01 -8e+01","1 0 0","1.4 0.048 0.023",3,3,0.02,0.00,0,0,2,0
19.400,6,0.667,0.000,0.471,3,1,-78.353,"-76.3 -81.5 -77.3","0.000 1.000 1.000",-93.966,-100.820,"-100.8 -100.8 -100.8 -100.8 -100.8 -100.8 -100.8 -100.8",1.473,368,0,1351,711,"-8e+01 -8e+01 -8e+01","1 0 0","1.5 0.048 0.023",3,3,0.00,0.00,0,0,2,0
19.500,6,0.667,0.000,0.471,3,1,-78.353,"-76.3 -81.5 -77.3","0.000 1.000 1.000",-93.966,-100.820,"-100.8 -100.8 -100.8 -100.8 -100.8 -100.8 -100.8 -100.8",1.573,370,0,1357,715,"-8e+01 -8e+01 -8e+01","1 0 0","1.6 0.048 0.023",3,3,0.01,0.00,0,0,2,0
19.600,6,0.667,0.000,0.471,3,1,-78.353,"-76.3 -81.5 -77.3","0.000 1.000 1.000",-93.966,-100.820,"-100.8 -100.8 -100.8 -100.8 -100.8 -100.8 -100.8 -100.8",1.673,372,0,1363,719,"-8e+01 -8e+01 -8e+01","1 0 0","1.7 0.048 0.023",3,3,0.02,0.00,0,0,2,0
19.700,6,0.667,0.000,0.471,3,1,-78.353,"-76.3 -81.5 -77.3","0.000 1.000 1.000",-93.966,-100.820,"-100.8 -100.8 -100.8 -100.8 -100.8 -100.8 -100.8 -100.8",1.773,374,0,1369,723,"-8e+01 -8e+01 -8e+01","1 0 0","1.8 0.048 0.023",3,3,0.00,0.00,0,0,2,0
19.800,6,0.667,0.000,0.471,3,1,-78.353,"-76.3 -81.5 -77.3","0.000 1.000 1.000",-93.966,-100.820,"-100.8 -100.8 -100.8 -100.8 -100.8 -100.8 -100.8 -100.8",1.873,376,0,1375,727,"-8e+01 -8e+01 -8e+01","1 0 0","1.9 0.048 0.023",3,3,0.01,0.00,0,0,2,0
19.900,6,0.667,0.000,0.471,3,1,-78.353,"-76.3 -81.5 -77.3","0.000 1.000 1.000",-93.966,-100.820,"-100.8 -100.8 -100.8 -100.8 -100.8 -100.8 -100.8 -100.8",1.973,378,0,1381,731,"-8e+01 -8e+01 -8e+01","1 0 0","2 0.048 0.023",3,3,0.02,0.00,0,0,2,0
20.000,6,0.667,0.000,0.471,3,1,-78.353,"-76.3 -81.5 -77.3","0.000 1.000 1.000",-93.966,-100.820,"-100.8 -100.8 -100.8 -100.8 -100.8 -100.8 -100.8 -100.8",2.073,380,0,1387,735,"-8e+01 -8e+01 -8e+01","1 0 0","2.1 0.048 0.023",3,3,0.01,0.00,0,0,2,0
20.100,6,0.667,0.000,0.471,3,1,-78.353,"-76.3 -81.5 -77.3","0.000 1.000 1.000",-93.966,-100.820,"-100.8 -100.8 -100.8 -100.8 -100.8 -100.8 -100.8 -100.8",2.173,382,0,1393,739,"-8e+01 -8e+01 -8e+01","1 0 0","2.2 0.048 0.023",3,3,0.01,0.00,0,0,2,0
20.200,6,0.667,0.000,0.471,3,1,-78.353,"-76.3 -81.5 -77.3","0.000 1.000 1.000",-93.966,-100.820,"-100.8 -100.8 -100.8 -100.8 -100.8 -100.8 -100.8 -100.8",2.273,384,0,1400,743,"-8e+01 -8e+01 -8e+01","1 0 0","2.3 0.048 0.023",3,3,0.02,0.00,0,0,2,0
20.300,6,0.667,0.000,0.471,3,1,-78.353,"-76.3 -81.5 -77.3","0.000 1.000 1.000",-93.966,-100.820,"-100.8 -100.8 -100.8 -100.8 -100.8 -100.8 -100.8 -100.8",2.373,386,0,1406,747,"-8e+01 -8e+01 -8e+01","1 0 0","2.4 0.048 0.023",3,3,0.02,0.00,0,0,2,0
20.400,6,0.667,0.000,0.471,3,1,-78.353,"-76.3 -81.5 -77.3","0.000 1.000 1.000",-93.966,-100.820,"-100.8 -100.8 -100.8 -100.8 -100.8 -100.8 -100.8 -100.8",2.473,388,0,1412,751,"-8e+01 -8e+01 -8e+01","1 0 0","2.5 0.048 0.023",4,4,0.01,0.00,0,0,2,0
20.500,6,0.667,0.000,0.471,3,1,-78.353,"-76.3 -81.5 -77.3","0.000 1.000 1.000",-93.966,-100.820,"-100.8 -100.8 -100.8 -100.8 -100.8 -100.8 -100.8 -100.8",2.573,390,0,1419,758,"-8e+01 -8e+01 -8e+01","1 0 0","2.6 0.048 0.023",3,3,0.01,0.00,0,0,2,0
20.600,6,0.667,0.000,0.471,3,1,-78.353,"-76.3 -81.5 -77.3","0.000 1.000 1.000",-93.966,-100.820,"-100.8 -100.8 -100.8 -100.8 -100.8 -100.8 -100.8 -100.8",2.673,392,0,1425,762,"-8e+01 -8e+01 -8e+01","1 0 0","2.7 0.048 0.023",3,3,0.02,0.00,0,0,2,0
20.700,6,0.667,0.000,0.471,3,1,-78.353,"-76.3 -81.5 -77.3","0.000 1.000 1.000",-93.966,-100.820,"-100.8 -100.8 -100.8 -100.8 -100.8 -100.8 -100.8 -100.8",2.773,394,0,1431,766,"-8e+01 -8e+01 -8e+01","1 0 0","2.8 0.048 0.023",3,3,0.00,0.00,0,0,2,0
20.800,6,0.667,0.000,0.471,3,1,-78.353,"-76.3 -81.5 -77.3","0.000 1.000 1.000",-93.966,-100.820,"-100.8 -100.8 -100.8 -100.8 -100.8 -100.8 -100.8 -100.8",2.873,396,0,1438,770,"-8e+01 -8e+01 -8e+01","1 0 0","2.9 0.048 0.023",3,3,0.01,0.00,0,0,2,0
20.900,6,0.667,0.000,0.471,3,1,-78.353,"-76.3 -81.5 -77.3","0.000 1.000 1.000",-93.966,-100.820,"-100.8 -100.8 -100.8 -100.8 -100.8 -100.8 -100.8 -100.8",2.973,398,0,1444,774,"-8e+01 -8e+01 -8e+01","1 0 0","3 0.048 0.023",3,3,0.01,0.00,0,0,2,0
21.000,6,0.667,0.000,0.471,3,1,-78.353,"-76.3 -81.5 -77.3","0.000 1.000 1.000",-93.966,-100.820,"-100.8 -100.8 -100.8 -100.8 -100.8 -100.8 -100.8 -100.8",3.073,400,0,1450,778,"-8e+01 -8e+01 -8e+01","1 0 0","3.1 0.048 0.023",3,3,0.01,0.00,0,0,2,0
21.100,6,0.667,0.000,0.471,3,1,-78.353,"-76.3 -81.5 -77.3","0.000 1.000 1.000",-93.966,-100.820,"-100.8 -100.8 -100.8 -100.8 -100.8 -100.8 -100.8 -100.8",3.173,402,0,1456,782,"-8e+01 -8e+01 -8e+01","1 0 0","3.2 0.048 0.023",3,3,0.00,0.00,0,0,2,0
21.200,6,0.667,0.000,0.471,3,1,-78.353,"-76.3 -81.5 -77.3","0.000 1.000 1.000",-93.966,-100.820,"-100.8 -100.8 -100.8 -100.8 -100.8 -100.8 -100.8 -100.8",3.273,404,0,1462,786,"-8e+01 -8e+01 -8e+01","1 0 0","3.3 0.048 0.023",3,3,0.01,0.00,0,0,2,0
21.300,6,0.667,0.000,0.471,3,1,-78.353,"-76.3 -81.5 -77.3","0.000 1.000 1.000",-93.966,-100.820,"-100.8 -100.8 -100.8 -100.8 -100.8 -100.8 -100.8 -100.8",3.373,406,0,1468,790,"-8e+01 -8e+01 -8e+01","1 0 0","3.4 0.048 0.023",3,3,0.02,0.00,0,0,2,0
21.400,6,0.667,0.000,0.471,3,1,-78.353,"-76.3 -81.5 -77.3","0.000 1.000 1.000",-93.966,-100.820,"-100.8 -100.8 -100.8 -100.8 -100.8 -100.8 -100.8 -100.8",3.473,408,0,1474,794,"-8e+01 -8e+01 -8e+01","1 0 0","3.5 0.048 0.023",3,3,0.00,0.00,0,0,2,0
21.500,6,0.667,0.000,0.471,3,1,-78.353,"-76.3 -81.5 -77.3","0.000 1.000 1.000",-93.966,-100.820,"-100.8 -100.8 -100.8 -100.8 -100.8 -100.8 -100.8 -100.8",3.573,410,0,1480,798,"-8e+01 -8e+01 -8e+01","1 0 0","3.6 0.048 0.023",3,3,0.01,0.00,0,0,2,0
21.600,6,0.667,0.000,0.471,3,1,-78.353,"-76.3 -81.5 -77.3","0.000 1.000 1.000",-93.966,-100.820,"-100.8 -100.8 -100.8 -100.8 -100.8 -100.8 -100.8 -100.8",3.673,412,0,1486,802,"-8e+01 -8e+01 -8e+01","1 0 0","3.7 0.048 0.023",3,3,0.02,0.00,0,0,2,0
21.700,6,0.667,0.000,0.471,3,1,-78.353,"-76.3 -81.5 -77.3","0.000 1.000 1.000",-93.966,-100.820,"-100.8 -100.8 -100.8 -100.8 -100.8 -100.8 -100.8 -100.8",3.773,414,0,1492,806,"-8e+01 -8e+01 -8e+01","1 0 0","3.8 0.048 0.023",3,3,0.00,0.00,0,0,2,0
21.800,6,0.667,0.000,0.471,3,1,-78.353,"-76.3 -81.5 -77.3","0.000 1.000 1.000",-93.966,-100.820,"-100.8 -100.8 -100.8 -100.8 -100.8 -100.8 -100.8 -100.8",3.873,416,0,1498,810,"-8e+01 -8e+01 -8e+01","1 0 0","3.9 0.048 0.023",3,3,0.01,0.00,0,0,2,0
21.900,6,0.667,0.000,0.471,3,1,-78.353,"-76.3 -81.5 -77.3","0.000 1.000 1.000",-93.966,-100.820,"-100.8 -100.8 -100.8 -100.8 -100.8 -100.8 -100.8 -100.8",3.973,418,0,1504,814,"-8e+01 -8e+01 -8e+01","1 0 0","4 0.048 0.023",3,3,0.02,0.00,0,0,2,0
22.000,6,0.667,0.000,0.471,3,1,-78.353,"-76.3 -81.5 -77.3","0.000 1.000 1.000",-93.966,-100.820,"-100.8 -100.8 -100.8 -100.8 -100.8 -100.8 -100.8 -100.8",4.073,420,0,1510,818,"-8e+01 -8e+01 -8e+01","1 0 0","4.1 0.048 0.023",3,3,0.00,0.00,0,0,2,0
22.100,6,0.667,0.000,0.471,3,1,-78.353,"-76.3 -81.5 -77.3","0.000 1.000 1.000",-93.966,-100.820,"-100.8 -100.8 -100.8 -100.8 -100.8 -100.8 -100.8 -100.8",4.173,422,0,1517,822,"-8e+01 -8e+01 -8e+01","1 0 0","4.2 0.048 0.023",3,3,0.01,0.00,0,0,2,0
22.200,6,0.667,0.000,0.471,3,1,-78.353,"-76.3 -81.5 -77.3","0.000 1.000 1.000",-93.966,-100.820,"-100.8 -100.8 -100.8 -100.8 -100.8 -100.8 -100.8 -100.8",4.273,424,0,1523,826,"-8e+01 -8e+01 -8e+01","1 0 0","4.3 0.048 0.023",4,4,0.01,0.00,0,0,2,0
22.300,6,0.667,0.000,0.471,3,1,-78.353,"-76.3 -81.5 -77.3","0.000 1.000 1.000",-93.966,-100.820,"-100.8 -100.8 -100.8 -100.8 -100.8 -100.8 -100.8 -100.8",4.373,426,0,1529,830,"-8e+01 -8e+01 -8e+01","1 0 0","4.4 0.048 0.023",3,3,0.01,0.00,0,0,2,0
22.400,6,0.667,0.000,0.471,3,1,-78.353,"-76.3 -81.5 -77.3","0.000 1.000 1.000",-93.966,-100.820,"-100.8 -100.8 -100.8 -100.8 -100.8 -100.8 -100.8 -100.8",4.473,428,0,1536,835,"-8e+01 -8e+01 -8e+01","1 0 0","4.5 0.048 0.023",3,3,0.01,0.00,0,0,2,0
22.500,6,0.667,0.000,0.471,3,1,-78.353,"-76.3 -81.5 -77.3","0.000 1.000 1.000",-93.966,-100.820,"-100.8 -100.8 -100.8 -100.8 -100.8 -100.8 -100.8 -100.8",4.573,430,0,1542,840,"-8e+01 -8e+01 -8e+01","1 0 0","4.6 0.048 0.023",3,3,0.01,0.00,0,0,2,0
22.600,6,0.667,0.000,0.471,3,1,-78.353,"-76.3 -81.5 -77.3","0.000 1.000 1.000",-93.966,-100.819,"-100.8 -100.8 -100.8 -100.8 -100.8 -100.8 -100.8 -100.8",4.673,432,0,1548,844,"-8e+01 -8e+01 -8e+01","1 0 0","4.7 0.048 0.023",4,4,0.01,0.00,0,0,2,0
22.700,6,0.667,0.000,0.471,3,1,-78.353,"-76.3 -81.5 -77.3","0.000 1.000 1.000",-93.966,-100.819,"-100.8 -100.8 -100.8 -100.8 -100.8 -100.8 -100.8 -100.8",4.773,434,0,1554,848,"-8e+01 -8e+01 -8e+01","1 0 0","4.8 0.048 0.023",3,3,0.01,0.00,0,0,2,0
22.800,6,0.667,0.000,0.471,3,1,-78.353,"-76.3 -81.5 -77.3","0.000 1.000 1.000",-93.966,-100.819,"-100.8 -100.8 -100.8 -100.8 -100.8 -100.8 -100.8 -100.8",4.873,436,0,1560,852,"-8e+01 -8e+01 -8e+01","1 0 0","4.9 0.048 0.023",3,3,0.01,0.00,0,0,2,0
22.900,6,0.667,0.000,0.471,3,1,-78.353,"-76.3 -81.5 -77.3","0.000 1.000 1.000",-93.966,-100.819,"-100.8 -100.8 -100.8 -100.8 -100.8 -100.8 -100.8 -100.8",4.973,438,0,1566,856,"-8e+01 -8e+01 -8e+01","1 0 0","5 0.048 0.023",3,3,0.01,0.00,0,0,2,0
23.000,6,0.667,0.000,0.471,3,1,-78.353,"-76.3 -81.5 -77.3","0.000 1.000 1.000",-93.966,-100.819,"-100.8 -100.8 -100.8 -100.8 -100.8 -100.8 -100.8 -100.8",5.073,440,0,1572,860,"-8e+01 -8e+01 -8e+01","1 0 0","5.1 0.048 0.023",3,3,0.01,0.00,0,0,2,0
23.100,6,0.667,0.000,0.471,3,1,-78.353,"-76.3 -81.5 -77.3","0.000 1.000 1.000",-93.966,-100.819,"-100.8 -100.8 -100.8 -100.8 -100.8 -100.8 -100.8 -100.8",5.173,442,0,1578,864,"-8e+01 -8e+01 -8e+01","1 0 0","5.2 0.048 0.023",3,3,0.01,0.00,0,0,2,0
23.200,6,0.667,0.000,0.471,3,1,-78.353,"-76.3 -81.5 -77.3","0.000 1.000 1.000",-93.966,-100.819,"-100.8 -100.8 -100.8 -100.8 -100.8 -100.8 -100.8 -100.8",5.273,444,0,1584,868,"-8e+01 -8e+01 -8e+01","1 0 0","5.3 0.048 0.023",3,3,0.01,0.00,0,0,2,0
23.300,6,0.667,0.000,0.471,3,1,-78.353,"-76.3 -81.5 -77.3","0.000 1.000 1.000",-93.966,-100.819,"-100.8 -100.8 -100.8 -100.8 -100.8 -100.8 -100.8 -100.8",5.373,446,0,1590,872,"-8e+01 -8e+01 -8e+01","1 0 0","5.4 0.048 0.023",3,3,0.01,0.00,0,0,2,0
23.400,6,0.667,0.000,0.471,3,1,-78.353,"-76.3 -81.5 -77.3","0.000 1.000 1.000",-93.966,-100.819,"-100.8 -100.8 -100.8 -100.8 -100.8 -100.8 -100.8 -100.8",5.473,448,0,1596,876,"-8e+01 -8e+01 -8e+01","1 0 0","5.5 0.048 0.023",3,3,0.01,0.00,0,0,2,0
23.500,6,0.667,0.000,0.471,3,1,-78.353,"-76.3 -81.5 -77.3","0.000 1.000 1.000",-93.966,-100.819,"-100.8 -100.8 -100.8 -100.8 -100.8 -100.8 -100.8 -100.8",5.573,450,0,1602,880,"-8e+01 -8e+01 -8e+01","1 0 0","5.6 0.048 0.023",3,3,0.01,0.00,0,0,2,0
23.600,6,0.667,0.000,0.471,3,1,-78.353,"-76.3 -81.5 -77.3","0.000 1.000 1.000",-93.966,-100.819,"-100.8 -100.8 -100.8 -100.8 -100.8 -100.8 -100.8 -100.8",5.673,452,0,1608,884,"-8e+01 -8e+01 -8e+01","1 0 0","5.7 0.048 0.023",3,3,0.01,0.00,0,0,2,0
23.700,6,0.667,0.000,0.471,3,1,-78.353,"-76.3 -81.5 -77.3","0.000 1.000 1.000",-93.966,-100.819,"-100.8 -100.8 -100.8 -100.8 -100.8 -100.8 -100.8 -100.8",5.773,454,0,1614,888,"-8e+01 -8e+01 -8e+01","1 0 0","5.8 0.048 0.023",3,3,0.01,0.00,0,0,2,0
23.800,6,0.667,0.000,0.471,3,1,-78.353,"-76.3 -81.5 -77.3","0.000 1.000 1.000",-93.966,-100.819,"-100.8 -100.8 -100.8 -100.8 -100.8 -100.8 -100.8 -100.8",5.873,456,0,1620,892,"-8e+01 -8e+01 -8e+01","1 0 0","5.9 0.048 0.023",3,3,0.01,0.00,0,0,2,0
23.900,6,0.667,0.000,0.471,3,1,-78.353,"-76.3 -81.5 -77.3","0.000 1.000 1.000",-93.966,-100.819,"-100.8 -100.8 -100.8 -100.8 -100.8 -100.8 -100.8 -100.8",5.973,458,0,1626,896,"-8e+01 -8e+01 -8e+01","1 0 0","6 0.048 0.023",3,3,0.01,0.00,0,0,2,0
24.000,6,0.667,0.000,0.471,3,1,-78.353,"-76.3 -81.5 -77.3","0.000 1.000 1.000",-93.966,-100.819,"-100.8 -100.8 -100.8 -100.8 -100.8 -100.8 -100.8 -100.8",6.073,460,0,1632,900,"-8e+01 -8e+01 -8e+01","1 0 0","6.1 0.048 0.023",3,3,0.01,0.00,0,0,2,0
24.100,6,0.667,0.000,0.471,3,1,-78.353,"-76.3 -81.5 -77.3","0.000 1.000 1.000",-93.966,-100.819,"-100.8 -100.8 -100.8 -100.8 -100.8 -100.8 -100.8 -100.8",6.173,462,0,1638,904,"-8e+01 -8e+01 -8e+01","1 0 0","6.2 0.048 0.023",3,3,0.01,0.00,0,0,2,0
24.200,6,0.667,0.000,0.471,3,1,-78.353,"-76.3 -81.5 -77.3","0.000 1.000 1.000",-93.966,-100.819,"-100.8 -100.8 -100.8 -100.8 -100.8 -100.8 -100.8 -100.8",6.273,464,0,1645,908,"-8e+01 -8e+01 -8e+01","1 0 0","6.3 0.048 0.023",4,4,0.01,0.00,0,0,2,0
24.300,6,0.667,0.000,0.471,3,1,-78.353,"-76.3 -81.5 -77.3","0.000 1.000 1.000",-93.966,-100.819,"-100.8 -100.8 -100.8 -100.8 -100.8 -100.8 -100.8 -100.8",6.373,466,0,1651,912,"-8e+01 -8e+01 -8e+01","1 0 0","6.4 0.048 0.023",3,3,0.01,0.00,0,0,2,0
24.400,6,0.667,0.000,0.471,3,1,-78.353,"-76.3 -81.5 -77.3","0.000 1.000 1.000",-93.966,-100.819,"-100.8 -100.8 -100.8 -100.8 -100.8 -100.8 -100.8 -100.8",6.473,468,0,1658,917,"-8e+01 -8e+01 -8e+01","1 0 0","6.5 0.048 0.022",3,3,0.01,0.00,0,0,2,0
24.500,6,0.667,0.000,0.471,3,1,-78.353,"-76.3 -81.5 -77.3","0.000 1.000 1.000",-93.966,-100.819,"-100.8 -100.8 -100.8 -100.8 -100.8 -100.8 -100.8 -100.8",6.573,470,0,1664,922,"-8e+01 -8e+01 -8e+01","1 0 0","6.6 0.048 0.023",3,3,0.01,0.00,0,0,2,0
24.600,6,0.667,0.000,0.471,3,1,-78.353,"-76.3 -81.5 -77.3","0.000 1.000 1.000",-93.966,-100.819,"-100.8 -100.8 -100.8 -100.8 -100.8 -100.8 -100.8 -100.8",6.673,472,0,1670,926,"-8e+01 -8e+01 -8e+01","1 0 0","6.7 0.048 0.023",3,3,0.02,0.00,0,0,2,0
24.700,6,0.667,0.000,0.471,3,1,-78.353,"-76.3 -81.5 -77.3","0.000 1.000 1.000",-93.966,-100.819,"-100.8 -100.8 -100.8 -100.8 -100.8 -100.8 -100.8 -100.8",6.773,474,0,1676,930,"-8e+01 -8e+01 -8e+01","1 0 0","6.8 0.048 0.023",3,3,0.00,0.00,0,0,2,0
24.800,6,0.667,0.000,0.471,3,1,-78.353,"-76.3 -81.5 -77.3","0.000 1.000 1.000",-93.966,-100.819,"-100.8 -100.8 -100.8 -100.8 -100.8 -100.8 -100.8 -100.8",6.873,476,0,1682,934,"-8e+01 -8e+01 -8e+01","1 0 0","6.9 0.048 0.023",3,3,0.01,0.00,0,0,2,0
24.900,6,0.667,0.000,0.471,3,1,-78.353,"-76.3 -81.5 -77.3","0.000 1.000 1.000",-93.966,-100.819,"-100.8 -100.8 -100.8 -100.8 -100.8 -100.8 -100.8 -100.8",6.973,478,0,1688,938,"-8e+01 -8e+01 -8e+01","1 0 0","7 0.048 0.023",3,3,0.02,0.00,0,0,2,0
25.000,6,0.667,0.000,0.471,3,1,-78.353,"-76.3 -81.5 -77.3","0.000 1.000 1.000",-93.966,-100.819,"-100.8 -100.8 -100.8 -100.8 -100.8 -100.8 -100.8 -100.8",7.073,480,0,1694,942,"-8e+01 -8e+01 -8e+01","1 0 0","7.1 0.048 0.023",3,3,0.00,0.00,0,0,2,0
25.100,6,0.667,0.000,0.471,3,1,-78.353,"-76.3 -81.5 -77.3","0.000 1.000 1.000",-93.966,-100.819,"-100.8 -100.8 -100.8 -100.8 -100.8 -100.8 -100.8 -100.8",7.173,482,0,1701,946,"-8e+01 -8e+01 -8e+01","1 0 0","7.2 0.048 0.023",3,3,0.01,0.00,0,0,2,0
25.200,6,0.667,0.000,0.471,3,1,-78.353,"-76.3 -81.5 -77.3","0.000 1.000 1.000",-93.966,-100.819,"-100.8 -100.8 -100.8 -100.8 -100.8 -100.8 -100.8 -100.8",7.273,484,0,1707,950,"-8e+01 -8e+01 -8e+01","1 0 0","7.3 0.048 0.023",3,3,0.01,0.00,0,0,2,0
25.300,6,0.667,0.000,0.471,3,1,-78.353,"-76.3 -81.5 -77.3","0.000 1.000 1.000",-93.966,-100.819,"-100.8 -100.8 -100.8 -100.8 -100.8 -100.8 -100.8 -100.8",7.373,486,0,1713,954,"-8e+01 -8e+01 -8e+01","1 0 0","7.4 0.048 0.023",4,4,0.02,0.00,0,0,2,0
25.400,6,0.667,0.000,0.471,3,1,-78.353,"-76.3 -81.5 -77.3","0.000 1.000 1.000",-93.966,-100.819,"-100.8 -100.8 -100.8 -100.8 -100.8 -100.8 -100.8 -100.8",7.473,488,0,1720,958,"-8e+01 -8e+01 -8e+01","1 0 0","7.5 0.048 0.023",3,3,0.02,0.00,0,0,2,0
25.500,6,0.667,0.000,0.471,3,1,-78.353,"-76.3 -81.5 -77.3","0.000 1.000 1.000",-93.966,-100.819,"-100.8 -100.8 -100.8 -100.8 -100.8 -100.8 -100.8 -100.8",7.573,490,0,1726,963,"-8e+01 -8e+01 -8e+01","1 0 0","7.6 0.048 0.023",3,3,0.01,0.00,0,0,2,0
25.600,6,0.667,0.000,0.471,3,1,-78.353,"-76.3 -81.5 -77.3","0.000 1.000 1.000",-93.966,-100.819,"-100.8 -100.8 -100.8 -100.8 -100.8 -100.8 -100.8 -100.8",7.673,492,0,1732,967,"-8e+01 -8e+01 -8e+01","1 0 0","7.7 0.048 0.023",4,4,0.01,0.00,0,0,2,0
25.700,6,0.667,0.000,0.471,3,1,-78.353,"-76.3 -81.5 -77.3","0.000 1.000 1.000",-93.966,-100.819,"-100.8 -100.8 -100.8 -100.8 -100.8 -100.8 -100.8 -100.8",7.773,494,0,1740,971,"-8e+01 -8e+01 -8e+01","1 0 0","7.8 0.048 0.023",3,3,0.01,0.00,0,0,2,0
25.800,6,0.667,0.000,0.471,3,1,-78.353,"-76.3 -81.5 -77.3","0.000 1.000 1.000",-93.966,-100.819,"-100.8 -100.8 -100.8 -100.8 -100.8 -100.8 -100.8 -100.8",7.873,496,0,1746,975,"-8e+01 -8e+01 -8e+01","1 0 0","7.9 0.048 0.023",4,4,0.01,0.00,0,0,2,0
25.900,6,0.667,0.000,0.471,3,1,-78.353,"-76.3 -81.5 -77.3","0.000 1.000 1.000",-93.966,-100.819,"-100.8 -100.8 -100.8 -100.8 -100.8 -100.8 -100.8 -100.8",7.973,498,0,1752,979,"-8e+01 -8e+01 -8e+01","1 0 0","8 0.048 0.023",3,3,0.02,0.00,0,0,2,0
26.000,6,0.667,0.000,0.471,3,1,-78.353,"-76.3 -81.5 -77.3","0.000 1.000 1.000",-93.966,-100.819,"-100.8 -100.8 -100.8 -100.8 -100.8 -100.8 -100.8 -100.8",8.073,500,0,1758,983,"-8e+01 -8e+01 -8e+01","1 0 0","8.1 0.048 0.023",3,3,0.01,0.00,0,0,2,0
26.100,6,0.667,0.000,0.471,3,1,-78.353,"-76.3 -81.5 -77.3","0.000 1.000 1.000",-93.966,-100.819,"-100.8 -100.8 -100.8 -100.8 -100.8 -100.8 -100.8 -100.8",8.173,502,0,1765,988,"-8e+01 -8e+01 -8e+01","1 0 0","8.2 0.048 0.023",3,3,0.01,0.00,0,0,2,0
26.200,6,0.667,0.000,0.471,3,1,-78.353,"-76.3 -81.5 -77.3","0.000 1.000 1.000",-93.966,-100.819,"-100.8 -100.8 -100.8 -100.8 -100.8 -100.8 -100.8 -100.8",8.273,504,0,1771,992,"-8e+01 -8e+01 -8e+01","1 0 0","8.3 0.048 0.023",3,3,0.02,0.00,0,0,2,0
26.300,6,0.667,0.000,0.471,3,1,-78.353,"-76.3 -81.5 -77.3","0.000 1.000 1.000",-93.966,-100.819,"-100.8 -100.8 -100.8 -100.8 -100.8 -100.8 -100.8 -100.8",8.373,506,0,1778,997,"-8e+01 -8e+01 -8e+01","1 0 0","8.4 0.048 0.023",3,3,0.00,0.00,0,0,2,0
26.400,6,0.667,0.000,0.471,3,1,-78.353,"-76.3 -81.5 -77.3","0.000 1.000 1.000",-93.966,-100.819,"-100.8 -100.8 -100.8 -100.8 -100.8 -100.8 -100.8 -100.8",8.473,508,0,1784,1001,"-8e+01 -8e+01 -8e+01","1 0 0","8.5 0.048 0.023",4,4,0.01,0.00,0,0,2,0
26.500,6,0.667,0.000,0.471,3,1,-78.353,"-76.3 -81.5 -77.3","0.000 1.000 1.000",-93.966,-100.819,"-100.8 -100.8 -100.8 -100.8 -100.8 -100.8 -100.8 -100.8",8.573,510,0,1790,1005,"-8e+01 -8e+01 -8e+01","1 0 0","8.6 0.048 0.023",3,3,0.01,0.00,0,0,2,0
26.600,6,0.667,0.000,0.471,3,1,-78.353,"-76.3 -81.5 -77.3","0.000 1.000 1.000",-93.966,-100.819,"-100.8 -100.8 -100.8 -100.8 -100.8 -100.8 -100.8 -100.8",8.673,512,0,1796,1009,"-8e+01 -8e+01 -8e+01","1 0 0","8.7 0.048 0.023",3,3,0.01,0.00,0,0,2,0
26.700,6,0.667,0.000,0.471,3,1,-78.353,"-76.3 -81.5 -77.3","0.000 1.000 1.000",-93.966,-100.819,"-100.8 -100.8 -100.8 -100.8 -100.8 -100.8 -100.8 -100.8",8.773,514,0,1802,1013,"-8e+01 -8e+01 -8e+01","1 0 0","8.8 0.048 0.023",3,3,0.01,0.00,0,0,2,0
26.800,6,0.667,0.000,0.471,3,1,-78.353,"-76.3 -81.5 -77.3","0.000 1.000 1.000",-93.966,-100.819,"-100.8 -100.8 -100.8 -100.8 -100.8 -100.8 -100.8 -100.8",8.873,516,0,1808,1017,"-8e+01 -8e+01 -8e+01","1 0 0","8.9 0.048 0.023",3,3,0.01,0.00,0,0,2,0
26.900,6,0.667,0.000,0.471,3,1,-78.353,"-76.3 -81.5 -77.3","0.000 1.000 1.000",-93.966,-100.819,"-100.8 -100.8 -100.8 -100.8 -100.8 -100.8 -100.8 -100.8",8.973,518,0,1814,1021,"-8e+01 -8e+01 -8e+01","1 0 0","9 0.048 0.023",3,3,0.01,0.00,0,0,2,0
27.000,6,0.667,0.000,0.471,3,1,-78.353,"-76.3 -81.5 -77.3","0.000 1.000 1.000",-93.966,-100.819,"-100.8 -100.8 -100.8 -100.8 -100.8 -100.8 -100.8 -100.8",9.073,520,0,1820,1025,"-8e+01 -8e+01 -8e+01","1 0 0","9.1 0.048 0.023",3,3,0.01,0.00,0,0,2,0
27.100,6,0.667,0.000,0.471,3,1,-78.353,"-76.3 -81.5 -77.3","0.000 1.000 1.000",-93.966,-100.819,"-100.8 -100.8 -100.8 -100.8 -100.8 -100.8 -100.8 -100.8",9.173,522,0,1826,1029,"-8e+01 -8e+01 -8e+01","1 0 0","9.2 0.048 0.023",3,3,0.01,0.00,0,0,2,0
27.200,6,0.667,0.000,0.471,3,1,-78.353,"-76.3 -81.5 -77.3","0.000 1.000 1.000",-93.966,-100.819,"-100.8 -100.8 -100.8 -100.8 -100.8 -100.8 -100.8 -100.8",9.273,524,0,1832,1033,"-8e+01 -8e+01 -8e+01","1 0 0","9.3 0.048 0.023",3,3,0.01,0.00,0,0,2,0
27.300,6,0.667,0.000,0.471,3,1,-78.353,"-76.3 -81.5 -77.3","0.000 1.000 1.000",-93.966,-100.819,"-100.8 -100.8 -100.8 -100.8 -100.8 -100.8 -100.8 -100.8",9.373,526,0,1838,1037,"-8e+01 -8e+01 -8e+01","1 0 0","9.4 0.048 0.023",3,3,0.01,0.00,0,0,2,0
27.400,6,0.667,0.000,0.471,3,1,-78.353,"-76.3 -81.5 -77.3","0.000 1.000 1.000",-93.966,-100.819,"-100.8 -100.8 -100.8 -100.8 -100.8 -100.8 -100.8 -100.8",9.473,528,0,1844,1041,"-8e+01 -8e+01 -8e+01","1 0 0","9.5 0.048 0.023",3,3,0.01,0.00,0,0,2,0
27.500,6,0.667,0.000,0.471,3,1,-78.353,"-76.3 -81.5 -77.3","0.000 1.000 1.000",-93.966,-100.819,"-100.8 -100.8 -100.8 -100.8 -100.8 -100.8 -100.8 -100.8",9.573,530,0,1850,1045,"-8e+01 -8e+01 -8e+01","1 0 0","9.6 0.048 0.023",3,3,0.01,0.00,0,0,2,0
27.600,6,0.667,0.000,0.471,3,1,-78.353,"-76.3 -81.5 -77.3","0.000 1.000 1.000",-93.966,-100.819,"-100.8 -100.8 -100.8 -100.8 -100.8 -100.8 -100.8 -100.8",9.673,532,0,1856,1049,"-8e+01 -8e+01 -8e+01","1 0 0","9.7 0.048 0.023",3,3,0.01,0.00,0,0,2,0
27.700,6,0.667,0.000,0.471,3,1,-78.353,"-76.3 -81.5 -77.3","0.000 1.000 1.000",-93.966,-100.819,"-100.8 -100.8 -100.8 -100.8 -100.8 -100.8 -100.8 -100.8",9.773,534,0,1862,1053,"-8e+01 -8e+01 -8e+01","1 0 0","9.8 0.048 0.023",3,3,0.01,0.00,0,0,2,0
27.800,6,0.667,0.000,0.471,3,1,-78.353,"-76.3 -81.5 -77.3","0.000 1.000 1.000",-93.966,-100.819,"-100.8 -100.8 -100.8 -100.8 -100.8 -100.8 -100.8 -100.8",9.873,536,0,1868,1057,"-8e+01 -8e+01 -8e+01","1 0 0","9.9 0.048 0.023",3,3,0.00,0.00,0,0,2,0
27.900,6,0.667,0.000,0.471,3,1,-78.353,"-76.3 -81.5 -77.3","0.000 1.000 1.000",-93.966,-100.819,"-100.8 -100.8 -100.8 -100.8 -100.8 -100.8 -100.8 -100.8",9.973,538,0,1874,1061,"-8e+01 -8e+01 -8e+01","1 0 0","10 0.048 0.023",3,3,0.01,0.00,0,0,2,0
28.000,6,0.667,0.000,0.471,3,1,-78.353,"-76.3 -81.5 -77.3","0.000 1.000 1.000",-93.966,-100.819,"-100.8 -100.8 -100.8 -100.8 -100.8 -100.8 -100.8 -100.8",10.073,540,0,1880,1065,"-8e+01 -8e+01 -8e+01","1 0 0","10 0.048 0.023",3,3,0.01,0.00,0,0,2,0
28.100,6,0.667,0.000,0.471,3,1,-78.353,"-76.3 -81.5 -77.3","0.000 1.000 1.000",-93.966,-100.819,"-100.8 -100.8 -100.8 -100.8 -100.8 -100.8 -100.8 -100.8",10.173,542,0,1887,1069,"-8e+01 -8e+01 -8e+01","1 0 0","10 0.048 0.023",4,4,0.00,0.00,0,0,2,0
28.200,6,0.667,0.000,0.471,3,1,-78.353,"-76.3 -81.5 -77.3","0.000 1.000 1.000",-93.966,-100.819,"-100.8 -100.8 -100.8 -100.8 -100.8 -100.8 -100.8 -100.8",10.273,544,0,1894,1073,"-8e+01 -8e+01 -8e+01","1 0 0","10 0.048 0.023",3,3,0.01,0.00,0,0,2,0
28.300,6,0.667,0.000,0.471,3,1,-78.353,"-76.3 -81.5 -77.3","0.000 1.000 1.000",-93.966,-100.819,"-100.8 -100.8 -100.8 -100.8 -100.8 -100.8 -100.8 -100.8",10.373,546,0,1900,1078,"-8e+01 -8e+01 -8e+01","1 0 0","10 0.048 0.023",3,3,0.00,0.00,0,0,2,0
28.400,6,0.667,0.000,0.471,3,1,-78.353,"-76.3 -81.5 -77.3","0.000 1.000 1.000",-93.966,-100.819,"-100.8 -100.8 -100.8 -100.8 -100.8 -100.8 -100.8 -100.8",10.473,548,0,1906,1083,"-8e+01 -8e+01 -8e+01","1 0 0","10 0.048 0.023",3,3,0.01,0.00,0,0,2,0
28.500,6,0.667,0.000,0.471,3,1,-78.353,"-76.3 -81.5 -77.3","0.000 1.000 1.000",-93.966,-100.819,"-100.8 -100.8 -100.8 -100.8 -100.8 -100.8 -100.8 -100.8",10.573,550,0,1912,1087,"-8e+01 -8e+01 -8e+01","1 0 0","11 0.048 0.023",3,3,0.01,0.00,0,0,2,0
28.600,6,0.667,0.000,0.471,3,1,-78.353,"-76.3 -81.5 -77.3","0.000 1.000 1.000",-93.966,-100.819,"-100.8 -100.8 -100.8 -100.8 -100.8 -100.8 -100.8 -100.8",10.673,552,0,1918,1091,"-8e+01 -8e+01 -8e+01","1 0 0","11 0.048 0.023",3,3,0.00,0.00,0,0,2,0
28.700,6,0.667,0.000,0.471,3,1,-78.353,"-76.3 -81.5 -77.3","0.000 1.000 1.000",-93.966,-100.819,"-100.8 -100.8 -100.8 -100.8 -100.8 -100.8 -100.8 -100.8",10.773,554,0,1924,1095,"-8e+01 -8e+01 -8e+01","1 0 0","11 0.048 0.023",3,3,0.01,0.00,0,0,2,0
28.800,6,0.667,0.000,0.471,3,1,-78.353,"-76.3 -81.5 -77.3","0.000 1.000 1.000",-93.966,-100.819,"-100.8 -100.8 -100.8 -100.8 -100.8 -100.8 -100.8 -100.8",10.873,556,0,1930,1099,"-8e+01 -8e+01 -8e+01","1 0 0","11 0.048 0.023",3,3,0.01,0.00,0,0,2,0
28.900,6,0.667,0.000,0.471,3,1,-78.353,"-76.3 -81.5 -77.3","0.000 1.000 1.000",-93.966,-100.819,"-100.8 -100.8 -100.8 -100.8 -100.8 -100.8 -100.8 -100.8",10.973,558,0,1936,1103,"-8e+01 -8e+01 -8e+01","1 0 0","11 0.048 0.023",3,3,0.00,0.00,0,0,2,0
29.000,6,0.667,0.000,0.471,3,1,-78.353,"-76.3 -81.5 -77.3","0.000 1.000 1.000",-93.966,-100.819,"-100.8 -100.8 -100.8 -100.8 -100.8 -100.8 -100.8 -100.8",11.073,560,0,1942,1107,"-8e+01 -8e+01 -8e+01","1 0 0","11 0.048 0.023",3,3,0.01,0.00,0,0,2,0
29.100,6,0.667,0.000,0.471,3,1,-78.353,"-76.3 -81.5 -77.3","0.000 1.000 1.000",-93.966,-100.819,"-100.8 -100.8 -100.8 -100.8 -100.8 -100.8 -100.8 -100.8",11.173,562,0,1948,1111,"-8e+01 -8e+01 -8e+01","1 0 0","11 0.048 0.023",3,3,0.02,0.00,0,0,2,0
29.200,6,0.667,0.000,0.471,3,1,-78.353,"-76.3 -81.5 -77.3","0.000 1.000 1.000",-93.966,-100.819,"-100.8 -100.8 -100.8 -100.8 -100.8 -100.8 -100.8 -100.8",11.273,564,0,1954,1115,"-8e+01 -8e+01 -8e+01","1 0 0","11 0.048 0.023",3,3,0.00,0.00,0,0,2,0
29.300,6,0.667,0.000,0.471,3,1,-78.353,"-76.3 -81.5 -77.3","0.000 1.000 1.000",-93.966,-100.819,"-100.8 -100.8 -100.8 -100.8 -100.8 -100.8 -100.8 -100.8",11.373,566,0,1960,1119,"-8e+01 -8e+01 -8e+01","1 0 0","11 0.048 0.023",3,3,0.01,0.00,0,0,2,0
29.400,6,0.667,0.000,0.471,3,1,-78.353,"-76.3 -81.5 -77.3","0.000 1.000 1.000",-93.966,-100.819,"-100.8 -100.8 -100.8 -100.8 -100.8 -100.8 -100.8 -100.8",11.473,568,0,1966,1123,"-8e+01 -8e+01 -8e+01","1 0 0","11 0.048 0.023",3,3,0.02,0.00,0,0,2,0
29.500,6,0.667,0.000,0.471,3,1,-78.353,"-76.3 -81.5 -77.3","0.000 1.000 1.000",-93.966,-100.819,"-100.8 -100.8 -100.8 -100.8 -100.8 -100.8 -100.8 -100.8",11.573,570,0,1972,1127,"-8e+01 -8e+01 -8e+01","1 0 0","12 0.048 0.023",3,3,0.00,0.00,0,0,2,0
29.600,6,0.667,0.000,0.471,3,1,-78.353,"-76.3 -81.5 -77.3","0.000 1.000 1.000",-93.966,-100.819,"-100.8 -100.8 -100.8 -100.8 -100.8 -100.8 -100.8 -100.8",11.673,572,0,1978,1131,"-8e+01 -8e+01 -8e+01","1 0 0","12 0.048 0.023",3,3,0.01,0.00,0,0,2,0
29.700,6,0.667,0.000,0.471,3,1,-78.353,"-76.3 -81.5 -77.3","0.000 1.000 1.000",-93.966,-100.819,"-100.8 -100.8 -100.8 -100.8 -100.8 -100.8 -100.8 -100.8",11.773,574,0,1984,1135,"-8e+01 -8e+01 -8e+01","1 0 0","12 0.048 0.023",3,3,0.02,0.00,0,0,2,0
29.800,6,0.667,0.000,0.471,3,1,-78.353,"-76.3 -81.5 -77.3","0.000 1.000 1.000",-93.966,-100.819,"-100.8 -100.8 -100.8 -100.8 -100.8 -100.8 -100.8 -100.8",11.873,576,0,1990,1139,"-8e+01 -8e+01 -8e+01","1 0 0","12 0.048 0.023",3,3,0.00,0.00,0,0,2,0
29.900,6,0.667,0.000,0.471,3,1,-78.353,"-76.3 -81.5 -77.3","0.000 1.000 1.000",-93.966,-100.819,"-100.8 -100.8 -100.8 -100.8 -100.8 -100.8 -100.8 -100.8",11.973,578,0,1996,1143,"-8e+01 -8e+01 -8e+01","1 0 0","12 0.048 0.023",3,3,0.01,0.00,0,0,2,0
30.000,6,0.667,0.000,0.471,3,1,-78.353,"-76.3 -81.5 -77.3","0.000 1.000 1.000",-93.966,-100.819,"-100.8 -100.8 -100.8 -100.8 -100.8 -100.8 -100.8 -100.8",12.073,580,0,2002,1147,"-8e+01 -8e+01 -8e+01","1 0 0","12 0.048 0.023",3,3,0.02,0.00,0,0,2,0
30.100,6,0.667,0.000,0.471,3,1,-78.353,"-76.3 -81.5 -77.3","0.000 1.000 1.000",-93.966,-100.819,"-100.8 -100.8 -100.8 -100.8 -100.8 -100.8 -100.8 -100.8",12.173,582,0,2009,1152,"-8e+01 -8e+01 -8e+01","1 0 0","12 0.048 0.023",3,3,0.00,0.00,0,0,2,0
30.200,6,0.667,0.000,0.471,3,1,-78.353,"-76.3 -81.5 -77.3","0.000 1.000 1.000",-93.966,-100.819,"-100.8 -100.8 -100.8 -100.8 -100.8 -100.8 -100.8 -100.8",12.273,584,0,2016,1156,"-8e+01 -8e+01 -8e+01","1 0 0","12 0.048 0.023",4,4,0.02,0.00,0,0,2,0
30.300,6,0.667,0.000,0.471,3,1,-78.353,"-76.3 -81.5 -77.3","0.000 1.000 1.000",-93.966,-100.819,"-100.8 -100.8 -100.8 -100.8 -100.8 -100.8 -100.8 -100.8",12.373,586,0,2022,1161,"-8e+01 -8e+01 -8e+01","1 0 0","12 0.048 0.023",4,4,0.01,0.00,0,0,2,0
30.400,6,0.667,0.000,0.471,3,1,-78.353,"-76.3 -81.5 -77.3","0.000 1.000 1.000",-93.966,-100.819,"-100.8 -100.8 -100.8 -100.8 -100.8 -100.8 -100.8 -100.8",12.473,588,0,2028,1165,"-8e+01 -8e+01 -8e+01","1 0 0","12 0.048 0.023",3,3,0.01,0.00,0,0,2,0
30.500,6,0.667,0.000,0.471,3,1,-78.353,"-76.3 -81.5 -77.3","0.000 1.000 1.000",-93.966,-100.819,"-100.8 -100.8 -100.8 -100.8 -100.8 -100.8 -100.8 -100.8",12.573,590,0,2034,1170,"-8e+01 -8e+01 -8e+01","1 0 0","13 0.048 0.023",3,3,0.01,0.00,0,0,2,0
30.600,6,0.667,0.000,0.471,3,1,-78.353,"-76.3 -81.5 -77.3","0.000 1.000 1.000",-93.966,-100.819,"-100.8 -100.8 -100.8 -100.8 -100.8 -100.8 -100.8 -100.8",12.673,592,0,2040,1174,"-8e+01 -8e+01 -8e+01","1 0 0","13 0.048 0.023",3,3,0.01,0.00,0,0,2,0
30.700,6,0.667,0.000,0.471,3,1,-78.353,"-76.3 -81.5 -77.3","0.000 1.000 1.000",-93.966,-100.819,"-100.8 -100.8 -100.8 -100.8 -100.8 -100.8 -100.8 -100.8",12.773,594,0,2046,1178,"-8e+01 -8e+01 -8e+01","1 0 0","13 0.048 0.023",3,3,0.01,0.00,0,0,2,0
30.800,6,0.667,0.000,0.471,3,1,-78.353,"-76.3 -81.5 -77.3","0.000 1.000 1.000",-93.966,-100.819,"-100.8 -100.8 -100.8 -100.8 -100.8 -100.8 -100.8 -100.8",12.873,596,0,2052,1182,"-8e+01 -8e+01 -8e+01","1 0 0","13 0.048 0.023",3,3,0.01,0.00,0,0,2,0
30.900,6,0.667,0.000,0.471,3,1,-78.353,"-76.3 -81.5 -77.3","0.000 1.000 1.000",-93.966,-100.819,"-100.8 -100.8 -100.8 -100.8 -100.8 -100.8 -100.8 -100.8",12.973,598,0,2058,1186,"-8e+01 -8e+01 -8e+01","1 0 0","13 0.048 0.023",3,3,0.01,0.00,0,0,2,0
31.000,6,0.667,0.000,0.471,3,1,-78.353,"-76.3 -81.5 -77.3","0.000 1.000 1.000",-93.966,-100.819,"-100.8 -100.8 -100.8 -100.8 -100.8 -100.8 -100.8 -100.8",13.073,600,0,2064,1190,"-8e+01 -8e+01 -8e+01","1 0 0","13 0.048 0.023",3,3,0.01,0.00,0,0,2,0
31.100,6,0.667,0.000,0.471,3,1,-78.353,"-76.3 -81.5 -77.3","0.000 1.000 1.000",-93.966,-100.819,"-100.8 -100.8 -100.8 -100.8 -100.8 -100.8 -100.8 -100.8",13.173,602,0,2070,1194,"-8e+01 -8e+01 -8e+01","1 0 0","13 0.048 0.023",3,3,0.01,0.00,0,0,2,0
31.200,6,0.667,0.000,0.471,3,1,-78.353,"-76.3 -81.5 -77.3","0.000 1.000 1.000",-93.966,-100.819,"-100.8 -100.8 -100.8 -100.8 -100.8 -100.8 -100.8 -100.8",13.273,604,0,2076,1198,"-8e+01 -8e+01 -8e+01","1 0 0","13 0.048 0.023",3,3,0.01,0.00,0,0,2,0
31.300,6,0.667,0.000,0.471,3,1,-78.353,"-76.3 -81.5 -77.3","0.000 1.000 1.000",-93.966,-100.819,"-100.8 -100.8 -100.8 -100.8 -100.8 -100.8 -100.8 -100.8",13.373,606,0,2082,1202,"-8e+01 -8e+01 -8e+01","1 0 0","13 0.048 0.023",3,3,0.01,0.00,0,0,2,0
31.400,6,0.667,0.000,0.471,3,1,-78.353,"-76.3 -81.5 -77.3","0.000 1.000 1.000",-93.966,-100.819,"-100.8 -100.8 -100.8 -100.8 -100.8 -100.8 -100.8 -100.8",13.473,608,0,2088,1206,"-8e+01 -8e+01 -8e+01","1 0 0","13 0.048 0.023",3,3,0.01,0.00,0,0,2,0
31.500,6,0.667,0.000,0.471,3,1,-78.353,"-76.3 -81.5 -77.3","0.000 1.000 1.000",-93.966,-100.819,"-100.8 -100.8 -100.8 -100.8 -100.8 -100.8 -100.8 -100.8",13.573,610,0,2094,1210,"-8e+01 -8e+01 -8e+01","1 0 0","14 0.048 0.023",3,3,0.01,0.00,0,0,2,0
31.600,6,0.667,0.000,0.471,3,1,-78.353,"-76.3 -81.5 -77.3","0.000 1.000 1.000",-93.966,-100.819,"-100.8 -100.8 -100.8 -100.8 -100.8 -100.8 -100.8 -100.8",13.673,612,0,2100,1214,"-8e+01 -8e+01 -8e+01","1 0 0","14 0.048 0.023",3,3,0.01,0.00,0,0,2,0
31.700,6,0.667,0.000,0.471,3,1,-78.353,"-76.3 -81.5 -77.3","0.000 1.000 1.000",-93.966,-100.819,"-100.8 -100.8 -100.8 -100.8 -100.8 -100.8 -100.8 -100.8",13.773,614,0,2106,1218,"-8e+01 -8e+01 -8e+01","1 0 0","14 0.048 0.023",3,3,0.01,0.00,0,0,2,0
31.800,6,0.667,0.000,0.471,3,1,-78.353,"-76.3 -81.5 -77.3","0.000 1.000 1.000",-93.966,-100.819,"-100.8 -100.8 -100.8 -100.8 -100.8 -100.8 -100.8 -100.8",13.873,616,0,2112,1222,"-8e+01 -8e+01 -8e+01","1 0 0","14 0.048 0.023",3,3,0.01,0.00,0,0,2,0
31.900,6,0.667,0.000,0.471,3,1,-78.353,"-76.3 -81.5 -77.3","0.000 1.000 1.000",-93.966,-100.819,"-100.8 -100.8 -100.8 -100.8 -100.8 -100.8 -100.8 -100.8",13.973,618,0,2118,1226,"-8e+01 -8e+01 -8e+01","1 0 0","14 0.048 0.023",3,3,0.01,0.00,0,0,2,0
32.000,6,0.667,0.000,0.471,3,1,-78.353,"-76.3 -81.5 -77.3","0.000 1.000 1.000",-93.966,-100.819,"-100.8 -100.8 -100.8 -100.8 -100.8 -100.8 -100.8 -100.8",14.073,620,0,2124,1230,"-8e+01 -8e+01 -8e+01","1 0 0","14 0.048 0.023",3,3,0.00,0.00,0,0,2,0
32.100,6,0.667,0.000,0.471,3,1,-78.353,"-76.3 -81.5 -77.3","0.000 1.000 1.000",-93.966,-100.819,"-100.8 -100.8 -100.8 -100.8 -100.8 -100.8 -100.8 -100.8",14.173,622,0,2131,1234,"-8e+01 -8e+01 -8e+01","1 0 0","14 0.048 0.023",3,3,0.01,0.00,0,0,2,0
32.200,6,0.667,0.000,0.471,3,1,-78.353,"-76.3 -81.5 -77.3","0.000 1.000 1.000",-93.966,-100.819,"-100.8 -100.8 -100.8 -100.8 -100.8 -100.8 -100.8 -100.8",14.273,624,0,2138,1239,"-8e+01 -8e+01 -8e+01","1 0 0","14 0.048 0.023",4,4,0.01,0.00,0,0,2,0
32.300,6,0.667,0.000,0.471,3,1,-78.353,"-76.3 -81.5 -77.3","0.000 1.000 1.000",-93.966,-100.819,"-100.8 -100.8 -100.8 -100.8 -100.8 -100.8 -100.8 -100.8",14.373,626,0,2144,1244,"-8e+01 -8e+01 -8e+01","1 0 0","14 0.048 0.023",3,3,0.00,0.00,0,0,2,0
32.400,6,0.667,0.000,0.471,3,1,-78.353,"-76.3 -81.5 -77.3","0.000 1.000 1.000",-93.966,-100.819,"-100.8 -100.8 -100.8 -100.8 -100.8 -100.8 -100.8 -100.8",14.473,628,0,2150,1248,"-8e+01 -8e+01 -8e+01","1 0 0","14 0.048 0.023",3,3,0.01,0.00,0,0,2,0
32.500,6,0.667,0.000,0.471,3,1,-78.353,"-76.3 -81.5 -77.3","0.000 1.000 1.000",-93.966,-100.819,"-100.8 -100.8 -100.8 -100.8 -100.8 -100.8 -100.8 -100.8",14.573,630,0,2156,1252,"-8e+01 -8e+01 -8e+01","1 0 0","15 0.048 0.023",3,3,0.01,0.00,0,0,2,0
32.600,6,0.667,0.000,0.471,3,1,-78.353,"-76.3 -81.5 -77.3","0.000 1.000 1.000",-93.966,-100.819,"-100.8 -100.8 -100.8 -100.8 -100.8 -100.8 -100.8 -100.8",14.673,632,0,2162,1256,"-8e+01 -8e+01 -8e+01","1 0 0","15 0.048 0.023",3,3,0.01,0.00,0,0,2,0
32.700,6,0.667,0.000,0.471,3,1,-78.353,"-76.3 -81.5 -77.3","0.000 1.000 1.000",-93.966,-100.819,"-100.8 -100.8 -100.8 -100.8 -100.8 -100.8 -100.8 -100.8",14.773,634,0,2168,1260,"-8e+01 -8e+01 -8e+01","1 0 0","15 0.048 0.023",3,3,0.01,0.00,0,0,2,0
32.800,6,0.667,0.000,0.471,3,1,-78.353,"-76.3 -81.5 -77.3","0.000 1.000 1.000",-93.966,-100.819,"-100.8 -100.8 -100.8 -100.8 -100.8 -100.8 -100.8 -100.8",14.873,636,0,2174,1264,"-8e+01 -8e+01 -8e+01","1 0 0","15 0.048 0.023",3,3,0.01,0.00,0,0,2,0
32.900,6,0.667,0.000,0.471,3,1,-78.353,"-76.3 -81.5 -77.3","0.000 1.000 1.000",-93.966,-100.819,"-100.8 -100.8 -100.8 -100.8 -100.8 -100.8 -100.8 -100.8",14.973,638,0,2180,1268,"-8e+01 -8e+01 -8e+01","1 0 0","15 0.048 0.023",3,3,0.01,0.00,0,0,2,0
33.000,6,0.667,0.000,0.471,3,1,-78.353,"-76.3 -81.5 -77.3","0.000 1.000 1.000",-93.966,-100.819,"-100.8 -100.8 -100.8 -100.8 -100.8 -100.8 -100.8 -100.8",15.073,640,0,2186,1272,"-8e+01 -8e+01 -8e+01","1 0 0","15 0.048 0.023",3,3,0.01,0.00,0,0,2,0
33.100,6,0.667,0.000,0.471,3,1,-78.353,"-76.3 -81.5 -77.3","0.000 1.000 1.000",-93.966,-100.819,"-100.8 -100.8 -100.8 -100.8 -100.8 -100.8 -100.8 -100.8",15.173,642,0,2192,1276,"-8e+01 -8e+01 -8e+01","1 0 0","15 0.048 0.023",3,3,0.01,0.00,0,0,2,0
33.200,6,0.667,0.000,0.471,3,1,-78.353,"-76.3 -81.5 -77.3","0.000 1.000 1.000",-93.966,-100.819,"-100.8 -100.8 -100.8 -100.8 -100.8 -100.8 -100.8 -100.8",15.273,644,0,2198,1280,"-8e+01 -8e+01 -8e+01","1 0 0","15 0.048 0.023",3,3,0.00,0.00,0,0,2,0
33.300,6,0.667,0.000,0.471,3,1,-78.353,"-76.3 -81.5 -77.3","0.000 1.000 1.000",-93.966,-100.819,"-100.8 -100.8 -100.8 -100.8 -100.8 -100.8 -100.8 -100.8",15.373,646,0,2204,1284,"-8e+01 -8e+01 -8e+01","1 0 0","15 0.048 0.023",3,3,0.01,0.00,0,0,2,0
33.400,6,0.667,0.000,0.471,3,1,-78.353,"-76.3 -81.5 -77.3","0.000 1.000 1.000",-93.966,-100.819,"-100.8 -100.8 -100.8 -100.8 -100.8 -100.8 -100.8 -100.8",15.473,648,0,2210,1288,"-8e+01 -8e+01 -8e+01","1 0 0","15 0.048 0.023",3,3,0.01,0.00,0,0,2,0
33.500,6,0.667,0.000,0.471,3,1,-78.353,"-76.3 -81.5 -77.3","0.000 1.000 1.000",-93.966,-100.819,"-100.8 -100.8 -100.8 -100.8 -100.8 -100.8 -100.8 -100.8",15.573,650,0,2216,1292,"-8e+01 -8e+01 -8e+01","1 0 0","16 0.048 0.023",3,3,0.00,0.00,0,0,2,0
33.600,6,0.667,0.000,0.471,3,1,-78.353,"-76.3 -81.5 -77.3","0.000 1.000 1.000",-93.966,-100.819,"-100.8 -100.8 -100.8 -100.8 -100.8 -100.8 -100.8 -100.8",15.673,652,0,2222,1296,"-8e+01 -8e+01 -8e+01","1 0 0","16 0.048 0.023",3,3,0.01,0.00,0,0,2,0
33.700,6,0.667,0.000,0.471,3,1,-78.353,"-76.3 -81.5 -77.3","0.000 1.000 1.000",-93.966,-100.819,"-100.8 -100.8 -100.8 -100.8 -100.8 -100.8 -100.8 -100.8",15.773,654,0,2228,1300,"-8e+01 -8e+01 -8e+01","1 0 0","16 0.048 0.023",3,3,0.02,0.00,0,0,2,0
33.800,6,0.667,0.000,0.471,3,1,-78.353,"-76.3 -81.5 -77.3","0.000 1.000 1.000",-93.966,-100.819,"-100.8 -100.8 -100.8 -100.8 -100.8 -100.8 -100.8 -100.8",15.873,656,0,2234,1304,"-8e+01 -8e+01 -8e+01","1 0 0","16 0.048 0.023",3,3,0.00,0.00,0,0,2,0
33.900,6,0.667,0.000,0.471,3,1,-78.353,"-76.3 -81.5 -77.3","0.000 1.000 1.000",-93.966,-100.819,"-100.8 -100.8 -100.8 -100.8 -100.8 -100.8 -100.8 -100.8",15.973,658,0,2240,1308,"-8e+01 -8e+01 -8e+01","1 0 0","16 0.048 0.023",3,3,0.01,0.00,0,0,2,0
34.000,6,0.667,0.000,0.471,3,1,-78.353,"-76.3 -81.5 -77.3","0.000 1.000 1.000",-93.966,-100.819,"-100.8 -100.8 -100.8 -100.8 -100.8 -100.8 -100.8 -100.8",16.073,660,0,2246,1312,"-8e+01 -8e+01 -8e+01","1 0 0","16 0.048 0.023",3,3,0.02,0.00,0,0,2,0
34.100,6,0.667,0.000,0.471,3,1,-78.353,"-76.3 -81.5 -77.3","0.000 1.000 1.000",-93.966,-100.819,"-100.8 -100.8 -100.8 -100.8 -100.8 -100.8 -100.8 -100.8",16.173,662,0,2252,1316,"-8e+01 -8e+01 -8e+01","1 0 0","16 0.048 0.023",3,3,0.00,0.00,0,0,2,0
34.200,6,0.667,0.000,0.471,3,1,-78.353,"-76.3 -81.5 -77.3","0.000 1.000 1.000",-93.966,-100.819,"-100.8 -100.8 -100.8 -100.8 -100.8 -100.8 -100.8 -100.8",16.273,664,0,2258,1322,"-8e+01 -8e+01 -8e+01","1 0 0","16 0.048 0.023",4,4,0.01,0.00,1,0,1,0
34.300,6,0.667,0.000,0.471,3,1,-78.353,"-76.3 -81.5 -77.3","0.000 1.000 1.000",-93.966,-100.819,"-100.8 -100.8 -100.8 -100.8 -100.8 -100.8 -100.8 -100.8",16.373,666,0,2265,1326,"-8e+01 -8e+01 -8e+01","1 0 0","16 0.048 0.023",3,3,0.01,0.00,0,0,2,0
34.400,6,0.667,0.000,0.471,3,1,-78.353,"-76.3 -81.5 -77.3","0.000 1.000 1.000",-93.966,-100.819,"-100.8 -100.8 -100.8 -100.8 -100.8 -100.8 -100.8 -100.8",16.473,668,0,2271,1330,"-8e+01 -8e+01 -8e+01","1 0 0","16 0.048 0.023",3,3,0.01,0.00,0,0,2,0
34.500,6,0.667,0.000,0.471,3,1,-78.353,"-76.3 -81.5 -77.3","0.000 1.000 1.000",-93.966,-100.819,"-100.8 -100.8 -100.8 -100.8 -100.8 -100.8 -100.8 -100.8",16.573,670,0,2278,1334,"-8e+01 -8e+01 -8e+01","1 0 0","17 0.048 0.023",3,3,0.01,0.00,0,0,2,0
34.600,6,0.667,0.000,0.471,3,1,-78.353,"-76.3 -81.5 -77.3","0.000 1.000 1.000",-93.966,-100.819,"-100.8 -100.8 -100.8 -100.8 -100.8 -100.8 -100.8 -100.8",16.673,672,0,2284,1338,"-8e+01 -8e+01 -8e+01","1 0 0","17 0.048 0.023",3,3,0.01,0.00,0,0,2,0
34.700,6,0.667,0.000,0.471,3,1,-78.353,"-76.3 -81.5 -77.3","0.000 1.000 1.000",-93.966,-100.819,"-100.8 -100.8 -100.8 -100.8 -100.8 -100.8 -100.8 -100.8",16.773,674,0,2290,1342,"-8e+01 -8e+01 -8e+01","1 0 0","17 0.048 0.023",3,3,0.01,0.00,0,0,2,0
34.800,6,0.667,0.000,0.471,3,1,-78.353,"-76.3 -81.5 -77.3","0.000 1.000 1.000",-93.966,-100.819,"-100.8 -100.8 -100.8 -100.8 -100.8 -100.8 -100.8 -100.8",16.873,676,0,2296,1346,"-8e+01 -8e+01 -8e+01","1 0 0","17 0.048 0.023",3,3,0.01,0.00,0,0,2,0
34.900,6,0.667,0.000,0.471,3,1,-78.353,"-76.3 -81.5 -77.3","0.000 1.000 1.000",-93.966,-100.819,"-100.8 -100.8 -100.8 -100.8 -100.8 -100.8 -100.8 -100.8",16.973,678,0,2302,1350,"-8e+01 -8e+01 -8e+01","1 0 0","17 0.048 0.023",3,3,0.01,0.00,0,0,2,0
35.000,6,0.667,0.000,0.471,3,1,-78.353,"-76.3 -81.5 -77.3","0.000 1.000 1.000",-93.966,-100.819,"-100.8 -100.8 -100.8 -100.8 -100.8 -100.8 -100.8 -100.8",17.073,680,0,2308,1354,"-8e+01 -8e+01 -8e+01","1 0 0","17 0.048 0.023",3,3,0.01,0.00,0,0,2,0
35.100,6,0.667,0.000,0.471,3,1,-78.353,"-76.3 -81.5 -77.3","0.000 1.000 1.000",-93.966,-100.819,"-100.8 -100.8 -100.8 -100.8 -100.8 -100.8 -100.8 -100.8",17.173,682,0,2314,1358,"-8e+01 -8e+01 -8e+01","1 0 0","17 0.048 0.023",3,3,0.01,0.00,0,0,2,0
35.200,6,0.667,0.000,0.471,3,1,-78.353,"-76.3 -81.5 -77.3","0.000 1.000 1.000",-93.966,-100.819,"-100.8 -100.8 -100.8 -100.8 -100.8 -100.8 -100.8 -100.8",17.273,684,0,2320,1363,"-8e+01 -8e+01 -8e+01","1 0 0","17 0.048 0.023",3,3,0.01,0.00,0,0,2,0
35.300,6,0.667,0.000,0.471,3,1,-78.353,"-76.3 -81.5 -77.3","0.000 1.000 1.000",-93.966,-100.819,"-100.8 -100.8 -100.8 -100.8 -100.8 -100.8 -100.8 -100.8",17.373,686,0,2326,1367,"-8e+01 -8e+01 -8e+01","1 0 0.0196","17 0.048 0.023",3,3,0.01,0.00,0,0,2,0
35.400,6,0.667,0.000,0.471,3,1,-78.353,"-76.3 -81.5 -77.3","0.000 1.000 1.000",-93.966,-100.819,"-100.8 -100.8 -100.8 -100.8 -100.8 -100.8 -100.8 -100.8",17.473,688,0,2333,1371,"-8e+01 -8e+01 -8e+01","1 0 0.0196","17 0.048 0.023",3,3,0.01,0.00,0,0,2,0
35.500,6,0.667,0.000,0.471,3,1,-78.353,"-76.3 -81.5 -77.3","0.000 1.000 1.000",-93.966,-100.819,"-100.8 -100.8 -100.8 -100.8 -100.8 -100.8 -100.8 -100.8",17.573,690,0,2339,1375,"-8e+01 -8e+01 -8e+01","1 0 0.0196","18 0.048 0.023",3,3,0.01,0.00,0,0,2,0
35.600,6,0.667,0.000,0.471,3,1,-78.353,"-76.3 -81.5 -77.3","0.000 1.000 1.000",-93.966,-100.819,"-100.8 -100.8 -100.8 -100.8 -100.8 -100.8 -100.8 -100.8",17.673,692,0,2345,1379,"-8e+01 -8e+01 -8e+01","1 0 0.0196","18 0.048 0.023",3,3,0.01,0.00,0,0,2,0
35.700,6,0.667,0.000,0.471,3,1,-78.353,"-76.3 -81.5 -77.3","0.000 1.000 1.000",-93.966,-100.819,"-100.8 -100.8 -100.8 -100.8 -100.8 -100.8 -100.8 -100.8",17.773,694,0,2351,1383,"-8e+01 -8e+01 -8e+01","1 0 0.0196","18 0.048 0.023",3,3,0.01,0.00,0,0,2,0
35.800,6,0.667,0.000,0.471,3,1,-78.353,"-76.3 -81.5 -77.3","0.000 1.000 1.000",-93.966,-100.819,"-100.8 -100.8 -100.8 -100.8 -100.8 -100.8 -100.8 -100.8",17.873,696,0,2357,1387,"-8e+01 -8e+01 -8e+01","1 0 0.0196","18 0.048 0.023",3,3,0.01,0.00,0,0,2,0
35.900,6,0.667,0.000,0.471,3,1,-78.353,"-76.3 -81.5 -77.3","0.000 1.000 1.000",-93.966,-100.819,"-100.8 -100.8 -100.8 -100.8 -100.8 -100.8 -100.8 -100.8",17.973,698,0,2363,1392,"-8e+01 -8e+01 -8e+01","1 0 0.0196","18 0.048 0.023",3,3,0.01,0.00,0,0,2,0
36.000,6,0.667,0.000,0.471,3,1,-78.353,"-76.3 -81.5 -77.3","0.000 1.000 1.000",-93.966,-100.819,"-100.8 -100.8 -100.8 -100.8 -100.8 -100.8 -100.8 -100.8",18.073,700,0,2369,1396,"-8e+01 -8e+01 -8e+01","1 0 0.0196","18 0.048 0.023",3,3,0.01,0.00,0,0,2,0
36.100,6,0.667,0.000,0.471,3,1,-78.353,"-76.3 -81.5 -77.3","0.000 1.000 1.000",-93.966,-100.819,"-100.8 -100.8 -100.8 -100.8 -100.8 -100.8 -100.8 -100.8",18.173,702,0,2376,1401,"-8e+01 -8e+01 -8e+01","1 0 0.0196","18 0.048 0.023",4,4,0.02,0.00,0,0,2,0
36.200,6,0.667,0.000,0.471,3,1,-78.353,"-76.3 -81.5 -77.3","0.000 1.000 1.000",-93.966,-100.819,"-100.8 -100.8 -100.8 -100.8 -100.8 -100.8 -100.8 -100.8",18.273,704,0,2383,1405,"-8e+01 -8e+01 -8e+01","1 0 0.0196","18 0.048 0.023",3,3,0.00,0.00,0,0,2,0
36.300,6,0.667,0.000,0.471,3,1,-78.353,"-76.3 -81.5 -77.3","0.000 1.000 1.000",-93.966,-100.819,"-100.8 -100.8 -100.8 -100.8 -100.8 -100.8 -100.8 -100.8",18.373,706,0,2389,1409,"-8e+01 -8e+01 -8e+01","1 0 0.0196","18 0.048 0.023",3,3,0.01,0.00,0,0,2,0
36.400,6,0.667,0.000,0.471,3,1,-78.353,"-76.3 -81.5 -77.3","0.000 1.000 1.000",-93.966,-100.819,"-100.8 -100.8 -100.8 -100.8 -100.8 -100.8 -100.8 -100.8",18.473,708,0,2395,1413,"-8e+01 -8e+01 -8e+01","1 0 0.0196","18 0.048 0.023",3,3,0.01,0.00,0,0,2,0
36.500,6,0.667,0.000,0.471,3,1,-78.353,"-76.3 -81.5 -77.3","0.000 1.000 1.000",-93.966,-100.819,"-100.8 -100.8 -100.8 -100.8 -100.8 -100.8 -100.8 -100.8",18.573,710,0,2401,1418,"-8e+01 -8e+01 -8e+01","1 0 0.0196","19 0.048 0.023",3,3,0.01,0.00,0,0,2,0
36.600,6,0.667,0.000,0.471,3,1,-78.353,"-76.3 -81.5 -77.3","0.000 1.000 1.000",-93.966,-100.819,"-100.8 -100.8 -100.8 -100.8 -100.8 -100.8 -100.8 -100.8",18.673,712,0,2407,1422,"-8e+01 -8e+01 -8e+01","1 0 0.0196","19 0.048 0.023",3,3,0.02,0.00,0,0,2,0
36.700,6,0.667,0.000,0.471,3,1,-78.353,"-76.3 -81.5 -77.3","0.000 1.000 1.000",-93.966,-100.819,"-100.8 -100.8 -100.8 -100.8 -100.8 -100.8 -100.8 -100.8",18.773,714,0,2413,1426,"-8e+01 -8e+01 -8e+01","1 0 0.0196","19 0.048 0.023",3,3,0.01,0.00,0,0,2,0
36.800,6,0.667,0.000,0.471,3,1,-78.353,"-76.3 -81.5 -77.3","0.000 1.000 1.000",-93.966,-100.819,"-100.8 -100.8 -100.8 -100.8 -100.8 -100.8 -100.8 -100.8",18.873,716,0,2419,1430,"-8e+01 -8e+01 -8e+01","1 0 0.0196","19 0.048 0.023",3,3,0.01,0.00,0,0,2,0
36.900,6,0.667,0.000,0.471,3,1,-78.353,"-76.3 -81.5 -77.3","0.000 1.000 1.000",-93.966,-100.819,"-100.8 -100.8 -100.8 -100.8 -100.8 -100.8 -100.8 -100.8",18.973,718,0,2425,1434,"-8e+01 -8e+01 -8e+01","1 0 0.0196","19 0.048 0.023",3,3,0.01,0.00,0,0,2,0
37.000,6,0.667,0.000,0.471,3,1,-78.353,"-76.3 -81.5 -77.3","0.000 1.000 1.000",-93.966,-100.819,"-100.8 -100.8 -100.8 -100.8 -100.8 -100.8 -100.8 -100.8",19.073,720,0,2431,1438,"-8e+01 -8e+01 -8e+01","1 0 0.0196","19 0.048 0.023",3,3,0.01,0.00,0,0,2,0
37.100,6,0.667,0.000,0.471,3,1,-78.353,"-76.3 -81.5 -77.3","0.000 1.000 1.000",-93.966,-100.819,"-100.8 -100.8 -100.8 -100.8 -100.8 -100.8 -100.8 -100.8",19.173,722,0,2437,1442,"-8e+01 -8e+01 -8e+01","1 0 0.0196","19 0.048 0.023",3,3,0.01,0.00,0,0,2,0
37.200,6,0.667,0.000,0.471,3,1,-78.353,"-76.3 -81.5 -77.3","0.000 1.000 1.000",-93.966,-100.819,"-100.8 -100.8 -100.8 -100.8 -100.8 -100.8 -100.8 -100.8",19.273,724,0,2443,1446,"-8e+01 -8e+01 -8e+01","1 0 0.0196","19 0.048 0.023",3,3,0.01,0.00,0,0,2,0
37.300,6,0.667,0.000,0.471,3,1,-78.353,"-76.3 -81.5 -77.3","0.000 1.000 1.000",-93.966,-100.819,"-100.8 -100.8 -100.8 -100.8 -100.8 -100.8 -100.8 -100.8",19.373,726,0,2449,1450,"-8e+01 -8e+01 -8e+01","1 0 0.0196","19 0.048 0.023",3,3,0.01,0.00,0,0,2,0
37.400,6,0.667,0.000,0.471,3,1,-78.353,"-76.3 -81.5 -77.3","0.000 1.000 1.000",-93.966,-100.819,"-100.8 -100.8 -100.8 -100.8 -100.8 -100.8 -100.8 -100.8",19.473,728,0,2455,1454,"-8e+01 -8e+01 -8e+01","1 0 0.0196","19 0.048 0.023",3,3,0.01,0.00,0,0,2,0
37.500,6,0.667,0.000,0.471,3,1,-78.353,"-76.3 -81.5 -77.3","0.000 1.000 1.000",-93.966,-100.819,"-100.8 -100.8 -100.8 -100.8 -100.8 -100.8 -100.8 -100.8",19.573,730,0,2461,1458,"-8e+01 -8e+01 -8e+01","1 0 0.0196","20 0.048 0.023",3,3,0.01,0.00,0,0,2,0
37.600,6,0.667,0.000,0.471,3,1,-78.353,"-76.3 -81.5 -77.3","0.000 1.000 1.000",-93.966,-100.819,"-100.8 -100.8 -100.8 -100.8 -100.8 -100.8 -100.8 -100.8",19.673,732,0,2467,1462,"-8e+01 -8e+01 -8e+01","1 0 0.0196","20 0.048 0.023",3,3,0.01,0.00,0,0,2,0
37.700,6,0.667,0.000,0.471,3,1,-78.353,"-76.3 -81.5 -77.3","0.000 1.000 1.000",-93.966,-100.819,"-100.8 -100.8 -100.8 -100.8 -100.8 -100.8 -100.8 -100.8",19.773,734,0,2473,1466,"-8e+01 -8e+01 -8e+01","1 0 0.0196","20 0.048 0.023",3,3,0.01,0.00,0,0,2,0
37.800,6,0.667,0.000,0.471,3,1,-78.353,"-76.3 -81.5 -77.3","0.000 1.000 1.000",-93.966,-100.819,"-100.8 -100.8 -100.8 -100.8 -100.8 -100.8 -100.8 -100.8",19.873,736,0,2479,1470,"-8e+01 -8e+01 -8e+01","1 0 0.0196","20 0.048 0.023",3,3,0.01,0.00,0,0,2,0
37.900,6,0.667,0.000,0.471,3,1,-78.353,"-76.3 -81.5 -77.3","0.000 1.000 1.000",-93.966,-100.819,"-100.8 -100.8 -100.8 -100.8 -100.8 -100.8 -100.8 -100.8",19.973,738,0,2485,1474,"-8e+01 -8e+01 -8e+01","1 0 0.0196","20 0.048 0.023",3,3,0.01,0.00,0,0,2,0
38.000,6,0.667,0.000,0.471,3,1,-78.353,"-76.3 -81.5 -77.3","0.000 1.000 1.000",-93.966,-100.819,"-100.8 -100.8 -100.8 -100.8 -100.8 -100.8 -100.8 -100.8",20.073,740,0,2491,1478,"-8e+01 -8e+01 -8e+01","1 0 0.0196","20 0.048 0.023",3,3,0.01,0.00,0,0,2,0
38.100,6,0.667,0.000,0.471,3,1,-78.353,"-76.3 -81.5 -77.3","0.000 1.000 1.000",-93.966,-100.819,"-100.8 -100.8 -100.8 -100.8 -100.8 -100.8 -100.8 -100.8",20.173,742,0,2497,1482,"-8e+01 -8e+01 -8e+01","1 0 0.0196","20 0.048 0.023",4,4,0.01,0.00,0,0,2,0
38.200,6,0.667,0.000,0.471,3,1,-78.353,"-76.3 -81.5 -77.3","0.000 1.000 1.000",-93.966,-100.819,"-100.8 -100.8 -100.8 -100.8 -100.8 -100.8 -100.8 -100.8",20.273,744,0,2503,1486,"-8e+01 -8e+01 -8e+01","1 0 0.0196","20 0.048 0.023",3,3,0.01,0.00,0,0,2,0
38.300,6,0.667,0.000,0.471,3,1,-78.353,"-76.3 -81.5 -77.3","0.000 1.000 1.000",-93.966,-100.819,"-100.8 -100.8 -100.8 -100.8 -100.8 -100.8 -100.8 -100.8",20.373,746,0,2509,1491,"-8e+01 -8e+01 -8e+01","1 0 0.0196","20 0.048 0.023",5,5,0.01,0.00,0,0,2,0
38.400,6,0.667,0.000,0.471,3,1,-78.353,"-76.3 -81.5 -77.3","0.000 1.000 1.000",-93.966,-100.819,"-100.8 -100.8 -100.8 -100.8 -100.8 -100.8 -100.8 -100.8",20.473,748,0,2516,1496,"-8e+01 -8e+01 -8e+01","1 0 0.0196","20 0.048 0.023",3,3,0.02,0.00,0,0,2,0
38.500,6,0.667,0.000,0.471,3,1,-78.353,"-76.3 -81.5 -77.3","0.000 1.000 1.000",-93.966,-100.819,"-100.8 -100.8 -100.8 -100.8 -100.8 -100.8 -100.8 -100.8",20.573,750,0,2523,1500,"-8e+01 -8e+01 -8e+01","1 0 0.0196","21 0.048 0.023",3,3,0.00,0.00,0,0,2,0
38.600,6,0.667,0.000,0.471,3,1,-78.353,"-76.3 -81.5 -77.3","0.000 1.000 1.000",-93.966,-100.819,"-100.8 -100.8 -100.8 -100.8 -100.8 -100.8 -100.8 -100.8",20.673,752,0,2529,1504,"-8e+01 -8e+01 -8e+01","1 0 0.0196","21 0.048 0.023",3,3,0.01,0.00,0,0,2,0
38.700,6,0.667,0.000,0.471,3,1,-78.353,"-76.3 -81.5 -77.3","0.000 1.000 1.000",-93.966,-100.819,"-100.8 -100.8 -100.8 -100.8 -100.8 -100.8 -100.8 -100.8",20.773,754,0,2535,1508,"-8e+01 -8e+01 -8e+01","1 0 0.0196","21 0.048 0.023",3,3,0.01,0.00,0,0,2,0
38.800,6,0.667,0.000,0.471,3,1,-78.353,"-76.3 -81.5 -77.3","0.000 1.000 1.000",-93.966,-100.819,"-100.8 -100.8 -100.8 -100.8 -100.8 -100.8 -100.8 -100.8",20.873,756,0,2541,1512,"-8e+01 -8e+01 -8e+01","1 0 0.0196","21 0.048 0.023",3,3,0.01,0.00,0,0,2,0
38.900,6,0.667,0.000,0.471,3,1,-78.353,"-76.3 -81.5 -77.3","0.000 1.000 1.000",-93.966,-100.819,"-100.8 -100.8 -100.8 -100.8 -100.8 -100.8 -100.8 -100.8",20.973,758,0,2547,1516,"-8e+01 -8e+01 -8e+01","1 0 0.0196","21 0.048 0.023",3,3,0.01,0.00,0,0,2,0
39.000,6,0.667,0.000,0.471,3,1,-78.353,"-76.3 -81.5 -77.3","0.000 1.000 1.000",-93.966,-100.819,"-100.8 -100.8 -100.8 -100.8 -100.8 -100.8 -100.8 -100.8",21.073,760,0,2553,1520,"-8e+01 -8e+01 -8e+01","1 0 0.0196","21 0.048 0.023",3,3,0.01,0.00,0,0,2,0
39.100,6,0.667,0.000,0.471,3,1,-78.353,"-76.3 -81.5 -77.3","0.000 1.000 1.000",-93.966,-100.819,"-100.8 -100.8 -100.8 -100.8 -100.8 -100.8 -100.8 -100.8",21.173,762,0,2559,1524,"-8e+01 -8e+01 -8e+01","1 0 0.0196","21 0.048 0.023",3,3,0.01,0.00,0,0,2,0
39.200,6,0.667,0.000,0.471,3,1,-78.353,"-76.3 -81.5 -77.3","0.000 1.000 1.000",-93.966,-100.819,"-100.8 -100.8 -100.8 -100.8 -100.8 -100.8 -100.8 -100.8",21.273,764,0,2565,1528,"-8e+01 -8e+01 -8e+01","1 0 0.0196","21 0.048 0.023",3,3,0.01,0.00,0,0,2,0
39.300,6,0.667,0.000,0.471,3,1,-78.353,"-76.3 -81.5 -77.3","0.000 1.000 1.000",-93.966,-100.819,"-100.8 -100.8 -100.8 -100.8 -100.8 -100.8 -100.8 -100.8",21.373,766,0,2571,1532,"-8e+01 -8e+01 -8e+01","1 0 0.0196","21 0.048 0.023",3,3,0.01,0.00,0,0,2,0
39.400,6,0.667,0.000,0.471,3,1,-78.353,"-76.3 -81.5 -77.3","0.000 1.000 1.000",-93.966,-100.819,"-100.8 -100.8 -100.8 -100.8 -100.8 -100.8 -100.8 -100.8",21.473,768,0,2577,1536,"-8e+01 -8e+01 -8e+01","1 0 0.0196","21 0.048 0.023",3,3,0.01,0.00,0,0,2,0
39.500,6,0.667,0.000,0.471,3,1,-78.353,"-76.3 -81.5 -77.3","0.000 1.000 1.000",-93.966,-100.819,"-100.8 -100.8 -100.8 -100.8 -100.8 -100.8 -100.8 -100.8",21.573,770,0,2583,1540,"-8e+01 -8e+01 -8e+01","1 0 0.0196","22 0.048 0.023",3,3,0.01,0.00,0,0,2,0
39.600,6,0.667,0.000,0.471,3,1,-78.353,"-76.3 -81.5 -77.3","0.000 1.000 1.000",-93.966,-100.819,"-100.8 -100.8 -100.8 -100.8 -100.8 -100.8 -100.8 -100.8",21.673,772,0,2589,1544,"-8e+01 -8e+01 -8e+01","1 0 0.0196","22 0.048 0.023",3,3,0.01,0.00,0,0,2,0
39.700,6,0.667,0.000,0.471,3,1,-78.353,"-76.3 -81.5 -77.3","0.000 1.000 1.000",-93.966,-100.819,"-100.8 -100.8 -100.8 -100.8 -100.8 -100.8 -100.8 -100.8",21.773,774,0,2595,1548,"-8e+01 -8e+01 -8e+01","1 0 0.0196","22 0.048 0.023",3,3,0.00,0.00,0,0,2,0
39.800,6,0.667,0.000,0.471,3,1,-78.353,"-76.3 -81.5 -77.3","0.000 1.000 1.000",-93.966,-100.819,"-100.8 -100.8 -100.8 -100.8 -100.8 -100.8 -100.8 -100.8",21.873,776,0,2601,1552,"-8e+01 -8e+01 -8e+01","1 0 0.0196","22 0.048 0.023",3,3,0.01,0.00,0,0,2,0
39.900,6,0.667,0.000,0.471,3,1,-78.353,"-76.3 -81.5 -77.3","0.000 1.000 1.000",-93.966,-100.819,"-100.8 -100.8 -100.8 -100.8 -100.8 -100.8 -100.8 -100.8",21.973,778,0,2607,1556,"-8e+01 -8e+01 -8e+01","1 0 0.0196","22 0.048 0.023",3,3,0.02,0.00,0,0,2,0
40.000,6,0.667,0.000,0.471,3,1,-78.353,"-76.3 -81.5 -77.3","0.000 1.000 1.000",-93.966,-100.819,"-100.8 -100.8 -100.8 -100.8 -100.8 -100.8 -100.8 -100.8",22.073,780,0,2613,1560,"-8e+01 -8e+01 -8e+01","1 0 0.0196","22 0.048 0.023",3,3,0.00,0.00,0,0,2,0
40.100,6,0.667,0.000,0.471,3,1,-78.353,"-76.3 -81.5 -77.3","0.000 1.000 1.000",-93.966,-100.819,"-100.8 -100.8 -100.8 -100.8 -100.8 -100.8 -100.8 -100.8",22.173,782,0,2619,1565,"-8e+01 -8e+01 -8e+01","1 0 0.0196","22 0.048 0.023",4,4,0.01,0.00,0,0,2,0
40.200,6,0.667,0.000,0.471,3,1,-78.353,"-76.3 -81.5 -77.3","0.000 1.000 1.000",-93.966,-100.819,"-100.8 -100.8 -100.8 -100.8 -100.8 -100.8 -100.8 -100.8",22.273,784,0,2625,1569,"-8e+01 -8e+01 -8e+01","1 0 0.0196","22 0.048 0.023",3,3,0.02,0.00,0,0,2,0
40.300,6,0.667,0.000,0.471,3,1,-78.353,"-76.3 -81.5 -77.3","0.000 1.000 1.000",-93.966,-100.819,"-100.8 -100.8 -100.8 -100.8 -100.8 -100.8 -100.8 -100.8",22.373,786,0,2632,1574,"-8e+01 -8e+01 -8e+01","1 0 0.0196","22 0.048 0.023",3,3,0.00,0.00,0,0,2,0
40.400,6,0.667,0.000,0.471,3,1,-78.353,"-76.3 -81.5 -77.3","0.000 1.000 1.000",-93.966,-100.819,"-100.8 -100.8 -100.8 -100.8 -100.8 -100.8 -100.8 -100.8",22.473,788,0,2639,1578,"-8e+01 -8e+01 -8e+01","1 0 0.0196","22 0.048 0.023",3,3,0.01,0.00,0,0,2,0
40.500,6,0.667,0.000,0.471,3,1,-78.353,"-76.3 -81.5 -77.3","0.000 1.000 1.000",-93.966,-100.819,"-100.8 -100.8 -100.8 -100.8 -100.8 -100.8 -100.8 -100.8",22.573,790,0,2645,1582,"-8e+01 -8e+01 -8e+01","1 0 0.0196","23 0.048 0.023",3,3,0.01,0.00,0,0,2,0
40.600,6,0.667,0.000,0.471,3,1,-78.353,"-76.3 -81.5 -77.3","0.000 1.000 1.000",-93.966,-100.819,"-100.8 -100.8 -100.8 -100.8 -100.8 -100.8 -100.8 -100.8",22.673,792,0,2651,1586,"-8e+01 -8e+01 -8e+01","1 0 0.0196","23 0.048 0.023",3,3,0.01,0.00,0,0,2,0
40.700,6,0.667,0.000,0.471,3,1,-78.353,"-76.3 -81.5 -77.3","0.000 1.000 1.000",-93.966,-100.819,"-100.8 -100.8 -100.8 -100.8 -100.8 -100.8 -100.8 -100.8",22.773,794,0,2657,1590,"-8e+01 -8e+01 -8e+01","1 0 0.0196","23 0.048 0.023",3,3,0.01,0.00,0,0,2,0
40.800,6,0.667,0.000,0.471,3,1,-78.353,"-76.3 -81.5 -77.3","0.000 1.000 1.000",-93.966,-100.819,"-100.8 -100.8 -100.8 -100.8 -100.8 -100.8 -100.8 -100.8",22.873,796,0,2663,1595,"-8e+01 -8e+01 -8e+01","1 0 0.0196","23 0.048 0.023",3,3,0.01,0.00,0,0,2,0
40.900,6,0.667,0.000,0.471,3,1,-78.353,"-76.3 -81.5 -77.3","0.000 1.000 1.000",-93.966,-100.819,"-100.8 -100.8 -100.8 -100.8 -100.8 -100.8 -100.8 -100.8",22.973,798,0,2669,1599,"-8e+01 -8e+01 -8e+01","1 0 0.0196","23 0.048 0.023",3,3,0.01,0.00,0,0,2,0
41.000,6,0.667,0.000,0.471,3,1,-78.353,"-76.3 -81.5 -77.3","0.000 1.000 1.000",-93.966,-100.819,"-100.8 -100.8 -100.8 -100.8 -100.8 -100.8 -100.8 -100.8",23.073,800,0,2675,1603,"-8e+01 -8e+01 -8e+01","1 0 0.0196","23 0.048 0.023",3,3,0.01,0.00,0,0,2,0
41.100,6,0.667,0.000,0.471,3,1,-78.353,"-76.3 -81.5 -77.3","0.000 1.000 1.000",-93.966,-100.819,"-100.8 -100.8 -100.8 -100.8 -100.8 -100.8 -100.8 -100.8",23.173,802,0,2681,1607,"-8e+01 -8e+01 -8e+01","1 0 0.0196","23 0.048 0.023",3,3,0.01,0.00,0,0,2,0
41.200,6,0.667,0.000,0.471,3,1,-78.353,"-76.3 -81.5 -77.3","0.000 1.000 1.000",-93.966,-100.819,"-100.8 -100.8 -100.8 -100.8 -100.8 -100.8 -100.8 -100.8",23.273,804,0,2687,1611,"-8e+01 -8e+01 -8e+01","1 0 0.0196","23 0.048 0.023",3,3,0.01,0.00,0,0,2,0
41.300,6,0.667,0.000,0.471,3,1,-78.353,"-76.3 -81.5 -77.3","0.000 1.000 1.000",-93.966,-100.819,"-100.8 -100.8 -100.8 -100.8 -100.8 -100.8 -100.8 -100.8",23.373,806,0,2693,1615,"-8e+01 -8e+01 -8e+01","1 0 0.0196","23 0.048 0.023",3,3,0.01,0.00,0,0,2,0
41.400,6,0.667,0.000,0.471,3,1,-78.353,"-76.3 -81.5 -77.3","0.000 1.000 1.000",-93.966,-100.819,"-100.8 -100.8 -100.8 -100.8 -100.8 -100.8 -100.8 -100.8",23.473,808,0,2699,1619,"-8e+01 -8e+01 -8e+01","1 0 0.0196","23 0.048 0.023",3,3,0.01,0.00,0,0,2,0
41.500,6,0.667,0.000,0.471,3,1,-78.353,"-76.3 -81.5 -77.3","0.000 1.000 1.000",-93.966,-100.819,"-100.8 -100.8 -100.8 -100.8 -100.8 -100.8 -100.8 -100.8",23.573,810,0,2705,1623,"-8e+01 -8e+01 -8e+01","1 0 0.0196","24 0.048 0.023",3,3,0.01,0.00,0,0,2,0
41.600,6,0.667,0.000,0.471,3,1,-78.353,"-76.3 -81.5 -77.3","0.000 1.000 1.000",-93.966,-100.819,"-100.8 -100.8 -100.8 -100.8 -100.8 -100.8 -100.8 -100.8",23.673,812,0,2711,1627,"-8e+01 -8e+01 -8e+01","1 0 0.0196","24 0.048 0.023",3,3,0.01,0.00,0,0,2,0
41.700,6,0.667,0.000,0.471,3,1,-78.353,"-76.3 -81.5 -77.3","0.000 1.000 1.000",-93.966,-100.819,"-100.8 -100.8 -100.8 -100.8 -100.8 -100.8 -100.8 -100.8",23.773,814,0,2717,1631,"-8e+01 -8e+01 -8e+01","1 0 0.0196","24 0.048 0.023",3,3,0.01,0.00,0,0,2,0
41.800,6,0.667,0.000,0.471,3,1,-78.353,"-76.3 -81.5 -77.3","0.000 1.000 1.000",-93.966,-100.819,"-100.8 -100.8 -100.8 -100.8 -100.8 -100.8 -100.8 -100.8",23.873,816,0,2723,1635,"-8e+01 -8e+01 -8e+01","1 0 0.0196","24 0.048 0.023",3,3,0.01,0.00,0,0,2,0
41.900,6,0.667,0.000,0.471,3,1,-78.353,"-76.3 -81.5 -77.3","0.000 1.000 1.000",-93.966,-100.819,"-100.8 -100.8 -100.8 -100.8 -100.8 -100.8 -100.8 -100.8",23.973,818,0,2729,1639,"-8e+01 -8e+01 -8e+01","1 0 0.0196","24 0.048 0.023",3,3,0.00,0.00,0,0,2,0
42.000,6,0.667,0.000,0.471,3,1,-78.353,"-76.3 -81.5 -77.3","0.000 1.000 1.000",-93.966,-100.819,"-100.8 -100.8 -100.8 -100.8 -100.8 -100.8 -100.8 -100.8",24.073,820,0,2735,1643,"-8e+01 -8e+01 -8e+01","1 0 0.0196","24 0.048 0.023",3,3,0.01,0.00,0,0,2,0
42.100,6,0.667,0.000,0.471,3,1,-78.353,"-76.3 -81.5 -77.3","0.000 1.000 1.000",-93.966,-100.819,"-100.8 -100.8 -100.8 -100.8 -100.8 -100.8 -100.8 -100.8",24.173,822,0,2742,1648,"-8e+01 -8e+01 -8e+01","1 0 0.0196","24 0.048 0.023",3,3,0.02,0.00,0,0,2,0
42.200,6,0.667,0.000,0.471,3,1,-78.353,"-76.3 -81.5 -77.3","0.000 1.000 1.000",-93.966,-100.819,"-100.8 -100.8 -100.8 -100.8 -100.8 -100.8 -100.8 -100.8",24.273,824,0,2748,1652,"-8e+01 -8e+01 -8e+01","1 0 0.0196","24 0.048 0.023",4,4,0.01,0.00,0,0,2,0
42.300,6,0.667,0.000,0.471,3,1,-78.353,"-76.3 -81.5 -77.3","0.000 1.000 1.000",-93.966,-100.819,"-100.8 -100.8 -100.8 -100.8 -100.8 -100.8 -100.8 -100.8",24.373,826,0,2754,1656,"-8e+01 -8e+01 -8e+01","1 0 0.0196","24 0.048 0.023",3,3,0.01,0.00,0,0,2,0
42.400,6,0.667,0.000,0.471,3,1,-78.353,"-76.3 -81.5 -77.3","0.000 1.000 1.000",-93.966,-100.819,"-100.8 -100.8 -100.8 -100.8 -100.8 -100.8 -100.8 -100.8",24.473,828,0,2760,1660,"-8e+01 -8e+01 -8e+01","1 0 0.0196","24 0.048 0.023",3,3,0.01,0.00,0,0,2,0
42.500,6,0.667,0.000,0.471,3,1,-78.353,"-76.3 -81.5 -77.3","0.000 1.000 1.000",-93.966,-100.819,"-100.8 -100.8 -100.8 -100.8 -100.8 -100.8 -100.8 -100.8",24.573,830,0,2767,1665,"-8e+01 -8e+01 -8e+01","1 0 0.0196","25 0.048 0.023",3,3,0.01,0.00,0,0,2,0
42.600,6,0.667,0.000,0.471,3,1,-78.353,"-76.3 -81.5 -77.3","0.000 1.000 1.000",-93.966,-100.819,"-100.8 -100.8 -100.8 -100.8 -100.8 -100.8 -100.8 -100.8",24.673,832,0,2773,1669,"-8e+01 -8e+01 -8e+01","1 0 0.0196","25 0.048 0.023",3,3,0.02,0.00,0,0,2,0
42.700,6,0.667,0.000,0.471,3,1,-78.353,"-76.3 -81.5 -77.3","0.000 1.000 1.000",-93.966,-100.819,"-100.8 -100.8 -100.8 -100.8 -100.8 -100.8 -100.8 -100.8",24.773,834,0,2779,1673,"-8e+01 -8e+01 -8e+01","1 0 0.0196","25 0.048 0.023",3,3,0.00,0.00,0,0,2,0
42.800,6,0.667,0.000,0.471,3,1,-78.353,"-76.3 -81.5 -77.3","0.000 1.000 1.000",-93.966,-100.819,"-100.8 -100.8 -100.8 -100.8 -100.8 -100.8 -100.8 -100.8",24.873,836,0,2785,1677,"-8e+01 -8e+01 -8e+01","1 0 0.0196","25 0.048 0.023",3,3,0.01,0.00,0,0,2,0
42.900,6,0.667,0.000,0.471,3,1,-78.353,"-76.3 -81.5 -77.3","0.000 1.000 1.000",-93.966,-100.819,"-100.8 -100.8 -100.8 -100.8 -100.8 -100.8 -100.8 -100.8",24.973,838,0,2791,1681,"-8e+01 -8e+01 -8e+01","1 0 0.0196","25 0.048 0.023",3,3,0.02,0.00,0,0,2,0
43.000,6,0.667,0.000,0.471,3,1,-78.353,"-76.3 -81.5 -77.3","0.000 1.000 1.000",-93.966,-100.819,"-100.8 -100.8 -100.8 -100.8 -100.8 -100.8 -100.8 -100.8",25.073,840,0,2797,1685,"-8e+01 -8e+01 -8e+01","1 0 0.0196","25 0.048 0.023",3,3,0.00,0.00,0,0,2,0
43.100,6,0.667,0.000,0.471,3,1,-78.353,"-76.3 -81.5 -77.3","0.000 1.000 1.000",-93.966,-100.819,"-100.8 -100.8 -100.8 -100.8 -100.8 -100.8 -100.8 -100.8",25.173,842,0,2803,1689,"-8e+01 -8e+01 -8e+01","1 0 0.0196","25 0.048 0.023",3,3,0.01,0.00,0,0,2,0
43.200,6,0.667,0.000,0.471,3,1,-78.353,"-76.3 -81.5 -77.3","0.000 1.000 1.000",-93.966,-100.819,"-100.8 -100.8 -100.8 -100.8 -100.8 -100.8 -100.8 -100.8",25.273,844,0,2809,1693,"-8e+01 -8e+01 -8e+01","1 0 0.0196","25 0.048 0.023",3,3,0.02,0.00,0,0,2,0
43.300,6,0.667,0.000,0.471,3,1,-78.353,"-76.3 -81.5 -77.3","0.000 1.000 1.000",-93.966,-100.819,"-100.8 -100.8 -100.8 -100.8 -100.8 -100.8 -100.8 -100.8",25.373,846,0,2815,1697,"-8e+01 -8e+01 -8e+01","1 0 0.0196","25 0.048 0.023",3,3,0.00,0.00,0,0,2,0
43.400,6,0.667,0.000,0.471,3,1,-78.353,"-76.3 -81.5 -77.3","0.000 1.000 1.000",-93.966,-100.819,"-100.8 -100.8 -100.8 -100.8 -100.8 -100.8 -100.8 -100.8",25.473,848,0,2821,1701,"-8e+01 -8e+01 -8e+01","1 0 0.0196","25 0.048 0.023",3,3,0.01,0.00,0,0,2,0
43.500,6,0.667,0.000,0.471,3,1,-78.353,"-76.3 -81.5 -77.3","0.000 1.000 1.000",-93.966,-100.819,"-100.8 -100.8 -100.8 -100.8 -100.8 -100.8 -100.8 -100.8",25.573,850,0,2827,1705,"-8e+01 -8e+01 -8e+01","1 0 0.0196","26 0.048 0.023",3,3,0.02,0.00,0,0,2,0
43.600,6,0.667,0.000,0.471,3,1,-78.353,"-76.3 -81.5 -77.3","0.000 1.000 1.000",-93.966,-100.819,"-100.8 -100.8 -100.8 -100.8 -100.8 -100.8 -100.8 -100.8",25.673,852,0,2833,1709,"-8e+01 -8e+01 -8e+01","1 0 0.0196","26 0.048 0.023",3,3,0.00,0.00,0,0,2,0
43.700,6,0.667,0.000,0.471,3,1,-78.353,"-76.3 -81.5 -77.3","0.000 1.000 1.000",-93.966,-100.819,"-100.8 -100.8 -100.8 -100.8 -100.8 -100.8 -100.8 -100.8",25.773,854,0,2839,1713,"-8e+01 -8e+01 -8e+01","1 0 0.0196","26 0.048 0.023",3,3,0.01,0.00,0,0,2,0
43.800,6,0.667,0.000,0.471,3,1,-78.353,"-76.3 -81.5 -77.3","0.000 1.000 1.000",-93.966,-100.819,"-100.8 -100.8 -100.8 -100.8 -100.8 -100.8 -100.8 -100.8",25.873,856,0,2845,1717,"-8e+01 -8e+01 -8e+01","1 0 0.0196","26 0.048 0.023",3,3,0.02,0.00,0,0,2,0
43.900,6,0.667,0.000,0.471,3,1,-78.353,"-76.3 -81.5 -77.3","0.000 1.000 1.000",-93.966,-100.819,"-100.8 -100.8 -100.8 -100.8 -100.8 -100.8 -100.8 -100.8",25.973,858,0,2851,1721,"-8e+01 -8e+01 -8e+01","1 0 0.0196","26 0.048 0.023",3,3,0.00,0.00,0,0,2,0
44.000,6,0.667,0.000,0.471,3,1,-78.353,"-76.3 -81.5 -77.3","0.000 1.000 1.000",-93.966,-100.819,"-100.8 -100.8 -100.8 -100.8 -100.8 -100.8 -100.8 -100.8",26.073,860,0,2857,1725,"-8e+01 -8e+01 -8e+01","1 0 0.0196","26 0.048 0.023",3,3,0.01,0.00,0,0,2,0
44.100,6,0.667,0.000,0.471,3,1,-78.353,"-76.3 -81.5 -77.3","0.000 1.000 1.000",-93.966,-100.819,"-100.8 -100.8 -100.8 -100.8 -100.8 -100.8 -100.8 -100.8",26.173,862,0,2864,1729,"-8e+01 -8e+01 -8e+01","1 0 0.0196","26 0.048 0.023",3,3,0.02,0.00,0,0,2,0
44.200,6,0.667,0.000,0.471,3,1,-78.353,"-76.3 -81.5 -77.3","0.000 1.000 1.000",-93.966,-100.819,"-100.8 -100.8 -100.8 -100.8 -100.8 -100.8 -100.8 -100.8",26.273,864,0,2870,1734,"-8e+01 -8e+01 -8e+01","1 0 0.0196","26 0.048 0.023",3,3,0.01,0.00,0,0,2,0
44.300,6,0.667,0.000,0.471,3,1,-78.353,"-76.3 -81.5 -77.3","0.000 1.000 1.000",-93.966,-100.819,"-100.8 -100.8 -100.8 -100.8 -100.8 -100.8 -100.8 -100.8",26.373,866,0,2877,1739,"-8e+01 -8e+01 -8e+01","1 0 0.0196","26 0.048 0.023",3,3,0.01,0.00,0,0,2,0
44.400,6,0.667,0.000,0.471,3,1,-78.353,"-76.3 -81.5 -77.3","0.000 1.000 1.000",-93.966,-100.819,"-100.8 -100.8 -100.8 -100.8 -100.8 -100.8 -100.8 -100.8",26.473,868,0,2883,1743,"-8e+01 -8e+01 -8e+01","1 0 0.0196","26 0.048 0.023",3,3,0.01,0.00,0,0,2,0
44.500,6,0.667,0.000,0.471,3,1,-78.353,"-76.3 -81.5 -77.3","0.000 1.000 1.000",-93.966,-100.819,"-100.8 -100.8 -100.8 -100.8 -100.8 -100.8 -100.8 -100.8",26.573,870,0,2889,1747,"-8e+01 -8e+01 -8e+01","1 0 0.0196","27 0.048 0.023",4,4,0.01,0.00,0,0,2,0
44.600,6,0.667,0.000,0.471,3,1,-78.353,"-76.3 -81.5 -77.3","0.000 1.000 1.000",-93.966,-100.819,"-100.8 -100.8 -100.8 -100.8 -100.8 -100.8 -100.8 -100.8",26.673,872,0,2895,1751,"-8e+01 -8e+01 -8e+01","1 0 0.0196","27 0.048 0.023",3,3,0.01,0.00,0,0,2,0
44.700,6,0.667,0.000,0.471,3,1,-78.353,"-76.3 -81.5 -77.3","0.000 1.000 1.000",-93.966,-100.819,"-100.8 -100.8 -100.8 -100.8 -100.8 -100.8 -100.8 -100.8",26.773,874,0,2901,1755,"-8e+01 -8e+01 -8e+01","1 0 0.0196","27 0.048 0.023",3,3,0.01,0.00,0,0,2,0
44.800,6,0.667,0.000,0.471,3,1,-78.353,"-76.3 -81.5 -77.3","0.000 1.000 1.000",-93.966,-100.819,"-100.8 -100.8 -100.8 -100.8 -100.8 -100.8 -100.8 -100.8",26.873,876,0,2907,1759,"-8e+01 -8e+01 -8e+01","1 0 0.0196","27 0.048 0.023",3,3,0.01,0.00,0,0,2,0
44.900,6,0.667,0.000,0.471,3,1,-78.353,"-76.3 -81.5 -77.3","0.000 1.000 1.000",-93.966,-100.819,"-100.8 -100.8 -100.8 -100.8 -100.8 -100.8 -100.8 -100.8",26.973,878,0,2913,1763,"-8e+01 -8e+01 -8e+01","1 0 0.0196","27 0.048 0.023",3,3,0.01,0.00,0,0,2,0
45.000,6,0.667,0.000,0.471,3,1,-78.353,"-76.3 -81.5 -77.3","0.000 1.000 1.000",-93.966,-100.819,"-100.8 -100.8 -100.8 -100.8 -100.8 -100.8 -100.8 -100.8",27.073,880,0,2919,1767,"-8e+01 -8e+01 -8e+01","1 0 0.0196","27 0.048 0.023",3,3,0.01,0.00,0,0,2,0
45.100,6,0.667,0.000,0.471,3,1,-78.353,"-76.3 -81.5 -77.3","0.000 1.000 1.000",-93.966,-100.819,"-100.8 -100.8 -100.8 -100.8 -100.8 -100.8 -100.8 -100.8",27.173,882,0,2925,1771,"-8e+01 -8e+01 -8e+01","1 0 0.0196","27 0.048 0.023",3,3,0.01,0.00,0,0,2,0
45.200,6,0.667,0.000,0.471,3,1,-78.353,"-76.3 -81.5 -77.3","0.000 1.000 1.000",-93.966,-100.819,"-100.8 -100.8 -100.8 -100.8 -100.8 -100.8 -100.8 -100.8",27.273,884,0,2932,1775,"-8e+01 -8e+01 -8e+01","1 0 0.0196","27 0.048 0.023",3,3,0.01,0.00,0,0,2,0
45.300,6,0.667,0.000,0.471,3,1,-78.353,"-76.3 -81.5 -77.3","0.000 1.000 1.000",-93.966,-100.819,"-100.8 -100.8 -100.8 -100.8 -100.8 -100.8 -100.8 -100.8",27.373,886,0,2938,1779,"-8e+01 -8e+01 -8e+01","1 0 0.0196","27 0.048 0.023",3,3,0.01,0.00,0,0,2,0
45.400,6,0.667,0.000,0.471,3,1,-78.353,"-76.3 -81.5 -77.3","0.000 1.000 1.000",-93.966,-100.819,"-100.8 -100.8 -100.8 -100.8 -100.8 -100.8 -100.8 -100.8",27.473,888,0,2944,1783,"-8e+01 -8e+01 -8e+01","1 0 0.0196","27 0.048 0.023",3,3,0.01,0.00,0,0,2,0
45.500,6,0.667,0.000,0.471,3,1,-78.353,"-76.3 -81.5 -77.3","0.000 1.000 1.000",-93.966,-100.819,"-100.8 -100.8 -100.8 -100.8 -100.8 -100.8 -100.8 -100.8",27.573,890,0,2950,1788,"-8e+01 -8e+01 -8e+01","1 0 0.0196","28 0.048 0.023",3,3,0.01,0.00,0,0,2,0
45.600,6,0.667,0.000,0.471,3,1,-78.353,"-76.3 -81.5 -77.3","0.000 1.000 1.000",-93.966,-100.819,"-100.8 -100.8 -100.8 -100.8 -100.8 -100.8 -100.8 -100.8",27.673,892,0,2956,1792,"-8e+01 -8e+01 -8e+01","1 0 0.0196","28 0.048 0.023",3,3,0.01,0.00,0,0,2,0
45.700,6,0.667,0.000,0.471,3,1,-78.353,"-76.3 -81.5 -77.3","0.000 1.000 1.000",-93.966,-100.819,"-100.8 -100.8 -100.8 -100.8 -100.8 -100.8 -100.8 -100.8",27.773,894,0,2962,1796,"-8e+01 -8e+01 -8e+01","1 0 0.0196","28 0.048 0.023",3,3,0.02,0.00,0,0,2,0
45.800,6,0.667,0.000,0.471,3,1,-78.353,"-76.3 -81.5 -77.3","0.000 1.000 1.000",-93.966,-100.819,"-100.8 -100.8 -100.8 -100.8 -100.8 -100.8 -100.8 -100.8",27.873,896,0,2968,1800,"-8e+01 -8e+01 -8e+01","1 0 0.0196","28 0.048 0.023",3,3,0.00,0.00,0,0,2,0
45.900,6,0.667,0.000,0.471,3,1,-78.353,"-76.3 -81.5 -77.3","0.000 1.000 1.000",-93.966,-100.819,"-100.8 -100.8 -100.8 -100.8 -100.8 -100.8 -100.8 -100.8",27.973,898,0,2974,1804,"-8e+01 -8e+01 -8e+01","1 0 0.0196","28 0.048 0.023",3,3,0.01,0.00,0,0,2,0
46.000,6,0.667,0.000,0.471,3,1,-78.353,"-76.3 -81.5 -77.3","0.000 1.000 1.000",-93.966,-100.819,"-100.8 -100.8 -100.8 -100.8 -100.8 -100.8 -100.8 -100.8",28.073,900,0,2981,1808,"-8e+01 -8e+01 -8e+01","1 0 0.0196","28 0.048 0.023",3,3,0.02,0.00,0,0,2,0
46.100,6,0.667,0.000,0.471,3,1,-78.353,"-76.3 -81.5 -77.3","0.000 1.000 1.000",-93.966,-100.819,"-100.8 -100.8 -100.8 -100.8 -100.8 -100.8 -100.8 -100.8",28.173,902,0,2987,1812,"-8e+01 -8e+01 -8e+01","1 0 0.0196","28 0.048 0.023",3,3,0.01,0.00,0,0,2,0
46.200,6,0.667,0.000,0.471,3,1,-78.353,"-76.3 -81.5 -77.3","0.000 1.000 1.000",-93.966,-100.819,"-100.8 -100.8 -100.8 -100.8 -100.8 -100.8 -100.8 -100.8",28.273,904,0,2994,1817,"-8e+01 -8e+01 -8e+01","1 0 0.0196","28 0.048 0.023",3,3,0.02,0.00,0,0,2,0
46.300,6,0.667,0.000,0.471,3,1,-78.353,"-76.3 -81.5 -77.3","0.000 1.000 1.000",-93.966,-100.819,"-100.8 -100.8 -100.8 -100.8 -100.8 -100.8 -100.8 -100.8",28.373,906,0,3000,1822,"-8e+01 -8e+01 -8e+01","1 0 0.0196","28 0.048 0.023",3,3,0.01,0.00,0,0,2,0
46.400,6,0.667,0.000,0.471,3,1,-78.353,"-76.3 -81.5 -77.3","0.000 1.000 1.000",-93.966,-100.819,"-100.8 -100.8 -100.8 -100.8 -100.8 -100.8 -100.8 -100.8",28.473,908,0,3006,1826,"-8e+01 -8e+01 -8e+01","1 0 0.0196","28 0.048 0.023",4,4,0.01,0.00,0,0,2,0
46.500,6,0.667,0.000,0.471,3,1,-78.353,"-76.3 -81.5 -77.3","0.000 1.000 1.000",-93.966,-100.819,"-100.8 -100.8 -100.8 -100.8 -100.8 -100.8 -100.8 -100.8",28.573,910,0,3013,1830,"-8e+01 -8e+01 -8e+01","1 0 0.0196","29 0.048 0.023",3,3,0.01,0.00,0,0,2,0
46.600,6,0.667,0.000,0.471,3,1,-78.353,"-76.3 -81.5 -77.3","0.000 1.000 1.000",-93.966,-100.819,"-100.8 -100.8 -100.8 -100.8 -100.8 -100.8 -100.8 -100.8",28.673,912,0,3019,1834,"-8e+01 -8e+01 -8e+01","1 0 0.0196","29 0.048 0.023",3,3,0.01,0.00,0,0,2,0
46.700,6,0.667,0.000,0.471,3,1,-78.353,"-76.3 -81.5 -77.3","0.000 1.000 1.000",-93.966,-100.819,"-100.8 -100.8 -100.8 -100.8 -100.8 -100.8 -100.8 -100.8",28.773,914,0,3025,1838,"-8e+01 -8e+01 -8e+01","1 0 0.0196","29 0.048 0.023",3,3,0.01,0.00,0,0,2,0
46.800,6,0.667,0.000,0.471,3,1,-78.353,"-76.3 -81.5 -77.3","0.000 1.000 1.000",-93.966,-100.819,"-100.8 -100.8 -100.8 -100.8 -100.8 -100.8 -100.8 -100.8",28.873,916,0,3031,1842,"-8e+01 -8e+01 -8e+01","1 0 0.0196","29 0.048 0.023",3,3,0.01,0.00,0,0,2,0
46.900,6,0.667,0.000,0.471,3,1,-78.353,"-76.3 -81.5 -77.3","0.000 1.000 1.000",-93.966,-100.819,"-100.8 -100.8 -100.8 -100.8 -100.8 -100.8 -100.8 -100.8",28.973,918,0,3037,1846,"-8e+01 -8e+01 -8e+01","1 0 0.0196","29 0.048 0.023",3,3,0.01,0.00,0,0,2,0
47.000,6,0.667,0.000,0.471,3,1,-78.353,"-76.3 -81.5 -77.3","0.000 1.000 1.000",-93.966,-100.819,"-100.8 -100.8 -100.8 -100.8 -100.8 -100.8 -100.8 -100.8",29.073,920,0,3043,1850,"-8e+01 -8e+01 -8e+01","1 0 0.0196","29 0.048 0.023",3,3,0.00,0.00,0,0,2,0
47.100,6,0.667,0.000,0.471,3,1,-78.353,"-76.3 -81.5 -77.3","0.000 1.000 1.000",-93.966,-100.819,"-100.8 -100.8 -100.8 -100.8 -100.8 -100.8 -100.8 -100.8",29.173,922,0,3049,1854,"-8e+01 -8e+01 -8e+01","1 0 0.0196","29 0.048 0.023",3,3,0.01,0.00,0,0,2,0
47.200,6,0.667,0.000,0.471,3,1,-78.353,"-76.3 -81.5 -77.3","0.000 1.000 1.000",-93.966,-100.819,"-100.8 -100.8 -100.8 -100.8 -100.8 -100.8 -100.8 -100.8",29.273,924,0,3055,1858,"-8e+01 -8e+01 -8e+01","1 0 0.0196","29 0.048 0.023",3,3,0.02,0.00,0,0,2,0
47.300,6,0.667,0.000,0.471,3,1,-78.353,"-76.3 -81.5 -77.3","0.000 1.000 1.000",-93.966,-100.819,"-100.8 -100.8 -100.8 -100.8 -100.8 -100.8 -100.8 -100.8",29.373,926,0,3061,1862,"-8e+01 -8e+01 -8e+01","1 0 0.0196","29 0.048 0.023",3,3,0.00,0.00,0,0,2,0
47.400,6,0.667,0.000,0.471,3,1,-78.353,"-76.3 -81.5 -77.3","0.000 1.000 1.000",-93.966,-100.819,"-100.8 -100.8 -100.8 -100.8 -100.8 -100.8 -100.8 -100.8",29.473,928,0,3067,1866,"-8e+01 -8e+01 -8e+01","1 0 0.0196","29 0.048 0.023",3,3,0.01,0.00,0,0,2,0
47.500,6,0.667,0.000,0.471,3,1,-78.353,"-76.3 -81.5 -77.3","0.000 1.000 1.000",-93.966,-100.819,"-100.8 -100.8 -100.8 -100.8 -100.8 -100.8 -100.8 -100.8",29.573,930,0,3073,1870,"-8e+01 -8e+01 -8e+01","1 0 0.0196","30 0.048 0.023",3,3,0.02,0.00,0,0,2,0
47.600,6,0.667,0.000,0.471,3,1,-78.353,"-76.3 -81.5 -77.3","0.000 1.000 1.000",-93.966,-100.819,"-100.8 -100.8 -100.8 -100.8 -100.8 -100.8 -100.8 -100.8",29.673,932,0,3079,1874,"-8e+01 -8e+01 -8e+01","1 0 0.0196","30 0.048 0.023",3,3,0.00,0.00,0,0,2,0
47.700,6,0.667,0.000,0.471,3,1,-78.353,"-76.3 -81.5 -77.3","0.000 1.000 1.000",-93.966,-100.819,"-100.8 -100.8 -100.8 -100.8 -100.8 -100.8 -100.8 -100.8",29.773,934,0,3085,1878,"-8e+01 -8e+01 -8e+01","1 0 0.0196","30 0.048 0.023",3,3,0.01,0.00,0,0,2,0
47.800,6,0.667,0.000,0.471,3,1,-78.353,"-76.3 -81.5 -77.3","0.000 1.000 1.000",-93.966,-100.819,"-100.8 -100.8 -100.8 -100.8 -100.8 -100.8 -100.8 -100.8",29.873,936,0,3091,1882,"-8e+01 -8e+01 -8e+01","1 0 0.0196","30 0.048 0.023",3,3,0.02,0.00,0,0,2,0
47.900,6,0.667,0.000,0.471,3,1,-78.353,"-76.3 -81.5 -77.3","0.000 1.000 1.000",-93.966,-100.819,"-100.8 -100.8 -100.8 -100.8 -100.8 -100.8 -100.8 -100.8",29.973,938,0,3097,1886,"-8e+01 -8e+01 -8e+01","1 0 0.0196","30 0.048 0.023",3,3,0.00,0.00,0,0,2,0
48.000,6,0.667,0.000,0.471,3,1,-78.353,"-76.3 -81.5 -77.3","0.000 1.000 1.000",-93.966,-100.819,"-100.8 -100.8 -100.8 -100.8 -100.8 -100.8 -100.8 -100.8",30.073,940,0,3103,1890,"-8e+01 -8e+01 -8e+01","1 0 0.0196","30 0.048 0.023",3,3,0.01,0.00,0,0,2,0
48.100,6,0.667,0.000,0.471,3,1,-78.353,"-76.3 -81.5 -77.3","0.000 1.000 1.000",-93.966,-100.819,"-100.8 -100.8 -100.8 -100.8 -100.8 -100.8 -100.8 -100.8",30.173,942,0,3109,1894,"-8e+01 -8e+01 -8e+01","1 0 0.0196","30 0.048 0.023",3,3,0.02,0.00,0,0,2,0
48.200,6,0.667,0.000,0.471,3,1,-78.353,"-76.3 -81.5 -77.3","0.000 1.000 1.000",-93.966,-100.819,"-100.8 -100.8 -100.8 -100.8 -100.8 -100.8 -100.8 -100.8",30.273,944,0,3115,1900,"-8e+01 -8e+01 -8e+01","1 0 0.0196","30 0.048 0.023",3,3,0.00,0.00,0,0,2,0
48.300,6,0.667,0.000,0.471,3,1,-78.353,"-76.3 -81.5 -77.3","0.000 1.000 1.000",-93.966,-100.819,"-100.8 -100.8 -100.8 -100.8 -100.8 -100.8 -100.8 -100.8",30.373,946,0,3122,1905,"-8e+01 -8e+01 -8e+01","1 0 0.0196","30 0.048 0.023",4,4,0.01,0.00,0,0,2,0
48.400,6,0.667,0.000,0.471,3,1,-78.353,"-76.3 -81.5 -77.3","0.000 1.000 1.000",-93.966,-100.819,"-100.8 -100.8 -100.8 -100.8 -100.8 -100.8 -100.8 -100.8",30.473,948,0,3128,1909,"-8e+01 -8e+01 -8e+01","1 0 0.0196","30 0.048 0.023",3,3,0.01,0.00,0,0,2,0
48.500,6,0.667,0.000,0.471,3,1,-78.353,"-76.3 -81.5 -77.3","0.000 1.000 1.000",-93.966,-100.819,"-100.8 -100.8 -100.8 -100.8 -100.8 -100.8 -100.8 -100.8",30.573,950,0,3134,1913,"-8e+01 -8e+01 -8e+01","1 0 0.0196","31 0.048 0.023",3,3,0.01,0.00,0,0,2,0
48.600,6,0.667,0.000,0.471,3,1,-78.353,"-76.3 -81.5 -77.3","0.000 1.000 1.000",-93.966,-100.819,"-100.8 -100.8 -100.8 -100.8 -100.8 -100.8 -100.8 -100.8",30.673,952,0,3140,1917,"-8e+01 -8e+01 -8e+01","1 0 0.0196","31 0.048 0.023",3,3,0.01,0.00,0,0,2,0
48.700,6,0.667,0.000,0.471,3,1,-78.353,"-76.3 -81.5 -77.3","0.000 1.000 1.000",-93.966,-100.819,"-100.8 -100.8 -100.8 -100.8 -100.8 -100.8 -100.8 -100.8",30.773,954,0,3146,1921,"-8e+01 -8e+01 -8e+01","1 0 0.0196","31 0.048 0.023",3,3,0.01,0.00,0,0,2,0
48.800,6,0.667,0.000,0.471,3,1,-78.353,"-76.3 -81.5 -77.3","0.000 1.000 1.000",-93.966,-100.819,"-100.8 -100.8 -100.8 -100.8 -100.8 -100.8 -100.8 -100.8",30.873,956,0,3152,1925,"-8e+01 -8e+01 -8e+01","1 0 0.0196","31 0.048 0.023",3,3,0.00,0.00,0,0,2,0
48.900,6,0.667,0.000,0.471,3,1,-78.353,"-76.3 -81.5 -77.3","0.000 1.000 1.000",-93.966,-100.819,"-100.8 -100.8 -100.8 -100.8 -100.8 -100.8 -100.8 -100.8",30.973,958,0,3158,1929,"-8e+01 -8e+01 -8e+01","1 0 0.0196","31 0.048 0.023",3,3,0.01,0.00,0,0,2,0
49.000,6,0.667,0.000,0.471,3,1,-78.353,"-76.3 -81.5 -77.3","0.000 1.000 1.000",-93.966,-100.819,"-100.8 -100.8 -100.8 -100.8 -100.8 -100.8 -100.8 -100.8",31.073,960,0,3164,1933,"-8e+01 -8e+01 -8e+01","1 0 0.0196","31 0.048 0.023",3,3,0.01,0.00,0,0,2,0
49.100,6,0.667,0.000,0.471,3,1,-78.353,"-76.3 -81.5 -77.3","0.000 1.000 1.000",-93.966,-100.819,"-100.8 -100.8 -100.8 -100.8 -100.8 -100.8 -100.8 -100.8",31.173,962,0,3170,1937,"-8e+01 -8e+01 -8e+01","1 0 0.0196","31 0.048 0.023",3,3,0.00,0.00,0,0,2,0
49.200,6,0.667,0.000,0.471,3,1,-78.353,"-76.3 -81.5 -77.3","0.000 1.000 1.000",-93.966,-100.819,"-100.8 -100.8 -100.8 -100.8 -100.8 -100.8 -100.8 -100.8",31.273,964,0,3176,1941,"-8e+01 -8e+01 -8e+01","1 0 0.0196","31 0.048 0.023",3,3,0.01,0.00,0,0,2,0
49.300,6,0.667,0.000,0.471,3,1,-78.353,"-76.3 -81.5 -77.3","0.000 1.000 1.000",-93.966,-100.819,"-100.8 -100.8 -100.8 -100.8 -100.8 -100.8 -100.8 -100.8",31.373,966,0,3182,1945,"-8e+01 -8e+01 -8e+01","1 0 0.0196","31 0.048 0.023",3,3,0.02,0.00,0,0,2,0
49.400,6,0.667,0.000,0.471,3,1,-78.353,"-76.3 -81.5 -77.3","0.000 1.000 1.000",-93.966,-100.819,"-100.8 -100.8 -100.8 -100.8 -100.8 -100.8 -100.8 -100.8",31.473,968,0,3188,1949,"-8e+01 -8e+01 -8e+01","1 0 0.0196","31 0.048 0.023",3,3,0.00,0.00,0,0,2,0
49.500,6,0.667,0.000,0.471,3,1,-78.353,"-76.3 -81.5 -77.3","0.000 1.000 1.000",-93.966,-100.819,"-100.8 -100.8 -100.8 -100.8 -100.8 -100.8 -100.8 -100.8",31.573,970,0,3194,1953,"-8e+01 -8e+01 -8e+01","1 0 0.0196","32 0.048 0.023",3,3,0.01,0.00,0,0,2,0
49.600,6,0.667,0.000,0.471,3,1,-78.353,"-76.3 -81.5 -77.3","0.000 1.000 1.000",-93.966,-100.819,"-100.8 -100.8 -100.8 -100.8 -100.8 -100.8 -100.8 -100.8",31.673,972,0,3200,1957,"-8e+01 -8e+01 -8e+01","1 0 0.0196","32 0.048 0.023",3,3,0.02,0.00,0,0,2,0
49.700,6,0.667,0.000,0.471,3,1,-78.353,"-76.3 -81.5 -77.3","0.000 1.000 1.000",-93.966,-100.819,"-100.8 -100.8 -100.8 -100.8 -100.8 -100.8 -100.8 -100.8",31.773,974,0,3206,1961,"-8e+01 -8e+01 -8e+01","1 0 0.0196","32 0.048 0.023",3,3,0.00,0.00,0,0,2,0
49.800,6,0.667,0.000,0.471,3,1,-78.353,"-76.3 -81.5 -77.3","0.000 1.000 1.000",-93.966,-100.819,"-100.8 -100.8 -100.8 -100.8 -100.8 -100.8 -100.8 -100.8",31.873,976,0,3212,1965,"-8e+01 -8e+01 -8e+01","1 0 0.0196","32 0.048 0.023",3,3,0.01,0.00,0,0,2,0
49.900,6,0.667,0.000,0.471,3,1,-78.353,"-76.3 -81.5 -77.3","0.000 1.000 1.000",-93.966,-100.819,"-100.8 -100.8 -100.8 -100.8 -100.8 -100.8 -100.8 -100.8",31.973,978,0,3218,1969,"-8e+01 -8e+01 -8e+01","1 0 0.0196","32 0.048 0.023",3,3,0.02,0.00,0,0,2,0
50.000,6,0.667,0.000,0.471,3,1,-78.353,"-76.3 -81.5 -77.3","0.000 1.000 1.000",-93.966,-100.819,"-100.8 -100.8 -100.8 -100.8 -100.8 -100.8 -100.8 -100.8",32.073,980,0,3224,1973,"-8e+01 -8e+01 -8e+01","1 0 0.0196","32 0.048 0.023",3,3,0.00,0.00,0,0,2,0
50.100,6,0.667,0.000,0.471,3,1,-78.353,"-76.3 -81.5 -77.3","0.000 1.000 1.000",-93.966,-100.819,"-100.8 -100.8 -100.8 -100.8 -100.8 -100.8 -100.8 -100.8",32.173,982,0,3230,1977,"-8e+01 -8e+01 -8e+01","1 0 0.0196","32 0.048 0.023",3,3,0.01,0.00,0,0,2,0
50.200,6,0.667,0.000,0.471,3,1,-78.353,"-76.3 -81.5 -77.3","0.000 1.000 1.000",-93.966,-100.819,"-100.8 -100.8 -100.8 -100.8 -100.8 -100.8 -100.8 -100.8",32.273,984,0,3236,1981,"-8e+01 -8e+01 -8e+01","1 0 0.0196","32 0.048 0.023",4,4,0.02,0.00,0,0,2,0
50.300,6,0.667,0.000,0.471,3,1,-78.353,"-76.3 -81.5 -77.3","0.000 1.000 1.000",-93.966,-100.819,"-100.8 -100.8 -100.8 -100.8 -100.8 -100.8 -100.8 -100.8",32.373,986,0,3243,1985,"-8e+01 -8e+01 -8e+01","1 0 0.0196","32 0.048 0.023",3,3,0.01,0.00,0,0,2,0
50.400,6,0.667,0.000,0.471,3,1,-78.353,"-76.3 -81.5 -77.3","0.000 1.000 1.000",-93.966,-100.819,"-100.8 -100.8 -100.8 -100.8 -100.8 -100.8 -100.8 -100.8",32.473,988,0,3250,1990,"-8e+01 -8e+01 -8e+01","1 0 0.0196","32 0.048 0.023",3,3,0.00,0.00,0,0,2,0
50.500,6,0.667,0.000,0.471,3,1,-78.353,"-76.3 -81.5 -77.3","0.000 1.000 1.000",-93.966,-100.819,"-100.8 -100.8 -100.8 -100.8 -100.8 -100.8 -100.8 -100.8",32.573,990,0,3256,1995,"-8e+01 -8e+01 -8e+01","1 0 0.0196","33 0.048 0.023",3,3,0.02,0.00,0,0,2,0
50.600,6,0.667,0.000,0.471,3,1,-78.353,"-76.3 -81.5 -77.3","0.000 1.000 1.000",-93.966,-100.819,"-100.8 -100.8 -100.8 -100.8 -100.8 -100.8 -100.8 -100.8",32.673,992,0,3262,1999,"-8e+01 -8e+01 -8e+01","1 0 0.0196","33 0.048 0.023",3,3,0.00,0.00,0,0,2,0
50.700,6,0.667,0.000,0.471,3,1,-78.353,"-76.3 -81.5 -77.3","0.000 1.000 1.000",-93.966,-100.819,"-100.8 -100.8 -100.8 -100.8 -100.8 -100.8 -100.8 -100.8",32.773,994,0,3269,2003,"-8e+01 -8e+01 -8e+01","1 0 0.0196","33 0.048 0.023",3,3,0.28,0.00,0,0,2,0
50.800,6,0.667,0.000,0.471,3,1,-78.353,"-76.3 -81.5 -77.3","0.000 1.000 1.000",-93.966,-100.819,"-100.8 -100.8 -100.8 -100.8 -100.8 -100.8 -100.8 -100.8",32.873,996,0,3275,2007,"-8e+01 -8e+01 -8e+01","1 0 0.0196","33 0.048 0.023",3,3,0.00,0.00,0,0,2,0
50.900,6,0.667,0.000,0.471,3,1,-78.353,"-76.3 -81.5 -77.3","0.000 1.000 1.000",-93.966,-100.819,"-100.8 -100.8 -100.8 -100.8 -100.8 -100.8 -100.8 -100.8",32.973,998,0,3281,2011,"-8e+01 -8e+01 -8e+01","1 0 0.0196","33 0.048 0.023",3,3,0.01,0.00,0,0,2,0
51.000,6,0.667,0.000,0.471,3,1,-78.353,"-76.3 -81.5 -77.3","0.000 1.000 1.000",-93.966,-100.819,"-100.8 -100.8 -100.8 -100.8 -100.8 -100.8 -100.8 -100.8",33.073,1000,0,3287,2015,"-8e+01 -8e+01 -8e+01","1 0 0.0196","33 0.048 0.023",3,3,0.02,0.00,0,0,2,0
51.100,6,0.667,0.000,0.471,3,1,-78.353,"-76.3 -81.5 -77.3","0.000 1.000 1.000",-93.966,-100.819,"-100.8 -100.8 -100.8 -100.8 -100.8 -100.8 -100.8 -100.8",33.173,1002,0,3293,2019,"-8e+01 -8e+01 -8e+01","1 0 0.0196","33 0.048 0.023",3,3,0.00,0.00,0,0,2,0
51.200,6,0.667,0.000,0.471,3,1,-78.353,"-76.3 -81.5 -77.3","0.000 1.000 1.000",-93.966,-100.819,"-100.8 -100.8 -100.8 -100.8 -100.8 -100.8 -100.8 -100.8",33.273,1004,0,3299,2023,"-8e+01 -8e+01 -8e+01","1 0 0.0196","33 0.048 0.023",3,3,0.01,0.00,0,0,2,0
51.300,6,0.667,0.000,0.471,3,1,-78.353,"-76.3 -81.5 -77.3","0.000 1.000 1.000",-93.966,-100.819,"-100.8 -100.8 -100.8 -100.8 -100.8 -100.8 -100.8 -100.8",33.373,1006,0,3305,2027,"-8e+01 -8e+01 -8e+01","1 0 0.0196","33 0.048 0.023",3,3,0.02,0.00,0,0,2,0
51.400,6,0.667,0.000,0.471,3,1,-78.353,"-76.3 -81.5 -77.3","0.000 1.000 1.000",-93.966,-100.819,"-100.8 -100.8 -100.8 -100.8 -100.8 -100.8 -100.8 -100.8",33.473,1008,0,3311,2031,"-8e+01 -8e+01 -8e+01","1 0 0.0196","33 0.048 0.023",3,3,0.00,0.00,0,0,2,0
51.500,6,0.667,0.000,0.471,3,1,-78.353,"-76.3 -81.5 -77.3","0.000 1.000 1.000",-93.966,-100.819,"-100.8 -100.8 -100.8 -100.8 -100.8 -100.8 -100.8 -100.8",33.573,1010,0,3317,2035,"-8e+01 -8e+01 -8e+01","1 0 0.0196","34 0.048 0.023",3,3,0.01,0.00,0,0,2,0
51.600,6,0.667,0.000,0.471,3,1,-78.353,"-76.3 -81.5 -77.3","0.000 1.000 1.000",-93.966,-100.819,"-100.8 -100.8 -100.8 -100.8 -100.8 -100.8 -100.8 -100.8",33.673,1012,0,3323,2039,"-8e+01 -8e+01 -8e+01","1 0 0.0196","34 0.048 0.023",3,3,0.02,0.00,0,0,2,0
51.700,6,0.667,0.000,0.471,3,1,-78.353,"-76.3 -81.5 -77.3","0.000 1.000 1.000",-93.966,-100.819,"-100.8 -100.8 -100.8 -100.8 -100.8 -100.8 -100.8 -100.8",33.773,1014,0,3329,2043,"-8e+01 -8e+01 -8e+01","1 0 0.0196","34 0.048 0.023",3,3,0.00,0.00,0,0,2,0
51.800,6,0.667,0.000,0.471,3,1,-78.353,"-76.3 -81.5 -77.3","0.000 1.000 1.000",-93.966,-100.819,"-100.8 -100.8 -100.8 -100.8 -100.8 -100.8 -100.8 -100.8",33.873,1016,0,3335,2047,"-8e+01 -8e+01 -8e+01","1 0 0.0196","34 0.048 0.023",3,3,0.01,0.00,0,0,2,0
51.900,6,0.667,0.000,0.471,3,1,-78.353,"-76.3 -81.5 -77.3","0.000 1.000 1.000",-93.966,-100.819,"-100.8 -100.8 -100.8 -100.8 -100.8 -100.8 -100.8 -100.8",33.973,1018,0,3341,2051,"-8e+01 -8e+01 -8e+01","1 0 0.0196","34 0.048 0.023",3,3,0.02,0.00,0,0,2,0
52.000,6,0.667,0.000,0.471,3,1,-78.353,"-76.3 -81.5 -77.3","0.000 1.000 1.000",-93.966,-100.819,"-100.8 -100.8 -100.8 -100.8 -100.8 -100.8 -100.8 -100.8",34.073,1020,0,3347,2055,"-8e+01 -8e+01 -8e+01","1 0 0.0196","34 0.048 0.023",3,3,0.00,0.00,0,0,2,0
52.100,6,0.667,0.000,0.471,3,1,-78.353,"-76.3 -81.5 -77.3","0.000 1.000 1.000",-93.966,-100.819,"-100.8 -100.8 -100.8 -100.8 -100.8 -100.8 -100.8 -100.8",34.173,1022,0,3354,2060,"-8e+01 -8e+01 -8e+01","1 0 0.0196","34 0.048 0.023",3,3,0.01,0.00,0,0,2,0
52.200,6,0.667,0.000,0.471,3,1,-78.353,"-76.3 -81.5 -77.3","0.000 1.000 1.000",-93.966,-100.819,"-100.8 -100.8 -100.8 -100.8 -100.8 -100.8 -100.8 -100.8",34.273,1024,0,3360,2064,"-8e+01 -8e+01 -8e+01","1 0 0.0196","34 0.048 0.023",4,4,0.02,0.00,0,0,2,0
52.300,6,0.667,0.000,0.471,3,1,-78.353,"-76.3 -81.5 -77.3","0.000 1.000 1.000",-93.966,-100.819,"-100.8 -100.8 -100.8 -100.8 -100.8 -100.8 -100.8 -100.8",34.373,1026,0,3366,2068,"-8e+01 -8e+01 -8e+01","1 0 0.0196","34 0.048 0.023",3,3,0.01,0.00,0,0,2,0
52.400,6,0.667,0.000,0.471,3,1,-78.353,"-76.3 -81.5 -77.3","0.000 1.000 1.000",-93.966,-100.819,"-100.8 -100.8 -100.8 -100.8 -100.8 -100.8 -100.8 -100.8",34.473,1028,0,3373,2073,"-8e+01 -8e+01 -8e+01","1 0 0.0196","34 0.048 0.023",3,3,0.01,0.00,0,0,2,0
52.500,6,0.667,0.000,0.471,3,1,-78.353,"-76.3 -81.5 -77.3","0.000 1.000 1.000",-93.966,-100.819,"-100.8 -100.8 -100.8 -100.8 -100.8 -100.8 -100.8 -100.8",34.573,1030,0,3379,2077,"-8e+01 -8e+01 -8e+01","1 0 0.0196","35 0.048 0.023",3,3,0.01,0.00,0,0,2,0
52.600,6,0.667,0.000,0.471,3,1,-78.353,"-76.3 -81.5 -77.3","0.000 1.000 1.000",-93.966,-100.819,"-100.8 -100.8 -100.8 -100.8 -100.8 -100.8 -100.8 -100.8",34.673,1032,0,3385,2081,"-8e+01 -8e+01 -8e+01","1 0 0.0196","35 0.048 0.023",3,3,0.01,0.00,0,0,2,0
52.700,6,0.667,0.000,0.471,3,1,-78.353,"-76.3 -81.5 -77.3","0.000 1.000 1.000",-93.966,-100.819,"-100.8 -100.8 -100.8 -100.8 -100.8 -100.8 -100.8 -100.8",34.773,1034,0,3391,2085,"-8e+01 -8e+01 -8e+01","1 0 0.0196","35 0.048 0.023",3,3,0.01,0.00,0,0,2,0
52.800,6,0.667,0.000,0.471,3,1,-78.353,"-76.3 -81.5 -77.3","0.000 1.000 1.000",-93.966,-100.819,"-100.8 -100.8 -100.8 -100.8 -100.8 -100.8 -100.8 -100.8",34.873,1036,0,3397,2089,"-8e+01 -8e+01 -8e+01","1 0 0.0196","35 0.048 0.023",3,3,0.01,0.00,0,0,2,0
52.900,6,0.667,0.000,0.471,3,1,-78.353,"-76.3 -81.5 -77.3","0.000 1.000 1.000",-93.966,-100.819,"-100.8 -100.8 -100.8 -100.8 -100.8 -100.8 -100.8 -100.8",34.973,1038,0,3403,2093,"-8e+01 -8e+01 -8e+01","1 0 0.0196","35 0.048 0.023",3,3,0.01,0.00,0,0,2,0
53.000,6,0.667,0.000,0.471,3,1,-78.353,"-76.3 -81.5 -77.3","0.000 1.000 1.000",-93.966,-100.819,"-100.8 -100.8 -100.8 -100.8 -100.8 -100.8 -100.8 -100.8",35.073,1040,0,3409,2097,"-8e+01 -8e+01 -8e+01","1 0 0.0196","35 0.048 0.023",3,3,0.01,0.00,0,0,2,0
53.100,6,0.667,0.000,0.471,3,1,-78.353,"-76.3 -81.5 -77.3","0.000 1.000 1.000",-93.966,-100.819,"-100.8 -100.8 -100.8 -100.8 -100.8 -100.8 -100.8 -100.8",35.173,1042,0,3415,2101,"-8e+01 -8e+01 -8e+01","1 0 0.0196","35 0.048 0.023",3,3,0.01,0.00,0,0,2,0
53.200,6,0.667,0.000,0.471,3,1,-78.353,"-76.3 -81.5 -77.3","0.000 1.000 1.000",-93.966,-100.819,"-100.8 -100.8 -100.8 -100.8 -100.8 -100.8 -100.8 -100.8",35.273,1044,0,3421,2105,"-8e+01 -8e+01 -8e+01","1 0 0.0196","35 0.048 0.023",3,3,0.01,0.00,0,0,2,0
53.300,6,0.667,0.000,0.471,3,1,-78.353,"-76.3 -81.5 -77.3","0.000 1.000 1.000",-93.966,-100.819,"-100.8 -100.8 -100.8 -100.8 -100.8 -100.8 -100.8 -100.8",35.373,1046,0,3427,2109,"-8e+01 -8e+01 -8e+01","1 0 0.0196","35 0.048 0.023",3,3,0.01,0.00,0,0,2,0
53.400,6,0.667,0.000,0.471,3,1,-78.353,"-76.3 -81.5 -77.3","0.000 1.000 1.000",-93.966,-100.819,"-100.8 -100.8 -100.8 -100.8 -100.8 -100.8 -100.8 -100.8",35.473,1048,0,3433,2113,"-8e+01 -8e+01 -8e+01","1 0 0.0196","35 0.048 0.023",3,3,0.00,0.00,0,0,2,0
53.500,6,0.667,0.000,0.471,3,1,-78.353,"-76.3 -81.5 -77.3","0.000 1.000 1.000",-93.966,-100.819,"-100.8 -100.8 -100.8 -100.8 -100.8 -100.8 -100.8 -100.8",35.573,1050,0,3439,2117,"-8e+01 -8e+01 -8e+01","1 0 0.0196","36 0.048 0.023",3,3,0.01,0.00,0,0,2,0
53.600,6,0.667,0.000,0.471,3,1,-78.353,"-76.3 -81.5 -77.3","0.000 1.000 1.000",-93.966,-100.819,"-100.8 -100.8 -100.8 -100.8 -100.8 -100.8 -100.8 -100.8",35.673,1052,0,3445,2121,"-8e+01 -8e+01 -8e+01","1 0 0.0196","36 0.048 0.023",3,3,0.01,0.00,0,0,2,0
53.700,6,0.667,0.000,0.471,3,1,-78.353,"-76.3 -81.5 -77.3","0.000 1.000 1.000",-93.966,-100.819,"-100.8 -100.8 -100.8 -100.8 -100.8 -100.8 -100.8 -100.8",35.773,1054,0,3451,2125,"-8e+01 -8e+01 -8e+01","1 0 0.0196","36 0.048 0.023",3,3,0.00,0.00,0,0,2,0
53.800,6,0.667,0.000,0.471,3,1,-78.353,"-76.3 -81.5 -77.3","0.000 1.000 1.000",-93.966,-100.819,"-100.8 -100.8 -100.8 -100.8 -100.8 -100.8 -100.8 -100.8",35.873,1056,0,3457,2129,"-8e+01 -8e+01 -8e+01","1 0 0.0196","36 0.048 0.023",3,3,0.01,0.00,0,0,2,0
53.900,6,0.667,0.000,0.471,3,1,-78.353,"-76.3 -81.5 -77.3","0.000 1.000 1.000",-93.966,-100.819,"-100.8 -100.8 -100.8 -100.8 -100.8 -100.8 -100.8 -100.8",35.973,1058,0,3463,2133,"-8e+01 -8e+01 -8e+01","1 0 0.0196","36 0.048 0.023",3,3,0.02,0.00,0,0,2,0
54.000,6,0.667,0.000,0.471,3,1,-78.353,"-76.3 -81.5 -77.3","0.000 1.000 1.000",-93.966,-100.819,"-100.8 -100.8 -100.8 -100.8 -100.8 -100.8 -100.8 -100.8",36.073,1060,0,3469,2137,"-8e+01 -8e+01 -8e+01","1 0 0.0196","36 0.048 0.023",3,3,0.00,0.00,0,0,2,0
54.100,6,0.667,0.000,0.471,3,1,-78.353,"-76.3 -81.5 -77.3","0.000 1.000 1.000",-93.966,-100.819,"-100.8 -100.8 -100.8 -100.8 -100.8 -100.8 -100.8 -100.8",36.173,1062,0,3476,2142,"-8e+01 -8e+01 -8e+01","1 0 0.0196","36 0.048 0.023",3,3,0.01,0.00,0,0,2,0
54.200,6,0.667,0.000,0.471,3,1,-78.353,"-76.3 -81.5 -77.3","0.000 1.000 1.000",-93.966,-100.819,"-100.8 -100.8 -100.8 -100.8 -100.8 -100.8 -100.8 -100.8",36.273,1064,0,3483,2146,"-8e+01 -8e+01 -8e+01","1 0 0.0196","36 0.048 0.023",3,3,0.01,0.00,0,0,2,0
54.300,6,0.667,0.000,0.471,3,1,-78.353,"-76.3 -81.5 -77.3","0.000 1.000 1.000",-93.966,-100.819,"-100.8 -100.8 -100.8 -100.8 -100.8 -100.8 -100.8 -100.8",36.373,1066,0,3489,2150,"-8e+01 -8e+01 -8e+01","1 0 0.0196","36 0.048 0.023",3,3,0.01,0.00,0,0,2,0
54.400,6,0.667,0.000,0.471,3,1,-78.353,"-76.3 -81.5 -77.3","0.000 1.000 1.000",-93.966,-100.819,"-100.8 -100.8 -100.8 -100.8 -100.8 -100.8 -100.8 -100.8",36.473,1068,0,3495,2155,"-8e+01 -8e+01 -8e+01","1 0 0.0196","36 0.048 0.023",3,3,0.01,0.00,0,0,2,0
54.500,6,0.667,0.000,0.471,3,1,-78.353,"-76.3 -81.5 -77.3","0.000 1.000 1.000",-93.966,-100.819,"-100.8 -100.8 -100.8 -100.8 -100.8 -100.8 -100.8 -100.8",36.573,1070,0,3501,2159,"-8e+01 -8e+01 -8e+01","1 0 0.0196","37 0.048 0.023",4,4,0.01,0.00,0,0,2,0
54.600,6,0.667,0.000,0.471,3,1,-78.353,"-76.3 -81.5 -77.3","0.000 1.000 1.000",-93.966,-100.819,"-100.8 -100.8 -100.8 -100.8 -100.8 -100.8 -100.8 -100.8",36.673,1072,0,3507,2163,"-8e+01 -8e+01 -8e+01","1 0 0.0196","37 0.048 0.023",3,3,0.01,0.00,0,0,2,0
54.700,6,0.667,0.000,0.471,3,1,-78.353,"-76.3 -81.5 -77.3","0.000 1.000 1.000",-93.966,-100.819,"-100.8 -100.8 -100.8 -100.8 -100.8 -100.8 -100.8 -100.8",36.773,1074,0,3513,2167,"-8e+01 -8e+01 -8e+01","1 0 0.0196","37 0.048 0.023",3,3,0.02,0.00,0,0,2,0
54.800,6,0.667,0.000,0.471,3,1,-78.353,"-76.3 -81.5 -77.3","0.000 1.000 1.000",-93.966,-100.819,"-100.8 -100.8 -100.8 -100.8 -100.8 -100.8 -100.8 -100.8",36.873,1076,0,3519,2171,"-8e+01 -8e+01 -8e+01","1 0 0.0196","37 0.048 0.023",3,3,0.00,0.00,0,0,2,0
54.900,6,0.667,0.000,0.471,3,1,-78.353,"-76.3 -81.5 -77.3","0.000 1.000 1.000",-93.966,-100.819,"-100.8 -100.8 -100.8 -100.8 -100.8 -100.8 -100.8 -100.8",36.973,1078,0,3525,2175,"-8e+01 -8e+01 -8e+01","1 0 0.0196","37 0.048 0.023",3,3,0.01,0.00,0,0,2,0
55.000,6,0.667,0.000,0.471,3,1,-78.353,"-76.3 -81.5 -77.3","0.000 1.000 1.000",-93.966,-100.819,"-100.8 -100.8 -100.8 -100.8 -100.8 -100.8 -100.8 -100.8",37.073,1080,0,3531,2179,"-8e+01 -8e+01 -8e+01","1 0 0.0196","37 0.048 0.023",3,3,0.02,0.00,0,0,2,0
55.100,6,0.667,0.000,0.471,3,1,-78.353,"-76.3 -81.5 -77.3","0.000 1.000 1.000",-93.966,-100.819,"-100.8 -100.8 -100.8 -100.8 -100.8 -100.8 -100.8 -100.8",37.173,1082,0,3537,2183,"-8e+01 -8e+01 -8e+01","1 0 0.0196","37 0.048 0.023",3,3,0.01,0.00,0,0,2,0
55.200,6,0.667,0.000,0.471,3,1,-78.353,"-76.3 -81.5 -77.3","0.000 1.000 1.000",-93.966,-100.819,"-100.8 -100.8 -100.8 -100.8 -100.8 -100.8 -100.8 -100.8",37.273,1084,0,3543,2187,"-8e+01 -8e+01 -8e+01","1 0 0.0196","37 0.048 0.023",3,3,0.01,0.00,0,0,2,0
55.300,6,0.667,0.000,0.471,3,1,-78.353,"-76.3 -81.5 -77.3","0.000 1.000 1.000",-93.966,-100.819,"-100.8 -100.8 -100.8 -100.8 -100.8 -100.8 -100.8 -100.8",37.373,1086,0,3550,2191,"-8e+01 -8e+01 -8e+01","1 0 0.0196","37 0.048 0.023",3,3,0.02,0.00,0,0,2,0
55.400,6,0.667,0.000,0.471,3,1,-78.353,"-76.3 -81.5 -77.3","0.000 1.000 1.000",-93.966,-100.819,"-100.8 -100.8 -100.8 -100.8 -100.8 -100.8 -100.8 -100.8",37.473,1088,0,3556,2195,"-8e+01 -8e+01 -8e+01","1 0 0.0196","37 0.048 0.023",3,3,0.01,0.00,0,0,2,0
55.500,6,0.667,0.000,0.471,3,1,-78.353,"-76.3 -81.5 -77.3","0.000 1.000 1.000",-93.966,-100.819,"-100.8 -100.8 -100.8 -100.8 -100.8 -100.8 -100.8 -100.8",37.573,1090,0,3562,2200,"-8e+01 -8e+01 -8e+01","1 0 0.0196","38 0.048 0.023",3,3,0.01,0.00,0,0,2,0
55.600,6,0.667,0.000,0.471,3,1,-78.353,"-76.3 -81.5 -77.3","0.000 1.000 1.000",-93.966,-100.819,"-100.8 -100.8 -100.8 -100.8 -100.8 -100.8 -100.8 -100.8",37.673,1092,0,3569,2204,"-8e+01 -8e+01 -8e+01","1 0 0.0196","38 0.048 0.023",3,3,0.01,0.00,0,0,2,0
55.700,6,0.667,0.000,0.471,3,1,-78.353,"-76.3 -81.5 -77.3","0.000 1.000 1.000",-93.966,-100.819,"-100.8 -100.8 -100.8 -100.8 -100.8 -100.8 -100.8 -100.8",37.773,1094,0,3575,2208,"-8e+01 -8e+01 -8e+01","1 0 0.0196","38 0.048 0.023",3,3,0.01,0.00,0,0,2,0
55.800,6,0.667,0.000,0.471,3,1,-78.353,"-76.3 -81.5 -77.3","0.000 1.000 1.000",-93.966,-100.819,"-100.8 -100.8 -100.8 -100.8 -100.8 -100.8 -100.8 -100.8",37.873,1096,0,3581,2212,"-8e+01 -8e+01 -8e+01","1 0 0.0196","38 0.048 0.023",3,3,0.01,0.00,0,0,2,0
55.900,6,0.667,0.000,0.471,3,1,-78.353,"-76.3 -81.5 -77.3","0.000 1.000 1.000",-93.966,-100.819,"-100.8 -100.8 -100.8 -100.8 -100.8 -100.8 -100.8 -100.8",37.973,1098,0,3587,2216,"-8e+01 -8e+01 -8e+01","1 0 0.0196","38 0.048 0.023",3,3,0.01,0.00,0,0,2,0
56.000,6,0.667,0.000,0.471,3,1,-78.353,"-76.3 -81.5 -77.3","0.000 1.000 1.000",-93.966,-100.819,"-100.8 -100.8 -100.8 -100.8 -100.8 -100.8 -100.8 -100.8",38.073,1100,0,3593,2220,"-8e+01 -8e+01 -8e+01","1 0 0.0196","38 0.048 0.023",3,3,0.01,0.00,0,0,2,0
56.100,6,0.667,0.000,0.471,3,1,-78.353,"-76.3 -81.5 -77.3","0.000 1.000 1.000",-93.966,-100.819,"-100.8 -100.8 -100.8 -100.8 -100.8 -100.8 -100.8 -100.8",38.173,1102,0,3599,2225,"-8e+01 -8e+01 -8e+01","1 0 0.0196","38 0.048 0.023",3,3,0.01,0.00,0,0,2,0
56.200,6,0.667,0.000,0.471,3,1,-78.353,"-76.3 -81.5 -77.3","0.000 1.000 1.000",-93.966,-100.819,"-100.8 -100.8 -100.8 -100.8 -100.8 -100.8 -100.8 -100.8",38.273,1104,0,3607,2229,"-8e+01 -8e+01 -8e+01","1 0 0.0196","38 0.048 0.023",3,3,0.00,0.00,0,0,2,0
56.300,6,0.667,0.000,0.471,3,1,-78.353,"-76.3 -81.5 -77.3","0.000 1.000 1.000",-93.966,-100.819,"-100.8 -100.8 -100.8 -100.8 -100.8 -100.8 -100.8 -100.8",38.373,1106,0,3613,2233,"-8e+01 -8e+01 -8e+01","1 0 0.0196","38 0.048 0.023",3,3,0.01,0.00,0,0,2,0
56.400,6,0.667,0.000,0.471,3,1,-78.353,"-76.3 -81.5 -77.3","0.000 1.000 1.000",-93.966,-100.819,"-100.8 -100.8 -100.8 -100.8 -100.8 -100.8 -100.8 -100.8",38.473,1108,0,3619,2238,"-8e+01 -8e+01 -8e+01","1 0 0.0196","38 0.048 0.023",3,3,0.01,0.00,0,0,2,0
56.500,6,0.667,0.000,0.471,3,1,-78.353,"-76.3 -81.5 -77.3","0.000 1.000 1.000",-93.966,-100.819,"-100.8 -100.8 -100.8 -100.8 -100.8 -100.8 -100.8 -100.8",38.573,1110,0,3625,2242,"-8e+01 -8e+01 -8e+01","1 0 0.0196","39 0.048 0.023",4,4,0.00,0.00,0,0,2,0
56.600,6,0.667,0.000,0.471,3,1,-78.353,"-76.3 -81.5 -77.3","0.000 1.000 1.000",-93.966,-100.819,"-100.8 -100.8 -100.8 -100.8 -100.8 -100.8 -100.8 -100.8",38.673,1112,0,3631,2246,"-8e+01 -8e+01 -8e+01","1 0 0.0196","39 0.048 0.023",3,3,0.01,0.00,0,0,2,0
56.700,6,0.667,0.000,0.471,3,1,-78.353,"-76.3 -81.5 -77.3","0.000 1.000 1.000",-93.966,-100.819,"-100.8 -100.8 -100.8 -100.8 -100.8 -100.8 -100.8 -100.8",38.773,1114,0,3637,2250,"-8e+01 -8e+01 -8e+01","1 0 0.0196","39 0.048 0.023",3,3,0.02,0.00,0,0,2,0
56.800,6,0.667,0.000,0.471,3,1,-78.353,"-76.3 -81.5 -77.3","0.000 1.000 1.000",-93.966,-100.819,"-100.8 -100.8 -100.8 -100.8 -100.8 -100.8 -100.8 -100.8",38.873,1116,0,3643,2254,"-8e+01 -8e+01 -8e+01","1 0 0.0196","39 0.048 0.023",3,3,0.01,0.00,0,0,2,0
56.900,6,0.667,0.000,0.471,3,1,-78.353,"-76.3 -81.5 -77.3","0.000 1.000 1.000",-93.966,-100.819,"-100.8 -100.8 -100.8 -100.8 -100.8 -100.8 -100.8 -100.8",38.973,1118,0,3649,2258,"-8e+01 -8e+01 -8e+01","1 0 0.0196","39 0.048 0.023",3,3,0.01,0.00,0,0,2,0
57.000,6,0.667,0.000,0.471,3,1,-78.353,"-76.3 -81.5 -77.3","0.000 1.000 1.000",-93.966,-100.819,"-100.8 -100.8 -100.8 -100.8 -100.8 -100.8 -100.8 -100.8",39.073,1120,0,3655,2262,"-8e+01 -8e+01 -8e+01","1 0 0.0196","39 0.048 0.023",3,3,0.01,0.00,0,0,2,0
57.100,6,0.667,0.000,0.471,3,1,-78.353,"-76.3 -81.5 -77.3","0.000 1.000 1.000",-93.966,-100.819,"-100.8 -100.8 -100.8 -100.8 -100.8 -100.8 -100.8 -100.8",39.173,1122,0,3661,2266,"-8e+01 -8e+01 -8e+01","1 0 0.0196","39 0.048 0.023",3,3,0.01,0.00,0,0,2,0
57.200,6,0.667,0.000,0.471,3,1,-78.353,"-76.3 -81.5 -77.3","0.000 1.000 1.000",-93.966,-100.819,"-100.8 -100.8 -100.8 -100.8 -100.8 -100.8 -100.8 -100.8",39.273,1124,0,3667,2270,"-8e+01 -8e+01 -8e+01","1 0 0.0196","39 0.048 0.023",3,3,0.01,0.00,0,0,2,0
57.300,6,0.667,0.000,0.471,3,1,-78.353,"-76.3 -81.5 -77.3","0.000 1.000 1.000",-93.966,-100.819,"-100.8 -100.8 -100.8 -100.8 -100.8 -100.8 -100.8 -100.8",39.373,1126,0,3673,2274,"-8e+01 -8e+01 -8e+01","1 0 0.0196","39 0.048 0.023",3,3,0.01,0.00,0,0,2,0
57.400,6,0.667,0.000,0.471,3,1,-78.353,"-76.3 -81.5 -77.3","0.000 1.000 1.000",-93.966,-100.819,"-100.8 -100.8 -100.8 -100.8 -100.8 -100.8 -100.8 -100.8",39.473,1128,0,3679,2278,"-8e+01 -8e+01 -8e+01","1 0 0.0196","39 0.048 0.023",3,3,0.01,0.00,0,0,2,0
57.500,6,0.667,0.000,0.471,3,1,-78.353,"-76.3 -81.5 -77.3","0.000 1.000 1.000",-93.966,-100.819,"-100.8 -100.8 -100.8 -100.8 -100.8 -100.8 -100.8 -100.8",39.573,1130,0,3685,2282,"-8e+01 -8e+01 -8e+01","1 0 0.0196","40 0.048 0.023",3,3,0.01,0.00,0,0,2,0
57.600,6,0.667,0.000,0.471,3,1,-78.353,"-76.3 -81.5 -77.3","0.000 1.000 1.000",-93.966,-100.819,"-100.8 -100.8 -100.8 -100.8 -100.8 -100.8 -100.8 -100.8",39.673,1132,0,3691,2286,"-8e+01 -8e+01 -8e+01","1 0 0.0196","40 0.048 0.023",3,3,0.01,0.00,0,0,2,0
57.700,6,0.667,0.000,0.471,3,1,-78.353,"-76.3 -81.5 -77.3","0.000 1.000 1.000",-93.966,-100.819,"-100.8 -100.8 -100.8 -100.8 -100.8 -100.8 -100.8 -100.8",39.773,1134,0,3697,2290,"-8e+01 -8e+01 -8e+01","1 0 0.0196","40 0.048 0.023",3,3,0.01,0.00,0,0,2,0
57.800,6,0.667,0.000,0.471,3,1,-78.353,"-76.3 -81.5 -77.3","0.000 1.000 1.000",-93.966,-100.819,"-100.8 -100.8 -100.8 -100.8 -100.8 -100.8 -100.8 -100.8",39.873,1136,0,3703,2294,"-8e+01 -8e+01 -8e+01","1 0 0.0196","40 0.048 0.023",3,3,0.01,0.00,0,0,2,0
57.900,6,0.667,0.000,0.471,3,1,-78.353,"-76.3 -81.5 -77.3","0.000 1.000 1.000",-93.966,-100.819,"-100.8 -100.8 -100.8 -100.8 -100.8 -100.8 -100.8 -100.8",39.973,1138,0,3709,2298,"-8e+01 -8e+01 -8e+01","1 0 0.0196","40 0.048 0.023",3,3,0.01,0.00,0,0,2,0
58.000,6,0.667,0.000,0.471,3,1,-78.353,"-76.3 -81.5 -77.3","0.000 1.000 1.000",-93.966,-100.819,"-100.8 -100.8 -100.8 -100.8 -100.8 -100.8 -100.8 -100.8",40.073,1140,0,3715,2302,"-8e+01 -8e+01 -8e+01","1 0 0.0196","40 0.048 0.023",3,3,0.01,0.00,0,0,2,0
58.100,6,0.667,0.000,0.471,3,1,-78.353,"-76.3 -81.5 -77.3","0.000 1.000 1.000",-93.966,-100.819,"-100.8 -100.8 -100.8 -100.8 -100.8 -100.8 -100.8 -100.8",40.173,1142,0,3722,2306,"-8e+01 -8e+01 -8e+01","1 0 0.0196","40 0.048 0.023",3,3,0.01,0.00,0,0,2,0
58.200,6,0.667,0.000,0.471,3,1,-78.353,"-76.3 -81.5 -77.3","0.000 1.000 1.000",-93.966,-100.819,"-100.8 -100.8 -100.8 -100.8 -100.8 -100.8 -100.8 -100.8",40.273,1144,0,3728,2310,"-8e+01 -8e+01 -8e+01","1 0 0.0196","40 0.048 0.023",3,3,0.01,0.00,0,0,2,0
58.300,6,0.667,0.000,0.471,3,1,-78.353,"-76.3 -81.5 -77.3","0.000 1.000 1.000",-93.966,-100.819,"-100.8 -100.8 -100.8 -100.8 -100.8 -100.8 -100.8 -100.8",40.373,1146,0,3734,2314,"-8e+01 -8e+01 -8e+01","1 0 0.0196","40 0.048 0.023",3,3,0.01,0.00,0,0,2,0
58.400,6,0.667,0.000,0.471,3,1,-78.353,"-76.3 -81.5 -77.3","0.000 1.000 1.000",-93.966,-100.819,"-100.8 -100.8 -100.8 -100.8 -100.8 -100.8 -100.8 -100.8",40.473,1148,0,3741,2319,"-8e+01 -8e+01 -8e+01","1 0 0.0196","40 0.048 0.023",4,4,0.01,0.00,0,0,2,0
58.500,6,0.667,0.000,0.471,3,1,-78.353,"-76.3 -81.5 -77.3","0.000 1.000 1.000",-93.966,-100.819,"-100.8 -100.8 -100.8 -100.8 -100.8 -100.8 -100.8 -100.8",40.573,1150,0,3747,2324,"-8e+01 -8e+01 -8e+01","1 0 0.0196","41 0.048 0.023",3,3,0.02,0.00,0,0,2,0
58.600,6,0.667,0.000,0.471,3,1,-78.353,"-76.3 -81.5 -77.3","0.000 1.000 1.000",-93.966,-100.819,"-100.8 -100.8 -100.8 -100.8 -100.8 -100.8 -100.8 -100.8",40.673,1152,0,3753,2328,"-8e+01 -8e+01 -8e+01","1 0 0.0196","41 0.048 0.023",3,3,0.00,0.00,0,0,2,0
58.700,6,0.667,0.000,0.471,3,1,-78.353,"-76.3 -81.5 -77.3","0.000 1.000 1.000",-93.966,-100.819,"-100.8 -100.8 -100.8 -100.8 -100.8 -100.8 -100.8 -100.8",40.773,1154,0,3759,2332,"-8e+01 -8e+01 -8e+01","1 0 0.0196","41 0.048 0.023",3,3,0.01,0.00,0,0,2,0
58.800,6,0.667,0.000,0.471,3,1,-78.353,"-76.3 -81.5 -77.3","0.000 1.000 1.000",-93.966,-100.819,"-100.8 -100.8 -100.8 -100.8 -100.8 -100.8 -100.8 -100.8",40.873,1156,0,3765,2336,"-8e+01 -8e+01 -8e+01","1 0 0.0196","41 0.048 0.023",3,3,0.02,0.00,0,0,2,0
58.900,6,0.667,0.000,0.471,3,1,-78.353,"-76.3 -81.5 -77.3","0.000 1.000 1.000",-93.966,-100.819,"-100.8 -100.8 -100.8 -100.8 -100.8 -100.8 -100.8 -100.8",40.973,1158,0,3771,2340,"-8e+01 -8e+01 -8e+01","1 0 0.0196","41 0.048 0.023",3,3,0.00,0.00,0,0,2,0
59.000,6,0.667,0.000,0.471,3,1,-78.353,"-76.3 -81.5 -77.3","0.000 1.000 1.000",-93.966,-100.819,"-100.8 -100.8 -100.8 -100.8 -100.8 -100.8 -100.8 -100.8",41.073,1160,0,3777,2344,"-8e+01 -8e+01 -8e+01","1 0 0.0196","41 0.048 0.023",3,3,0.01,0.00,0,0,2,0
59.100,6,0.667,0.000,0.471,3,1,-78.353,"-76.3 -81.5 -77.3","0.000 1.000 1.000",-93.966,-100.819,"-100.8 -100.8 -100.8 -100.8 -100.8 -100.8 -100.8 -100.8",41.173,1162,0,3783,2348,"-8e+01 -8e+01 -8e+01","1 0 0.0196","41 0.048 0.023",3,3,0.02,0.00,0,0,2,0
59.200,6,0.667,0.000,0.471,3,1,-78.353,"-76.3 -81.5 -77.3","0.000 1.000 1.000",-93.966,-100.819,"-100.8 -100.8 -100.8 -100.8 -100.8 -100.8 -100.8 -100.8",41.273,1164,0,3789,2352,"-8e+01 -8e+01 -8e+01","1 0 0.0196","41 0.048 0.023",3,3,0.01,0.00,0,0,2,0
59.300,6,0.667,0.000,0.471,3,1,-78.353,"-76.3 -81.5 -77.3","0.000 1.000 1.000",-93.966,-100.819,"-100.8 -100.8 -100.8 -100.8 -100.8 -100.8 -100.8 -100.8",41.373,1166,0,3795,2356,"-8e+01 -8e+01 -8e+01","1 0 0.0196","41 0.048 0.023",3,3,0.01,0.00,0,0,2,0
59.400,6,0.667,0.000,0.471,3,1,-78.353,"-76.3 -81.5 -77.3","0.000 1.000 1.000",-93.966,-100.819,"-100.8 -100.8 -100.8 -100.8 -100.8 -100.8 -100.8 -100.8",41.473,1168,0,3801,2360,"-8e+01 -8e+01 -8e+01","1 0 0.0196","41 0.048 0.023",3,3,0.01,0.00,0,0,2,0
59.500,6,0.667,0.000,0.471,3,1,-78.353,"-76.3 -81.5 -77.3","0.000 1.000 1.000",-93.966,-100.819,"-100.8 -100.8 -100.8 -100.8 -100.8 -100.8 -100.8 -100.8",41.573,1170,0,3807,2364,"-8e+01 -8e+01 -8e+01","1 0 0.0196","42 0.048 0.023",3,3,0.01,0.00,0,0,2,0
59.600,6,0.667,0.000,0.471,3,1,-78.353,"-76.3 -81.5 -77.3","0.000 1.000 1.000",-93.966,-100.819,"-100.8 -100.8 -100.8 -100.8 -100.8 -100.8 -100.8 -100.8",41.673,1172,0,3813,2368,"-8e+01 -8e+01 -8e+01","1 0 0.0196","42 0.048 0.023",3,3,0.01,0.00,0,0,2,0
59.700,6,0.667,0.000,0.471,3,1,-78.353,"-76.3 -81.5 -77.3","0.000 1.000 1.000",-93.966,-100.819,"-100.8 -100.8 -100.8 -100.8 -100.8 -100.8 -100.8 -100.8",41.773,1174,0,3819,2372,"-8e+01 -8e+01 -8e+01","1 0 0.0196","42 0.048 0.023",3,3,0.01,0.00,0,0,2,0
59.800,6,0.667,0.000,0.471,3,1,-78.353,"-76.3 -81.5 -77.3","0.000 1.000 1.000",-93.966,-100.819,"-100.8 -100.8 -100.8 -100.8 -100.8 -100.8 -100.8 -100.8",41.873,1176,0,3825,2376,"-8e+01 -8e+01 -8e+01","1 0 0.0196","42 0.048 0.023",3,3,0.01,0.00,0,0,2,0
59.900,6,0.667,0.000,0.471,3,1,-78.353,"-76.3 -81.5 -77.3","0.000 1.000 1.000",-93.966,-100.819,"-100.8 -100.8 -100.8 -100.8 -100.8 -100.8 -100.8 -100.8",41.973,1178,0,3831,2380,"-8e+01 -8e+01 -8e+01","1 0 0.0196","42 0.048 0.023",3,3,0.01,0.00,0,0,2,0
