t,channel,pdr_mean,pdr_worst,pdr_spread,n_links,links_degraded,rssi_mean,rssi_per_link,pdr_per_link,noise_dbm,meas_floor_dbm,band_power,hb_gap_max,data_tx,data_rx,rx_ok,rx_err,rev_rssi_per_link,rev_pdr_per_link,rev_age_per_link,tx_attempts,tx_acked,tx_defer_ms,tx_retry_depth,shadow_exp,shadow_miss,silent_exp,silent_miss
1.000,6,0.400,0.300,0.082,3,3,-78.026,"-79.2 -81.2 -73.7","0.300 0.400 0.500",-93.966,-100.820,"-100.8 -100.8 -100.8 -100.8 -100.8 -100.8 -100.8 -100.8",0.173,0,0,16,13,"-7e+01 -1e+02 -8e+01","1 -1 0","0.17 1e+03 0.023",5,5,0.01,0.00,0,0,11,2
1.100,6,1.000,1.000,0.000,3,0,-80.559,"-79.2 -81.0 -81.5","1.000 1.000 1.000",-93.966,-100.820,"-100.8 -100.8 -100.8 -100.8 -100.8 -100.8 -100.8 -100.8",0.073,2,0,19,15,"-8e+01 -1e+02 -8e+01","1 -1 0.498","0.073 1e+03 0.023",1,1,0.01,0.00,0,0,4,1
1.200,6,1.000,1.000,0.000,3,0,-79.263,"-79.2 -81.7 -76.9","1.000 1.000 1.000",-93.966,-100.820,"-100.8 -100.8 -100.8 -100.8 -100.8 -100.8 -100.8 -100.8",0.173,4,0,21,18,"-8e+01 -1e+02 -8e+01","1 -1 0.498","0.17 1e+03 0.023",1,1,0.02,0.00,0,0,2,0
1.300,6,1.000,1.000,0.000,3,0,-76.616,"-79.2 -77.8 -72.9","1.000 1.000 1.000",-93.966,-100.820,"-100.8 -100.8 -100.8 -100.8 -100.8 -100.8 -100.8 -100.8",0.273,6,0,23,21,"-8e+01 -1e+02 -8e+01","1 -1 0.498","0.27 1e+03 0.023",1,1,0.00,0.00,0,0,2,0
1.400,6,1.000,1.000,0.000,3,0,-77.952,"-76.2 -79.8 -77.8","1.000 1.000 1.000",-93.966,-100.820,"-100.8 -100.8 -100.8 -100.8 -100.8 -100.8 -100.8 -100.8",0.073,8,0,26,23,"-8e+01 -1e+02 -8e+01","1 -1 0.498","0.073 1e+03 0.023",1,1,0.01,0.00,0,0,5,2
1.500,6,1.000,1.000,0.000,3,0,-80.120,"-78.6 -79.8 -81.9","1.000 1.000 1.000",-93.966,-100.820,"-100.8 -100.8 -100.8 -100.8 -100.8 -100.8 -100.8 -100.8",0.148,10,0,28,26,"-7e+01 -1e+02 -8e+01","1 -1 0.498","0.073 1e+03 0.023",1,1,0.01,0.00,0,0,2,0
1.600,6,0.952,0.857,0.067,3,0,-77.837,"-78.6 -79.8 -75.1","0.857 1.000 1.000",-93.966,-100.820,"-100.8 -100.8 -100.8 -100.8 -100.8 -100.8 -100.8 -100.8",0.248,12,0,29,30,"-7e+01 -1e+02 -8e+01","1 -1 0.498","0.17 1e+03 0.023",1,1,0.01,0.00,0,0,1,0
1.700,6,0.958,0.875,0.059,3,0,-78.621,"-74.2 -79.7 -82.0","0.875 1.000 1.000",-93.966,-100.820,"-100.8 -100.8 -100.8 -100.8 -100.8 -100.8 -100.8 -100.8",0.073,14,0,32,32,"-8e+01 -1e+02 -8e+01","1 -1 0.373","0.073 1e+03 0.023",1,1,0.02,0.00,0,0,6,3
1.800,6,0.963,0.889,0.052,3,0,-79.810,"-75.9 -81.6 -81.9","0.889 1.000 1.000",-93.966,-100.820,"-100.8 -100.8 -100.8 -100.8 -100.8 -100.8 -100.8 -100.8",0.073,16,0,35,34,"-8e+01 -1e+02 -8e+01","1 -1 0.443","0.073 1e+03 0.023",1,1,0.00,0.00,0,0,3,0
1.900,6,0.967,0.900,0.047,3,0,-79.155,"-77.7 -81.6 -78.2","0.900 1.000 1.000",-93.966,-100.820,"-100.8 -100.8 -100.8 -100.8 -100.8 -100.8 -100.8 -100.8",0.073,18,0,38,36,"-8e+01 -1e+02 -8e+01","1 -1 0.443","0.073 1e+03 0.023",1,1,0.01,0.00,0,0,3,0
2.000,6,0.970,0.909,0.043,3,0,-78.807,"-76.1 -81.6 -78.7","0.909 1.000 1.000",-93.966,-100.820,"-100.8 -100.8 -100.8 -100.8 -100.8 -100.8 -100.8 -100.8",0.148,20,0,40,39,"-8e+01 -1e+02 -8e+01","0.922 -1 0.443","0.073 1e+03 0.023",1,1,0.01,0.00,0,0,2,0
2.100,6,0.788,0.636,0.155,3,0,-77.680,"-75.4 -81.6 -76.0","0.727 0.636 1.000",-93.966,-100.820,"-100.8 -100.8 -100.8 -100.8 -100.8 -100.8 -100.8 -100.8",0.248,22,0,45,45,"-8e+01 -1e+02 -8e+01","0.925 -1 0.416","0.073 1e+03 0.023",1,1,0.01,0.00,0,0,2,0
2.200,6,0.767,0.500,0.205,3,1,-80.655,"-78.6 -81.6 -81.8","0.800 0.500 1.000",-93.966,-100.820,"-100.8 -100.8 -100.8 -100.8 -100.8 -100.8 -100.8 -100.8",0.348,24,0,48,48,"-8e+01 -1e+02 -8e+01","0.925 -1 0.416","0.073 1e+03 0.023",1,1,0.01,0.00,0,0,2,0
2.300,6,0.788,0.545,0.187,3,1,-79.522,"-79.7 -80.5 -78.4","0.818 0.545 1.000",-93.966,-100.820,"-100.8 -100.8 -100.8 -100.8 -100.8 -100.8 -100.8 -100.8",0.073,26,0,53,50,"-8e+01 -8e+01 -8e+01","0.875 0 0.427","0.073 0.048 0.023",1,1,0.02,0.00,0,0,6,3
2.400,6,0.818,0.545,0.196,3,1,-76.938,"-76.5 -78.5 -75.9","0.909 0.545 1.000",-93.966,-100.820,"-100.8 -100.8 -100.8 -100.8 -100.8 -100.8 -100.8 -100.8",0.073,28,0,56,53,"-8e+01 -8e+01 -8e+01","0.875 0 0.467","0.073 0.048 0.023",1,1,0.00,0.00,0,0,3,0
2.500,6,0.788,0.455,0.239,3,1,-78.879,"-76.2 -78.5 -82.0","0.909 0.455 1.000",-93.966,-100.820,"-100.8 -100.8 -100.8 -100.8 -100.8 -100.8 -100.8 -100.8",0.148,30,0,61,57,"-7e+01 -8e+01 -7e+01","0.831 0 0.498","0.073 0.15 0.023",2,2,0.01,0.00,0,0,2,0
2.600,6,0.788,0.455,0.239,3,1,-76.423,"-76.4 -78.5 -74.3","0.909 0.455 1.000",-93.966,-100.820,"-100.8 -100.8 -100.8 -100.8 -100.8 -100.8 -100.8 -100.8",0.248,32,0,63,60,"-8e+01 -8e+01 -8e+01","0.839 0 0.529","0.073 0.25 0.023",1,1,0.02,0.00,0,0,2,0
2.700,6,0.800,0.400,0.283,3,1,-76.701,"-74.5 -78.5 -77.1","1.000 0.400 1.000",-93.966,-100.820,"-100.8 -100.8 -100.8 -100.8 -100.8 -100.8 -100.8 -100.8",0.348,34,0,67,63,"-8e+01 -8e+01 -8e+01","0.839 0 0.553","0.073 0.35 0.023",1,1,0.01,0.00,0,0,2,0
2.800,6,0.818,0.455,0.257,3,1,-76.830,"-71.4 -81.6 -77.5","1.000 0.455 1.000",-93.966,-100.820,"-100.8 -100.8 -100.8 -100.8 -100.8 -100.8 -100.8 -100.8",0.073,36,0,70,65,"-8e+01 -8e+01 -8e+01","0.839 0 0.553","0.073 0.048 0.023",1,1,0.02,0.00,0,0,6,3
2.900,6,0.788,0.364,0.300,3,1,-79.298,"-79.1 -81.6 -77.2","1.000 0.364 1.000",-93.966,-100.820,"-100.8 -100.8 -100.8 -100.8 -100.8 -100.8 -100.8 -100.8",0.148,38,0,73,69,"-8e+01 -8e+01 -8e+01","0.773 0 0.553","0.073 0.15 0.023",1,1,0.00,0.00,0,0,2,0
3.000,6,0.758,0.273,0.343,3,1,-79.985,"-81.4 -81.6 -77.0","1.000 0.273 1.000",-93.966,-100.820,"-100.8 -100.8 -100.8 -100.8 -100.8 -100.8 -100.8 -100.8",0.248,40,0,75,72,"-8e+01 -8e+01 -8e+01","0.773 0 0.553","0.073 0.25 0.023",1,1,0.00,0.00,0,0,2,0
3.100,6,0.591,0.091,0.414,4,2,-79.947,"-79.9 -81.6 -76.6 -81.7","1.000 0.273 1.000 0.091",-93.966,-100.820,"-100.8 -100.8 -100.8 -100.8 -100.8 -100.8 -100.8 -100.8",0.348,42,0,79,75,"-8e+01 -8e+01 -7e+01 -8e+01","0.749 0 0.498 0","0.073 0.35 0.023 0.098",1,1,1.82,0.00,0,0,2,0
3.200,6,0.591,0.091,0.414,4,2,-78.894,"-76.8 -81.6 -75.5 -81.7","1.000 0.273 1.000 0.091",-93.966,-100.820,"-100.8 -100.8 -100.8 -100.8 -100.8 -100.8 -100.8 -100.8",0.448,44,0,81,78,"-8e+01 -8e+01 -7e+01 -8e+01","0.757 0 0.498 0","0.073 0.45 0.023 0.2",1,1,0.00,0.00,0,0,2,0
3.300,6,0.591,0.091,0.414,4,2,-79.421,"-77.3 -81.6 -77.1 -81.7","1.000 0.273 1.000 0.091",-93.966,-100.820,"-100.8 -100.8 -100.8 -100.8 -100.8 -100.8 -100.8 -100.8",0.548,46,0,85,81,"-8e+01 -8e+01 -7e+01 -8e+01","0.769 0 0.498 0","0.073 0.55 0.023 0.3",1,1,0.01,0.00,0,0,2,0
3.400,6,0.545,0.091,0.412,4,2,-79.580,"-77.9 -81.6 -77.1 -81.7","1.000 0.182 0.909 0.091",-81.564,-100.820,"-100.8 -100.8 -100.8 -100.8 -100.8 -100.8 -100.8 -100.8",0.648,48,0,86,85,"-8e+01 -8e+01 -7e+01 -8e+01","0.776 0 0.498 0","0.073 0.65 0.12 0.4",1,1,0.01,0.00,0,0,1,0
3.500,6,0.500,0.091,0.409,4,2,-77.648,"-74.8 -81.6 -72.5 -81.7","0.909 0.091 0.909 0.091",-93.966,-100.820,"-100.8 -100.8 -100.8 -100.8 -100.8 -100.8 -100.8 -100.8",0.748,50,0,88,90,"-8e+01 -8e+01 -8e+01 -8e+01","0.776 0 0.478 0","0.17 0.75 0.023 0.5",1,1,0.00,0.00,0,0,2,1
3.600,6,0.500,0.091,0.366,4,2,-79.243,"-74.8 -80.3 -80.2 -81.7","0.818 0.182 0.909 0.091",-93.966,-100.820,"-100.8 -100.8 -100.8 -100.8 -100.8 -100.8 -100.8 -100.8",0.598,52,0,90,93,"-8e+01 -8e+01 -8e+01 -8e+01","0.776 0.0667 0.478 0","0.27 0.048 0.023 0.6",1,1,0.00,0.00,0,0,9,7
3.700,6,0.500,0.091,0.331,4,2,-80.336,"-80.4 -81.9 -77.4 -81.7","0.727 0.273 0.909 0.091",-93.966,-100.820,"-100.8 -100.8 -100.8 -100.8 -100.8 -100.8 -100.8 -100.8",0.698,54,0,93,97,"-8e+01 -8e+01 -8e+01 -8e+01","0.776 0.0667 0.463 0","0.37 0.048 0.023 0.7",1,1,0.01,0.00,0,0,2,0
3.800,6,0.500,0.091,0.331,4,2,-80.703,"-80.3 -81.9 -78.9 -81.7","0.727 0.273 0.909 0.091",-93.966,-100.820,"-100.8 -100.8 -100.8 -100.8 -100.8 -100.8 -100.8 -100.8",0.798,56,0,95,100,"-8e+01 -8e+01 -8e+01 -8e+01","0.804 0.0667 0.482 0","0.073 0.15 0.023 0.8",1,1,0.00,0.00,0,0,5,3
3.900,6,0.500,0.091,0.331,4,2,-78.001,"-75.4 -76.6 -78.4 -81.7","0.727 0.273 0.909 0.091",-93.966,-100.820,"-100.8 -100.8 -100.8 -100.8 -100.8 -100.8 -100.8 -100.8",0.898,58,0,100,102,"-8e+01 -8e+01 -8e+01 -8e+01","0.812 0.0667 0.498 0","0.073 0.048 0.023 0.9",1,1,0.00,0.00,0,0,4,1
4.000,6,0.523,0.091,0.317,4,2,-79.097,"-74.8 -80.8 -79.1 -81.7","0.727 0.364 0.909 0.091",-93.966,-100.820,"-100.8 -100.8 -100.8 -100.8 -100.8 -100.8 -100.8 -100.8",0.998,60,0,103,104,"-8e+01 -8e+01 -8e+01 -8e+01","0.812 0.0667 0.498 0","0.073 0.048 0.023 1",1,1,0.02,0.00,0,0,3,0
4.100,6,0.523,0.091,0.317,4,2,-78.882,"-77.8 -80.8 -75.3 -81.7","0.727 0.364 0.909 0.091",-93.966,-100.820,"-100.8 -100.8 -100.8 -100.8 -100.8 -100.8 -100.8 -100.8",1.098,62,0,106,109,"-8e+01 -8e+01 -7e+01 -8e+01","0.812 0.0667 0.498 0","0.073 0.15 0.023 1.1",1,1,0.00,0.00,0,0,2,0
4.200,6,0.523,0.000,0.342,4,2,-80.400,"-77.9 -81.9 -80.2 -81.7","0.727 0.455 0.909 0.000",-93.966,-100.820,"-100.8 -100.8 -100.8 -100.8 -100.8 -100.8 -100.8 -100.8",1.198,64,0,110,112,"-8e+01 -8e+01 -7e+01 -8e+01","0.812 0.0667 0.498 0","0.073 0.048 0.023 1.2",1,1,0.01,0.00,0,0,4,1
4.300,6,0.523,0.000,0.342,4,2,-79.909,"-75.5 -81.9 -80.6 -81.7","0.727 0.455 0.909 0.000",-93.966,-100.819,"-100.8 -100.8 -100.8 -100.8 -100.8 -100.8 -100.8 -100.8",1.298,66,0,114,115,"-8e+01 -8e+01 -8e+01 -8e+01","0.812 0.0667 0.498 0","0.073 0.15 0.023 1.3",3,3,31.50,0.00,0,0,2,0
4.400,6,0.575,0.000,0.363,4,2,-78.113,"-73.9 -81.7 -75.1 -81.7","0.700 0.600 1.000 0.000",-93.966,-100.819,"-100.8 -100.8 -100.8 -100.8 -100.8 -100.8 -100.8 -100.8",1.398,68,0,118,117,"-7e+01 -8e+01 -8e+01 -8e+01","0.729 0.0863 0.482 0","0.073 0.048 0.023 1.4",1,1,0.01,0.00,0,0,4,1
4.500,6,0.591,0.000,0.366,4,1,-80.705,"-79.8 -79.9 -81.5 -81.7","0.727 0.636 1.000 0.000",-93.966,-100.819,"-100.8 -100.8 -100.8 -100.8 -100.8 -100.8 -100.8 -100.8",1.498,70,0,123,120,"-7e+01 -8e+01 -8e+01 -8e+01","0.733 0.0863 0.498 0","0.073 0.048 0.023 1.5",1,1,0.01,0.00,0,0,3,0
4.600,6,0.614,0.000,0.377,4,1,-79.250,"-78.8 -79.9 -76.6 -81.7","0.818 0.636 1.000 0.000",-93.966,-100.819,"-100.8 -100.8 -100.8 -100.8 -100.8 -100.8 -100.8 -100.8",1.598,72,0,125,123,"-8e+01 -8e+01 -8e+01 -8e+01","0.741 0.0863 0.498 0","0.073 0.15 0.023 1.6",1,1,0.01,0.00,0,0,2,0
4.700,6,0.614,0.000,0.393,4,2,-79.070,"-75.8 -79.9 -78.9 -81.7","0.909 0.545 1.000 0.000",-93.966,-100.820,"-100.8 -100.8 -100.8 -100.8 -100.8 -100.8 -100.8 -100.8",1.698,74,0,128,127,"-8e+01 -8e+01 -8e+01 -8e+01","0.749 0.0863 0.498 0","0.073 0.25 0.023 1.7",1,1,0.01,0.00,0,0,2,0
4.800,6,0.614,0.000,0.418,4,2,-80.348,"-79.9 -79.9 -79.9 -81.7","1.000 0.455 1.000 0.000",-93.966,-100.820,"-100.8 -100.8 -100.8 -100.8 -100.8 -100.8 -100.8 -100.8",1.798,76,0,130,130,"-8e+01 -8e+01 -8e+01 -8e+01","0.753 0.0863 0.498 0","0.073 0.35 0.023 1.8",1,1,0.02,0.00,0,0,2,0
4.900,6,0.575,0.000,0.370,4,2,-80.322,"-79.4 -80.3 -79.9 -81.7","0.900 0.500 0.900 0.000",-93.966,-100.820,"-100.8 -100.8 -100.8 -100.8 -100.8 -100.8 -100.8 -100.8",1.898,78,0,133,134,"-8e+01 -8e+01 -8e+01 -8e+01","0.753 0.0863 0.498 0","0.17 0.048 0.12 1.9",1,1,0.00,0.00,0,0,4,3
5.000,6,0.568,0.000,0.377,4,2,-78.173,"-74.6 -80.3 -76.2 -81.7","0.909 0.455 0.909 0.000",-93.966,-100.820,"-100.8 -100.8 -100.8 -100.8 -100.8 -100.8 -100.8 -100.8",1.998,80,0,135,137,"-8e+01 -8e+01 -7e+01 -8e+01","0.741 0.0863 0.463 0","0.073 0.15 0.023 2",1,1,0.01,0.00,0,0,4,2
5.100,6,0.545,0.000,0.358,4,2,-79.920,"-77.5 -80.9 -79.5 -81.7","0.818 0.455 0.909 0.000",-93.966,-100.820,"-100.8 -100.8 -100.8 -100.8 -100.8 -100.8 -100.8 -100.8",2.098,82,0,138,141,"-8e+01 -8e+01 -8e+01 -8e+01","0.741 0.098 0.475 0","0.17 0.048 0.023 2.1",1,1,0.01,0.00,0,0,3,1
5.200,6,0.500,0.000,0.318,4,2,-79.920,"-77.5 -80.9 -79.5 -81.7","0.727 0.455 0.818 0.000",-93.966,-100.819,"-100.8 -100.8 -100.8 -100.8 -100.8 -100.8 -100.8 -100.8",2.198,84,0,138,146,"-8e+01 -8e+01 -8e+01 -8e+01","0.741 0.098 0.475 0","0.27 0.15 0.12 2.2",1,1,0.00,0.00,0,0,0,0
5.300,6,0.500,0.000,0.318,4,2,-78.564,"-75.3 -79.0 -78.2 -81.7","0.727 0.455 0.818 0.000",-93.966,-100.819,"-100.8 -100.8 -100.8 -100.8 -100.8 -100.8 -100.8 -100.8",2.298,86,0,141,148,"-7e+01 -8e+01 -8e+01 -8e+01","0.761 0.098 0.475 0","0.073 0.048 0.023 2.3",2,2,0.01,0.00,0,0,7,4
5.400,6,0.523,0.000,0.317,4,2,-79.509,"-79.2 -81.5 -75.7 -81.7","0.727 0.545 0.818 0.000",-93.966,-100.819,"-100.8 -100.8 -100.8 -100.8 -100.8 -100.8 -100.8 -100.8",2.398,88,0,145,151,"-8e+01 -8e+01 -8e+01 -8e+01","0.765 0.098 0.486 0","0.073 0.048 0.023 2.4",1,1,0.01,0.00,0,0,3,0
5.500,6,0.523,0.000,0.317,4,2,-78.181,"-77.4 -78.9 -74.8 -81.7","0.727 0.545 0.818 0.000",-93.966,-100.819,"-100.8 -100.8 -100.8 -100.8 -100.8 -100.8 -100.8 -100.8",2.498,90,0,148,153,"-8e+01 -8e+01 -8e+01 -8e+01","0.765 0.098 0.486 0","0.073 0.048 0.023 2.5",1,1,0.01,0.00,0,0,3,0
5.600,6,0.523,0.000,0.317,4,2,-79.172,"-75.9 -79.9 -79.2 -81.7","0.727 0.545 0.818 0.000",-93.966,-100.819,"-100.8 -100.8 -100.8 -100.8 -100.8 -100.8 -100.8 -100.8",2.598,92,0,153,155,"-8e+01 -8e+01 -8e+01 -8e+01","0.753 0.098 0.486 0","0.073 0.048 0.023 2.6",1,1,0.01,0.00,0,0,3,0
5.700,6,0.523,0.000,0.317,4,2,-78.371,"-77.4 -79.9 -74.6 -81.7","0.727 0.545 0.818 0.000",-93.966,-100.819,"-100.8 -100.8 -100.8 -100.8 -100.8 -100.8 -100.8 -100.8",2.698,94,0,155,158,"-8e+01 -8e+01 -8e+01 -8e+01","0.753 0.098 0.498 0","0.073 0.15 0.023 2.7",1,1,0.02,0.00,0,0,2,0
5.800,6,0.523,0.000,0.317,4,2,-79.471,"-75.8 -79.9 -80.6 -81.7","0.727 0.545 0.818 0.000",-93.966,-100.819,"-100.8 -100.8 -100.8 -100.8 -100.8 -100.8 -100.8 -100.8",2.798,96,0,158,162,"-7e+01 -8e+01 -8e+01 -8e+01","0.745 0.098 0.498 0","0.073 0.25 0.023 2.8",1,1,0.02,0.00,0,0,2,0
5.900,6,0.500,0.000,0.305,4,2,-78.675,"-75.8 -79.9 -77.4 -81.7","0.636 0.545 0.818 0.000",-93.966,-100.819,"-100.8 -100.8 -100.8 -100.8 -100.8 -100.8 -100.8 -100.8",2.898,98,0,159,166,"-7e+01 -8e+01 -8e+01 -8e+01","0.745 0.098 0.498 0","0.17 0.35 0.023 2.9",1,1,0.00,0.00,0,0,1,0
6.000,6,0.523,0.000,0.342,4,2,-79.156,"-79.3 -79.9 -75.8 -81.7","0.727 0.455 0.909 0.000",-93.966,-100.819,"-100.8 -100.8 -100.8 -100.8 -100.8 -100.8 -100.8 -100.8",2.998,100,0,163,169,"-8e+01 -8e+01 -8e+01 -8e+01","0.749 0.098 0.51 0","0.073 0.45 0.023 3",1,1,0.01,0.00,0,0,3,1
6.100,6,0.545,0.000,0.340,4,2,-80.411,"-81.6 -78.9 -79.5 -81.7","0.727 0.545 0.909 0.000",-93.966,-100.819,"-100.8 -100.8 -100.8 -100.8 -100.8 -100.8 -100.8 -100.8",3.098,102,0,166,171,"-8e+01 -8e+01 -8e+01 -8e+01","0.737 0.098 0.518 0","0.073 0.048 0.023 3.1",1,1,0.01,0.00,0,0,7,4
6.200,6,0.568,0.000,0.354,4,2,-77.199,"-74.0 -80.4 -73.9 -80.4","0.818 0.545 0.909 0.000",-93.966,-100.819,"-100.8 -100.8 -100.8 -100.8 -100.8 -100.8 -100.8 -100.8",3.198,104,0,172,173,"-8e+01 -8e+01 -8e+01 -8e+01","0.737 0.098 0.525 0","0.073 0.048 0.023 3.2",3,3,3.50,0.00,0,0,3,0
6.300,6,0.614,0.000,0.393,4,2,-78.407,"-76.3 -80.4 -76.5 -80.4","0.909 0.545 1.000 0.000",-93.966,-100.819,"-100.8 -100.8 -100.8 -100.8 -100.8 -100.8 -100.8 -100.8",3.298,106,0,174,177,"-8e+01 -8e+01 -8e+01 -8e+01","0.729 0.098 0.533 0","0.073 0.15 0.023 3.3",3,3,1.09,0.00,0,0,2,0
6.400,6,0.545,0.000,0.358,4,2,-77.053,"-75.4 -80.4 -71.9 -80.4","0.818 0.455 0.909 0.000",-93.966,-100.819,"-100.8 -100.8 -100.8 -100.8 -100.8 -100.8 -100.8 -100.8",3.398,108,0,177,184,"-8e+01 -8e+01 -8e+01 -8e+01","0.729 0.098 0.533 0","0.17 0.25 0.12 3.4",1,1,0.69,0.00,0,0,0,0
6.500,6,0.545,0.000,0.358,4,2,-78.038,"-73.6 -80.7 -77.4 -80.4","0.818 0.455 0.909 0.000",-93.966,-100.819,"-100.8 -100.8 -100.8 -100.8 -100.8 -100.8 -100.8 -100.8",3.498,110,0,180,186,"-8e+01 -8e+01 -7e+01 -8e+01","0.733 0.098 0.545 0","0.073 0.048 0.023 3.5",1,1,0.02,0.00,0,0,7,4
6.600,6,0.545,0.000,0.358,4,2,-78.781,"-77.4 -78.2 -79.0 -80.4","0.818 0.455 0.909 0.000",-93.966,-100.819,"-100.8 -100.8 -100.8 -100.8 -100.8 -100.8 -100.8 -100.8",3.598,112,0,184,189,"-8e+01 -8e+01 -8e+01 -8e+01","0.725 0.098 0.541 0","0.073 0.048 0.023 3.6",1,1,0.01,0.00,0,0,3,0
6.700,6,0.545,0.000,0.358,4,2,-79.995,"-80.9 -79.1 -79.5 -80.4","0.818 0.455 0.909 0.000",-93.966,-100.819,"-100.8 -100.8 -100.8 -100.8 -100.8 -100.8 -100.8 -100.8",3.698,114,0,187,191,"-8e+01 -8e+01 -8e+01 -8e+01","0.733 0.098 0.541 0","0.073 0.048 0.023 3.7",1,1,0.00,0.00,0,0,3,0
6.800,6,0.545,0.000,0.334,4,2,-79.511,"-77.0 -81.1 -79.5 -80.4","0.818 0.545 0.818 0.000",-93.966,-100.819,"-100.8 -100.8 -100.8 -100.8 -100.8 -100.8 -100.8 -100.8",3.798,116,0,191,194,"-8e+01 -8e+01 -8e+01 -8e+01","0.737 0.098 0.541 0","0.073 0.048 0.12 3.8",1,1,0.01,0.00,0,0,2,0
6.900,6,0.545,0.000,0.321,4,1,-79.131,"-77.0 -78.9 -80.2 -80.4","0.727 0.636 0.818 0.000",-93.966,-100.819,"-100.8 -100.8 -100.8 -100.8 -100.8 -100.8 -100.8 -100.8",3.898,118,0,193,197,"-8e+01 -8e+01 -8e+01 -8e+01","0.737 0.098 0.549 0","0.17 0.048 0.023 3.9",1,1,0.01,0.00,0,0,3,1
7.000,6,0.591,0.000,0.343,4,1,-79.198,"-78.5 -80.8 -77.1 -80.4","0.818 0.727 0.818 0.000",-93.966,-100.819,"-100.8 -100.8 -100.8 -100.8 -100.8 -100.8 -100.8 -100.8",3.998,120,0,198,199,"-8e+01 -8e+01 -8e+01 -8e+01","0.737 0.098 0.557 0","0.073 0.048 0.023 4",1,1,0.01,0.00,0,0,4,1
7.100,6,0.591,0.000,0.343,4,1,-77.720,"-74.1 -80.8 -75.6 -80.4","0.818 0.727 0.818 0.000",-93.966,-100.819,"-100.8 -100.8 -100.8 -100.8 -100.8 -100.8 -100.8 -100.8",4.098,122,0,200,202,"-8e+01 -8e+01 -8e+01 -8e+01","0.718 0.098 0.557 0","0.073 0.15 0.023 4.1",1,1,0.02,0.00,0,0,2,0
7.200,6,0.591,0.000,0.343,4,1,-78.166,"-79.5 -79.1 -73.6 -80.4","0.818 0.727 0.818 0.000",-93.966,-100.819,"-100.8 -100.8 -100.8 -100.8 -100.8 -100.8 -100.8 -100.8",4.198,124,0,205,204,"-8e+01 -8e+01 -8e+01 -8e+01","0.722 0.098 0.557 0","0.073 0.048 0.023 4.2",1,1,0.02,0.00,0,0,4,1
7.300,6,0.568,0.000,0.336,4,1,-79.671,"-78.2 -79.1 -80.9 -80.4","0.818 0.636 0.818 0.000",-93.966,-100.819,"-100.8 -100.8 -100.8 -100.8 -100.8 -100.8 -100.8 -100.8",4.298,126,0,207,207,"-8e+01 -8e+01 -8e+01 -8e+01","0.725 0.098 0.545 0","0.073 0.15 0.023 4.3",3,3,0.00,0.00,0,0,2,0
7.400,6,0.568,0.000,0.330,4,1,-79.454,"-77.0 -79.4 -80.9 -80.4","0.818 0.727 0.727 0.000",-93.966,-100.819,"-100.8 -100.8 -100.8 -100.8 -100.8 -100.8 -100.8 -100.8",4.398,128,0,211,210,"-8e+01 -8e+01 -8e+01 -8e+01","0.725 0.098 0.545 0","0.073 0.048 0.12 4.4",1,1,0.02,0.00,0,0,3,1
7.500,6,0.636,0.091,0.321,4,1,-78.968,"-75.2 -79.4 -79.7 -81.6","0.909 0.727 0.818 0.091",-93.966,-100.819,"-100.8 -100.8 -100.8 -100.8 -100.8 -100.8 -100.8 -100.8",0.148,130,0,214,212,"-8e+01 -8e+01 -8e+01 -8e+01","0.718 0.098 0.545 0.0235","0.073 0.15 0.023 0.098",1,1,1.82,0.00,43,43,4,1
7.600,6,0.636,0.091,0.321,4,1,-77.948,"-79.5 -76.4 -74.4 -81.6","0.909 0.727 0.818 0.091",-93.966,-100.819,"-100.8 -100.8 -100.8 -100.8 -100.8 -100.8 -100.8 -100.8",0.198,132,0,219,214,"-8e+01 -8e+01 -8e+01 -8e+01","0.722 0.098 0.545 0.0235","0.073 0.048 0.023 0.2",1,1,0.02,0.00,0,0,4,1
7.700,6,0.591,0.091,0.298,4,1,-78.723,"-79.5 -76.4 -77.5 -81.6","0.818 0.636 0.818 0.091",-93.966,-100.819,"-100.8 -100.8 -100.8 -100.8 -100.8 -100.8 -100.8 -100.8",0.298,134,0,220,218,"-8e+01 -8e+01 -8e+01 -8e+01","0.722 0.098 0.545 0.0235","0.17 0.15 0.023 0.3",1,1,0.00,0.00,0,0,1,0
7.800,6,0.568,0.182,0.244,4,2,-77.584,"-74.9 -76.4 -77.6 -81.4","0.727 0.545 0.818 0.182",-93.966,-100.819,"-100.8 -100.8 -100.8 -100.8 -100.8 -100.8 -100.8 -100.8",0.273,136,0,223,222,"-8e+01 -8e+01 -8e+01 -8e+01","0.722 0.098 0.533 0.0235","0.27 0.25 0.023 0.098",1,1,1.82,0.00,2,2,2,0
7.900,6,0.568,0.182,0.276,4,2,-78.627,"-75.7 -76.4 -81.0 -81.4","0.727 0.455 0.909 0.182",-93.966,-100.819,"-100.8 -100.8 -100.8 -100.8 -100.8 -100.8 -100.8 -100.8",0.348,138,0,225,225,"-7e+01 -8e+01 -7e+01 -8e+01","0.722 0.098 0.541 0.0235","0.073 0.35 0.023 0.2",1,1,0.00,0.00,0,0,4,2
8.000,6,0.545,0.182,0.287,4,2,-78.451,"-80.6 -76.4 -75.4 -81.4","0.727 0.364 0.909 0.182",-93.966,-100.819,"-100.8 -100.8 -100.8 -100.8 -100.8 -100.8 -100.8 -100.8",0.448,140,0,227,230,"-7e+01 -8e+01 -7e+01 -8e+01","0.722 0.098 0.541 0.0235","0.17 0.45 0.023 0.3",1,1,0.01,0.00,0,0,1,0
8.100,6,0.545,0.182,0.287,4,2,-79.698,"-79.6 -77.3 -80.5 -81.4","0.727 0.364 0.909 0.182",-93.966,-100.819,"-100.8 -100.8 -100.8 -100.8 -100.8 -100.8 -100.8 -100.8",0.398,142,0,230,233,"-8e+01 -8e+01 -7e+01 -8e+01","0.725 0.0824 0.541 0.0235","0.073 0.048 0.023 0.4",1,1,0.01,0.00,0,0,8,5
8.200,6,0.523,0.182,0.276,4,2,-77.985,"-77.8 -77.3 -75.5 -81.4","0.636 0.364 0.909 0.182",-93.966,-100.819,"-100.8 -100.8 -100.8 -100.8 -100.8 -100.8 -100.8 -100.8",0.498,144,0,232,238,"-8e+01 -8e+01 -8e+01 -8e+01","0.725 0.0824 0.533 0.0235","0.17 0.15 0.023 0.5",1,1,0.00,0.00,0,0,1,0
8.300,6,0.500,0.200,0.255,4,3,-79.232,"-78.3 -80.1 -77.2 -81.4","0.500 0.400 0.900 0.200",-93.966,-100.819,"-100.8 -100.8 -100.8 -100.8 -100.8 -100.8 -100.8 -100.8",0.598,146,0,235,242,"-8e+01 -8e+01 -8e+01 -8e+01","0.725 0.0824 0.533 0.0235","0.27 0.048 0.023 0.6",2,2,0.00,0.00,0,0,3,1
8.400,6,0.500,0.182,0.269,4,3,-79.081,"-78.3 -80.1 -76.5 -81.4","0.545 0.364 0.909 0.182",-93.966,-100.819,"-100.8 -100.8 -100.8 -100.8 -100.8 -100.8 -100.8 -100.8",0.698,148,0,239,245,"-8e+01 -8e+01 -8e+01 -8e+01","0.722 0.0824 0.533 0.0235","0.073 0.15 0.023 0.7",2,2,23.66,0.00,0,0,4,2
8.500,6,0.523,0.182,0.304,4,3,-78.741,"-75.2 -81.6 -76.8 -81.4","0.545 0.364 1.000 0.182",-93.966,-100.819,"-100.8 -100.8 -100.8 -100.8 -100.8 -100.8 -100.8 -100.8",0.798,150,0,242,249,"-8e+01 -8e+01 -8e+01 -8e+01","0.722 0.0824 0.525 0.0235","0.073 0.048 0.023 0.8",1,1,0.01,0.00,0,0,4,1
8.600,6,0.500,0.091,0.331,4,3,-79.676,"-75.7 -81.6 -80.0 -81.4","0.545 0.364 1.000 0.091",-93.966,-100.819,"-100.8 -100.8 -100.8 -100.8 -100.8 -100.8 -100.8 -100.8",0.898,152,0,245,253,"-8e+01 -8e+01 -8e+01 -8e+01","0.706 0.0824 0.525 0.0235","0.073 0.15 0.023 0.9",1,1,0.01,0.00,0,0,2,0
8.700,6,0.477,0.091,0.330,4,3,-78.620,"-75.7 -79.4 -78.0 -81.4","0.455 0.364 1.000 0.091",-93.966,-100.819,"-100.8 -100.8 -100.8 -100.8 -100.8 -100.8 -100.8 -100.8",0.998,154,0,247,256,"-8e+01 -8e+01 -8e+01 -8e+01","0.706 0.0824 0.525 0.0235","0.17 0.048 0.023 1",1,1,0.01,0.00,0,0,3,1
8.800,6,0.525,0.000,0.356,4,3,-80.117,"-79.9 -81.7 -77.5 -81.4","0.600 0.500 1.000 0.000",-93.966,-100.819,"-100.8 -100.8 -100.8 -100.8 -100.8 -100.8 -100.8 -100.8",1.098,156,0,252,258,"-8e+01 -8e+01 -8e+01 -8e+01","0.714 0.0824 0.525 0.0235","0.073 0.048 0.023 1.1",1,1,0.02,0.00,0,0,4,1
8.900,6,0.545,0.000,0.358,4,2,-76.832,"-73.9 -79.3 -72.7 -81.4","0.636 0.545 1.000 0.000",-93.966,-100.819,"-100.8 -100.8 -100.8 -100.8 -100.8 -100.8 -100.8 -100.8",1.198,158,0,255,260,"-8e+01 -8e+01 -8e+01 -8e+01","0.714 0.0824 0.525 0.0235","0.073 0.048 0.023 1.2",1,1,0.00,0.00,0,0,3,0
9.000,6,0.568,0.000,0.360,4,1,-78.140,"-74.4 -78.7 -78.1 -81.4","0.636 0.636 1.000 0.000",-93.966,-100.819,"-100.8 -100.8 -100.8 -100.8 -100.8 -100.8 -100.8 -100.8",1.298,160,0,260,262,"-8e+01 -8e+01 -8e+01 -8e+01","0.71 0.0863 0.525 0.0235","0.073 0.048 0.023 1.3",1,1,0.01,0.00,0,0,3,0
9.100,6,0.591,0.000,0.366,4,1,-78.792,"-76.4 -78.7 -78.7 -81.4","0.727 0.636 1.000 0.000",-93.966,-100.819,"-100.8 -100.8 -100.8 -100.8 -100.8 -100.8 -100.8 -100.8",1.398,162,0,262,265,"-7e+01 -8e+01 -8e+01 -8e+01","0.714 0.0863 0.525 0.0235","0.073 0.15 0.023 1.4",1,1,0.01,0.00,0,0,2,0
9.200,6,0.545,0.000,0.358,4,2,-78.218,"-76.0 -78.7 -76.7 -81.4","0.636 0.545 1.000 0.000",-93.966,-100.819,"-100.8 -100.8 -100.8 -100.8 -100.8 -100.8 -100.8 -100.8",1.498,164,0,264,270,"-7e+01 -8e+01 -8e+01 -8e+01","0.714 0.0863 0.49 0.0235","0.17 0.25 0.023 1.5",1,1,0.01,0.00,0,0,1,0
9.300,6,0.591,0.000,0.366,4,1,-78.555,"-77.6 -79.9 -75.3 -81.4","0.727 0.636 1.000 0.000",-93.966,-100.819,"-100.8 -100.8 -100.8 -100.8 -100.8 -100.8 -100.8 -100.8",1.598,166,0,267,272,"-8e+01 -8e+01 -8e+01 -8e+01","0.718 0.0863 0.49 0.0235","0.073 0.048 0.023 1.6",1,1,0.02,0.00,0,0,6,3
9.400,6,0.591,0.000,0.378,4,2,-78.073,"-74.1 -79.9 -76.9 -81.4","0.818 0.545 1.000 0.000",-93.966,-100.819,"-100.8 -100.8 -100.8 -100.8 -100.8 -100.8 -100.8 -100.8",1.698,168,0,271,275,"-8e+01 -8e+01 -8e+01 -8e+01","0.722 0.0863 0.49 0.0235","0.073 0.15 0.023 1.7",1,1,0.02,0.00,0,0,2,0
9.500,6,0.614,0.000,0.377,4,1,-78.351,"-75.9 -80.4 -75.7 -81.4","0.818 0.636 1.000 0.000",-93.966,-100.819,"-100.8 -100.8 -100.8 -100.8 -100.8 -100.8 -100.8 -100.8",1.798,170,0,274,277,"-8e+01 -8e+01 -8e+01 -8e+01","0.722 0.0863 0.49 0.0235","0.073 0.048 0.023 1.8",1,1,0.00,0.00,0,0,4,1
9.600,6,0.614,0.000,0.377,4,1,-78.868,"-76.2 -81.5 -76.3 -81.4","0.818 0.636 1.000 0.000",-93.966,-100.819,"-100.8 -100.8 -100.8 -100.8 -100.8 -100.8 -100.8 -100.8",1.898,172,0,277,279,"-8e+01 -8e+01 -8e+01 -8e+01","0.722 0.0863 0.49 0.0235","0.073 0.048 0.023 1.9",1,1,0.01,0.00,0,0,3,0
9.700,6,0.614,0.000,0.377,4,1,-79.595,"-76.5 -81.5 -79.0 -81.4","0.818 0.636 1.000 0.000",-93.966,-100.819,"-100.8 -100.8 -100.8 -100.8 -100.8 -100.8 -100.8 -100.8",1.998,174,0,280,283,"-8e+01 -8e+01 -8e+01 -8e+01","0.71 0.0863 0.475 0.0235","0.073 0.15 0.023 2",1,1,0.01,0.00,0,0,2,0
9.800,6,0.591,0.000,0.372,4,2,-79.429,"-75.8 -81.5 -79.0 -81.4","0.909 0.545 0.909 0.000",-82.096,-100.819,"-100.8 -100.8 -100.8 -100.8 -100.8 -100.8 -100.8 -100.8",2.098,176,0,281,287,"-8e+01 -8e+01 -8e+01 -8e+01","0.714 0.0863 0.475 0.0235","0.073 0.25 0.12 2.1",1,1,0.02,0.00,0,0,1,0
9.900,6,0.591,0.000,0.372,4,2,-77.090,"-74.4 -78.7 -73.8 -81.4","0.909 0.545 0.909 0.000",-93.966,-100.819,"-100.8 -100.8 -100.8 -100.8 -100.8 -100.8 -100.8 -100.8",2.198,178,0,286,289,"-8e+01 -8e+01 -8e+01 -8e+01","0.714 0.0863 0.475 0.0235","0.073 0.048 0.023 2.2",1,1,0.00,0.00,0,0,6,3
10.000,6,0.591,0.000,0.372,4,2,-79.983,"-78.0 -81.5 -79.0 -81.4","0.909 0.545 0.909 0.000",-93.966,-100.819,"-100.8 -100.8 -100.8 -100.8 -100.8 -100.8 -100.8 -100.8",2.298,180,0,289,291,"-7e+01 -8e+01 -7e+01 -8e+01","0.718 0.0863 0.482 0.0235","0.073 0.048 0.023 2.3",1,1,0.01,0.00,0,0,3,0
10.100,6,0.568,0.000,0.377,4,2,-78.925,"-75.1 -81.5 -77.7 -81.4","0.909 0.455 0.909 0.000",-93.966,-100.819,"-100.8 -100.8 -100.8 -100.8 -100.8 -100.8 -100.8 -100.8",2.398,182,0,293,295,"-7e+01 -8e+01 -7e+01 -8e+01","0.718 0.0863 0.482 0.0235","0.073 0.15 0.023 2.4",1,1,0.01,0.00,0,0,2,0
10.200,6,0.591,0.000,0.372,4,2,-79.414,"-75.9 -78.8 -81.6 -81.4","0.909 0.545 0.909 0.000",-93.966,-100.819,"-100.8 -100.8 -100.8 -100.8 -100.8 -100.8 -100.8 -100.8",2.498,184,0,297,297,"-7e+01 -8e+01 -8e+01 -8e+01","0.714 0.0863 0.482 0.0235","0.073 0.048 0.023 2.5",1,1,0.01,0.00,0,0,4,1
10.300,6,0.636,0.000,0.391,4,1,-77.872,"-72.5 -79.8 -77.7 -81.4","1.000 0.636 0.909 0.000",-93.966,-100.819,"-100.8 -100.8 -100.8 -100.8 -100.8 -100.8 -100.8 -100.8",2.598,186,0,301,301,"-8e+01 -8e+01 -8e+01 -8e+01","0.718 0.0863 0.482 0.0235","0.073 0.048 0.023 2.6",1,1,0.02,0.00,0,0,3,0
10.400,6,0.636,0.000,0.391,4,1,-77.595,"-72.9 -80.7 -75.3 -81.4","1.000 0.636 0.909 0.000",-93.966,-100.819,"-100.8 -100.8 -100.8 -100.8 -100.8 -100.8 -100.8 -100.8",2.698,188,0,304,304,"-8e+01 -8e+01 -8e+01 -8e+01","0.722 0.0863 0.482 0.0235","0.073 0.048 0.023 2.7",2,2,0.01,0.00,0,0,3,0
10.500,6,0.636,0.000,0.391,4,1,-79.628,"-78.9 -80.7 -77.5 -81.4","1.000 0.636 0.909 0.000",-93.966,-100.819,"-100.8 -100.8 -100.8 -100.8 -100.8 -100.8 -100.8 -100.8",2.798,190,0,309,308,"-8e+01 -8e+01 -8e+01 -8e+01","0.722 0.0863 0.482 0.0235","0.073 0.15 0.023 2.8",1,1,0.01,0.00,0,0,2,0
10.600,6,0.636,0.000,0.391,4,1,-78.738,"-76.6 -80.4 -76.6 -81.4","1.000 0.636 0.909 0.000",-93.966,-100.819,"-100.8 -100.8 -100.8 -100.8 -100.8 -100.8 -100.8 -100.8",2.898,192,0,313,310,"-8e+01 -8e+01 -8e+01 -8e+01","0.714 0.0863 0.482 0.0235","0.073 0.048 0.023 2.9",1,1,0.02,0.00,0,0,4,1
10.700,6,0.591,0.000,0.372,4,2,-78.170,"-71.3 -80.4 -79.6 -81.4","0.909 0.545 0.909 0.000",-93.966,-100.819,"-100.8 -100.8 -100.8 -100.8 -100.8 -100.8 -100.8 -100.8",2.998,194,0,316,314,"-8e+01 -8e+01 -7e+01 -8e+01","0.714 0.0863 0.486 0.0235","0.17 0.15 0.023 3",1,1,0.00,0.00,0,0,1,0
10.800,6,0.568,0.000,0.354,4,2,-78.976,"-77.2 -80.4 -76.9 -81.4","0.909 0.545 0.818 0.000",-93.966,-100.820,"-100.8 -100.8 -100.8 -100.8 -100.8 -100.8 -100.8 -100.8",3.098,196,0,318,318,"-8e+01 -8e+01 -7e+01 -8e+01","0.722 0.0863 0.486 0.0235","0.073 0.25 0.12 3.1",1,1,0.02,0.00,0,0,2,1
10.900,6,0.591,0.000,0.372,4,2,-80.403,"-81.6 -80.4 -78.2 -81.4","0.909 0.545 0.909 0.000",-93.966,-100.820,"-100.8 -100.8 -100.8 -100.8 -100.8 -100.8 -100.8 -100.8",3.198,198,0,321,322,"-8e+01 -8e+01 -7e+01 -8e+01","0.725 0.0863 0.486 0.0235","0.073 0.35 0.023 3.2",1,1,0.01,0.00,0,0,3,1
11.000,6,0.591,0.000,0.372,4,2,-79.175,"-77.9 -80.5 -76.9 -81.4","0.909 0.545 0.909 0.000",-93.966,-100.819,"-100.8 -100.8 -100.8 -100.8 -100.8 -100.8 -100.8 -100.8",3.298,200,0,324,324,"-8e+01 -8e+01 -7e+01 -8e+01","0.725 0.0863 0.486 0.0235","0.073 0.048 0.023 3.3",1,1,0.01,0.00,0,0,6,3
11.100,6,0.568,0.000,0.354,4,2,-79.774,"-79.3 -79.3 -79.2 -81.4","0.818 0.545 0.909 0.000",-93.966,-100.819,"-100.8 -100.8 -100.8 -100.8 -100.8 -100.8 -100.8 -100.8",3.398,202,0,328,327,"-8e+01 -8e+01 -7e+01 -8e+01","0.725 0.0863 0.486 0.0235","0.17 0.048 0.023 3.4",1,1,0.01,0.00,0,0,2,0
11.200,6,0.568,0.000,0.354,4,2,-78.958,"-78.8 -79.3 -76.3 -81.4","0.818 0.545 0.909 0.000",-93.966,-100.819,"-100.8 -100.8 -100.8 -100.8 -100.8 -100.8 -100.8 -100.8",3.498,204,0,330,330,"-8e+01 -8e+01 -7e+01 -8e+01","0.714 0.0863 0.486 0.0235","0.073 0.15 0.023 3.5",1,1,0.01,0.00,0,0,3,1
11.300,6,0.568,0.000,0.354,4,2,-78.513,"-75.4 -80.2 -77.0 -81.4","0.818 0.545 0.909 0.000",-93.966,-100.819,"-100.8 -100.8 -100.8 -100.8 -100.8 -100.8 -100.8 -100.8",3.598,206,0,334,333,"-8e+01 -8e+01 -7e+01 -8e+01","0.714 0.0863 0.486 0.0235","0.073 0.048 0.023 3.6",1,1,0.02,0.00,0,0,4,1
11.400,6,0.545,0.000,0.358,4,2,-78.202,"-77.8 -80.2 -73.4 -81.4","0.818 0.455 0.909 0.000",-93.966,-100.820,"-100.8 -100.8 -100.8 -100.8 -100.8 -100.8 -100.8 -100.8",3.698,208,0,336,336,"-8e+01 -8e+01 -8e+01 -8e+01","0.718 0.0863 0.467 0.0235","0.073 0.15 0.023 3.7",1,1,0.00,0.00,0,0,2,0
11.500,6,0.545,0.000,0.358,4,2,-79.301,"-79.0 -79.1 -77.7 -81.4","0.818 0.455 0.909 0.000",-93.966,-100.820,"-100.8 -100.8 -100.8 -100.8 -100.8 -100.8 -100.8 -100.8",3.798,210,0,341,338,"-8e+01 -8e+01 -8e+01 -8e+01","0.722 0.0863 0.467 0.0235","0.073 0.048 0.023 3.8",1,1,0.01,0.00,0,0,4,1
11.600,6,0.568,0.000,0.354,4,2,-79.080,"-74.7 -81.9 -78.3 -81.4","0.818 0.545 0.909 0.000",-93.966,-100.820,"-100.8 -100.8 -100.8 -100.8 -100.8 -100.8 -100.8 -100.8",3.898,212,0,344,340,"-8e+01 -8e+01 -8e+01 -8e+01","0.722 0.0863 0.467 0.0235","0.073 0.048 0.023 3.9",1,1,0.02,0.00,0,0,3,0
11.700,6,0.545,0.000,0.358,4,2,-78.496,"-73.9 -81.9 -76.8 -81.4","0.818 0.455 0.909 0.000",-93.966,-100.820,"-100.8 -100.8 -100.8 -100.8 -100.8 -100.8 -100.8 -100.8",3.998,214,0,347,344,"-8e+01 -8e+01 -8e+01 -8e+01","0.725 0.0863 0.467 0.0235","0.073 0.15 0.023 4",1,1,0.02,0.00,0,0,2,0
11.800,6,0.568,0.000,0.354,4,2,-78.419,"-73.9 -81.8 -76.5 -81.4","0.818 0.545 0.909 0.000",-93.966,-100.820,"-100.8 -100.8 -100.8 -100.8 -100.8 -100.8 -100.8 -100.8",4.098,216,0,349,347,"-8e+01 -8e+01 -8e+01 -8e+01","0.725 0.0863 0.455 0.0235","0.17 0.048 0.023 4.1",1,1,0.02,0.00,0,0,3,1
11.900,6,0.568,0.000,0.366,4,2,-80.909,"-78.5 -81.8 -81.9 -81.4","0.727 0.545 1.000 0.000",-93.966,-100.820,"-100.8 -100.8 -100.8 -100.8 -100.8 -100.8 -100.8 -100.8",4.198,218,0,351,352,"-8e+01 -8e+01 -8e+01 -8e+01","0.725 0.0863 0.455 0.0235","0.27 0.15 0.023 4.2",1,1,0.00,0.00,0,0,1,0
12.000,6,0.614,0.091,0.330,4,1,-79.405,"-76.8 -82.0 -77.4 -81.4","0.727 0.636 1.000 0.091",-93.966,-100.819,"-100.8 -100.8 -100.8 -100.8 -100.8 -100.8 -100.8 -100.8",0.096,220,0,355,353,"-7e+01 -8e+01 -7e+01 -8e+01","0.733 0.0784 0.459 0.0392","0.073 0.048 0.023 0.096",1,1,0.00,0.00,42,41,6,3
12.100,6,0.591,0.091,0.331,4,2,-81.396,"-80.3 -82.0 -81.9 -81.4","0.727 0.545 1.000 0.091",-93.966,-100.819,"-100.8 -100.8 -100.8 -100.8 -100.8 -100.8 -100.8 -100.8",0.196,222,0,359,357,"-8e+01 -8e+01 -7e+01 -8e+01","0.733 0.0784 0.459 0.0392","0.073 0.15 0.023 0.2",2,2,33.21,0.00,0,0,2,0
12.200,6,0.614,0.091,0.342,4,2,-79.519,"-78.0 -81.4 -77.3 -81.4","0.818 0.545 1.000 0.091",-93.966,-100.819,"-100.8 -100.8 -100.8 -100.8 -100.8 -100.8 -100.8 -100.8",0.296,224,0,368,360,"-8e+01 -8e+01 -8e+01 -8e+01","0.737 0.0784 0.459 0.0392","0.073 0.048 0.023 0.3",6,6,1.01,0.00,1,0,3,1
12.300,6,0.614,0.091,0.342,4,2,-78.596,"-73.2 -81.4 -78.4 -81.4","0.818 0.545 1.000 0.091",-93.966,-100.819,"-100.8 -100.8 -100.8 -100.8 -100.8 -100.8 -100.8 -100.8",0.396,226,0,375,364,"-7e+01 -8e+01 -7e+01 -8e+01","0.741 0.0784 0.463 0.0392","0.073 0.15 0.023 0.4",5,5,0.01,0.00,0,0,2,0
12.400,6,0.591,0.091,0.349,4,2,-79.064,"-78.2 -81.4 -75.2 -81.4","0.818 0.455 1.000 0.091",-93.966,-100.819,"-100.8 -100.8 -100.8 -100.8 -100.8 -100.8 -100.8 -100.8",0.496,228,0,381,368,"-8e+01 -8e+01 -7e+01 -8e+01","0.741 0.0784 0.463 0.0392","0.073 0.25 0.023 0.5",5,5,0.02,0.00,0,0,2,0
12.500,6,0.614,0.091,0.342,4,2,-78.365,"-75.9 -81.2 -74.8 -81.4","0.818 0.545 1.000 0.091",-93.966,-100.819,"-100.8 -100.8 -100.8 -100.8 -100.8 -100.8 -100.8 -100.8",0.596,230,0,391,371,"-8e+01 -8e+01 -8e+01 -8e+01","0.741 0.0863 0.463 0.0392","0.073 0.048 0.023 0.6",6,6,0.01,0.00,0,0,5,2
12.600,6,0.614,0.091,0.342,4,2,-78.282,"-75.9 -81.9 -73.9 -81.4","0.818 0.545 1.000 0.091",-93.966,-100.819,"-100.8 -100.8 -100.8 -100.8 -100.8 -100.8 -100.8 -100.8",0.696,232,0,398,373,"-7e+01 -8e+01 -8e+01 -8e+01","0.729 0.0863 0.463 0.0392","0.073 0.048 0.023 0.7",5,5,0.01,0.00,0,0,3,0
12.700,6,0.568,0.091,0.324,4,2,-78.426,"-76.5 -81.9 -73.9 -81.4","0.818 0.455 0.909 0.091",-93.966,-100.819,"-100.8 -100.8 -100.8 -100.8 -100.8 -100.8 -100.8 -100.8",0.796,234,0,405,378,"-8e+01 -8e+01 -8e+01 -8e+01","0.733 0.0863 0.463 0.0392","0.073 0.15 0.12 0.8",6,6,0.01,0.00,0,0,1,0
12.800,6,0.591,0.091,0.318,4,2,-78.684,"-74.4 -79.4 -79.4 -81.4","0.818 0.545 0.909 0.091",-93.966,-100.819,"-100.8 -100.8 -100.8 -100.8 -100.8 -100.8 -100.8 -100.8",0.896,236,0,412,380,"-7e+01 -8e+01 -8e+01 -8e+01","0.733 0.0902 0.459 0.0392","0.073 0.048 0.023 0.9",5,5,0.02,0.00,0,0,5,2
12.900,6,0.591,0.091,0.343,4,2,-80.418,"-81.6 -79.4 -79.2 -81.4","0.909 0.455 0.909 0.091",-93.966,-100.819,"-100.8 -100.8 -100.8 -100.8 -100.8 -100.8 -100.8 -100.8",0.996,238,0,420,383,"-7e+01 -8e+01 -8e+01 -8e+01","0.737 0.0902 0.467 0.0392","0.073 0.15 0.023 1",5,5,0.01,0.00,0,0,2,0
13.000,6,0.614,0.091,0.366,4,2,-77.956,"-76.8 -79.4 -74.2 -81.4","1.000 0.455 0.909 0.091",-93.966,-100.819,"-100.8 -100.8 -100.8 -100.8 -100.8 -100.8 -100.8 -100.8",1.096,240,0,426,387,"-7e+01 -8e+01 -8e+01 -8e+01","0.737 0.0902 0.471 0.0392","0.073 0.25 0.023 1.1",5,5,0.01,0.00,0,0,2,0
13.100,6,0.545,0.000,0.391,4,2,-76.899,"-72.6 -79.4 -74.2 -81.4","1.000 0.364 0.818 0.000",-93.966,-100.819,"-100.8 -100.8 -100.8 -100.8 -100.8 -100.8 -100.8 -100.8",1.196,242,0,432,392,"-8e+01 -8e+01 -8e+01 -8e+01","0.741 0.0902 0.471 0.0392","0.073 0.35 0.12 1.2",5,5,0.01,0.00,0,0,1,0
13.200,6,0.568,0.000,0.382,4,2,-78.680,"-75.9 -80.8 -76.6 -81.4","1.000 0.455 0.818 0.000",-93.966,-100.819,"-100.8 -100.8 -100.8 -100.8 -100.8 -100.8 -100.8 -100.8",1.296,244,0,439,394,"-7e+01 -8e+01 -8e+01 -8e+01","0.741 0.0902 0.471 0.0392","0.073 0.048 0.023 1.3",5,5,0.00,0.00,0,0,7,4
13.300,6,0.545,0.000,0.391,4,2,-79.191,"-74.5 -80.8 -80.1 -81.4","1.000 0.364 0.818 0.000",-93.966,-100.819,"-100.8 -100.8 -100.8 -100.8 -100.8 -100.8 -100.8 -100.8",1.396,246,0,446,398,"-8e+01 -8e+01 -7e+01 -8e+01","0.741 0.0902 0.475 0.0392","0.073 0.15 0.023 1.4",5,5,0.01,0.00,0,0,2,0
13.400,6,0.545,0.000,0.358,4,2,-79.464,"-79.8 -78.7 -78.0 -81.4","0.909 0.455 0.818 0.000",-93.966,-100.819,"-100.8 -100.8 -100.8 -100.8 -100.8 -100.8 -100.8 -100.8",1.496,248,0,452,401,"-8e+01 -8e+01 -8e+01 -8e+01","0.741 0.0902 0.478 0.0392","0.17 0.048 0.023 1.5",5,5,0.02,0.00,0,0,3,1
13.500,6,0.545,0.000,0.358,4,2,-77.431,"-75.1 -78.7 -74.5 -81.4","0.909 0.455 0.818 0.000",-93.966,-100.819,"-100.8 -100.8 -100.8 -100.8 -100.8 -100.8 -100.8 -100.8",1.596,250,0,459,405,"-8e+01 -8e+01 -7e+01 -8e+01","0.737 0.0902 0.482 0.0392","0.073 0.15 0.023 1.6",5,5,0.01,0.00,0,0,3,1
13.600,6,0.545,0.000,0.358,4,2,-79.556,"-79.2 -79.2 -78.4 -81.4","0.909 0.455 0.818 0.000",-93.966,-100.819,"-100.8 -100.8 -100.8 -100.8 -100.8 -100.8 -100.8 -100.8",1.696,252,0,466,408,"-8e+01 -8e+01 -8e+01 -8e+01","0.733 0.0902 0.482 0.0392","0.073 0.048 0.023 1.7",6,6,0.01,0.00,0,0,4,1
13.700,6,0.523,0.000,0.336,4,2,-79.112,"-74.8 -81.7 -78.6 -81.4","0.818 0.455 0.818 0.000",-93.966,-100.819,"-100.8 -100.8 -100.8 -100.8 -100.8 -100.8 -100.8 -100.8",1.796,254,0,473,413,"-8e+01 -8e+01 -8e+01 -8e+01","0.733 0.0902 0.482 0.0392","0.17 0.048 0.023 1.8",6,6,0.01,0.00,0,0,2,0
13.800,6,0.568,0.000,0.354,4,2,-79.252,"-77.8 -78.1 -79.7 -81.4","0.818 0.545 0.909 0.000",-93.966,-100.819,"-100.8 -100.8 -100.8 -100.8 -100.8 -100.8 -100.8 -100.8",1.896,256,0,480,415,"-8e+01 -8e+01 -8e+01 -8e+01","0.733 0.0902 0.482 0.0392","0.073 0.048 0.023 1.9",5,5,0.01,0.00,0,0,4,1
13.900,6,0.545,0.000,0.358,4,2,-78.725,"-76.1 -78.1 -79.2 -81.4","0.818 0.455 0.909 0.000",-93.966,-100.819,"-100.8 -100.8 -100.8 -100.8 -100.8 -100.8 -100.8 -100.8",1.996,258,0,486,418,"-7e+01 -8e+01 -8e+01 -8e+01","0.725 0.0902 0.482 0.0392","0.073 0.15 0.023 2",5,5,0.00,0.00,0,0,2,0
14.000,6,0.568,0.000,0.354,4,2,-78.286,"-73.8 -78.2 -79.7 -81.4","0.818 0.545 0.909 0.000",-93.966,-100.819,"-100.8 -100.8 -100.8 -100.8 -100.8 -100.8 -100.8 -100.8",2.096,260,0,495,420,"-7e+01 -8e+01 -8e+01 -8e+01","0.725 0.0902 0.471 0.0392","0.073 0.048 0.023 2.1",5,5,0.01,0.00,0,0,4,1
14.100,6,0.568,0.000,0.354,4,2,-78.773,"-79.4 -78.2 -76.1 -81.4","0.818 0.545 0.909 0.000",-93.966,-100.819,"-100.8 -100.8 -100.8 -100.8 -100.8 -100.8 -100.8 -100.8",2.196,262,0,501,424,"-8e+01 -8e+01 -8e+01 -8e+01","0.725 0.0902 0.471 0.0392","0.073 0.15 0.023 2.2",5,5,0.01,0.00,0,0,2,0
14.200,6,0.614,0.000,0.377,4,1,-80.398,"-79.9 -78.4 -81.8 -81.4","0.818 0.636 1.000 0.000",-93.966,-100.819,"-100.8 -100.8 -100.8 -100.8 -100.8 -100.8 -100.8 -100.8",2.296,264,0,511,426,"-8e+01 -8e+01 -8e+01 -8e+01","0.725 0.0902 0.471 0.0392","0.073 0.048 0.023 2.3",6,6,0.01,0.00,0,0,4,1
14.300,6,0.545,0.000,0.340,4,2,-79.593,"-76.7 -78.4 -81.8 -81.4","0.727 0.545 0.909 0.000",-93.966,-100.819,"-100.8 -100.8 -100.8 -100.8 -100.8 -100.8 -100.8 -100.8",2.396,266,0,518,434,"-8e+01 -8e+01 -8e+01 -8e+01","0.725 0.0902 0.471 0.0392","0.17 0.15 0.12 2.4",5,5,0.01,0.00,0,0,0,0
14.400,6,0.568,0.000,0.342,4,1,-80.780,"-78.8 -80.9 -82.0 -81.4","0.727 0.636 0.909 0.000",-93.966,-100.819,"-100.8 -100.8 -100.8 -100.8 -100.8 -100.8 -100.8 -100.8",2.496,268,0,530,439,"-7e+01 -8e+01 -7e+01 -8e+01","0.714 0.0902 0.471 0.0392","0.073 0.048 0.023 2.5",3,3,0.01,0.00,0,0,6,3
14.500,6,0.568,0.000,0.354,4,2,-79.239,"-74.2 -81.9 -79.4 -81.4","0.818 0.545 0.909 0.000",-93.966,-100.819,"-100.8 -100.8 -100.8 -100.8 -100.8 -100.8 -100.8 -100.8",2.596,270,0,543,445,"-8e+01 -8e+01 -8e+01 -8e+01","0.714 0.0902 0.471 0.0392","0.073 0.15 0.023 2.6",3,3,0.01,0.00,0,0,2,0
14.600,6,0.591,0.091,0.318,4,2,-78.463,"-76.1 -81.9 -74.6 -81.2","0.818 0.545 0.909 0.091",-93.966,-100.819,"-100.8 -100.8 -100.8 -100.8 -100.8 -100.8 -100.8 -100.8",0.248,272,0,564,455,"-8e+01 -8e+01 -8e+01 -8e+01","0.71 0.0902 0.467 0.0431","0.073 0.25 0.023 0.098",5,5,0.94,0.00,25,25,3,0
14.700,6,0.545,0.091,0.302,4,2,-79.834,"-78.3 -81.9 -77.9 -81.2","0.818 0.455 0.818 0.091",-93.966,-100.819,"-100.8 -100.8 -100.8 -100.8 -100.8 -100.8 -100.8 -100.8",0.348,274,0,572,463,"-8e+01 -8e+01 -8e+01 -8e+01","0.714 0.0902 0.467 0.0431","0.073 0.35 0.12 0.2",4,4,0.00,0.00,0,0,1,0
14.800,6,0.545,0.091,0.334,4,2,-78.054,"-74.6 -81.9 -74.5 -81.2","0.909 0.364 0.818 0.091",-93.966,-100.819,"-100.8 -100.8 -100.8 -100.8 -100.8 -100.8 -100.8 -100.8",0.448,276,0,580,470,"-8e+01 -8e+01 -8e+01 -8e+01","0.714 0.0902 0.475 0.0431","0.073 0.45 0.023 0.3",5,5,0.01,0.00,0,0,3,1
14.900,6,0.500,0.091,0.331,4,2,-77.869,"-73.8 -81.9 -74.6 -81.2","0.909 0.273 0.727 0.091",-85.027,-100.819,"-100.8 -100.8 -100.8 -100.8 -100.8 -100.8 -100.8 -100.8",0.548,278,0,586,475,"-8e+01 -8e+01 -8e+01 -8e+01","0.718 0.0902 0.475 0.0431","0.073 0.55 0.12 0.4",5,5,0.01,0.00,0,0,1,0
15.000,6,0.523,0.091,0.317,4,2,-78.589,"-75.5 -80.5 -77.2 -81.2","0.909 0.364 0.727 0.091",-93.966,-100.819,"-100.8 -100.8 -100.8 -100.8 -100.8 -100.8 -100.8 -100.8",0.498,280,0,594,480,"-8e+01 -8e+01 -8e+01 -8e+01","0.718 0.0902 0.475 0.0431","0.073 0.048 0.023 0.5",4,4,0.00,0.00,0,0,9,6
15.100,6,0.523,0.091,0.317,4,2,-78.888,"-78.5 -80.9 -75.0 -81.2","0.909 0.364 0.727 0.091",-93.966,-100.819,"-100.8 -100.8 -100.8 -100.8 -100.8 -100.8 -100.8 -100.8",0.598,282,0,611,485,"-7e+01 -8e+01 -8e+01 -8e+01","0.722 0.0902 0.478 0.0431","0.073 0.048 0.023 0.6",3,3,0.01,0.00,0,0,3,0
15.200,6,0.523,0.091,0.317,4,2,-79.721,"-77.8 -80.9 -79.1 -81.2","0.909 0.364 0.727 0.091",-93.966,-100.819,"-100.8 -100.8 -100.8 -100.8 -100.8 -100.8 -100.8 -100.8",0.698,284,0,632,493,"-8e+01 -8e+01 -8e+01 -8e+01","0.722 0.0902 0.482 0.0431","0.073 0.15 0.023 0.7",3,3,0.01,0.00,0,0,2,0
15.300,6,0.500,0.091,0.291,4,2,-78.594,"-77.8 -74.4 -81.0 -81.2","0.818 0.364 0.727 0.091",-93.966,-100.819,"-100.8 -100.8 -100.8 -100.8 -100.8 -100.8 -100.8 -100.8",0.798,286,0,640,499,"-8e+01 -8e+01 -8e+01 -8e+01","0.722 0.0902 0.482 0.0431","0.17 0.048 0.023 0.8",3,3,0.00,0.00,0,0,3,1
15.400,6,0.523,0.091,0.311,4,2,-77.419,"-73.5 -74.4 -80.5 -81.2","0.818 0.364 0.818 0.091",-93.966,-100.819,"-100.8 -100.8 -100.8 -100.8 -100.8 -100.8 -100.8 -100.8",0.898,288,0,651,508,"-8e+01 -8e+01 -8e+01 -8e+01","0.722 0.0902 0.482 0.0431","0.27 0.15 0.023 0.9",4,4,0.02,0.00,0,0,1,0
15.500,6,0.523,0.091,0.311,4,2,-78.394,"-74.1 -78.7 -79.5 -81.2","0.818 0.364 0.818 0.091",-93.966,-100.819,"-100.8 -100.8 -100.8 -100.8 -100.8 -100.8 -100.8 -100.8",0.998,290,0,673,515,"-8e+01 -8e+01 -8e+01 -8e+01","0.729 0.0902 0.482 0.0431","0.073 0.048 0.023 1",3,3,0.00,0.00,0,0,6,3
15.600,6,0.523,0.091,0.311,4,2,-78.717,"-75.3 -78.7 -79.6 -81.2","0.818 0.364 0.818 0.091",-93.966,-100.819,"-100.8 -100.8 -100.8 -100.8 -100.8 -100.8 -100.8 -100.8",1.098,292,0,683,520,"-8e+01 -8e+01 -8e+01 -8e+01","0.729 0.0902 0.482 0.0431","0.073 0.15 0.023 1.1",5,5,0.01,0.00,0,0,2,0
15.700,6,0.500,0.000,0.343,4,2,-76.995,"-73.5 -78.7 -74.6 -81.2","0.818 0.364 0.818 0.000",-93.966,-100.819,"-100.8 -100.8 -100.8 -100.8 -100.8 -100.8 -100.8 -100.8",1.198,294,0,697,528,"-8e+01 -8e+01 -8e+01 -8e+01","0.729 0.0902 0.482 0.0431","0.073 0.25 0.023 1.2",3,3,0.01,0.00,0,0,2,0
15.800,6,0.523,0.000,0.366,4,2,-78.276,"-76.7 -78.7 -76.5 -81.2","0.818 0.364 0.909 0.000",-93.966,-100.819,"-100.8 -100.8 -100.8 -100.8 -100.8 -100.8 -100.8 -100.8",1.298,296,0,709,532,"-8e+01 -8e+01 -8e+01 -8e+01","0.725 0.0902 0.475 0.0431","0.073 0.35 0.023 1.3",5,5,0.01,0.00,0,0,2,0
15.900,6,0.523,0.000,0.366,4,2,-79.190,"-81.5 -78.7 -75.4 -81.2","0.818 0.364 0.909 0.000",-93.966,-100.819,"-100.8 -100.8 -100.8 -100.8 -100.8 -100.8 -100.8 -100.8",1.398,298,0,721,538,"-8e+01 -8e+01 -7e+01 -8e+01","0.725 0.0902 0.475 0.0431","0.073 0.45 0.023 1.4",3,3,0.02,0.00,0,0,2,0
16.000,6,0.500,0.000,0.349,4,2,-79.512,"-79.1 -78.7 -79.1 -81.1","0.727 0.364 0.909 0.000",-93.966,-100.819,"-100.8 -100.8 -100.8 -100.8 -100.8 -100.8 -100.8 -100.8",1.498,300,0,761,555,"-8e+01 -8e+01 -7e+01 -8e+01","0.725 0.0902 0.475 0.0431","0.17 0.55 0.12 1.5",3,3,0.01,0.00,0,0,0,0
16.100,6,0.475,0.000,0.349,4,2,-79.317,"-78.9 -80.2 -79.3 -78.8","0.700 0.300 0.900 0.000",-93.966,-100.819,"-100.8 -100.8 -100.8 -100.8 -100.8 -100.8 -100.8 -100.8",1.598,302,0,788,566,"-7e+01 -8e+01 -8e+01 -8e+01","0.718 0.0941 0.471 0.0431","0.073 0.048 0.023 1.6",3,3,0.00,0.00,0,0,10,7
16.200,6,0.477,0.000,0.360,4,2,-77.625,"-75.4 -80.2 -76.0 -78.8","0.727 0.273 0.909 0.000",-93.966,-100.819,"-100.8 -100.8 -100.8 -100.8 -100.8 -100.8 -100.8 -100.8",1.698,304,0,804,574,"-8e+01 -8e+01 -8e+01 -8e+01","0.722 0.0941 0.471 0.0431","0.073 0.15 0.023 1.7",4,4,0.00,0.00,0,0,2,0
16.300,6,0.500,0.000,0.349,4,2,-78.007,"-75.1 -80.6 -74.5 -81.9","0.727 0.364 0.909 0.000",-93.966,-100.819,"-100.8 -100.8 -100.8 -100.8 -100.8 -100.8 -100.8 -100.8",1.798,306,0,822,584,"-8e+01 -8e+01 -8e+01 -8e+01","0.722 0.0941 0.471 0.0431","0.073 0.048 0.023 1.8",3,3,0.01,0.00,0,0,4,1
16.400,6,0.523,0.000,0.366,4,2,-79.064,"-77.2 -79.7 -77.4 -81.9","0.818 0.364 0.909 0.000",-93.966,-100.819,"-100.8 -100.8 -100.8 -100.8 -100.8 -100.8 -100.8 -100.8",1.898,308,0,840,590,"-8e+01 -8e+01 -7e+01 -8e+01","0.718 0.0941 0.471 0.0431","0.073 0.048 0.023 1.9",3,3,0.01,0.00,0,0,3,0
16.500,6,0.545,0.000,0.386,4,2,-78.369,"-71.5 -79.7 -80.3 -81.9","0.909 0.364 0.909 0.000",-93.966,-100.819,"-100.8 -100.8 -100.8 -100.8 -100.8 -100.8 -100.8 -100.8",1.998,310,0,847,594,"-7e+01 -8e+01 -7e+01 -8e+01","0.718 0.0941 0.471 0.0431","0.073 0.15 0.023 2",3,3,0.01,0.00,0,0,2,0
16.600,6,0.475,0.000,0.342,4,2,-78.604,"-78.0 -79.7 -74.8 -81.9","0.800 0.300 0.800 0.000",-93.966,-100.819,"-100.8 -100.8 -100.8 -100.8 -100.8 -100.8 -100.8 -100.8",2.098,312,0,856,604,"-7e+01 -8e+01 -7e+01 -8e+01","0.718 0.0941 0.471 0.0431","0.17 0.25 0.12 2.1",4,4,0.01,0.00,0,0,0,0
16.700,6,0.477,0.000,0.324,4,2,-79.983,"-78.8 -81.4 -77.8 -81.9","0.818 0.364 0.727 0.000",-93.966,-100.819,"-100.8 -100.8 -100.8 -100.8 -100.8 -100.8 -100.8 -100.8",2.198,314,0,868,609,"-8e+01 -8e+01 -7e+01 -8e+01","0.718 0.0941 0.471 0.0431","0.073 0.048 0.22 2.2",4,4,0.01,0.00,0,0,5,3
16.800,6,0.500,0.000,0.318,4,2,-79.003,"-76.0 -81.7 -76.4 -81.9","0.818 0.455 0.727 0.000",-93.966,-100.819,"-100.8 -100.8 -100.8 -100.8 -100.8 -100.8 -100.8 -100.8",2.298,316,0,879,613,"-8e+01 -8e+01 -8e+01 -8e+01","0.718 0.0941 0.478 0.0431","0.073 0.048 0.023 2.3",3,3,0.01,0.00,0,0,5,2
16.900,6,0.500,0.000,0.305,4,2,-79.417,"-79.0 -79.4 -77.4 -81.9","0.818 0.545 0.636 0.000",-93.966,-100.819,"-100.8 -100.8 -100.8 -100.8 -100.8 -100.8 -100.8 -100.8",2.398,318,0,891,623,"-8e+01 -8e+01 -8e+01 -8e+01","0.722 0.0941 0.478 0.0431","0.073 0.048 0.12 2.4",3,3,0.01,0.00,0,0,2,0
17.000,6,0.523,0.000,0.311,4,1,-78.863,"-77.2 -81.5 -74.9 -81.9","0.818 0.636 0.636 0.000",-93.966,-100.819,"-100.8 -100.8 -100.8 -100.8 -100.8 -100.8 -100.8 -100.8",2.498,320,0,910,633,"-7e+01 -8e+01 -8e+01 -8e+01","0.722 0.0941 0.478 0.0431","0.073 0.048 0.023 2.5",3,3,0.01,0.00,0,0,4,1
17.100,6,0.523,0.000,0.311,4,1,-79.412,"-77.2 -81.5 -77.1 -81.9","0.818 0.636 0.636 0.000",-93.966,-100.819,"-100.8 -100.8 -100.8 -100.8 -100.8 -100.8 -100.8 -100.8",2.598,322,0,921,644,"-7e+01 -8e+01 -8e+01 -8e+01","0.722 0.0941 0.478 0.0431","0.17 0.15 0.12 2.6",3,3,0.01,0.00,0,0,0,0
17.200,6,0.477,0.000,0.283,4,2,-80.163,"-77.2 -81.5 -80.1 -81.9","0.727 0.545 0.636 0.000",-93.966,-100.819,"-100.8 -100.8 -100.8 -100.8 -100.8 -100.8 -100.8 -100.8",2.698,324,0,929,651,"-7e+01 -8e+01 -7e+01 -8e+01","0.722 0.0941 0.482 0.0431","0.27 0.25 0.023 2.7",3,3,0.01,0.00,0,0,2,1
17.300,6,0.500,0.000,0.291,4,1,-80.201,"-81.1 -79.0 -78.8 -81.9","0.727 0.636 0.636 0.000",-93.966,-100.819,"-100.8 -100.8 -100.8 -100.8 -100.8 -100.8 -100.8 -100.8",2.798,326,0,937,656,"-8e+01 -8e+01 -8e+01 -8e+01","0.714 0.0941 0.482 0.0431","0.073 0.048 0.023 2.8",4,4,0.00,0.00,0,0,7,4
17.400,6,0.477,0.000,0.276,4,1,-79.814,"-76.3 -81.3 -79.7 -81.9","0.636 0.636 0.636 0.000",-93.966,-100.819,"-100.8 -100.8 -100.8 -100.8 -100.8 -100.8 -100.8 -100.8",2.898,328,0,950,662,"-8e+01 -8e+01 -8e+01 -8e+01","0.714 0.0941 0.482 0.0431","0.17 0.048 0.023 2.9",3,3,0.02,0.00,0,0,2,0
17.500,6,0.477,0.000,0.276,4,1,-79.386,"-76.7 -80.6 -78.3 -81.9","0.636 0.636 0.636 0.000",-93.966,-100.819,"-100.8 -100.8 -100.8 -100.8 -100.8 -100.8 -100.8 -100.8",2.998,330,0,967,670,"-8e+01 -8e+01 -8e+01 -8e+01","0.714 0.0941 0.478 0.0431","0.073 0.048 0.023 3",3,3,0.01,0.00,0,0,4,1
17.600,6,0.500,0.000,0.291,4,1,-78.992,"-76.3 -80.3 -77.4 -81.9","0.636 0.727 0.636 0.000",-93.966,-100.819,"-100.8 -100.8 -100.8 -100.8 -100.8 -100.8 -100.8 -100.8",3.098,332,0,977,674,"-8e+01 -8e+01 -8e+01 -8e+01","0.714 0.0941 0.482 0.0431","0.073 0.048 0.023 3.1",3,3,0.01,0.00,0,0,3,0
17.700,6,0.545,0.000,0.315,4,1,-80.902,"-80.0 -80.3 -81.4 -81.9","0.727 0.727 0.727 0.000",-93.966,-100.819,"-100.8 -100.8 -100.8 -100.8 -100.8 -100.8 -100.8 -100.8",3.198,334,0,988,680,"-7e+01 -8e+01 -8e+01 -8e+01","0.718 0.0941 0.486 0.0431","0.073 0.15 0.023 3.2",3,3,0.02,0.00,0,0,2,0
17.800,6,0.523,0.000,0.311,4,1,-78.928,"-75.8 -80.3 -77.7 -81.9","0.636 0.636 0.818 0.000",-93.966,-100.819,"-100.8 -100.8 -100.8 -100.8 -100.8 -100.8 -100.8 -100.8",3.298,336,0,997,686,"-7e+01 -8e+01 -7e+01 -8e+01","0.718 0.0941 0.49 0.0431","0.17 0.25 0.023 3.3",3,3,0.01,0.00,0,0,1,0
17.900,6,0.400,0.000,0.307,5,4,-78.957,"-75.8 -80.3 -75.9 -81.9 -80.8","0.545 0.545 0.818 0.000 0.091",-93.966,-100.819,"-100.8 -100.8 -100.8 -100.8 -100.8 -100.8 -100.8 -100.8",3.398,338,0,1007,695,"-7e+01 -8e+01 -8e+01 -8e+01 -8e+01","0.718 0.0941 0.49 0.0431 0.0196","0.27 0.35 0.023 3.4 0.073",3,3,0.02,0.00,0,0,1,0
18.000,6,0.400,0.000,0.328,5,4,-79.282,"-76.9 -80.3 -76.5 -81.9 -80.8","0.545 0.455 0.909 0.000 0.091",-93.966,-100.819,"-100.8 -100.8 -100.8 -100.8 -100.8 -100.8 -100.8 -100.8",3.498,340,0,1016,702,"-8e+01 -8e+01 -8e+01 -8e+01 -8e+01","0.714 0.0941 0.49 0.0431 0.0196","0.073 0.45 0.023 3.5 0.17",3,3,0.01,0.00,0,0,4,2
18.100,6,0.345,0.000,0.290,5,4,-79.282,"-76.9 -80.3 -76.5 -81.9 -80.8","0.455 0.364 0.818 0.000 0.091",-93.966,-100.819,"-100.8 -100.8 -100.8 -100.8 -100.8 -100.8 -100.8 -100.8",3.598,342,0,1016,705,"-8e+01 -8e+01 -8e+01 -8e+01 -8e+01","0.714 0.0941 0.49 0.0431 0.0196","0.17 0.55 0.12 3.6 0.27",15,13,6.95,0.40,0,0,0,0
18.200,6,0.345,0.000,0.290,5,4,-79.282,"-76.9 -80.3 -76.5 -81.9 -80.8","0.455 0.364 0.818 0.000 0.091",-93.966,-100.819,"-100.8 -100.8 -100.8 -100.8 -100.8 -100.8 -100.8 -100.8",3.698,344,0,1016,709,"-8e+01 -8e+01 -8e+01 -8e+01 -8e+01","0.714 0.0941 0.49 0.0431 0.0196","0.27 0.65 0.22 3.7 0.37",17,15,0.62,0.35,0,0,0,0
18.300,6,0.327,0.000,0.261,5,4,-79.282,"-76.9 -80.3 -76.5 -81.9 -80.8","0.455 0.364 0.727 0.000 0.091",-93.966,-100.819,"-100.8 -100.8 -100.8 -100.8 -100.8 -100.8 -100.8 -100.8",3.798,346,0,1016,723,"-8e+01 -8e+01 -8e+01 -8e+01 -8e+01","0.714 0.0941 0.49 0.0431 0.0196","0.37 0.75 0.32 3.8 0.47",21,18,8.89,0.43,0,0,0,0
18.400,6,0.273,0.000,0.223,5,4,-79.282,"-76.9 -80.3 -76.5 -81.9 -80.8","0.364 0.273 0.636 0.000 0.091",-93.966,-100.819,"-100.8 -100.8 -100.8 -100.8 -100.8 -100.8 -100.8 -100.8",3.898,348,0,1016,726,"-8e+01 -8e+01 -8e+01 -8e+01 -8e+01","0.714 0.0941 0.49 0.0431 0.0196","0.47 0.85 0.42 3.9 0.57",22,19,3.07,0.41,0,0,0,0
18.500,6,0.236,0.000,0.196,5,5,-79.282,"-76.9 -80.3 -76.5 -81.9 -80.8","0.364 0.182 0.545 0.000 0.091",-93.966,-100.819,"-100.8 -100.8 -100.8 -100.8 -100.8 -100.8 -100.8 -100.8",3.998,350,0,1016,736,"-8e+01 -8e+01 -8e+01 -8e+01 -8e+01","0.714 0.0941 0.49 0.0431 0.0196","0.57 0.95 0.52 4 0.67",15,13,6.53,0.40,0,0,0,0
18.600,6,0.182,0.000,0.163,5,5,-79.282,"-76.9 -80.3 -76.5 -81.9 -80.8","0.273 0.091 0.455 0.000 0.091",-93.966,-100.819,"-100.8 -100.8 -100.8 -100.8 -100.8 -100.8 -100.8 -100.8",4.098,352,0,1016,738,"-8e+01 -8e+01 -8e+01 -8e+01 -8e+01","0.714 0.0941 0.49 0.0431 0.0196","0.67 1 0.62 4.1 0.77",15,13,3.86,0.40,0,0,0,0
18.700,6,0.127,0.000,0.136,5,5,-79.282,"-76.9 -80.3 -76.5 -81.9 -80.8","0.182 0.000 0.364 0.000 0.091",-93.966,-100.819,"-100.8 -100.8 -100.8 -100.8 -100.8 -100.8 -100.8 -100.8",4.198,354,0,1016,749,"-8e+01 -8e+01 -8e+01 -8e+01 -8e+01","0.714 0.0941 0.49 0.0431 0.0196","0.77 1.1 0.72 4.2 0.87",15,13,0.01,0.40,0,0,0,0
18.800,6,0.091,0.000,0.100,5,5,-79.282,"-76.9 -80.3 -76.5 -81.9 -80.8","0.091 0.000 0.273 0.000 0.091",-93.966,-100.819,"-100.8 -100.8 -100.8 -100.8 -100.8 -100.8 -100.8 -100.8",4.298,356,0,1016,753,"-8e+01 -8e+01 -8e+01 -8e+01 -8e+01","0.714 0.0941 0.49 0.0431 0.0196","0.87 1.2 0.82 4.3 0.97",22,19,2.50,0.41,0,0,0,0
18.900,6,0.073,0.000,0.068,5,5,-79.282,"-76.9 -80.3 -76.5 -81.9 -80.8","0.091 0.000 0.182 0.000 0.091",-93.966,-100.819,"-100.8 -100.8 -100.8 -100.8 -100.8 -100.8 -100.8 -100.8",4.398,358,0,1016,762,"-8e+01 -8e+01 -8e+01 -8e+01 -8e+01","0.714 0.0941 0.49 0.0431 0.0196","0.97 1.3 0.92 4.4 1.1",15,13,4.08,0.40,0,0,0,0
19.000,6,0.036,0.000,0.045,5,5,-79.282,"-76.9 -80.3 -76.5 -81.9 -80.8","0.091 0.000 0.091 0.000 0.000",-93.966,-100.819,"-100.8 -100.8 -100.8 -100.8 -100.8 -100.8 -100.8 -100.8",4.498,360,0,1016,764,"-8e+01 -8e+01 -8e+01 -8e+01 -8e+01","0.714 0.0941 0.49 0.0431 0.0196","1.1 1.4 1 4.5 1.2",15,13,2.54,0.40,0,0,0,0
19.100,6,0.000,0.000,0.000,5,5,-79.282,"-76.9 -80.3 -76.5 -81.9 -80.8","0.000 0.000 0.000 0.000 0.000",-93.966,-100.819,"-100.8 -100.8 -100.8 -100.8 -100.8 -100.8 -100.8 -100.8",4.598,362,0,1016,776,"-8e+01 -8e+01 -8e+01 -8e+01 -8e+01","0.714 0.0941 0.49 0.0431 0.0196","1.2 1.5 1.1 4.6 1.3",22,19,5.55,0.41,0,0,0,0
19.200,6,0.000,0.000,0.000,5,5,-79.282,"-76.9 -80.3 -76.5 -81.9 -80.8","0.000 0.000 0.000 0.000 0.000",-93.966,-100.819,"-100.8 -100.8 -100.8 -100.8 -100.8 -100.8 -100.8 -100.8",4.698,364,0,1016,780,"-8e+01 -8e+01 -8e+01 -8e+01 -8e+01","0.714 0.0941 0.49 0.0431 0.0196","1.3 1.6 1.2 4.7 1.4",15,13,0.18,0.40,0,0,0,0
19.300,6,0.000,0.000,0.000,5,5,-79.282,"-76.9 -80.3 -76.5 -81.9 -80.8","0.000 0.000 0.000 0.000 0.000",-93.966,-100.819,"-100.8 -100.8 -100.8 -100.8 -100.8 -100.8 -100.8 -100.8",4.798,366,0,1016,790,"-8e+01 -8e+01 -8e+01 -8e+01 -8e+01","0.714 0.0941 0.49 0.0431 0.0196","1.4 1.7 1.3 4.8 1.5",15,13,1.50,0.40,0,0,0,0
19.400,6,0.000,0.000,0.000,5,5,-79.282,"-76.9 -80.3 -76.5 -81.9 -80.8","0.000 0.000 0.000 0.000 0.000",-93.966,-100.819,"-100.8 -100.8 -100.8 -100.8 -100.8 -100.8 -100.8 -100.8",4.898,368,0,1016,793,"-8e+01 -8e+01 -8e+01 -8e+01 -8e+01","0.714 0.0941 0.49 0.0431 0.0196","1.5 1.8 1.4 4.9 1.6",22,19,1.04,0.41,0,0,0,0
19.500,6,0.000,0.000,0.000,5,5,-79.282,"-76.9 -80.3 -76.5 -81.9 -80.8","0.000 0.000 0.000 0.000 0.000",-93.966,-100.819,"-100.8 -100.8 -100.8 -100.8 -100.8 -100.8 -100.8 -100.8",4.998,370,0,1016,802,"-8e+01 -8e+01 -8e+01 -8e+01 -8e+01","0.714 0.0941 0.49 0.0431 0.0196","1.6 1.9 1.5 5 1.7",15,13,0.19,0.40,0,0,0,0
19.600,6,0.000,0.000,0.000,5,5,-79.282,"-76.9 -80.3 -76.5 -81.9 -80.8","0.000 0.000 0.000 0.000 0.000",-93.966,-100.819,"-100.8 -100.8 -100.8 -100.8 -100.8 -100.8 -100.8 -100.8",5.098,372,0,1016,805,"-8e+01 -8e+01 -8e+01 -8e+01 -8e+01","0.714 0.0941 0.49 0.0431 0.0196","1.7 2 1.6 5.1 1.8",15,13,0.23,0.40,0,0,0,0
19.700,6,0.000,0.000,0.000,5,5,-79.282,"-76.9 -80.3 -76.5 -81.9 -80.8","0.000 0.000 0.000 0.000 0.000",-93.966,-100.819,"-100.8 -100.8 -100.8 -100.8 -100.8 -100.8 -100.8 -100.8",5.198,374,0,1016,814,"-8e+01 -8e+01 -8e+01 -8e+01 -8e+01","0.714 0.0941 0.49 0.0431 0.0196","1.8 2.1 1.7 5.2 1.9",15,13,0.01,0.40,0,0,0,0
19.800,6,0.000,0.000,0.000,5,5,-79.282,"-76.9 -80.3 -76.5 -81.9 -80.8","0.000 0.000 0.000 0.000 0.000",-93.966,-100.819,"-100.8 -100.8 -100.8 -100.8 -100.8 -100.8 -100.8 -100.8",5.298,376,0,1016,819,"-8e+01 -8e+01 -8e+01 -8e+01 -8e+01","0.714 0.0941 0.49 0.0431 0.0196","1.9 2.2 1.8 5.3 2",22,19,2.52,0.41,0,0,0,0
19.900,6,0.000,0.000,0.000,5,5,-79.282,"-76.9 -80.3 -76.5 -81.9 -80.8","0.000 0.000 0.000 0.000 0.000",-93.966,-100.819,"-100.8 -100.8 -100.8 -100.8 -100.8 -100.8 -100.8 -100.8",5.398,378,0,1016,829,"-8e+01 -8e+01 -8e+01 -8e+01 -8e+01","0.714 0.0941 0.49 0.0431 0.0196","2 2.3 1.9 5.4 2.1",15,13,2.23,0.40,0,0,0,0
20.000,6,0.000,0.000,0.000,5,5,-79.282,"-76.9 -80.3 -76.5 -81.9 -80.8","0.000 0.000 0.000 0.000 0.000",-93.966,-100.819,"-100.8 -100.8 -100.8 -100.8 -100.8 -100.8 -100.8 -100.8",5.498,380,0,1016,832,"-8e+01 -8e+01 -8e+01 -8e+01 -8e+01","0.714 0.0941 0.49 0.0431 0.0196","2.1 2.4 2 5.5 2.2",15,13,4.29,0.40,0,0,0,0
20.100,6,0.000,0.000,0.000,5,5,-79.282,"-76.9 -80.3 -76.5 -81.9 -80.8","0.000 0.000 0.000 0.000 0.000",-93.966,-100.819,"-100.8 -100.8 -100.8 -100.8 -100.8 -100.8 -100.8 -100.8",5.598,382,0,1016,842,"-8e+01 -8e+01 -8e+01 -8e+01 -8e+01","0.714 0.0941 0.49 0.0431 0.0196","2.2 2.5 2.1 5.6 2.3",15,13,0.01,0.40,0,0,0,0
20.200,6,0.000,0.000,0.000,5,5,-79.282,"-76.9 -80.3 -76.5 -81.9 -80.8","0.000 0.000 0.000 0.000 0.000",-93.966,-100.819,"-100.8 -100.8 -100.8 -100.8 -100.8 -100.8 -100.8 -100.8",5.698,384,0,1016,847,"-8e+01 -8e+01 -8e+01 -8e+01 -8e+01","0.714 0.0941 0.49 0.0431 0.0196","2.3 2.6 2.2 5.7 2.4",22,19,4.12,0.41,0,0,0,0
20.300,6,0.000,0.000,0.000,5,5,-79.282,"-76.9 -80.3 -76.5 -81.9 -80.8","0.000 0.000 0.000 0.000 0.000",-93.966,-100.819,"-100.8 -100.8 -100.8 -100.8 -100.8 -100.8 -100.8 -100.8",5.798,386,0,1016,860,"-8e+01 -8e+01 -8e+01 -8e+01 -8e+01","0.714 0.0941 0.49 0.0431 0.0196","2.4 2.7 2.3 5.8 2.5",15,13,3.49,0.40,0,0,0,0
20.400,6,0.000,0.000,0.000,5,5,-79.282,"-76.9 -80.3 -76.5 -81.9 -80.8","0.000 0.000 0.000 0.000 0.000",-93.966,-100.819,"-100.8 -100.8 -100.8 -100.8 -100.8 -100.8 -100.8 -100.8",5.898,388,0,1016,863,"-8e+01 -8e+01 -8e+01 -8e+01 -8e+01","0.714 0.0941 0.49 0.0431 0.0196","2.5 2.8 2.4 5.9 2.6",16,14,0.01,0.38,0,0,0,0
20.500,6,0.000,0.000,0.000,5,5,-79.282,"-76.9 -80.3 -76.5 -81.9 -80.8","0.000 0.000 0.000 0.000 0.000",-93.966,-100.819,"-100.8 -100.8 -100.8 -100.8 -100.8 -100.8 -100.8 -100.8",5.998,390,0,1016,876,"-8e+01 -8e+01 -8e+01 -8e+01 -8e+01","0.714 0.0941 0.49 0.0431 0.0196","2.6 2.9 2.5 6 2.7",22,19,9.45,0.41,0,0,0,0
20.600,6,0.000,0.000,0.000,5,5,-79.282,"-76.9 -80.3 -76.5 -81.9 -80.8","0.000 0.000 0.000 0.000 0.000",-93.966,-100.819,"-100.8 -100.8 -100.8 -100.8 -100.8 -100.8 -100.8 -100.8",6.098,392,0,1016,880,"-8e+01 -8e+01 -8e+01 -8e+01 -8e+01","0.714 0.0941 0.49 0.0431 0.0196","2.7 3 2.6 6.1 2.8",15,13,0.85,0.40,0,0,0,0
20.700,6,0.000,0.000,0.000,5,5,-79.282,"-76.9 -80.3 -76.5 -81.9 -80.8","0.000 0.000 0.000 0.000 0.000",-93.966,-100.819,"-100.8 -100.8 -100.8 -100.8 -100.8 -100.8 -100.8 -100.8",6.198,394,0,1016,890,"-8e+01 -8e+01 -8e+01 -8e+01 -8e+01","0.714 0.0941 0.49 0.0431 0.0196","2.8 3.1 2.7 6.2 2.9",15,13,3.08,0.40,0,0,0,0
20.800,6,0.000,0.000,0.000,5,5,-79.282,"-76.9 -80.3 -76.5 -81.9 -80.8","0.000 0.000 0.000 0.000 0.000",-93.966,-100.819,"-100.8 -100.8 -100.8 -100.8 -100.8 -100.8 -100.8 -100.8",6.298,396,0,1016,893,"-8e+01 -8e+01 -8e+01 -8e+01 -8e+01","0.714 0.0941 0.49 0.0431 0.0196","2.9 3.2 2.8 6.3 3",21,19,7.75,0.29,0,0,0,0
20.900,6,0.000,0.000,0.000,5,5,-79.282,"-76.9 -80.3 -76.5 -81.9 -80.8","0.000 0.000 0.000 0.000 0.000",-93.966,-100.819,"-100.8 -100.8 -100.8 -100.8 -100.8 -100.8 -100.8 -100.8",6.398,398,0,1016,904,"-8e+01 -8e+01 -8e+01 -8e+01 -8e+01","0.714 0.0941 0.49 0.0431 0.0196","3 3.3 2.9 6.4 3.1",16,13,14.08,0.56,0,0,0,0
21.000,6,0.000,0.000,0.000,5,5,-79.282,"-76.9 -80.3 -76.5 -81.9 -80.8","0.000 0.000 0.000 0.000 0.000",-93.966,-100.819,"-100.8 -100.8 -100.8 -100.8 -100.8 -100.8 -100.8 -100.8",6.498,400,0,1016,908,"-8e+01 -8e+01 -8e+01 -8e+01 -8e+01","0.714 0.0941 0.49 0.0431 0.0196","3.1 3.4 3 6.5 3.2",15,13,6.94,0.40,0,0,0,0
21.100,6,0.000,0.000,0.000,5,5,-79.282,"-76.9 -80.3 -76.5 -81.9 -80.8","0.000 0.000 0.000 0.000 0.000",-93.966,-100.819,"-100.8 -100.8 -100.8 -100.8 -100.8 -100.8 -100.8 -100.8",6.598,402,0,1016,917,"-8e+01 -8e+01 -8e+01 -8e+01 -8e+01","0.714 0.0941 0.49 0.0431 0.0196","3.2 3.5 3.1 6.6 3.3",20,18,3.08,0.30,0,0,0,0
21.200,6,0.000,0.000,0.000,5,5,-79.282,"-76.9 -80.3 -76.5 -81.9 -80.8","0.000 0.000 0.000 0.000 0.000",-93.966,-100.819,"-100.8 -100.8 -100.8 -100.8 -100.8 -100.8 -100.8 -100.8",6.698,404,0,1016,922,"-8e+01 -8e+01 -8e+01 -8e+01 -8e+01","0.714 0.0941 0.49 0.0431 0.0196","3.3 3.6 3.2 6.7 3.4",17,14,3.28,0.53,0,0,0,0
21.300,6,0.000,0.000,0.000,5,5,-79.282,"-76.9 -80.3 -76.5 -81.9 -80.8","0.000 0.000 0.000 0.000 0.000",-93.966,-100.819,"-100.8 -100.8 -100.8 -100.8 -100.8 -100.8 -100.8 -100.8",6.798,406,0,1016,932,"-8e+01 -8e+01 -8e+01 -8e+01 -8e+01","0.714 0.0941 0.49 0.0431 0.0196","3.4 3.7 3.3 6.8 3.5",15,13,1.00,0.40,0,0,0,0
21.400,6,0.000,0.000,0.000,5,5,-79.282,"-76.9 -80.3 -76.5 -81.9 -80.8","0.000 0.000 0.000 0.000 0.000",-93.966,-100.819,"-100.8 -100.8 -100.8 -100.8 -100.8 -100.8 -100.8 -100.8",6.898,408,0,1016,939,"-8e+01 -8e+01 -8e+01 -8e+01 -8e+01","0.714 0.0941 0.49 0.0431 0.0196","3.5 3.8 3.4 6.9 3.6",20,18,2.07,0.30,0,0,0,0
21.500,6,0.000,0.000,0.000,5,5,-79.282,"-76.9 -80.3 -76.5 -81.9 -80.8","0.000 0.000 0.000 0.000 0.000",-93.966,-100.819,"-100.8 -100.8 -100.8 -100.8 -100.8 -100.8 -100.8 -100.8",6.998,410,0,1016,950,"-8e+01 -8e+01 -8e+01 -8e+01 -8e+01","0.714 0.0941 0.49 0.0431 0.0196","3.6 3.9 3.5 7 3.7",17,14,5.23,0.53,0,0,0,0
21.600,6,0.000,0.000,0.000,5,5,-79.282,"-76.9 -80.3 -76.5 -81.9 -80.8","0.000 0.000 0.000 0.000 0.000",-93.966,-100.819,"-100.8 -100.8 -100.8 -100.8 -100.8 -100.8 -100.8 -100.8",7.098,412,0,1016,953,"-8e+01 -8e+01 -8e+01 -8e+01 -8e+01","0.714 0.0941 0.49 0.0431 0.0196","3.7 4 3.6 7.1 3.8",15,13,1.53,0.40,0,0,0,0
21.700,6,0.000,0.000,0.000,5,5,-79.282,"-76.9 -80.3 -76.5 -81.9 -80.8","0.000 0.000 0.000 0.000 0.000",-93.966,-100.819,"-100.8 -100.8 -100.8 -100.8 -100.8 -100.8 -100.8 -100.8",7.198,414,0,1016,964,"-8e+01 -8e+01 -8e+01 -8e+01 -8e+01","0.714 0.0941 0.49 0.0431 0.0196","3.8 4.1 3.7 7.2 3.9",22,19,2.33,0.41,0,0,0,0
21.800,6,0.000,0.000,0.000,5,5,-79.282,"-76.9 -80.3 -76.5 -81.9 -80.8","0.000 0.000 0.000 0.000 0.000",-93.966,-100.819,"-100.8 -100.8 -100.8 -100.8 -100.8 -100.8 -100.8 -100.8",7.298,416,0,1016,968,"-8e+01 -8e+01 -8e+01 -8e+01 -8e+01","0.714 0.0941 0.49 0.0431 0.0196","3.9 4.2 3.8 7.3 4",15,13,0.01,0.40,0,0,0,0
21.900,6,0.000,0.000,0.000,5,5,-79.282,"-76.9 -80.3 -76.5 -81.9 -80.8","0.000 0.000 0.000 0.000 0.000",-93.966,-100.819,"-100.8 -100.8 -100.8 -100.8 -100.8 -100.8 -100.8 -100.8",7.398,418,0,1016,979,"-8e+01 -8e+01 -8e+01 -8e+01 -8e+01","0.714 0.0941 0.49 0.0431 0.0196","4 4.3 3.9 7.4 4.1",15,13,6.55,0.40,0,0,0,0
22.000,6,0.000,0.000,0.000,5,5,-79.282,"-76.9 -80.3 -76.5 -81.9 -80.8","0.000 0.000 0.000 0.000 0.000",-93.966,-100.819,"-100.8 -100.8 -100.8 -100.8 -100.8 -100.8 -100.8 -100.8",7.498,420,0,1016,983,"-8e+01 -8e+01 -8e+01 -8e+01 -8e+01","0.714 0.0941 0.49 0.0431 0.0196","4.1 4.4 4 7.5 4.2",18,16,0.41,0.33,0,0,0,0
22.100,6,0.000,0.000,0.000,5,5,-79.282,"-76.9 -80.3 -76.5 -81.9 -80.8","0.000 0.000 0.000 0.000 0.000",-93.966,-100.819,"-100.8 -100.8 -100.8 -100.8 -100.8 -100.8 -100.8 -100.8",7.598,422,0,1016,988,"-8e+01 -8e+01 -8e+01 -8e+01 -8e+01","0.714 0.0941 0.49 0.0431 0.0196","4.2 4.5 4.1 7.6 4.3",19,16,7.39,0.47,0,0,0,0
22.200,6,0.000,0.000,0.000,5,5,-79.282,"-76.9 -80.3 -76.5 -81.9 -80.8","0.000 0.000 0.000 0.000 0.000",-93.966,-100.819,"-100.8 -100.8 -100.8 -100.8 -100.8 -100.8 -100.8 -100.8",7.698,424,0,1016,1000,"-8e+01 -8e+01 -8e+01 -8e+01 -8e+01","0.714 0.0941 0.49 0.0431 0.0196","4.3 4.6 4.2 7.7 4.4",15,13,1.31,0.40,0,0,0,0
22.300,6,0.000,0.000,0.000,5,5,-79.282,"-76.9 -80.3 -76.5 -81.9 -80.8","0.000 0.000 0.000 0.000 0.000",-93.966,-100.819,"-100.8 -100.8 -100.8 -100.8 -100.8 -100.8 -100.8 -100.8",7.798,426,0,1016,1004,"-8e+01 -8e+01 -8e+01 -8e+01 -8e+01","0.714 0.0941 0.49 0.0431 0.0196","4.4 4.7 4.3 7.8 4.5",22,19,1.81,0.41,0,0,0,0
22.400,6,0.000,0.000,0.000,5,5,-79.282,"-76.9 -80.3 -76.5 -81.9 -80.8","0.000 0.000 0.000 0.000 0.000",-93.966,-100.819,"-100.8 -100.8 -100.8 -100.8 -100.8 -100.8 -100.8 -100.8",7.898,428,0,1016,1010,"-8e+01 -8e+01 -8e+01 -8e+01 -8e+01","0.714 0.0941 0.49 0.0431 0.0196","4.5 4.8 4.4 7.9 4.6",15,13,3.62,0.40,0,0,0,0
22.500,6,0.000,0.000,0.000,5,5,-79.282,"-76.9 -80.3 -76.5 -81.9 -80.8","0.000 0.000 0.000 0.000 0.000",-93.966,-100.819,"-100.8 -100.8 -100.8 -100.8 -100.8 -100.8 -100.8 -100.8",7.998,430,0,1016,1014,"-8e+01 -8e+01 -8e+01 -8e+01 -8e+01","0.714 0.0941 0.49 0.0431 0.0196","4.6 4.9 4.5 8 4.7",2,2,30.07,0.00,0,0,0,0
22.600,6,0.000,0.000,0.000,5,5,-79.282,"-76.9 -80.3 -76.5 -81.9 -80.8","0.000 0.000 0.000 0.000 0.000",-93.966,-100.819,"-100.8 -100.8 -100.8 -100.8 -100.8 -100.8 -100.8 -100.8",8.098,432,0,1016,1016,"-8e+01 -8e+01 -8e+01 -8e+01 -8e+01","0.714 0.0941 0.49 0.0431 0.0196","4.7 5 4.6 8.1 4.8",1,1,0.01,0.00,0,0,0,0
22.700,6,0.000,0.000,0.000,5,5,-79.282,"-76.9 -80.3 -76.5 -81.9 -80.8","0.000 0.000 0.000 0.000 0.000",-93.966,-100.819,"-100.8 -100.8 -100.8 -100.8 -100.8 -100.8 -100.8 -100.8",8.198,434,0,1016,1018,"-8e+01 -8e+01 -8e+01 -8e+01 -8e+01","0.714 0.0941 0.49 0.0431 0.0196","4.8 5.1 4.7 8.2 4.9",1,1,0.00,0.00,0,0,0,0
22.800,6,0.000,0.000,0.000,5,5,-79.282,"-76.9 -80.3 -76.5 -81.9 -80.8","0.000 0.000 0.000 0.000 0.000",-93.966,-100.819,"-100.8 -100.8 -100.8 -100.8 -100.8 -100.8 -100.8 -100.8",8.298,436,0,1016,1022,"-8e+01 -8e+01 -8e+01 -8e+01 -8e+01","0.714 0.0941 0.49 0.0431 0.0196","4.9 5.2 4.8 8.3 5",1,1,0.02,0.00,0,0,0,0
22.900,6,0.000,0.000,0.000,5,5,-79.282,"-76.9 -80.3 -76.5 -81.9 -80.8","0.000 0.000 0.000 0.000 0.000",-93.966,-100.819,"-100.8 -100.8 -100.8 -100.8 -100.8 -100.8 -100.8 -100.8",8.398,438,0,1016,1024,"-8e+01 -8e+01 -8e+01 -8e+01 -8e+01","0.714 0.0941 0.49 0.0431 0.0196","5 5.3 4.9 8.4 5.1",1,1,0.01,0.00,0,0,0,0
23.000,6,0.000,0.000,0.000,5,5,-79.282,"-76.9 -80.3 -76.5 -81.9 -80.8","0.000 0.000 0.000 0.000 0.000",-93.966,-100.819,"-100.8 -100.8 -100.8 -100.8 -100.8 -100.8 -100.8 -100.8",8.498,440,0,1016,1027,"-8e+01 -8e+01 -8e+01 -8e+01 -8e+01","0.714 0.0941 0.49 0.0431 0.0196","5.1 5.4 5 8.5 5.2",1,1,0.01,0.00,0,0,0,0
23.100,6,0.000,0.000,0.000,5,5,-79.282,"-76.9 -80.3 -76.5 -81.9 -80.8","0.000 0.000 0.000 0.000 0.000",-93.966,-100.819,"-100.8 -100.8 -100.8 -100.8 -100.8 -100.8 -100.8 -100.8",8.598,442,0,1016,1030,"-8e+01 -8e+01 -8e+01 -8e+01 -8e+01","0.714 0.0941 0.49 0.0431 0.0196","5.2 5.5 5.1 8.6 5.3",1,1,0.02,0.00,0,0,0,0
23.200,6,0.000,0.000,0.000,5,5,-79.282,"-76.9 -80.3 -76.5 -81.9 -80.8","0.000 0.000 0.000 0.000 0.000",-93.966,-100.819,"-100.8 -100.8 -100.8 -100.8 -100.8 -100.8 -100.8 -100.8",8.698,444,0,1016,1033,"-8e+01 -8e+01 -8e+01 -8e+01 -8e+01","0.714 0.0941 0.49 0.0431 0.0196","5.3 5.6 5.2 8.7 5.4",1,1,0.01,0.00,0,0,0,0
23.300,6,0.000,0.000,0.000,5,5,-79.282,"-76.9 -80.3 -76.5 -81.9 -80.8","0.000 0.000 0.000 0.000 0.000",-93.966,-100.819,"-100.8 -100.8 -100.8 -100.8 -100.8 -100.8 -100.8 -100.8",8.798,446,0,1016,1036,"-8e+01 -8e+01 -8e+01 -8e+01 -8e+01","0.714 0.0941 0.49 0.0431 0.0196","5.4 5.7 5.3 8.8 5.5",1,1,0.01,0.00,0,0,0,0
23.400,6,0.000,0.000,0.000,5,5,-79.282,"-76.9 -80.3 -76.5 -81.9 -80.8","0.000 0.000 0.000 0.000 0.000",-93.966,-100.819,"-100.8 -100.8 -100.8 -100.8 -100.8 -100.8 -100.8 -100.8",8.898,448,0,1016,1040,"-8e+01 -8e+01 -8e+01 -8e+01 -8e+01","0.714 0.0941 0.49 0.0431 0.0196","5.5 5.8 5.4 8.9 5.6",1,1,0.00,0.00,0,0,0,0
23.500,6,0.000,0.000,0.000,5,5,-79.282,"-76.9 -80.3 -76.5 -81.9 -80.8","0.000 0.000 0.000 0.000 0.000",-93.966,-100.819,"-100.8 -100.8 -100.8 -100.8 -100.8 -100.8 -100.8 -100.8",8.998,450,0,1016,1043,"-8e+01 -8e+01 -8e+01 -8e+01 -8e+01","0.714 0.0941 0.49 0.0431 0.0196","5.6 5.9 5.5 9 5.7",1,1,0.02,0.00,0,0,0,0
23.600,6,0.000,0.000,0.000,5,5,-79.282,"-76.9 -80.3 -76.5 -81.9 -80.8","0.000 0.000 0.000 0.000 0.000",-93.966,-100.819,"-100.8 -100.8 -100.8 -100.8 -100.8 -100.8 -100.8 -100.8",9.098,452,0,1016,1045,"-8e+01 -8e+01 -8e+01 -8e+01 -8e+01","0.714 0.0941 0.49 0.0431 0.0196","5.7 6 5.6 9.1 5.8",1,1,0.01,0.00,0,0,0,0
23.700,6,0.000,0.000,0.000,5,5,-79.282,"-76.9 -80.3 -76.5 -81.9 -80.8","0.000 0.000 0.000 0.000 0.000",-93.966,-100.819,"-100.8 -100.8 -100.8 -100.8 -100.8 -100.8 -100.8 -100.8",9.198,454,0,1016,1047,"-8e+01 -8e+01 -8e+01 -8e+01 -8e+01","0.714 0.0941 0.49 0.0431 0.0196","5.8 6.1 5.7 9.2 5.9",1,1,0.00,0.00,0,0,0,0
23.800,6,0.000,0.000,0.000,5,5,-79.282,"-76.9 -80.3 -76.5 -81.9 -80.8","0.000 0.000 0.000 0.000 0.000",-93.966,-100.819,"-100.8 -100.8 -100.8 -100.8 -100.8 -100.8 -100.8 -100.8",9.298,456,0,1016,1051,"-8e+01 -8e+01 -8e+01 -8e+01 -8e+01","0.714 0.0941 0.49 0.0431 0.0196","5.9 6.2 5.8 9.3 6",1,1,0.02,0.00,0,0,0,0
23.900,6,0.000,0.000,0.000,5,5,-79.282,"-76.9 -80.3 -76.5 -81.9 -80.8","0.000 0.000 0.000 0.000 0.000",-93.966,-100.819,"-100.8 -100.8 -100.8 -100.8 -100.8 -100.8 -100.8 -100.8",9.398,458,0,1016,1055,"-8e+01 -8e+01 -8e+01 -8e+01 -8e+01","0.714 0.0941 0.49 0.0431 0.0196","6 6.3 5.9 9.4 6.1",1,1,0.01,0.00,0,0,0,0
24.000,6,0.000,0.000,0.000,5,5,-79.282,"-76.9 -80.3 -76.5 -81.9 -80.8","0.000 0.000 0.000 0.000 0.000",-93.966,-100.819,"-100.8 -100.8 -100.8 -100.8 -100.8 -100.8 -100.8 -100.8",9.498,460,0,1016,1058,"-8e+01 -8e+01 -8e+01 -8e+01 -8e+01","0.714 0.0941 0.49 0.0431 0.0196","6.1 6.4 6 9.5 6.2",1,1,0.01,0.00,0,0,0,0
24.100,6,0.000,0.000,0.000,5,5,-79.282,"-76.9 -80.3 -76.5 -81.9 -80.8","0.000 0.000 0.000 0.000 0.000",-93.966,-100.819,"-100.8 -100.8 -100.8 -100.8 -100.8 -100.8 -100.8 -100.8",9.598,462,0,1016,1063,"-8e+01 -8e+01 -8e+01 -8e+01 -8e+01","0.714 0.0941 0.49 0.0431 0.0196","6.2 6.5 6.1 9.6 6.3",1,1,0.02,0.00,0,0,0,0
24.200,6,0.000,0.000,0.000,5,5,-79.282,"-76.9 -80.3 -76.5 -81.9 -80.8","0.000 0.000 0.000 0.000 0.000",-93.966,-100.819,"-100.8 -100.8 -100.8 -100.8 -100.8 -100.8 -100.8 -100.8",9.698,464,0,1016,1068,"-8e+01 -8e+01 -8e+01 -8e+01 -8e+01","0.714 0.0941 0.49 0.0431 0.0196","6.3 6.6 6.2 9.7 6.4",1,1,0.01,0.00,0,0,0,0
24.300,6,0.000,0.000,0.000,5,5,-79.282,"-76.9 -80.3 -76.5 -81.9 -80.8","0.000 0.000 0.000 0.000 0.000",-93.966,-100.819,"-100.8 -100.8 -100.8 -100.8 -100.8 -100.8 -100.8 -100.8",9.798,466,0,1016,1073,"-8e+01 -8e+01 -8e+01 -8e+01 -8e+01","0.714 0.0941 0.49 0.0431 0.0196","6.4 6.7 6.3 9.8 6.5",1,1,0.01,0.00,0,0,0,0
24.400,6,0.000,0.000,0.000,5,5,-79.282,"-76.9 -80.3 -76.5 -81.9 -80.8","0.000 0.000 0.000 0.000 0.000",-93.966,-100.819,"-100.8 -100.8 -100.8 -100.8 -100.8 -100.8 -100.8 -100.8",9.898,468,0,1016,1081,"-8e+01 -8e+01 -8e+01 -8e+01 -8e+01","0.714 0.0941 0.49 0.0431 0.0196","6.5 6.8 6.4 9.9 6.6",2,2,13.59,0.00,0,0,0,0
24.500,6,0.000,0.000,0.000,5,5,-79.282,"-76.9 -80.3 -76.5 -81.9 -80.8","0.000 0.000 0.000 0.000 0.000",-93.966,-100.819,"-100.8 -100.8 -100.8 -100.8 -100.8 -100.8 -100.8 -100.8",9.998,470,0,1016,1085,"-8e+01 -8e+01 -8e+01 -8e+01 -8e+01","0.714 0.0941 0.49 0.0431 0.0196","6.6 6.9 6.5 10 6.7",1,1,0.01,0.00,0,0,0,0
24.600,6,0.000,0.000,0.000,5,5,-79.282,"-76.9 -80.3 -76.5 -81.9 -80.8","0.000 0.000 0.000 0.000 0.000",-93.966,-100.819,"-100.8 -100.8 -100.8 -100.8 -100.8 -100.8 -100.8 -100.8",10.098,472,0,1016,1088,"-8e+01 -8e+01 -8e+01 -8e+01 -8e+01","0.714 0.0941 0.49 0.0431 0.0196","6.7 7 6.6 10 6.8",1,1,0.01,0.00,0,0,0,0
24.700,6,0.000,0.000,0.000,5,5,-79.282,"-76.9 -80.3 -76.5 -81.9 -80.8","0.000 0.000 0.000 0.000 0.000",-93.966,-100.819,"-100.8 -100.8 -100.8 -100.8 -100.8 -100.8 -100.8 -100.8",10.198,474,0,1016,1092,"-8e+01 -8e+01 -8e+01 -8e+01 -8e+01","0.714 0.0941 0.49 0.0431 0.0196","6.8 7.1 6.7 10 6.9",1,1,0.00,0.00,0,0,0,0
24.800,6,0.000,0.000,0.000,5,5,-79.282,"-76.9 -80.3 -76.5 -81.9 -80.8","0.000 0.000 0.000 0.000 0.000",-93.966,-100.819,"-100.8 -100.8 -100.8 -100.8 -100.8 -100.8 -100.8 -100.8",10.298,476,0,1016,1096,"-8e+01 -8e+01 -8e+01 -8e+01 -8e+01","0.714 0.0941 0.49 0.0431 0.0196","6.9 7.2 6.8 10 7",1,1,0.02,0.00,0,0,0,0
24.900,6,0.000,0.000,0.000,5,5,-79.282,"-76.9 -80.3 -76.5 -81.9 -80.8","0.000 0.000 0.000 0.000 0.000",-93.966,-100.819,"-100.8 -100.8 -100.8 -100.8 -100.8 -100.8 -100.8 -100.8",10.398,478,0,1016,1099,"-8e+01 -8e+01 -8e+01 -8e+01 -8e+01","0.714 0.0941 0.49 0.0431 0.0196","7 7.3 6.9 10 7.1",1,1,0.01,0.00,0,0,0,0
25.000,6,0.000,0.000,0.000,5,5,-79.282,"-76.9 -80.3 -76.5 -81.9 -80.8","0.000 0.000 0.000 0.000 0.000",-93.966,-100.819,"-100.8 -100.8 -100.8 -100.8 -100.8 -100.8 -100.8 -100.8",10.498,480,0,1016,1102,"-8e+01 -8e+01 -8e+01 -8e+01 -8e+01","0.714 0.0941 0.49 0.0431 0.0196","7.1 7.4 7 10 7.2",1,1,0.00,0.00,0,0,0,0
25.100,6,0.000,0.000,0.000,5,5,-79.282,"-76.9 -80.3 -76.5 -81.9 -80.8","0.000 0.000 0.000 0.000 0.000",-93.966,-100.819,"-100.8 -100.8 -100.8 -100.8 -100.8 -100.8 -100.8 -100.8",10.598,482,0,1016,1105,"-8e+01 -8e+01 -8e+01 -8e+01 -8e+01","0.714 0.0941 0.49 0.0431 0.0196","7.2 7.5 7.1 11 7.3",1,1,0.02,0.00,0,0,0,0
25.200,6,0.000,0.000,0.000,5,5,-79.282,"-76.9 -80.3 -76.5 -81.9 -80.8","0.000 0.000 0.000 0.000 0.000",-93.966,-100.819,"-100.8 -100.8 -100.8 -100.8 -100.8 -100.8 -100.8 -100.8",10.698,484,0,1016,1110,"-8e+01 -8e+01 -8e+01 -8e+01 -8e+01","0.714 0.0941 0.49 0.0431 0.0196","7.3 7.6 7.2 11 7.4",1,1,0.01,0.00,0,0,0,0
25.300,6,0.000,0.000,0.000,5,5,-79.282,"-76.9 -80.3 -76.5 -81.9 -80.8","0.000 0.000 0.000 0.000 0.000",-93.966,-100.819,"-100.8 -100.8 -100.8 -100.8 -100.8 -100.8 -100.8 -100.8",10.798,486,0,1016,1113,"-8e+01 -8e+01 -8e+01 -8e+01 -8e+01","0.714 0.0941 0.49 0.0431 0.0196","7.4 7.7 7.3 11 7.5",1,1,0.01,0.00,0,0,0,0
25.400,6,0.000,0.000,0.000,5,5,-79.282,"-76.9 -80.3 -76.5 -81.9 -80.8","0.000 0.000 0.000 0.000 0.000",-93.966,-100.819,"-100.8 -100.8 -100.8 -100.8 -100.8 -100.8 -100.8 -100.8",10.898,488,0,1016,1119,"-8e+01 -8e+01 -8e+01 -8e+01 -8e+01","0.714 0.0941 0.49 0.0431 0.0196","7.5 7.8 7.4 11 7.6",1,1,0.02,0.00,0,0,0,0
25.500,6,0.000,0.000,0.000,5,5,-79.282,"-76.9 -80.3 -76.5 -81.9 -80.8","0.000 0.000 0.000 0.000 0.000",-93.966,-100.819,"-100.8 -100.8 -100.8 -100.8 -100.8 -100.8 -100.8 -100.8",10.998,490,0,1016,1120,"-8e+01 -8e+01 -8e+01 -8e+01 -8e+01","0.714 0.0941 0.49 0.0431 0.0196","7.6 7.9 7.5 11 7.7",1,1,0.01,0.00,0,0,0,0
25.600,6,0.000,0.000,0.000,5,5,-79.282,"-76.9 -80.3 -76.5 -81.9 -80.8","0.000 0.000 0.000 0.000 0.000",-93.966,-100.819,"-100.8 -100.8 -100.8 -100.8 -100.8 -100.8 -100.8 -100.8",11.098,492,0,1016,1122,"-8e+01 -8e+01 -8e+01 -8e+01 -8e+01","0.714 0.0941 0.49 0.0431 0.0196","7.7 8 7.6 11 7.8",1,1,0.01,0.00,0,0,0,0
25.700,6,0.000,0.000,0.000,5,5,-79.282,"-76.9 -80.3 -76.5 -81.9 -80.8","0.000 0.000 0.000 0.000 0.000",-93.966,-100.819,"-100.8 -100.8 -100.8 -100.8 -100.8 -100.8 -100.8 -100.8",11.198,494,0,1016,1125,"-8e+01 -8e+01 -8e+01 -8e+01 -8e+01","0.714 0.0941 0.49 0.0431 0.0196","7.8 8.1 7.7 11 7.9",1,1,0.00,0.00,0,0,0,0
25.800,6,0.000,0.000,0.000,5,5,-79.282,"-76.9 -80.3 -76.5 -81.9 -80.8","0.000 0.000 0.000 0.000 0.000",-93.966,-100.819,"-100.8 -100.8 -100.8 -100.8 -100.8 -100.8 -100.8 -100.8",11.298,496,0,1016,1129,"-8e+01 -8e+01 -8e+01 -8e+01 -8e+01","0.714 0.0941 0.49 0.0431 0.0196","7.9 8.2 7.8 11 8",1,1,0.02,0.00,0,0,0,0
25.900,6,0.000,0.000,0.000,5,5,-79.282,"-76.9 -80.3 -76.5 -81.9 -80.8","0.000 0.000 0.000 0.000 0.000",-93.966,-100.819,"-100.8 -100.8 -100.8 -100.8 -100.8 -100.8 -100.8 -100.8",11.398,498,0,1016,1133,"-8e+01 -8e+01 -8e+01 -8e+01 -8e+01","0.714 0.0941 0.49 0.0431 0.0196","8 8.3 7.9 11 8.1",1,1,0.01,0.00,0,0,0,0
26.000,6,0.000,0.000,0.000,5,5,-79.282,"-76.9 -80.3 -76.5 -81.9 -80.8","0.000 0.000 0.000 0.000 0.000",-93.966,-100.819,"-100.8 -100.8 -100.8 -100.8 -100.8 -100.8 -100.8 -100.8",11.498,500,0,1016,1136,"-8e+01 -8e+01 -8e+01 -8e+01 -8e+01","0.714 0.0941 0.49 0.0431 0.0196","8.1 8.4 8 11 8.2",1,1,0.00,0.00,0,0,0,0
26.100,6,0.000,0.000,0.000,5,5,-79.282,"-76.9 -80.3 -76.5 -81.9 -80.8","0.000 0.000 0.000 0.000 0.000",-93.966,-100.819,"-100.8 -100.8 -100.8 -100.8 -100.8 -100.8 -100.8 -100.8",11.598,502,0,1016,1139,"-8e+01 -8e+01 -8e+01 -8e+01 -8e+01","0.714 0.0941 0.49 0.0431 0.0196","8.2 8.5 8.1 12 8.3",1,1,0.02,0.00,0,0,0,0
26.200,6,0.000,0.000,0.000,5,5,-79.282,"-76.9 -80.3 -76.5 -81.9 -80.8","0.000 0.000 0.000 0.000 0.000",-93.966,-100.819,"-100.8 -100.8 -100.8 -100.8 -100.8 -100.8 -100.8 -100.8",11.698,504,0,1016,1144,"-8e+01 -8e+01 -8e+01 -8e+01 -8e+01","0.714 0.0941 0.49 0.0431 0.0196","8.3 8.6 8.2 12 8.4",1,1,0.01,0.00,0,0,0,0
26.300,6,0.000,0.000,0.000,5,5,-79.282,"-76.9 -80.3 -76.5 -81.9 -80.8","0.000 0.000 0.000 0.000 0.000",-93.966,-100.819,"-100.8 -100.8 -100.8 -100.8 -100.8 -100.8 -100.8 -100.8",11.798,506,0,1016,1147,"-8e+01 -8e+01 -8e+01 -8e+01 -8e+01","0.714 0.0941 0.49 0.0431 0.0196","8.4 8.7 8.3 12 8.5",2,2,35.18,0.00,0,0,0,0
26.400,6,0.000,0.000,0.000,5,5,-79.282,"-76.9 -80.3 -76.5 -81.9 -80.8","0.000 0.000 0.000 0.000 0.000",-93.966,-100.819,"-100.8 -100.8 -100.8 -100.8 -100.8 -100.8 -100.8 -100.8",11.898,508,0,1016,1151,"-8e+01 -8e+01 -8e+01 -8e+01 -8e+01","0.714 0.0941 0.49 0.0431 0.0196","8.5 8.8 8.4 12 8.6",1,1,0.02,0.00,0,0,0,0
26.500,6,0.000,0.000,0.000,5,5,-79.282,"-76.9 -80.3 -76.5 -81.9 -80.8","0.000 0.000 0.000 0.000 0.000",-93.966,-100.819,"-100.8 -100.8 -100.8 -100.8 -100.8 -100.8 -100.8 -100.8",11.998,510,0,1016,1156,"-8e+01 -8e+01 -8e+01 -8e+01 -8e+01","0.714 0.0941 0.49 0.0431 0.0196","8.6 8.9 8.5 12 8.7",1,1,0.01,0.00,0,0,0,0
26.600,6,0.000,0.000,0.000,5,5,-79.282,"-76.9 -80.3 -76.5 -81.9 -80.8","0.000 0.000 0.000 0.000 0.000",-93.966,-100.819,"-100.8 -100.8 -100.8 -100.8 -100.8 -100.8 -100.8 -100.8",12.098,512,0,1016,1159,"-8e+01 -8e+01 -8e+01 -8e+01 -8e+01","0.714 0.0941 0.49 0.0431 0.0196","8.7 9 8.6 12 8.8",1,1,0.01,0.00,0,0,0,0
26.700,6,0.000,0.000,0.000,5,5,-79.282,"-76.9 -80.3 -76.5 -81.9 -80.8","0.000 0.000 0.000 0.000 0.000",-93.966,-100.819,"-100.8 -100.8 -100.8 -100.8 -100.8 -100.8 -100.8 -100.8",12.198,514,0,1016,1164,"-8e+01 -8e+01 -8e+01 -8e+01 -8e+01","0.714 0.0941 0.49 0.0431 0.0196","8.8 9.1 8.7 12 8.9",1,1,0.02,0.00,0,0,0,0
26.800,6,0.000,0.000,0.000,5,5,-79.282,"-76.9 -80.3 -76.5 -81.9 -80.8","0.000 0.000 0.000 0.000 0.000",-93.966,-100.819,"-100.8 -100.8 -100.8 -100.8 -100.8 -100.8 -100.8 -100.8",12.298,516,0,1016,1169,"-8e+01 -8e+01 -8e+01 -8e+01 -8e+01","0.714 0.0941 0.49 0.0431 0.0196","8.9 9.2 8.8 12 9",1,1,0.01,0.00,0,0,0,0
26.900,6,0.000,0.000,0.000,5,5,-79.282,"-76.9 -80.3 -76.5 -81.9 -80.8","0.000 0.000 0.000 0.000 0.000",-93.966,-100.819,"-100.8 -100.8 -100.8 -100.8 -100.8 -100.8 -100.8 -100.8",12.398,518,0,1016,1174,"-8e+01 -8e+01 -8e+01 -8e+01 -8e+01","0.714 0.0941 0.49 0.0431 0.0196","9 9.3 8.9 12 9.1",1,1,0.01,0.00,0,0,0,0
27.000,6,0.000,0.000,0.000,5,5,-79.282,"-76.9 -80.3 -76.5 -81.9 -80.8","0.000 0.000 0.000 0.000 0.000",-93.966,-100.819,"-100.8 -100.8 -100.8 -100.8 -100.8 -100.8 -100.8 -100.8",12.498,520,0,1016,1177,"-8e+01 -8e+01 -8e+01 -8e+01 -8e+01","0.714 0.0941 0.49 0.0431 0.0196","9.1 9.4 9 12 9.2",1,1,0.00,0.00,0,0,0,0
27.100,6,0.000,0.000,0.000,5,5,-79.282,"-76.9 -80.3 -76.5 -81.9 -80.8","0.000 0.000 0.000 0.000 0.000",-93.966,-100.819,"-100.8 -100.8 -100.8 -100.8 -100.8 -100.8 -100.8 -100.8",12.598,522,0,1016,1181,"-8e+01 -8e+01 -8e+01 -8e+01 -8e+01","0.714 0.0941 0.49 0.0431 0.0196","9.2 9.5 9.1 13 9.3",1,1,0.02,0.00,0,0,0,0
27.200,6,0.000,0.000,0.000,5,5,-79.282,"-76.9 -80.3 -76.5 -81.9 -80.8","0.000 0.000 0.000 0.000 0.000",-93.966,-100.819,"-100.8 -100.8 -100.8 -100.8 -100.8 -100.8 -100.8 -100.8",12.698,524,0,1016,1185,"-8e+01 -8e+01 -8e+01 -8e+01 -8e+01","0.714 0.0941 0.49 0.0431 0.0196","9.3 9.6 9.2 13 9.4",1,1,0.01,0.00,0,0,0,0
27.300,6,0.000,0.000,0.000,5,5,-79.282,"-76.9 -80.3 -76.5 -81.9 -80.8","0.000 0.000 0.000 0.000 0.000",-93.966,-100.819,"-100.8 -100.8 -100.8 -100.8 -100.8 -100.8 -100.8 -100.8",12.798,526,0,1016,1188,"-8e+01 -8e+01 -8e+01 -8e+01 -8e+01","0.714 0.0941 0.49 0.0431 0.0196","9.4 9.7 9.3 13 9.5",1,1,0.00,0.00,0,0,0,0
27.400,6,0.000,0.000,0.000,5,5,-79.282,"-76.9 -80.3 -76.5 -81.9 -80.8","0.000 0.000 0.000 0.000 0.000",-93.966,-100.819,"-100.8 -100.8 -100.8 -100.8 -100.8 -100.8 -100.8 -100.8",12.898,528,0,1016,1192,"-8e+01 -8e+01 -8e+01 -8e+01 -8e+01","0.714 0.0941 0.49 0.0431 0.0196","9.5 9.8 9.4 13 9.6",1,1,0.02,0.00,0,0,0,0
27.500,6,0.000,0.000,0.000,5,5,-79.282,"-76.9 -80.3 -76.5 -81.9 -80.8","0.000 0.000 0.000 0.000 0.000",-93.966,-100.819,"-100.8 -100.8 -100.8 -100.8 -100.8 -100.8 -100.8 -100.8",12.998,530,0,1016,1194,"-8e+01 -8e+01 -8e+01 -8e+01 -8e+01","0.714 0.0941 0.49 0.0431 0.0196","9.6 9.9 9.5 13 9.7",1,1,0.01,0.00,0,0,0,0
27.600,6,0.000,0.000,0.000,5,5,-79.282,"-76.9 -80.3 -76.5 -81.9 -80.8","0.000 0.000 0.000 0.000 0.000",-93.966,-100.819,"-100.8 -100.8 -100.8 -100.8 -100.8 -100.8 -100.8 -100.8",13.098,532,0,1016,1198,"-8e+01 -8e+01 -8e+01 -8e+01 -8e+01","0.714 0.0941 0.49 0.0431 0.0196","9.7 10 9.6 13 9.8",1,1,0.01,0.00,0,0,0,0
27.700,6,0.000,0.000,0.000,5,5,-79.282,"-76.9 -80.3 -76.5 -81.9 -80.8","0.000 0.000 0.000 0.000 0.000",-93.966,-100.819,"-100.8 -100.8 -100.8 -100.8 -100.8 -100.8 -100.8 -100.8",13.198,534,0,1016,1202,"-8e+01 -8e+01 -8e+01 -8e+01 -8e+01","0.714 0.0941 0.49 0.0431 0.0196","9.8 10 9.7 13 9.9",1,1,0.02,0.00,0,0,0,0
27.800,6,0.000,0.000,0.000,5,5,-79.282,"-76.9 -80.3 -76.5 -81.9 -80.8","0.000 0.000 0.000 0.000 0.000",-93.966,-100.819,"-100.8 -100.8 -100.8 -100.8 -100.8 -100.8 -100.8 -100.8",13.298,536,0,1016,1206,"-8e+01 -8e+01 -8e+01 -8e+01 -8e+01","0.714 0.0941 0.49 0.0431 0.0196","9.9 10 9.8 13 10",1,1,0.01,0.00,0,0,0,0
27.900,6,0.000,0.000,0.000,5,5,-79.282,"-76.9 -80.3 -76.5 -81.9 -80.8","0.000 0.000 0.000 0.000 0.000",-93.966,-100.819,"-100.8 -100.8 -100.8 -100.8 -100.8 -100.8 -100.8 -100.8",13.398,538,0,1016,1210,"-8e+01 -8e+01 -8e+01 -8e+01 -8e+01","0.714 0.0941 0.49 0.0431 0.0196","10 10 9.9 13 10",1,1,0.01,0.00,0,0,0,0
28.000,6,0.000,0.000,0.000,5,5,-79.282,"-76.9 -80.3 -76.5 -81.9 -80.8","0.000 0.000 0.000 0.000 0.000",-93.966,-100.819,"-100.8 -100.8 -100.8 -100.8 -100.8 -100.8 -100.8 -100.8",13.498,540,0,1016,1215,"-8e+01 -8e+01 -8e+01 -8e+01 -8e+01","0.714 0.0941 0.49 0.0431 0.0196","10 10 10 13 10",1,1,0.00,0.00,0,0,0,0
28.100,6,0.000,0.000,0.000,5,5,-79.282,"-76.9 -80.3 -76.5 -81.9 -80.8","0.000 0.000 0.000 0.000 0.000",-93.966,-100.819,"-100.8 -100.8 -100.8 -100.8 -100.8 -100.8 -100.8 -100.8",13.598,542,0,1016,1221,"-8e+01 -8e+01 -8e+01 -8e+01 -8e+01","0.714 0.0941 0.49 0.0431 0.0196","10 11 10 14 10",1,1,0.02,0.00,0,0,0,0
28.200,6,0.000,0.000,0.000,5,5,-79.282,"-76.9 -80.3 -76.5 -81.9 -80.8","0.000 0.000 0.000 0.000 0.000",-93.966,-100.819,"-100.8 -100.8 -100.8 -100.8 -100.8 -100.8 -100.8 -100.8",13.698,544,0,1016,1225,"-8e+01 -8e+01 -8e+01 -8e+01 -8e+01","0.714 0.0941 0.49 0.0431 0.0196","10 11 10 14 10",1,1,0.01,0.00,0,0,0,0
28.300,6,0.000,0.000,0.000,5,5,-79.282,"-76.9 -80.3 -76.5 -81.9 -80.8","0.000 0.000 0.000 0.000 0.000",-93.966,-100.819,"-100.8 -100.8 -100.8 -100.8 -100.8 -100.8 -100.8 -100.8",13.798,546,0,1016,1230,"-8e+01 -8e+01 -8e+01 -8e+01 -8e+01","0.714 0.0941 0.49 0.0431 0.0196","10 11 10 14 10",2,2,3.43,0.00,0,0,0,0
28.400,6,0.000,0.000,0.000,5,5,-79.282,"-76.9 -80.3 -76.5 -81.9 -80.8","0.000 0.000 0.000 0.000 0.000",-93.966,-100.819,"-100.8 -100.8 -100.8 -100.8 -100.8 -100.8 -100.8 -100.8",13.898,548,0,1016,1236,"-8e+01 -8e+01 -8e+01 -8e+01 -8e+01","0.714 0.0941 0.49 0.0431 0.0196","10 11 10 14 11",1,1,0.02,0.00,0,0,0,0
28.500,6,0.000,0.000,0.000,5,5,-79.282,"-76.9 -80.3 -76.5 -81.9 -80.8","0.000 0.000 0.000 0.000 0.000",-93.966,-100.819,"-100.8 -100.8 -100.8 -100.8 -100.8 -100.8 -100.8 -100.8",13.998,550,0,1016,1237,"-8e+01 -8e+01 -8e+01 -8e+01 -8e+01","0.714 0.0941 0.49 0.0431 0.0196","11 11 11 14 11",1,1,0.01,0.00,0,0,0,0
28.600,6,0.000,0.000,0.000,5,5,-79.282,"-76.9 -80.3 -76.5 -81.9 -80.8","0.000 0.000 0.000 0.000 0.000",-93.966,-100.819,"-100.8 -100.8 -100.8 -100.8 -100.8 -100.8 -100.8 -100.8",14.098,552,0,1016,1241,"-8e+01 -8e+01 -8e+01 -8e+01 -8e+01","0.714 0.0941 0.49 0.0431 0.0196","11 11 11 14 11",1,1,0.00,0.00,0,0,0,0
28.700,6,0.000,0.000,0.000,5,5,-79.282,"-76.9 -80.3 -76.5 -81.9 -80.8","0.000 0.000 0.000 0.000 0.000",-93.966,-100.819,"-100.8 -100.8 -100.8 -100.8 -100.8 -100.8 -100.8 -100.8",14.198,554,0,1016,1244,"-8e+01 -8e+01 -8e+01 -8e+01 -8e+01","0.714 0.0941 0.49 0.0431 0.0196","11 11 11 14 11",1,1,0.02,0.00,0,0,0,0
28.800,6,0.000,0.000,0.000,5,5,-79.282,"-76.9 -80.3 -76.5 -81.9 -80.8","0.000 0.000 0.000 0.000 0.000",-93.966,-100.819,"-100.8 -100.8 -100.8 -100.8 -100.8 -100.8 -100.8 -100.8",14.298,556,0,1016,1248,"-8e+01 -8e+01 -8e+01 -8e+01 -8e+01","0.714 0.0941 0.49 0.0431 0.0196","11 11 11 14 11",1,1,0.01,0.00,0,0,0,0
28.900,6,0.000,0.000,0.000,5,5,-79.282,"-76.9 -80.3 -76.5 -81.9 -80.8","0.000 0.000 0.000 0.000 0.000",-93.966,-100.819,"-100.8 -100.8 -100.8 -100.8 -100.8 -100.8 -100.8 -100.8",14.398,558,0,1016,1252,"-8e+01 -8e+01 -8e+01 -8e+01 -8e+01","0.714 0.0941 0.49 0.0431 0.0196","11 11 11 14 11",1,1,0.01,0.00,0,0,0,0
29.000,6,0.000,0.000,0.000,5,5,-79.282,"-76.9 -80.3 -76.5 -81.9 -80.8","0.000 0.000 0.000 0.000 0.000",-93.966,-100.819,"-100.8 -100.8 -100.8 -100.8 -100.8 -100.8 -100.8 -100.8",14.498,560,0,1016,1256,"-8e+01 -8e+01 -8e+01 -8e+01 -8e+01","0.714 0.0941 0.49 0.0431 0.0196","11 11 11 14 11",1,1,0.02,0.00,0,0,0,0
29.100,6,0.000,0.000,0.000,5,5,-79.282,"-76.9 -80.3 -76.5 -81.9 -80.8","0.000 0.000 0.000 0.000 0.000",-93.966,-100.819,"-100.8 -100.8 -100.8 -100.8 -100.8 -100.8 -100.8 -100.8",14.598,562,0,1016,1259,"-8e+01 -8e+01 -8e+01 -8e+01 -8e+01","0.714 0.0941 0.49 0.0431 0.0196","11 12 11 15 11",1,1,0.01,0.00,0,0,0,0
29.200,6,0.000,0.000,0.000,5,5,-79.282,"-76.9 -80.3 -76.5 -81.9 -80.8","0.000 0.000 0.000 0.000 0.000",-93.966,-100.819,"-100.8 -100.8 -100.8 -100.8 -100.8 -100.8 -100.8 -100.8",14.698,564,0,1016,1262,"-8e+01 -8e+01 -8e+01 -8e+01 -8e+01","0.714 0.0941 0.49 0.0431 0.0196","11 12 11 15 11",1,1,0.01,0.00,0,0,0,0
29.300,6,0.000,0.000,0.000,5,5,-79.282,"-76.9 -80.3 -76.5 -81.9 -80.8","0.000 0.000 0.000 0.000 0.000",-93.966,-100.819,"-100.8 -100.8 -100.8 -100.8 -100.8 -100.8 -100.8 -100.8",14.798,566,0,1016,1265,"-8e+01 -8e+01 -8e+01 -8e+01 -8e+01","0.714 0.0941 0.49 0.0431 0.0196","11 12 11 15 11",1,1,0.00,0.00,0,0,0,0
29.400,6,0.000,0.000,0.000,5,5,-79.282,"-76.9 -80.3 -76.5 -81.9 -80.8","0.000 0.000 0.000 0.000 0.000",-93.966,-100.819,"-100.8 -100.8 -100.8 -100.8 -100.8 -100.8 -100.8 -100.8",14.898,568,0,1016,1270,"-8e+01 -8e+01 -8e+01 -8e+01 -8e+01","0.714 0.0941 0.49 0.0431 0.0196","11 12 11 15 12",1,1,0.02,0.00,0,0,0,0
29.500,6,0.000,0.000,0.000,5,5,-79.282,"-76.9 -80.3 -76.5 -81.9 -80.8","0.000 0.000 0.000 0.000 0.000",-93.966,-100.819,"-100.8 -100.8 -100.8 -100.8 -100.8 -100.8 -100.8 -100.8",14.998,570,0,1016,1274,"-8e+01 -8e+01 -8e+01 -8e+01 -8e+01","0.714 0.0941 0.49 0.0431 0.0196","12 12 12 15 12",1,1,0.01,0.00,0,0,0,0
29.600,6,0.000,0.000,0.000,5,5,-79.282,"-76.9 -80.3 -76.5 -81.9 -80.8","0.000 0.000 0.000 0.000 0.000",-93.966,-100.819,"-100.8 -100.8 -100.8 -100.8 -100.8 -100.8 -100.8 -100.8",15.098,572,0,1016,1277,"-8e+01 -8e+01 -8e+01 -8e+01 -8e+01","0.714 0.0941 0.49 0.0431 0.0196","12 12 12 15 12",1,1,0.00,0.00,0,0,0,0
29.700,6,0.000,0.000,0.000,5,5,-79.282,"-76.9 -80.3 -76.5 -81.9 -80.8","0.000 0.000 0.000 0.000 0.000",-93.966,-100.819,"-100.8 -100.8 -100.8 -100.8 -100.8 -100.8 -100.8 -100.8",15.198,574,0,1016,1280,"-8e+01 -8e+01 -8e+01 -8e+01 -8e+01","0.714 0.0941 0.49 0.0431 0.0196","12 12 12 15 12",1,1,0.02,0.00,0,0,0,0
29.800,6,0.000,0.000,0.000,5,5,-79.282,"-76.9 -80.3 -76.5 -81.9 -80.8","0.000 0.000 0.000 0.000 0.000",-93.966,-100.819,"-100.8 -100.8 -100.8 -100.8 -100.8 -100.8 -100.8 -100.8",15.298,576,0,1016,1284,"-8e+01 -8e+01 -8e+01 -8e+01 -8e+01","0.714 0.0941 0.49 0.0431 0.0196","12 12 12 15 12",1,1,0.01,0.00,0,0,0,0
29.900,6,0.000,0.000,0.000,5,5,-79.282,"-76.9 -80.3 -76.5 -81.9 -80.8","0.000 0.000 0.000 0.000 0.000",-93.966,-100.819,"-100.8 -100.8 -100.8 -100.8 -100.8 -100.8 -100.8 -100.8",15.398,578,0,1016,1286,"-8e+01 -8e+01 -8e+01 -8e+01 -8e+01","0.714 0.0941 0.49 0.0431 0.0196","12 12 12 15 12",1,1,0.01,0.00,0,0,0,0
30.000,6,0.000,0.000,0.000,5,5,-79.282,"-76.9 -80.3 -76.5 -81.9 -80.8","0.000 0.000 0.000 0.000 0.000",-93.966,-100.819,"-100.8 -100.8 -100.8 -100.8 -100.8 -100.8 -100.8 -100.8",15.498,580,0,1016,1289,"-8e+01 -8e+01 -8e+01 -8e+01 -8e+01","0.714 0.0941 0.49 0.0431 0.0196","12 12 12 15 12",1,1,0.02,0.00,0,0,0,0
30.100,6,0.000,0.000,0.000,5,5,-79.282,"-76.9 -80.3 -76.5 -81.9 -80.8","0.000 0.000 0.000 0.000 0.000",-93.966,-100.819,"-100.8 -100.8 -100.8 -100.8 -100.8 -100.8 -100.8 -100.8",15.598,582,0,1016,1294,"-8e+01 -8e+01 -8e+01 -8e+01 -8e+01","0.714 0.0941 0.49 0.0431 0.0196","12 13 12 16 12",1,1,0.01,0.00,0,0,0,0
30.200,6,0.000,0.000,0.000,5,5,-79.282,"-76.9 -80.3 -76.5 -81.9 -80.8","0.000 0.000 0.000 0.000 0.000",-93.966,-100.819,"-100.8 -100.8 -100.8 -100.8 -100.8 -100.8 -100.8 -100.8",15.698,584,0,1016,1298,"-8e+01 -8e+01 -8e+01 -8e+01 -8e+01","0.714 0.0941 0.49 0.0431 0.0196","12 13 12 16 12",1,1,0.01,0.00,0,0,0,0
30.300,6,0.000,0.000,0.000,5,5,-79.282,"-76.9 -80.3 -76.5 -81.9 -80.8","0.000 0.000 0.000 0.000 0.000",-93.966,-100.819,"-100.8 -100.8 -100.8 -100.8 -100.8 -100.8 -100.8 -100.8",15.798,586,0,1016,1307,"-8e+01 -8e+01 -8e+01 -8e+01 -8e+01","0.714 0.0941 0.49 0.0431 0.0196","12 13 12 16 12",2,2,25.55,0.00,0,0,0,0
30.400,6,0.000,0.000,0.000,5,5,-79.282,"-76.9 -80.3 -76.5 -81.9 -80.8","0.000 0.000 0.000 0.000 0.000",-93.966,-100.819,"-100.8 -100.8 -100.8 -100.8 -100.8 -100.8 -100.8 -100.8",15.898,588,0,1016,1310,"-8e+01 -8e+01 -8e+01 -8e+01 -8e+01","0.714 0.0941 0.49 0.0431 0.0196","12 13 12 16 13",1,1,0.01,0.00,0,0,0,0
30.500,6,0.000,0.000,0.000,5,5,-79.282,"-76.9 -80.3 -76.5 -81.9 -80.8","0.000 0.000 0.000 0.000 0.000",-93.966,-100.819,"-100.8 -100.8 -100.8 -100.8 -100.8 -100.8 -100.8 -100.8",15.998,590,0,1016,1312,"-8e+01 -8e+01 -8e+01 -8e+01 -8e+01","0.714 0.0941 0.49 0.0431 0.0196","13 13 13 16 13",1,1,0.02,0.00,0,0,0,0
30.600,6,0.000,0.000,0.000,5,5,-79.282,"-76.9 -80.3 -76.5 -81.9 -80.8","0.000 0.000 0.000 0.000 0.000",-93.966,-100.819,"-100.8 -100.8 -100.8 -100.8 -100.8 -100.8 -100.8 -100.8",16.098,592,0,1016,1317,"-8e+01 -8e+01 -8e+01 -8e+01 -8e+01","0.714 0.0941 0.49 0.0431 0.0196","13 13 13 16 13",1,1,0.01,0.00,0,0,0,0
30.700,6,0.000,0.000,0.000,5,5,-79.282,"-76.9 -80.3 -76.5 -81.9 -80.8","0.000 0.000 0.000 0.000 0.000",-93.966,-100.819,"-100.8 -100.8 -100.8 -100.8 -100.8 -100.8 -100.8 -100.8",16.198,594,0,1016,1321,"-8e+01 -8e+01 -8e+01 -8e+01 -8e+01","0.714 0.0941 0.49 0.0431 0.0196","13 13 13 16 13",1,1,0.01,0.00,0,0,0,0
30.800,6,0.000,0.000,0.000,5,5,-79.282,"-76.9 -80.3 -76.5 -81.9 -80.8","0.000 0.000 0.000 0.000 0.000",-93.966,-100.819,"-100.8 -100.8 -100.8 -100.8 -100.8 -100.8 -100.8 -100.8",16.298,596,0,1016,1325,"-8e+01 -8e+01 -8e+01 -8e+01 -8e+01","0.714 0.0941 0.49 0.0431 0.0196","13 13 13 16 13",1,1,0.00,0.00,0,0,0,0
30.900,6,0.000,0.000,0.000,5,5,-79.282,"-76.9 -80.3 -76.5 -81.9 -80.8","0.000 0.000 0.000 0.000 0.000",-93.966,-100.819,"-100.8 -100.8 -100.8 -100.8 -100.8 -100.8 -100.8 -100.8",16.398,598,0,1016,1330,"-8e+01 -8e+01 -8e+01 -8e+01 -8e+01","0.714 0.0941 0.49 0.0431 0.0196","13 13 13 16 13",1,1,0.02,0.00,0,0,0,0
31.000,6,0.000,0.000,0.000,5,5,-79.282,"-76.9 -80.3 -76.5 -81.9 -80.8","0.000 0.000 0.000 0.000 0.000",-93.966,-100.819,"-100.8 -100.8 -100.8 -100.8 -100.8 -100.8 -100.8 -100.8",16.498,600,0,1016,1333,"-8e+01 -8e+01 -8e+01 -8e+01 -8e+01","0.714 0.0941 0.49 0.0431 0.0196","13 13 13 16 13",1,1,0.01,0.00,0,0,0,0
31.100,6,0.000,0.000,0.000,5,5,-79.282,"-76.9 -80.3 -76.5 -81.9 -80.8","0.000 0.000 0.000 0.000 0.000",-93.966,-100.819,"-100.8 -100.8 -100.8 -100.8 -100.8 -100.8 -100.8 -100.8",16.598,602,0,1016,1336,"-8e+01 -8e+01 -8e+01 -8e+01 -8e+01","0.714 0.0941 0.49 0.0431 0.0196","13 14 13 17 13",1,1,0.00,0.00,0,0,0,0
31.200,6,0.000,0.000,0.000,5,5,-79.282,"-76.9 -80.3 -76.5 -81.9 -80.8","0.000 0.000 0.000 0.000 0.000",-93.966,-100.819,"-100.8 -100.8 -100.8 -100.8 -100.8 -100.8 -100.8 -100.8",16.698,604,0,1016,1340,"-8e+01 -8e+01 -8e+01 -8e+01 -8e+01","0.714 0.0941 0.49 0.0431 0.0196","13 14 13 17 13",1,1,0.02,0.00,0,0,0,0
31.300,6,0.000,0.000,0.000,5,5,-79.282,"-76.9 -80.3 -76.5 -81.9 -80.8","0.000 0.000 0.000 0.000 0.000",-93.966,-100.819,"-100.8 -100.8 -100.8 -100.8 -100.8 -100.8 -100.8 -100.8",16.798,606,0,1016,1344,"-8e+01 -8e+01 -8e+01 -8e+01 -8e+01","0.714 0.0941 0.49 0.0431 0.0196","13 14 13 17 13",1,1,0.01,0.00,0,0,0,0
31.400,6,0.000,0.000,0.000,5,5,-79.282,"-76.9 -80.3 -76.5 -81.9 -80.8","0.000 0.000 0.000 0.000 0.000",-93.966,-100.819,"-100.8 -100.8 -100.8 -100.8 -100.8 -100.8 -100.8 -100.8",16.898,608,0,1016,1347,"-8e+01 -8e+01 -8e+01 -8e+01 -8e+01","0.714 0.0941 0.49 0.0431 0.0196","13 14 13 17 14",1,1,0.01,0.00,0,0,0,0
31.500,6,0.000,0.000,0.000,5,5,-79.282,"-76.9 -80.3 -76.5 -81.9 -80.8","0.000 0.000 0.000 0.000 0.000",-93.966,-100.819,"-100.8 -100.8 -100.8 -100.8 -100.8 -100.8 -100.8 -100.8",16.998,610,0,1016,1350,"-8e+01 -8e+01 -8e+01 -8e+01 -8e+01","0.714 0.0941 0.49 0.0431 0.0196","14 14 14 17 14",1,1,0.02,0.00,0,0,0,0
31.600,6,0.000,0.000,0.000,5,5,-79.282,"-76.9 -80.3 -76.5 -81.9 -80.8","0.000 0.000 0.000 0.000 0.000",-93.966,-100.819,"-100.8 -100.8 -100.8 -100.8 -100.8 -100.8 -100.8 -100.8",17.098,612,0,1016,1354,"-8e+01 -8e+01 -8e+01 -8e+01 -8e+01","0.714 0.0941 0.49 0.0431 0.0196","14 14 14 17 14",1,1,0.01,0.00,0,0,0,0
31.700,6,0.000,0.000,0.000,5,5,-79.282,"-76.9 -80.3 -76.5 -81.9 -80.8","0.000 0.000 0.000 0.000 0.000",-93.966,-100.819,"-100.8 -100.8 -100.8 -100.8 -100.8 -100.8 -100.8 -100.8",17.198,614,0,1016,1358,"-8e+01 -8e+01 -8e+01 -8e+01 -8e+01","0.714 0.0941 0.49 0.0431 0.0196","14 14 14 17 14",1,1,0.01,0.00,0,0,0,0
31.800,6,0.000,0.000,0.000,5,5,-79.282,"-76.9 -80.3 -76.5 -81.9 -80.8","0.000 0.000 0.000 0.000 0.000",-93.966,-100.819,"-100.8 -100.8 -100.8 -100.8 -100.8 -100.8 -100.8 -100.8",17.298,616,0,1016,1362,"-8e+01 -8e+01 -8e+01 -8e+01 -8e+01","0.714 0.0941 0.49 0.0431 0.0196","14 14 14 17 14",1,1,0.00,0.00,0,0,0,0
31.900,6,0.000,0.000,0.000,5,5,-79.282,"-76.9 -80.3 -76.5 -81.9 -80.8","0.000 0.000 0.000 0.000 0.000",-93.966,-100.819,"-100.8 -100.8 -100.8 -100.8 -100.8 -100.8 -100.8 -100.8",17.398,618,0,1016,1366,"-8e+01 -8e+01 -8e+01 -8e+01 -8e+01","0.714 0.0941 0.49 0.0431 0.0196","14 14 14 17 14",1,1,0.02,0.00,0,0,0,0
32.000,6,0.000,0.000,0.000,5,5,-79.282,"-76.9 -80.3 -76.5 -81.9 -80.8","0.000 0.000 0.000 0.000 0.000",-93.966,-100.819,"-100.8 -100.8 -100.8 -100.8 -100.8 -100.8 -100.8 -100.8",17.498,620,0,1016,1371,"-8e+01 -8e+01 -8e+01 -8e+01 -8e+01","0.714 0.0941 0.49 0.0431 0.0196","14 14 14 17 14",1,1,0.01,0.00,0,0,0,0
32.100,6,0.000,0.000,0.000,5,5,-79.282,"-76.9 -80.3 -76.5 -81.9 -80.8","0.000 0.000 0.000 0.000 0.000",-93.966,-100.819,"-100.8 -100.8 -100.8 -100.8 -100.8 -100.8 -100.8 -100.8",17.598,622,0,1016,1374,"-8e+01 -8e+01 -8e+01 -8e+01 -8e+01","0.714 0.0941 0.49 0.0431 0.0196","14 15 14 18 14",1,1,0.00,0.00,0,0,0,0
32.200,6,0.000,0.000,0.000,5,5,-79.282,"-76.9 -80.3 -76.5 -81.9 -80.8","0.000 0.000 0.000 0.000 0.000",-93.966,-100.819,"-100.8 -100.8 -100.8 -100.8 -100.8 -100.8 -100.8 -100.8",17.698,624,0,1016,1378,"-8e+01 -8e+01 -8e+01 -8e+01 -8e+01","0.714 0.0941 0.49 0.0431 0.0196","14 15 14 18 14",1,1,0.02,0.00,0,0,0,0
32.300,6,0.000,0.000,0.000,5,5,-79.282,"-76.9 -80.3 -76.5 -81.9 -80.8","0.000 0.000 0.000 0.000 0.000",-93.966,-100.819,"-100.8 -100.8 -100.8 -100.8 -100.8 -100.8 -100.8 -100.8",17.798,626,0,1016,1382,"-8e+01 -8e+01 -8e+01 -8e+01 -8e+01","0.714 0.0941 0.49 0.0431 0.0196","14 15 14 18 14",1,1,0.01,0.00,0,0,0,0
32.400,6,0.000,0.000,0.000,5,5,-79.282,"-76.9 -80.3 -76.5 -81.9 -80.8","0.000 0.000 0.000 0.000 0.000",-93.966,-100.819,"-100.8 -100.8 -100.8 -100.8 -100.8 -100.8 -100.8 -100.8",17.898,628,0,1016,1386,"-8e+01 -8e+01 -8e+01 -8e+01 -8e+01","0.714 0.0941 0.49 0.0431 0.0196","14 15 14 18 15",2,2,34.48,0.00,0,0,0,0
32.500,6,0.000,0.000,0.000,5,5,-79.282,"-76.9 -80.3 -76.5 -81.9 -80.8","0.000 0.000 0.000 0.000 0.000",-93.966,-100.819,"-100.8 -100.8 -100.8 -100.8 -100.8 -100.8 -100.8 -100.8",17.998,630,0,1016,1390,"-8e+01 -8e+01 -8e+01 -8e+01 -8e+01","0.714 0.0941 0.49 0.0431 0.0196","15 15 15 18 15",1,1,0.01,0.00,0,0,0,0
32.600,6,0.000,0.000,0.000,5,5,-79.282,"-76.9 -80.3 -76.5 -81.9 -80.8","0.000 0.000 0.000 0.000 0.000",-93.966,-100.819,"-100.8 -100.8 -100.8 -100.8 -100.8 -100.8 -100.8 -100.8",18.098,632,0,1016,1394,"-8e+01 -8e+01 -8e+01 -8e+01 -8e+01","0.714 0.0941 0.49 0.0431 0.0196","15 15 15 18 15",1,1,0.00,0.00,0,0,0,0
32.700,6,0.000,0.000,0.000,5,5,-79.282,"-76.9 -80.3 -76.5 -81.9 -80.8","0.000 0.000 0.000 0.000 0.000",-93.966,-100.819,"-100.8 -100.8 -100.8 -100.8 -100.8 -100.8 -100.8 -100.8",18.198,634,0,1016,1398,"-8e+01 -8e+01 -8e+01 -8e+01 -8e+01","0.714 0.0941 0.49 0.0431 0.0196","15 15 15 18 15",1,1,0.02,0.00,0,0,0,0
32.800,6,0.000,0.000,0.000,5,5,-79.282,"-76.9 -80.3 -76.5 -81.9 -80.8","0.000 0.000 0.000 0.000 0.000",-93.966,-100.819,"-100.8 -100.8 -100.8 -100.8 -100.8 -100.8 -100.8 -100.8",18.298,636,0,1016,1402,"-8e+01 -8e+01 -8e+01 -8e+01 -8e+01","0.714 0.0941 0.49 0.0431 0.0196","15 15 15 18 15",1,1,0.01,0.00,0,0,0,0
32.900,6,0.000,0.000,0.000,5,5,-79.282,"-76.9 -80.3 -76.5 -81.9 -80.8","0.000 0.000 0.000 0.000 0.000",-93.966,-100.819,"-100.8 -100.8 -100.8 -100.8 -100.8 -100.8 -100.8 -100.8",18.398,638,0,1016,1406,"-8e+01 -8e+01 -8e+01 -8e+01 -8e+01","0.714 0.0941 0.49 0.0431 0.0196","15 15 15 18 15",1,1,0.01,0.00,0,0,0,0
33.000,6,0.000,0.000,0.000,5,5,-79.282,"-76.9 -80.3 -76.5 -81.9 -80.8","0.000 0.000 0.000 0.000 0.000",-93.966,-100.819,"-100.8 -100.8 -100.8 -100.8 -100.8 -100.8 -100.8 -100.8",18.498,640,0,1016,1410,"-8e+01 -8e+01 -8e+01 -8e+01 -8e+01","0.714 0.0941 0.49 0.0431 0.0196","15 15 15 18 15",1,1,0.02,0.00,0,0,0,0
33.100,6,0.000,0.000,0.000,5,5,-79.282,"-76.9 -80.3 -76.5 -81.9 -80.8","0.000 0.000 0.000 0.000 0.000",-93.966,-100.819,"-100.8 -100.8 -100.8 -100.8 -100.8 -100.8 -100.8 -100.8",18.598,642,0,1016,1413,"-8e+01 -8e+01 -8e+01 -8e+01 -8e+01","0.714 0.0941 0.49 0.0431 0.0196","15 16 15 19 15",1,1,0.01,0.00,0,0,0,0
33.200,6,0.000,0.000,0.000,5,5,-79.282,"-76.9 -80.3 -76.5 -81.9 -80.8","0.000 0.000 0.000 0.000 0.000",-93.966,-100.819,"-100.8 -100.8 -100.8 -100.8 -100.8 -100.8 -100.8 -100.8",18.698,644,0,1016,1416,"-8e+01 -8e+01 -8e+01 -8e+01 -8e+01","0.714 0.0941 0.49 0.0431 0.0196","15 16 15 19 15",1,1,0.01,0.00,0,0,0,0
33.300,6,0.000,0.000,0.000,5,5,-79.282,"-76.9 -80.3 -76.5 -81.9 -80.8","0.000 0.000 0.000 0.000 0.000",-93.966,-100.819,"-100.8 -100.8 -100.8 -100.8 -100.8 -100.8 -100.8 -100.8",18.798,646,0,1016,1420,"-8e+01 -8e+01 -8e+01 -8e+01 -8e+01","0.714 0.0941 0.49 0.0431 0.0196","15 16 15 19 15",1,1,0.00,0.00,0,0,0,0
33.400,6,0.000,0.000,0.000,5,5,-79.282,"-76.9 -80.3 -76.5 -81.9 -80.8","0.000 0.000 0.000 0.000 0.000",-93.966,-100.819,"-100.8 -100.8 -100.8 -100.8 -100.8 -100.8 -100.8 -100.8",18.898,648,0,1016,1424,"-8e+01 -8e+01 -8e+01 -8e+01 -8e+01","0.714 0.0941 0.49 0.0431 0.0196","15 16 15 19 16",1,1,0.02,0.00,0,0,0,0
33.500,6,0.000,0.000,0.000,5,5,-79.282,"-76.9 -80.3 -76.5 -81.9 -80.8","0.000 0.000 0.000 0.000 0.000",-93.966,-100.819,"-100.8 -100.8 -100.8 -100.8 -100.8 -100.8 -100.8 -100.8",18.998,650,0,1016,1428,"-8e+01 -8e+01 -8e+01 -8e+01 -8e+01","0.714 0.0941 0.49 0.0431 0.0196","16 16 16 19 16",1,1,0.01,0.00,0,0,0,0
33.600,6,0.000,0.000,0.000,5,5,-79.282,"-76.9 -80.3 -76.5 -81.9 -80.8","0.000 0.000 0.000 0.000 0.000",-93.966,-100.819,"-100.8 -100.8 -100.8 -100.8 -100.8 -100.8 -100.8 -100.8",19.098,652,0,1016,1431,"-8e+01 -8e+01 -8e+01 -8e+01 -8e+01","0.714 0.0941 0.49 0.0431 0.0196","16 16 16 19 16",1,1,0.00,0.00,0,0,0,0
33.700,6,0.000,0.000,0.000,5,5,-79.282,"-76.9 -80.3 -76.5 -81.9 -80.8","0.000 0.000 0.000 0.000 0.000",-93.966,-100.819,"-100.8 -100.8 -100.8 -100.8 -100.8 -100.8 -100.8 -100.8",19.198,654,0,1016,1433,"-8e+01 -8e+01 -8e+01 -8e+01 -8e+01","0.714 0.0941 0.49 0.0431 0.0196","16 16 16 19 16",1,1,0.02,0.00,0,0,0,0
33.800,6,0.000,0.000,0.000,5,5,-79.282,"-76.9 -80.3 -76.5 -81.9 -80.8","0.000 0.000 0.000 0.000 0.000",-93.966,-100.819,"-100.8 -100.8 -100.8 -100.8 -100.8 -100.8 -100.8 -100.8",19.298,656,0,1016,1436,"-8e+01 -8e+01 -8e+01 -8e+01 -8e+01","0.714 0.0941 0.49 0.0431 0.0196","16 16 16 19 16",1,1,0.01,0.00,0,0,0,0
33.900,6,0.000,0.000,0.000,5,5,-79.282,"-76.9 -80.3 -76.5 -81.9 -80.8","0.000 0.000 0.000 0.000 0.000",-93.966,-100.819,"-100.8 -100.8 -100.8 -100.8 -100.8 -100.8 -100.8 -100.8",19.398,658,0,1016,1439,"-8e+01 -8e+01 -8e+01 -8e+01 -8e+01","0.714 0.0941 0.49 0.0431 0.0196","16 16 16 19 16",1,1,0.01,0.00,0,0,0,0
34.000,6,0.000,0.000,0.000,5,5,-79.282,"-76.9 -80.3 -76.5 -81.9 -80.8","0.000 0.000 0.000 0.000 0.000",-93.966,-100.819,"-100.8 -100.8 -100.8 -100.8 -100.8 -100.8 -100.8 -100.8",19.498,660,0,1016,1443,"-8e+01 -8e+01 -8e+01 -8e+01 -8e+01","0.714 0.0941 0.49 0.0431 0.0196","16 16 16 19 16",1,1,0.02,0.00,0,0,0,0
34.100,6,0.000,0.000,0.000,5,5,-79.282,"-76.9 -80.3 -76.5 -81.9 -80.8","0.000 0.000 0.000 0.000 0.000",-93.966,-100.819,"-100.8 -100.8 -100.8 -100.8 -100.8 -100.8 -100.8 -100.8",19.598,662,0,1016,1447,"-8e+01 -8e+01 -8e+01 -8e+01 -8e+01","0.714 0.0941 0.49 0.0431 0.0196","16 17 16 20 16",1,1,0.01,0.00,0,0,0,0
34.200,6,0.000,0.000,0.000,5,5,-79.282,"-76.9 -80.3 -76.5 -81.9 -80.8","0.000 0.000 0.000 0.000 0.000",-93.966,-100.819,"-100.8 -100.8 -100.8 -100.8 -100.8 -100.8 -100.8 -100.8",19.698,664,0,1016,1453,"-8e+01 -8e+01 -8e+01 -8e+01 -8e+01","0.714 0.0941 0.49 0.0431 0.0196","16 17 16 20 16",1,1,0.01,0.00,0,0,0,0
34.300,6,0.000,0.000,0.000,5,5,-79.282,"-76.9 -80.3 -76.5 -81.9 -80.8","0.000 0.000 0.000 0.000 0.000",-93.966,-100.819,"-100.8 -100.8 -100.8 -100.8 -100.8 -100.8 -100.8 -100.8",19.798,666,0,1016,1457,"-8e+01 -8e+01 -8e+01 -8e+01 -8e+01","0.714 0.0941 0.49 0.0431 0.0196","16 17 16 20 16",1,1,0.00,0.00,0,0,0,0
34.400,6,0.000,0.000,0.000,5,5,-79.282,"-76.9 -80.3 -76.5 -81.9 -80.8","0.000 0.000 0.000 0.000 0.000",-93.966,-100.819,"-100.8 -100.8 -100.8 -100.8 -100.8 -100.8 -100.8 -100.8",19.898,668,0,1016,1461,"-8e+01 -8e+01 -8e+01 -8e+01 -8e+01","0.714 0.0941 0.49 0.0431 0.0196","16 17 16 20 17",2,2,39.27,0.00,0,0,0,0
34.500,6,0.000,0.000,0.000,5,5,-79.282,"-76.9 -80.3 -76.5 -81.9 -80.8","0.000 0.000 0.000 0.000 0.000",-93.966,-100.819,"-100.8 -100.8 -100.8 -100.8 -100.8 -100.8 -100.8 -100.8",19.998,670,0,1016,1463,"-8e+01 -8e+01 -8e+01 -8e+01 -8e+01","0.714 0.0941 0.49 0.0431 0.0196","17 17 17 20 17",1,1,0.10,0.00,0,0,0,0
34.600,6,0.000,0.000,0.000,5,5,-79.282,"-76.9 -80.3 -76.5 -81.9 -80.8","0.000 0.000 0.000 0.000 0.000",-93.966,-100.819,"-100.8 -100.8 -100.8 -100.8 -100.8 -100.8 -100.8 -100.8",20.098,672,0,1016,1466,"-8e+01 -8e+01 -8e+01 -8e+01 -8e+01","0.714 0.0941 0.49 0.0431 0.0196","17 17 17 20 17",1,1,0.01,0.00,0,0,0,0
34.700,6,0.000,0.000,0.000,5,5,-79.282,"-76.9 -80.3 -76.5 -81.9 -80.8","0.000 0.000 0.000 0.000 0.000",-93.966,-100.819,"-100.8 -100.8 -100.8 -100.8 -100.8 -100.8 -100.8 -100.8",20.198,674,0,1016,1469,"-8e+01 -8e+01 -8e+01 -8e+01 -8e+01","0.714 0.0941 0.49 0.0431 0.0196","17 17 17 20 17",1,1,0.01,0.00,0,0,0,0
34.800,6,0.000,0.000,0.000,5,5,-79.282,"-76.9 -80.3 -76.5 -81.9 -80.8","0.000 0.000 0.000 0.000 0.000",-93.966,-100.819,"-100.8 -100.8 -100.8 -100.8 -100.8 -100.8 -100.8 -100.8",20.298,676,0,1016,1474,"-8e+01 -8e+01 -8e+01 -8e+01 -8e+01","0.714 0.0941 0.49 0.0431 0.0196","17 17 17 20 17",1,1,0.00,0.00,0,0,0,0
34.900,6,0.000,0.000,0.000,5,5,-79.282,"-76.9 -80.3 -76.5 -81.9 -80.8","0.000 0.000 0.000 0.000 0.000",-93.966,-100.819,"-100.8 -100.8 -100.8 -100.8 -100.8 -100.8 -100.8 -100.8",20.398,678,0,1016,1477,"-8e+01 -8e+01 -8e+01 -8e+01 -8e+01","0.714 0.0941 0.49 0.0431 0.0196","17 17 17 20 17",1,1,0.02,0.00,0,0,0,0
35.000,6,0.000,0.000,0.000,5,5,-79.282,"-76.9 -80.3 -76.5 -81.9 -80.8","0.000 0.000 0.000 0.000 0.000",-93.966,-100.819,"-100.8 -100.8 -100.8 -100.8 -100.8 -100.8 -100.8 -100.8",20.498,680,0,1016,1481,"-8e+01 -8e+01 -8e+01 -8e+01 -8e+01","0.714 0.0941 0.49 0.0431 0.0196","17 17 17 20 17",1,1,0.01,0.00,0,0,0,0
35.100,6,0.000,0.000,0.000,5,5,-79.282,"-76.9 -80.3 -76.5 -81.9 -80.8","0.000 0.000 0.000 0.000 0.000",-93.966,-100.819,"-100.8 -100.8 -100.8 -100.8 -100.8 -100.8 -100.8 -100.8",20.598,682,0,1016,1485,"-8e+01 -8e+01 -8e+01 -8e+01 -8e+01","0.714 0.0941 0.49 0.0431 0.0196","17 18 17 21 17",1,1,0.00,0.00,0,0,0,0
35.200,6,0.000,0.000,0.000,5,5,-79.282,"-76.9 -80.3 -76.5 -81.9 -80.8","0.000 0.000 0.000 0.000 0.000",-93.966,-100.819,"-100.8 -100.8 -100.8 -100.8 -100.8 -100.8 -100.8 -100.8",20.698,684,0,1016,1488,"-8e+01 -8e+01 -8e+01 -8e+01 -8e+01","0.714 0.0941 0.49 0.0431 0.0196","17 18 17 21 17",1,1,0.02,0.00,0,0,0,0
35.300,6,0.000,0.000,0.000,5,5,-79.282,"-76.9 -80.3 -76.5 -81.9 -80.8","0.000 0.000 0.000 0.000 0.000",-93.966,-100.819,"-100.8 -100.8 -100.8 -100.8 -100.8 -100.8 -100.8 -100.8",20.798,686,0,1016,1492,"-8e+01 -8e+01 -8e+01 -8e+01 -8e+01","0.714 0.0941 0.49 0.0431 0.0196","17 18 17 21 17",1,1,0.01,0.00,0,0,0,0
35.400,6,0.000,0.000,0.000,5,5,-79.282,"-76.9 -80.3 -76.5 -81.9 -80.8","0.000 0.000 0.000 0.000 0.000",-93.966,-100.819,"-100.8 -100.8 -100.8 -100.8 -100.8 -100.8 -100.8 -100.8",20.898,688,0,1016,1497,"-8e+01 -8e+01 -8e+01 -8e+01 -8e+01","0.714 0.0941 0.49 0.0431 0.0196","17 18 17 21 18",1,1,0.01,0.00,0,0,0,0
35.500,6,0.000,0.000,0.000,5,5,-79.282,"-76.9 -80.3 -76.5 -81.9 -80.8","0.000 0.000 0.000 0.000 0.000",-93.966,-100.819,"-100.8 -100.8 -100.8 -100.8 -100.8 -100.8 -100.8 -100.8",20.998,690,0,1016,1501,"-8e+01 -8e+01 -8e+01 -8e+01 -8e+01","0.714 0.0941 0.49 0.0431 0.0196","18 18 18 21 18",1,1,0.02,0.00,0,0,0,0
35.600,6,0.000,0.000,0.000,5,5,-79.282,"-76.9 -80.3 -76.5 -81.9 -80.8","0.000 0.000 0.000 0.000 0.000",-93.966,-100.819,"-100.8 -100.8 -100.8 -100.8 -100.8 -100.8 -100.8 -100.8",21.098,692,0,1016,1504,"-8e+01 -8e+01 -8e+01 -8e+01 -8e+01","0.714 0.0941 0.49 0.0431 0.0196","18 18 18 21 18",1,1,0.01,0.00,0,0,0,0
35.700,6,0.000,0.000,0.000,5,5,-79.282,"-76.9 -80.3 -76.5 -81.9 -80.8","0.000 0.000 0.000 0.000 0.000",-93.966,-100.819,"-100.8 -100.8 -100.8 -100.8 -100.8 -100.8 -100.8 -100.8",21.198,694,0,1016,1509,"-8e+01 -8e+01 -8e+01 -8e+01 -8e+01","0.714 0.0941 0.49 0.0431 0.0196","18 18 18 21 18",1,1,0.01,0.00,0,0,0,0
35.800,6,0.000,0.000,0.000,5,5,-79.282,"-76.9 -80.3 -76.5 -81.9 -80.8","0.000 0.000 0.000 0.000 0.000",-93.966,-100.819,"-100.8 -100.8 -100.8 -100.8 -100.8 -100.8 -100.8 -100.8",21.298,696,0,1016,1514,"-8e+01 -8e+01 -8e+01 -8e+01 -8e+01","0.714 0.0941 0.49 0.0431 0.0196","18 18 18 21 18",1,1,0.00,0.00,0,0,0,0
35.900,6,0.000,0.000,0.000,5,5,-79.282,"-76.9 -80.3 -76.5 -81.9 -80.8","0.000 0.000 0.000 0.000 0.000",-93.966,-100.819,"-100.8 -100.8 -100.8 -100.8 -100.8 -100.8 -100.8 -100.8",21.398,698,0,1016,1519,"-8e+01 -8e+01 -8e+01 -8e+01 -8e+01","0.714 0.0941 0.49 0.0431 0.0196","18 18 18 21 18",1,1,0.02,0.00,0,0,0,0
36.000,6,0.000,0.000,0.000,5,5,-79.282,"-76.9 -80.3 -76.5 -81.9 -80.8","0.000 0.000 0.000 0.000 0.000",-93.966,-100.819,"-100.8 -100.8 -100.8 -100.8 -100.8 -100.8 -100.8 -100.8",21.498,700,0,1016,1523,"-8e+01 -8e+01 -8e+01 -8e+01 -8e+01","0.714 0.0941 0.49 0.0431 0.0196","18 18 18 21 18",1,1,0.01,0.00,0,0,0,0
36.100,6,0.000,0.000,0.000,5,5,-79.282,"-76.9 -80.3 -76.5 -81.9 -80.8","0.000 0.000 0.000 0.000 0.000",-93.966,-100.819,"-100.8 -100.8 -100.8 -100.8 -100.8 -100.8 -100.8 -100.8",21.598,702,0,1016,1528,"-8e+01 -8e+01 -8e+01 -8e+01 -8e+01","0.714 0.0941 0.49 0.0431 0.0196","18 19 18 22 18",1,1,0.00,0.00,0,0,0,0
36.200,6,0.000,0.000,0.000,5,5,-79.282,"-76.9 -80.3 -76.5 -81.9 -80.8","0.000 0.000 0.000 0.000 0.000",-93.966,-100.819,"-100.8 -100.8 -100.8 -100.8 -100.8 -100.8 -100.8 -100.8",21.698,704,0,1016,1532,"-8e+01 -8e+01 -8e+01 -8e+01 -8e+01","0.714 0.0941 0.49 0.0431 0.0196","18 19 18 22 18",1,1,0.02,0.00,0,0,0,0
36.300,6,0.000,0.000,0.000,5,5,-79.282,"-76.9 -80.3 -76.5 -81.9 -80.8","0.000 0.000 0.000 0.000 0.000",-93.966,-100.819,"-100.8 -100.8 -100.8 -100.8 -100.8 -100.8 -100.8 -100.8",21.798,706,0,1016,1538,"-8e+01 -8e+01 -8e+01 -8e+01 -8e+01","0.714 0.0941 0.49 0.0431 0.0196","18 19 18 22 18",2,2,23.51,0.00,0,0,0,0
36.400,6,0.000,0.000,0.000,5,5,-79.282,"-76.9 -80.3 -76.5 -81.9 -80.8","0.000 0.000 0.000 0.000 0.000",-93.966,-100.819,"-100.8 -100.8 -100.8 -100.8 -100.8 -100.8 -100.8 -100.8",21.898,708,0,1016,1542,"-8e+01 -8e+01 -8e+01 -8e+01 -8e+01","0.714 0.0941 0.49 0.0431 0.0196","18 19 18 22 19",1,1,0.02,0.00,0,0,0,0
36.500,6,0.000,0.000,0.000,5,5,-79.282,"-76.9 -80.3 -76.5 -81.9 -80.8","0.000 0.000 0.000 0.000 0.000",-93.966,-100.819,"-100.8 -100.8 -100.8 -100.8 -100.8 -100.8 -100.8 -100.8",21.998,710,0,1016,1548,"-8e+01 -8e+01 -8e+01 -8e+01 -8e+01","0.714 0.0941 0.49 0.0431 0.0196","19 19 19 22 19",1,1,0.01,0.00,0,0,0,0
36.600,6,0.000,0.000,0.000,5,5,-79.282,"-76.9 -80.3 -76.5 -81.9 -80.8","0.000 0.000 0.000 0.000 0.000",-93.966,-100.819,"-100.8 -100.8 -100.8 -100.8 -100.8 -100.8 -100.8 -100.8",22.098,712,0,1016,1553,"-8e+01 -8e+01 -8e+01 -8e+01 -8e+01","0.714 0.0941 0.49 0.0431 0.0196","19 19 19 22 19",1,1,0.00,0.00,0,0,0,0
36.700,6,0.000,0.000,0.000,5,5,-79.282,"-76.9 -80.3 -76.5 -81.9 -80.8","0.000 0.000 0.000 0.000 0.000",-93.966,-100.819,"-100.8 -100.8 -100.8 -100.8 -100.8 -100.8 -100.8 -100.8",22.198,714,0,1016,1555,"-8e+01 -8e+01 -8e+01 -8e+01 -8e+01","0.714 0.0941 0.49 0.0431 0.0196","19 19 19 22 19",1,1,0.02,0.00,0,0,0,0
36.800,6,0.000,0.000,0.000,5,5,-79.282,"-76.9 -80.3 -76.5 -81.9 -80.8","0.000 0.000 0.000 0.000 0.000",-93.966,-100.819,"-100.8 -100.8 -100.8 -100.8 -100.8 -100.8 -100.8 -100.8",22.298,716,0,1016,1559,"-8e+01 -8e+01 -8e+01 -8e+01 -8e+01","0.714 0.0941 0.49 0.0431 0.0196","19 19 19 22 19",1,1,0.01,0.00,0,0,0,0
36.900,6,0.000,0.000,0.000,5,5,-79.282,"-76.9 -80.3 -76.5 -81.9 -80.8","0.000 0.000 0.000 0.000 0.000",-93.966,-100.819,"-100.8 -100.8 -100.8 -100.8 -100.8 -100.8 -100.8 -100.8",22.398,718,0,1016,1563,"-8e+01 -8e+01 -8e+01 -8e+01 -8e+01","0.714 0.0941 0.49 0.0431 0.0196","19 19 19 22 19",1,1,0.01,0.00,0,0,0,0
37.000,6,0.000,0.000,0.000,5,5,-79.282,"-76.9 -80.3 -76.5 -81.9 -80.8","0.000 0.000 0.000 0.000 0.000",-93.966,-100.819,"-100.8 -100.8 -100.8 -100.8 -100.8 -100.8 -100.8 -100.8",22.498,720,0,1016,1567,"-8e+01 -8e+01 -8e+01 -8e+01 -8e+01","0.714 0.0941 0.49 0.0431 0.0196","19 19 19 22 19",1,1,0.02,0.00,0,0,0,0
37.100,6,0.000,0.000,0.000,5,5,-79.282,"-76.9 -80.3 -76.5 -81.9 -80.8","0.000 0.000 0.000 0.000 0.000",-93.966,-100.819,"-100.8 -100.8 -100.8 -100.8 -100.8 -100.8 -100.8 -100.8",22.598,722,0,1016,1572,"-8e+01 -8e+01 -8e+01 -8e+01 -8e+01","0.714 0.0941 0.49 0.0431 0.0196","19 20 19 23 19",1,1,0.01,0.00,0,0,0,0
37.200,6,0.000,0.000,0.000,5,5,-79.282,"-76.9 -80.3 -76.5 -81.9 -80.8","0.000 0.000 0.000 0.000 0.000",-93.966,-100.819,"-100.8 -100.8 -100.8 -100.8 -100.8 -100.8 -100.8 -100.8",22.698,724,0,1016,1574,"-8e+01 -8e+01 -8e+01 -8e+01 -8e+01","0.714 0.0941 0.49 0.0431 0.0196","19 20 19 23 19",1,1,0.01,0.00,0,0,0,0
37.300,6,0.000,0.000,0.000,5,5,-79.282,"-76.9 -80.3 -76.5 -81.9 -80.8","0.000 0.000 0.000 0.000 0.000",-93.966,-100.819,"-100.8 -100.8 -100.8 -100.8 -100.8 -100.8 -100.8 -100.8",22.798,726,0,1016,1577,"-8e+01 -8e+01 -8e+01 -8e+01 -8e+01","0.714 0.0941 0.49 0.0431 0.0196","19 20 19 23 19",1,1,0.00,0.00,0,0,0,0
37.400,6,0.000,0.000,0.000,5,5,-79.282,"-76.9 -80.3 -76.5 -81.9 -80.8","0.000 0.000 0.000 0.000 0.000",-93.966,-100.819,"-100.8 -100.8 -100.8 -100.8 -100.8 -100.8 -100.8 -100.8",22.898,728,0,1016,1579,"-8e+01 -8e+01 -8e+01 -8e+01 -8e+01","0.714 0.0941 0.49 0.0431 0.0196","19 20 19 23 20",1,1,0.02,0.00,0,0,0,0
37.500,6,0.000,0.000,0.000,5,5,-79.282,"-76.9 -80.3 -76.5 -81.9 -80.8","0.000 0.000 0.000 0.000 0.000",-93.966,-100.819,"-100.8 -100.8 -100.8 -100.8 -100.8 -100.8 -100.8 -100.8",22.998,730,0,1016,1581,"-8e+01 -8e+01 -8e+01 -8e+01 -8e+01","0.714 0.0941 0.49 0.0431 0.0196","20 20 20 23 20",1,1,0.01,0.00,0,0,0,0
37.600,6,0.000,0.000,0.000,5,5,-79.282,"-76.9 -80.3 -76.5 -81.9 -80.8","0.000 0.000 0.000 0.000 0.000",-93.966,-100.819,"-100.8 -100.8 -100.8 -100.8 -100.8 -100.8 -100.8 -100.8",23.098,732,0,1016,1586,"-8e+01 -8e+01 -8e+01 -8e+01 -8e+01","0.714 0.0941 0.49 0.0431 0.0196","20 20 20 23 20",1,1,0.00,0.00,0,0,0,0
37.700,6,0.000,0.000,0.000,5,5,-79.282,"-76.9 -80.3 -76.5 -81.9 -80.8","0.000 0.000 0.000 0.000 0.000",-93.966,-100.819,"-100.8 -100.8 -100.8 -100.8 -100.8 -100.8 -100.8 -100.8",23.198,734,0,1016,1590,"-8e+01 -8e+01 -8e+01 -8e+01 -8e+01","0.714 0.0941 0.49 0.0431 0.0196","20 20 20 23 20",1,1,0.02,0.00,0,0,0,0
37.800,6,0.000,0.000,0.000,5,5,-79.282,"-76.9 -80.3 -76.5 -81.9 -80.8","0.000 0.000 0.000 0.000 0.000",-93.966,-100.819,"-100.8 -100.8 -100.8 -100.8 -100.8 -100.8 -100.8 -100.8",23.298,736,0,1016,1594,"-8e+01 -8e+01 -8e+01 -8e+01 -8e+01","0.714 0.0941 0.49 0.0431 0.0196","20 20 20 23 20",1,1,0.01,0.00,0,0,0,0
37.900,6,0.000,0.000,0.000,5,5,-79.282,"-76.9 -80.3 -76.5 -81.9 -80.8","0.000 0.000 0.000 0.000 0.000",-93.966,-100.819,"-100.8 -100.8 -100.8 -100.8 -100.8 -100.8 -100.8 -100.8",23.398,738,0,1016,1598,"-8e+01 -8e+01 -8e+01 -8e+01 -8e+01","0.714 0.0941 0.49 0.0431 0.0196","20 20 20 23 20",1,1,0.01,0.00,0,0,0,0
38.000,6,0.000,0.000,0.000,5,5,-79.282,"-76.9 -80.3 -76.5 -81.9 -80.8","0.000 0.000 0.000 0.000 0.000",-93.966,-100.819,"-100.8 -100.8 -100.8 -100.8 -100.8 -100.8 -100.8 -100.8",23.498,740,0,1016,1603,"-8e+01 -8e+01 -8e+01 -8e+01 -8e+01","0.714 0.0941 0.49 0.0431 0.0196","20 20 20 23 20",1,1,0.02,0.00,0,0,0,0
38.100,6,0.000,0.000,0.000,5,5,-79.282,"-76.9 -80.3 -76.5 -81.9 -80.8","0.000 0.000 0.000 0.000 0.000",-93.966,-100.819,"-100.8 -100.8 -100.8 -100.8 -100.8 -100.8 -100.8 -100.8",23.598,742,0,1016,1608,"-8e+01 -8e+01 -8e+01 -8e+01 -8e+01","0.714 0.0941 0.49 0.0431 0.0196","20 21 20 24 20",1,1,0.01,0.00,0,0,0,0
38.200,6,0.000,0.000,0.000,5,5,-79.282,"-76.9 -80.3 -76.5 -81.9 -80.8","0.000 0.000 0.000 0.000 0.000",-93.966,-100.819,"-100.8 -100.8 -100.8 -100.8 -100.8 -100.8 -100.8 -100.8",23.698,744,0,1016,1611,"-8e+01 -8e+01 -8e+01 -8e+01 -8e+01","0.714 0.0941 0.49 0.0431 0.0196","20 21 20 24 20",1,1,0.01,0.00,0,0,0,0
38.300,6,0.000,0.000,0.000,5,5,-79.282,"-76.9 -80.3 -76.5 -81.9 -80.8","0.000 0.000 0.000 0.000 0.000",-93.966,-100.819,"-100.8 -100.8 -100.8 -100.8 -100.8 -100.8 -100.8 -100.8",23.798,746,0,1016,1614,"-8e+01 -8e+01 -8e+01 -8e+01 -8e+01","0.714 0.0941 0.49 0.0431 0.0196","20 21 20 24 20",2,2,5.33,0.00,0,0,0,0
38.400,6,0.000,0.000,0.000,5,5,-79.282,"-76.9 -80.3 -76.5 -81.9 -80.8","0.000 0.000 0.000 0.000 0.000",-93.966,-100.819,"-100.8 -100.8 -100.8 -100.8 -100.8 -100.8 -100.8 -100.8",23.898,748,0,1016,1618,"-8e+01 -8e+01 -8e+01 -8e+01 -8e+01","0.714 0.0941 0.49 0.0431 0.0196","20 21 20 24 21",1,1,0.01,0.00,0,0,0,0
38.500,6,0.000,0.000,0.000,5,5,-79.282,"-76.9 -80.3 -76.5 -81.9 -80.8","0.000 0.000 0.000 0.000 0.000",-93.966,-100.819,"-100.8 -100.8 -100.8 -100.8 -100.8 -100.8 -100.8 -100.8",23.998,750,0,1016,1622,"-8e+01 -8e+01 -8e+01 -8e+01 -8e+01","0.714 0.0941 0.49 0.0431 0.0196","21 21 21 24 21",1,1,0.02,0.00,0,0,0,0
38.600,6,0.000,0.000,0.000,5,5,-79.282,"-76.9 -80.3 -76.5 -81.9 -80.8","0.000 0.000 0.000 0.000 0.000",-93.966,-100.819,"-100.8 -100.8 -100.8 -100.8 -100.8 -100.8 -100.8 -100.8",24.098,752,0,1016,1627,"-8e+01 -8e+01 -8e+01 -8e+01 -8e+01","0.714 0.0941 0.49 0.0431 0.0196","21 21 21 24 21",1,1,0.01,0.00,0,0,0,0
38.700,6,0.000,0.000,0.000,5,5,-79.282,"-76.9 -80.3 -76.5 -81.9 -80.8","0.000 0.000 0.000 0.000 0.000",-93.966,-100.819,"-100.8 -100.8 -100.8 -100.8 -100.8 -100.8 -100.8 -100.8",24.198,754,0,1016,1631,"-8e+01 -8e+01 -8e+01 -8e+01 -8e+01","0.714 0.0941 0.49 0.0431 0.0196","21 21 21 24 21",1,1,0.01,0.00,0,0,0,0
38.800,6,0.000,0.000,0.000,5,5,-79.282,"-76.9 -80.3 -76.5 -81.9 -80.8","0.000 0.000 0.000 0.000 0.000",-93.966,-100.819,"-100.8 -100.8 -100.8 -100.8 -100.8 -100.8 -100.8 -100.8",24.298,756,0,1016,1634,"-8e+01 -8e+01 -8e+01 -8e+01 -8e+01","0.714 0.0941 0.49 0.0431 0.0196","21 21 21 24 21",1,1,0.00,0.00,0,0,0,0
38.900,6,0.000,0.000,0.000,5,5,-79.282,"-76.9 -80.3 -76.5 -81.9 -80.8","0.000 0.000 0.000 0.000 0.000",-93.966,-100.819,"-100.8 -100.8 -100.8 -100.8 -100.8 -100.8 -100.8 -100.8",24.398,758,0,1016,1639,"-8e+01 -8e+01 -8e+01 -8e+01 -8e+01","0.714 0.0941 0.49 0.0431 0.0196","21 21 21 24 21",1,1,0.02,0.00,0,0,0,0
39.000,6,0.000,0.000,0.000,5,5,-79.282,"-76.9 -80.3 -76.5 -81.9 -80.8","0.000 0.000 0.000 0.000 0.000",-93.966,-100.819,"-100.8 -100.8 -100.8 -100.8 -100.8 -100.8 -100.8 -100.8",24.498,760,0,1016,1641,"-8e+01 -8e+01 -8e+01 -8e+01 -8e+01","0.714 0.0941 0.49 0.0431 0.0196","21 21 21 24 21",1,1,0.01,0.00,0,0,0,0
39.100,6,0.000,0.000,0.000,5,5,-79.282,"-76.9 -80.3 -76.5 -81.9 -80.8","0.000 0.000 0.000 0.000 0.000",-93.966,-100.819,"-100.8 -100.8 -100.8 -100.8 -100.8 -100.8 -100.8 -100.8",24.598,762,0,1016,1645,"-8e+01 -8e+01 -8e+01 -8e+01 -8e+01","0.714 0.0941 0.49 0.0431 0.0196","21 22 21 25 21",1,1,0.00,0.00,0,0,0,0
39.200,6,0.000,0.000,0.000,5,5,-79.282,"-76.9 -80.3 -76.5 -81.9 -80.8","0.000 0.000 0.000 0.000 0.000",-93.966,-100.819,"-100.8 -100.8 -100.8 -100.8 -100.8 -100.8 -100.8 -100.8",24.698,764,0,1016,1650,"-8e+01 -8e+01 -8e+01 -8e+01 -8e+01","0.714 0.0941 0.49 0.0431 0.0196","21 22 21 25 21",1,1,0.02,0.00,0,0,0,0
39.300,6,0.000,0.000,0.000,5,5,-79.282,"-76.9 -80.3 -76.5 -81.9 -80.8","0.000 0.000 0.000 0.000 0.000",-93.966,-100.819,"-100.8 -100.8 -100.8 -100.8 -100.8 -100.8 -100.8 -100.8",24.798,766,0,1016,1655,"-8e+01 -8e+01 -8e+01 -8e+01 -8e+01","0.714 0.0941 0.49 0.0431 0.0196","21 22 21 25 21",1,1,0.01,0.00,0,0,0,0
39.400,6,0.000,0.000,0.000,5,5,-79.282,"-76.9 -80.3 -76.5 -81.9 -80.8","0.000 0.000 0.000 0.000 0.000",-93.966,-100.819,"-100.8 -100.8 -100.8 -100.8 -100.8 -100.8 -100.8 -100.8",24.898,768,0,1016,1659,"-8e+01 -8e+01 -8e+01 -8e+01 -8e+01","0.714 0.0941 0.49 0.0431 0.0196","21 22 21 25 22",1,1,0.01,0.00,0,0,0,0
39.500,6,0.000,0.000,0.000,5,5,-79.282,"-76.9 -80.3 -76.5 -81.9 -80.8","0.000 0.000 0.000 0.000 0.000",-93.966,-100.819,"-100.8 -100.8 -100.8 -100.8 -100.8 -100.8 -100.8 -100.8",24.998,770,0,1016,1661,"-8e+01 -8e+01 -8e+01 -8e+01 -8e+01","0.714 0.0941 0.49 0.0431 0.0196","22 22 22 25 22",1,1,0.02,0.00,0,0,0,0
39.600,6,0.000,0.000,0.000,5,5,-79.282,"-76.9 -80.3 -76.5 -81.9 -80.8","0.000 0.000 0.000 0.000 0.000",-93.966,-100.819,"-100.8 -100.8 -100.8 -100.8 -100.8 -100.8 -100.8 -100.8",25.098,772,0,1016,1666,"-8e+01 -8e+01 -8e+01 -8e+01 -8e+01","0.714 0.0941 0.49 0.0431 0.0196","22 22 22 25 22",1,1,0.01,0.00,0,0,0,0
39.700,6,0.000,0.000,0.000,5,5,-79.282,"-76.9 -80.3 -76.5 -81.9 -80.8","0.000 0.000 0.000 0.000 0.000",-93.966,-100.819,"-100.8 -100.8 -100.8 -100.8 -100.8 -100.8 -100.8 -100.8",25.198,774,0,1016,1669,"-8e+01 -8e+01 -8e+01 -8e+01 -8e+01","0.714 0.0941 0.49 0.0431 0.0196","22 22 22 25 22",1,1,0.01,0.00,0,0,0,0
39.800,6,0.000,0.000,0.000,5,5,-79.282,"-76.9 -80.3 -76.5 -81.9 -80.8","0.000 0.000 0.000 0.000 0.000",-93.966,-100.819,"-100.8 -100.8 -100.8 -100.8 -100.8 -100.8 -100.8 -100.8",25.298,776,0,1016,1670,"-8e+01 -8e+01 -8e+01 -8e+01 -8e+01","0.714 0.0941 0.49 0.0431 0.0196","22 22 22 25 22",1,1,0.00,0.00,0,0,0,0
39.900,6,0.000,0.000,0.000,5,5,-79.282,"-76.9 -80.3 -76.5 -81.9 -80.8","0.000 0.000 0.000 0.000 0.000",-93.966,-100.819,"-100.8 -100.8 -100.8 -100.8 -100.8 -100.8 -100.8 -100.8",25.398,778,0,1016,1674,"-8e+01 -8e+01 -8e+01 -8e+01 -8e+01","0.714 0.0941 0.49 0.0431 0.0196","22 22 22 25 22",1,1,0.02,0.00,0,0,0,0
40.000,6,0.000,0.000,0.000,5,5,-79.282,"-76.9 -80.3 -76.5 -81.9 -80.8","0.000 0.000 0.000 0.000 0.000",-93.966,-100.819,"-100.8 -100.8 -100.8 -100.8 -100.8 -100.8 -100.8 -100.8",25.498,780,0,1016,1678,"-8e+01 -8e+01 -8e+01 -8e+01 -8e+01","0.714 0.0941 0.49 0.0431 0.0196","22 22 22 25 22",1,1,0.01,0.00,0,0,0,0
40.100,6,0.000,0.000,0.000,5,5,-79.282,"-76.9 -80.3 -76.5 -81.9 -80.8","0.000 0.000 0.000 0.000 0.000",-93.966,-100.819,"-100.8 -100.8 -100.8 -100.8 -100.8 -100.8 -100.8 -100.8",25.598,782,0,1016,1682,"-8e+01 -8e+01 -8e+01 -8e+01 -8e+01","0.714 0.0941 0.49 0.0431 0.0196","22 23 22 26 22",2,2,19.49,0.00,0,0,0,0
40.200,6,0.000,0.000,0.000,5,5,-79.282,"-76.9 -80.3 -76.5 -81.9 -80.8","0.000 0.000 0.000 0.000 0.000",-93.966,-100.819,"-100.8 -100.8 -100.8 -100.8 -100.8 -100.8 -100.8 -100.8",25.698,784,0,1016,1686,"-8e+01 -8e+01 -8e+01 -8e+01 -8e+01","0.714 0.0941 0.49 0.0431 0.0196","22 23 22 26 22",1,1,0.01,0.00,0,0,0,0
40.300,6,0.000,0.000,0.000,5,5,-79.282,"-76.9 -80.3 -76.5 -81.9 -80.8","0.000 0.000 0.000 0.000 0.000",-93.966,-100.819,"-100.8 -100.8 -100.8 -100.8 -100.8 -100.8 -100.8 -100.8",25.798,786,0,1016,1692,"-8e+01 -8e+01 -8e+01 -8e+01 -8e+01","0.714 0.0941 0.49 0.0431 0.0196","22 23 22 26 22",1,1,0.00,0.00,0,0,0,0
40.400,6,0.000,0.000,0.000,5,5,-79.282,"-76.9 -80.3 -76.5 -81.9 -80.8","0.000 0.000 0.000 0.000 0.000",-93.966,-100.819,"-100.8 -100.8 -100.8 -100.8 -100.8 -100.8 -100.8 -100.8",25.898,788,0,1016,1694,"-8e+01 -8e+01 -8e+01 -8e+01 -8e+01","0.714 0.0941 0.49 0.0431 0.0196","22 23 22 26 23",1,1,0.02,0.00,0,0,0,0
40.500,6,0.000,0.000,0.000,5,5,-79.282,"-76.9 -80.3 -76.5 -81.9 -80.8","0.000 0.000 0.000 0.000 0.000",-93.966,-100.819,"-100.8 -100.8 -100.8 -100.8 -100.8 -100.8 -100.8 -100.8",25.998,790,0,1016,1698,"-8e+01 -8e+01 -8e+01 -8e+01 -8e+01","0.714 0.0941 0.49 0.0431 0.0196","23 23 23 26 23",1,1,0.01,0.00,0,0,0,0
40.600,6,0.000,0.000,0.000,5,5,-79.282,"-76.9 -80.3 -76.5 -81.9 -80.8","0.000 0.000 0.000 0.000 0.000",-93.966,-100.819,"-100.8 -100.8 -100.8 -100.8 -100.8 -100.8 -100.8 -100.8",26.098,792,0,1016,1703,"-8e+01 -8e+01 -8e+01 -8e+01 -8e+01","0.714 0.0941 0.49 0.0431 0.0196","23 23 23 26 23",1,1,0.00,0.00,0,0,0,0
40.700,6,0.000,0.000,0.000,5,5,-79.282,"-76.9 -80.3 -76.5 -81.9 -80.8","0.000 0.000 0.000 0.000 0.000",-93.966,-100.819,"-100.8 -100.8 -100.8 -100.8 -100.8 -100.8 -100.8 -100.8",26.198,794,0,1016,1707,"-8e+01 -8e+01 -8e+01 -8e+01 -8e+01","0.714 0.0941 0.49 0.0431 0.0196","23 23 23 26 23",1,1,0.02,0.00,0,0,0,0
40.800,6,0.000,0.000,0.000,5,5,-79.282,"-76.9 -80.3 -76.5 -81.9 -80.8","0.000 0.000 0.000 0.000 0.000",-93.966,-100.819,"-100.8 -100.8 -100.8 -100.8 -100.8 -100.8 -100.8 -100.8",26.298,796,0,1016,1710,"-8e+01 -8e+01 -8e+01 -8e+01 -8e+01","0.714 0.0941 0.49 0.0431 0.0196","23 23 23 26 23",1,1,0.01,0.00,0,0,0,0
40.900,6,0.000,0.000,0.000,5,5,-79.282,"-76.9 -80.3 -76.5 -81.9 -80.8","0.000 0.000 0.000 0.000 0.000",-93.966,-100.819,"-100.8 -100.8 -100.8 -100.8 -100.8 -100.8 -100.8 -100.8",26.398,798,0,1016,1713,"-8e+01 -8e+01 -8e+01 -8e+01 -8e+01","0.714 0.0941 0.49 0.0431 0.0196","23 23 23 26 23",1,1,0.01,0.00,0,0,0,0
41.000,6,0.000,0.000,0.000,5,5,-79.282,"-76.9 -80.3 -76.5 -81.9 -80.8","0.000 0.000 0.000 0.000 0.000",-93.966,-100.819,"-100.8 -100.8 -100.8 -100.8 -100.8 -100.8 -100.8 -100.8",26.498,800,0,1016,1717,"-8e+01 -8e+01 -8e+01 -8e+01 -8e+01","0.714 0.0941 0.49 0.0431 0.0196","23 23 23 26 23",1,1,0.02,0.00,0,0,0,0
41.100,6,0.000,0.000,0.000,5,5,-79.282,"-76.9 -80.3 -76.5 -81.9 -80.8","0.000 0.000 0.000 0.000 0.000",-93.966,-100.819,"-100.8 -100.8 -100.8 -100.8 -100.8 -100.8 -100.8 -100.8",26.598,802,0,1016,1721,"-8e+01 -8e+01 -8e+01 -8e+01 -8e+01","0.714 0.0941 0.49 0.0431 0.0196","23 24 23 27 23",1,1,0.01,0.00,0,0,0,0
41.200,6,0.000,0.000,0.000,5,5,-79.282,"-76.9 -80.3 -76.5 -81.9 -80.8","0.000 0.000 0.000 0.000 0.000",-93.966,-100.819,"-100.8 -100.8 -100.8 -100.8 -100.8 -100.8 -100.8 -100.8",26.698,804,0,1016,1726,"-8e+01 -8e+01 -8e+01 -8e+01 -8e+01","0.714 0.0941 0.49 0.0431 0.0196","23 24 23 27 23",1,1,0.01,0.00,0,0,0,0
41.300,6,0.000,0.000,0.000,5,5,-79.282,"-76.9 -80.3 -76.5 -81.9 -80.8","0.000 0.000 0.000 0.000 0.000",-93.966,-100.819,"-100.8 -100.8 -100.8 -100.8 -100.8 -100.8 -100.8 -100.8",26.798,806,0,1016,1731,"-8e+01 -8e+01 -8e+01 -8e+01 -8e+01","0.714 0.0941 0.49 0.0431 0.0196","23 24 23 27 23",1,1,0.00,0.00,0,0,0,0
41.400,6,0.000,0.000,0.000,5,5,-79.282,"-76.9 -80.3 -76.5 -81.9 -80.8","0.000 0.000 0.000 0.000 0.000",-93.966,-100.819,"-100.8 -100.8 -100.8 -100.8 -100.8 -100.8 -100.8 -100.8",26.898,808,0,1016,1735,"-8e+01 -8e+01 -8e+01 -8e+01 -8e+01","0.714 0.0941 0.49 0.0431 0.0196","23 24 23 27 24",1,1,0.02,0.00,0,0,0,0
41.500,6,0.000,0.000,0.000,5,5,-79.282,"-76.9 -80.3 -76.5 -81.9 -80.8","0.000 0.000 0.000 0.000 0.000",-93.966,-100.819,"-100.8 -100.8 -100.8 -100.8 -100.8 -100.8 -100.8 -100.8",26.998,810,0,1016,1739,"-8e+01 -8e+01 -8e+01 -8e+01 -8e+01","0.714 0.0941 0.49 0.0431 0.0196","24 24 24 27 24",1,1,0.01,0.00,0,0,0,0
41.600,6,0.000,0.000,0.000,5,5,-79.282,"-76.9 -80.3 -76.5 -81.9 -80.8","0.000 0.000 0.000 0.000 0.000",-93.966,-100.819,"-100.8 -100.8 -100.8 -100.8 -100.8 -100.8 -100.8 -100.8",27.098,812,0,1016,1744,"-8e+01 -8e+01 -8e+01 -8e+01 -8e+01","0.714 0.0941 0.49 0.0431 0.0196","24 24 24 27 24",1,1,0.00,0.00,0,0,0,0
41.700,6,0.000,0.000,0.000,5,5,-79.282,"-76.9 -80.3 -76.5 -81.9 -80.8","0.000 0.000 0.000 0.000 0.000",-93.966,-100.819,"-100.8 -100.8 -100.8 -100.8 -100.8 -100.8 -100.8 -100.8",27.198,814,0,1016,1749,"-8e+01 -8e+01 -8e+01 -8e+01 -8e+01","0.714 0.0941 0.49 0.0431 0.0196","24 24 24 27 24",1,1,0.02,0.00,0,0,0,0
41.800,6,0.000,0.000,0.000,5,5,-79.282,"-76.9 -80.3 -76.5 -81.9 -80.8","0.000 0.000 0.000 0.000 0.000",-93.966,-100.819,"-100.8 -100.8 -100.8 -100.8 -100.8 -100.8 -100.8 -100.8",27.298,816,0,1016,1753,"-8e+01 -8e+01 -8e+01 -8e+01 -8e+01","0.714 0.0941 0.49 0.0431 0.0196","24 24 24 27 24",1,1,0.01,0.00,0,0,0,0
41.900,6,0.000,0.000,0.000,5,5,-79.282,"-76.9 -80.3 -76.5 -81.9 -80.8","0.000 0.000 0.000 0.000 0.000",-93.966,-100.819,"-100.8 -100.8 -100.8 -100.8 -100.8 -100.8 -100.8 -100.8",27.398,818,0,1016,1756,"-8e+01 -8e+01 -8e+01 -8e+01 -8e+01","0.714 0.0941 0.49 0.0431 0.0196","24 24 24 27 24",1,1,0.01,0.00,0,0,0,0
42.000,6,0.000,0.000,0.000,5,5,-79.282,"-76.9 -80.3 -76.5 -81.9 -80.8","0.000 0.000 0.000 0.000 0.000",-93.966,-100.819,"-100.8 -100.8 -100.8 -100.8 -100.8 -100.8 -100.8 -100.8",27.498,820,0,1016,1761,"-8e+01 -8e+01 -8e+01 -8e+01 -8e+01","0.714 0.0941 0.49 0.0431 0.0196","24 24 24 27 24",1,1,0.02,0.00,0,0,0,0
42.100,6,0.000,0.000,0.000,5,5,-79.282,"-76.9 -80.3 -76.5 -81.9 -80.8","0.000 0.000 0.000 0.000 0.000",-93.966,-100.819,"-100.8 -100.8 -100.8 -100.8 -100.8 -100.8 -100.8 -100.8",27.598,822,0,1016,1764,"-8e+01 -8e+01 -8e+01 -8e+01 -8e+01","0.714 0.0941 0.49 0.0431 0.0196","24 25 24 28 24",1,1,0.01,0.00,0,0,0,0
42.200,6,0.000,0.000,0.000,5,5,-79.282,"-76.9 -80.3 -76.5 -81.9 -80.8","0.000 0.000 0.000 0.000 0.000",-93.966,-100.819,"-100.8 -100.8 -100.8 -100.8 -100.8 -100.8 -100.8 -100.8",27.698,824,0,1016,1768,"-8e+01 -8e+01 -8e+01 -8e+01 -8e+01","0.714 0.0941 0.49 0.0431 0.0196","24 25 24 28 24",1,1,0.01,0.00,0,0,0,0
42.300,6,0.000,0.000,0.000,5,5,-79.282,"-76.9 -80.3 -76.5 -81.9 -80.8","0.000 0.000 0.000 0.000 0.000",-93.966,-100.819,"-100.8 -100.8 -100.8 -100.8 -100.8 -100.8 -100.8 -100.8",27.798,826,0,1016,1774,"-8e+01 -8e+01 -8e+01 -8e+01 -8e+01","0.714 0.0941 0.49 0.0431 0.0196","24 25 24 28 24",1,1,0.00,0.00,0,0,0,0
42.400,6,0.000,0.000,0.000,5,5,-79.282,"-76.9 -80.3 -76.5 -81.9 -80.8","0.000 0.000 0.000 0.000 0.000",-93.966,-100.819,"-100.8 -100.8 -100.8 -100.8 -100.8 -100.8 -100.8 -100.8",27.898,828,0,1016,1778,"-8e+01 -8e+01 -8e+01 -8e+01 -8e+01","0.714 0.0941 0.49 0.0431 0.0196","24 25 24 28 25",2,2,17.47,0.00,0,0,0,0
42.500,6,0.000,0.000,0.000,5,5,-79.282,"-76.9 -80.3 -76.5 -81.9 -80.8","0.000 0.000 0.000 0.000 0.000",-93.966,-100.819,"-100.8 -100.8 -100.8 -100.8 -100.8 -100.8 -100.8 -100.8",27.998,830,0,1016,1781,"-8e+01 -8e+01 -8e+01 -8e+01 -8e+01","0.714 0.0941 0.49 0.0431 0.0196","25 25 25 28 25",1,1,0.02,0.00,0,0,0,0
42.600,6,0.000,0.000,0.000,5,5,-79.282,"-76.9 -80.3 -76.5 -81.9 -80.8","0.000 0.000 0.000 0.000 0.000",-93.966,-100.819,"-100.8 -100.8 -100.8 -100.8 -100.8 -100.8 -100.8 -100.8",28.098,832,0,1016,1785,"-8e+01 -8e+01 -8e+01 -8e+01 -8e+01","0.714 0.0941 0.49 0.0431 0.0196","25 25 25 28 25",1,1,0.01,0.00,0,0,0,0
42.700,6,0.000,0.000,0.000,5,5,-79.282,"-76.9 -80.3 -76.5 -81.9 -80.8","0.000 0.000 0.000 0.000 0.000",-93.966,-100.819,"-100.8 -100.8 -100.8 -100.8 -100.8 -100.8 -100.8 -100.8",28.198,834,0,1016,1788,"-8e+01 -8e+01 -8e+01 -8e+01 -8e+01","0.714 0.0941 0.49 0.0431 0.0196","25 25 25 28 25",1,1,0.01,0.00,0,0,0,0
42.800,6,0.000,0.000,0.000,5,5,-79.282,"-76.9 -80.3 -76.5 -81.9 -80.8","0.000 0.000 0.000 0.000 0.000",-93.966,-100.819,"-100.8 -100.8 -100.8 -100.8 -100.8 -100.8 -100.8 -100.8",28.298,836,0,1016,1792,"-8e+01 -8e+01 -8e+01 -8e+01 -8e+01","0.714 0.0941 0.49 0.0431 0.0196","25 25 25 28 25",1,1,0.00,0.00,0,0,0,0
42.900,6,0.000,0.000,0.000,5,5,-79.282,"-76.9 -80.3 -76.5 -81.9 -80.8","0.000 0.000 0.000 0.000 0.000",-93.966,-100.819,"-100.8 -100.8 -100.8 -100.8 -100.8 -100.8 -100.8 -100.8",28.398,838,0,1016,1795,"-8e+01 -8e+01 -8e+01 -8e+01 -8e+01","0.714 0.0941 0.49 0.0431 0.0196","25 25 25 28 25",1,1,0.02,0.00,0,0,0,0
43.000,6,0.000,0.000,0.000,5,5,-79.282,"-76.9 -80.3 -76.5 -81.9 -80.8","0.000 0.000 0.000 0.000 0.000",-93.966,-100.819,"-100.8 -100.8 -100.8 -100.8 -100.8 -100.8 -100.8 -100.8",28.498,840,0,1016,1800,"-8e+01 -8e+01 -8e+01 -8e+01 -8e+01","0.714 0.0941 0.49 0.0431 0.0196","25 25 25 28 25",1,1,0.01,0.00,0,0,0,0
43.100,6,0.000,0.000,0.000,5,5,-79.282,"-76.9 -80.3 -76.5 -81.9 -80.8","0.000 0.000 0.000 0.000 0.000",-93.966,-100.819,"-100.8 -100.8 -100.8 -100.8 -100.8 -100.8 -100.8 -100.8",28.598,842,0,1016,1804,"-8e+01 -8e+01 -8e+01 -8e+01 -8e+01","0.714 0.0941 0.49 0.0431 0.0196","25 26 25 29 25",1,1,0.00,0.00,0,0,0,0
43.200,6,0.000,0.000,0.000,5,5,-79.282,"-76.9 -80.3 -76.5 -81.9 -80.8","0.000 0.000 0.000 0.000 0.000",-93.966,-100.819,"-100.8 -100.8 -100.8 -100.8 -100.8 -100.8 -100.8 -100.8",28.698,844,0,1016,1809,"-8e+01 -8e+01 -8e+01 -8e+01 -8e+01","0.714 0.0941 0.49 0.0431 0.0196","25 26 25 29 25",1,1,0.02,0.00,0,0,0,0
43.300,6,0.000,0.000,0.000,5,5,-79.282,"-76.9 -80.3 -76.5 -81.9 -80.8","0.000 0.000 0.000 0.000 0.000",-93.966,-100.819,"-100.8 -100.8 -100.8 -100.8 -100.8 -100.8 -100.8 -100.8",28.798,846,0,1016,1812,"-8e+01 -8e+01 -8e+01 -8e+01 -8e+01","0.714 0.0941 0.49 0.0431 0.0196","25 26 25 29 25",1,1,0.01,0.00,0,0,0,0
43.400,6,0.000,0.000,0.000,5,5,-79.282,"-76.9 -80.3 -76.5 -81.9 -80.8","0.000 0.000 0.000 0.000 0.000",-93.966,-100.819,"-100.8 -100.8 -100.8 -100.8 -100.8 -100.8 -100.8 -100.8",28.898,848,0,1016,1816,"-8e+01 -8e+01 -8e+01 -8e+01 -8e+01","0.714 0.0941 0.49 0.0431 0.0196","25 26 25 29 26",1,1,0.01,0.00,0,0,0,0
43.500,6,0.000,0.000,0.000,5,5,-79.282,"-76.9 -80.3 -76.5 -81.9 -80.8","0.000 0.000 0.000 0.000 0.000",-93.966,-100.819,"-100.8 -100.8 -100.8 -100.8 -100.8 -100.8 -100.8 -100.8",28.998,850,0,1016,1819,"-8e+01 -8e+01 -8e+01 -8e+01 -8e+01","0.714 0.0941 0.49 0.0431 0.0196","26 26 26 29 26",1,1,0.02,0.00,0,0,0,0
43.600,6,0.000,0.000,0.000,5,5,-79.282,"-76.9 -80.3 -76.5 -81.9 -80.8","0.000 0.000 0.000 0.000 0.000",-93.966,-100.819,"-100.8 -100.8 -100.8 -100.8 -100.8 -100.8 -100.8 -100.8",29.098,852,0,1016,1823,"-8e+01 -8e+01 -8e+01 -8e+01 -8e+01","0.714 0.0941 0.49 0.0431 0.0196","26 26 26 29 26",1,1,0.01,0.00,0,0,0,0
43.700,6,0.000,0.000,0.000,5,5,-79.282,"-76.9 -80.3 -76.5 -81.9 -80.8","0.000 0.000 0.000 0.000 0.000",-93.966,-100.819,"-100.8 -100.8 -100.8 -100.8 -100.8 -100.8 -100.8 -100.8",29.198,854,0,1016,1827,"-8e+01 -8e+01 -8e+01 -8e+01 -8e+01","0.714 0.0941 0.49 0.0431 0.0196","26 26 26 29 26",1,1,0.01,0.00,0,0,0,0
43.800,6,0.000,0.000,0.000,5,5,-79.282,"-76.9 -80.3 -76.5 -81.9 -80.8","0.000 0.000 0.000 0.000 0.000",-93.966,-100.819,"-100.8 -100.8 -100.8 -100.8 -100.8 -100.8 -100.8 -100.8",29.298,856,0,1016,1830,"-8e+01 -8e+01 -8e+01 -8e+01 -8e+01","0.714 0.0941 0.49 0.0431 0.0196","26 26 26 29 26",1,1,0.00,0.00,0,0,0,0
43.900,6,0.000,0.000,0.000,5,5,-79.282,"-76.9 -80.3 -76.5 -81.9 -80.8","0.000 0.000 0.000 0.000 0.000",-93.966,-100.819,"-100.8 -100.8 -100.8 -100.8 -100.8 -100.8 -100.8 -100.8",29.398,858,0,1016,1834,"-8e+01 -8e+01 -8e+01 -8e+01 -8e+01","0.714 0.0941 0.49 0.0431 0.0196","26 26 26 29 26",1,1,0.02,0.00,0,0,0,0
44.000,6,0.000,0.000,0.000,5,5,-79.282,"-76.9 -80.3 -76.5 -81.9 -80.8","0.000 0.000 0.000 0.000 0.000",-93.966,-100.819,"-100.8 -100.8 -100.8 -100.8 -100.8 -100.8 -100.8 -100.8",29.498,860,0,1016,1838,"-8e+01 -8e+01 -8e+01 -8e+01 -8e+01","0.714 0.0941 0.49 0.0431 0.0196","26 26 26 29 26",1,1,0.01,0.00,0,0,0,0
44.100,6,0.000,0.000,0.000,5,5,-79.282,"-76.9 -80.3 -76.5 -81.9 -80.8","0.000 0.000 0.000 0.000 0.000",-93.966,-100.819,"-100.8 -100.8 -100.8 -100.8 -100.8 -100.8 -100.8 -100.8",29.598,862,0,1016,1843,"-8e+01 -8e+01 -8e+01 -8e+01 -8e+01","0.714 0.0941 0.49 0.0431 0.0196","26 27 26 30 26",1,1,0.00,0.00,0,0,0,0
44.200,6,0.000,0.000,0.000,5,5,-79.282,"-76.9 -80.3 -76.5 -81.9 -80.8","0.000 0.000 0.000 0.000 0.000",-93.966,-100.819,"-100.8 -100.8 -100.8 -100.8 -100.8 -100.8 -100.8 -100.8",29.698,864,0,1016,1847,"-8e+01 -8e+01 -8e+01 -8e+01 -8e+01","0.714 0.0941 0.49 0.0431 0.0196","26 27 26 30 26",2,2,3.51,0.00,0,0,0,0
44.300,6,0.000,0.000,0.000,5,5,-79.282,"-76.9 -80.3 -76.5 -81.9 -80.8","0.000 0.000 0.000 0.000 0.000",-93.966,-100.819,"-100.8 -100.8 -100.8 -100.8 -100.8 -100.8 -100.8 -100.8",29.798,866,0,1016,1852,"-8e+01 -8e+01 -8e+01 -8e+01 -8e+01","0.714 0.0941 0.49 0.0431 0.0196","26 27 26 30 26",1,1,0.00,0.00,0,0,0,0
44.400,6,0.000,0.000,0.000,5,5,-79.282,"-76.9 -80.3 -76.5 -81.9 -80.8","0.000 0.000 0.000 0.000 0.000",-93.966,-100.819,"-100.8 -100.8 -100.8 -100.8 -100.8 -100.8 -100.8 -100.8",29.898,868,0,1016,1857,"-8e+01 -8e+01 -8e+01 -8e+01 -8e+01","0.714 0.0941 0.49 0.0431 0.0196","26 27 26 30 27",1,1,0.02,0.00,0,0,0,0
44.500,6,0.000,0.000,0.000,5,5,-79.282,"-76.9 -80.3 -76.5 -81.9 -80.8","0.000 0.000 0.000 0.000 0.000",-93.966,-100.819,"-100.8 -100.8 -100.8 -100.8 -100.8 -100.8 -100.8 -100.8",29.998,870,0,1016,1860,"-8e+01 -8e+01 -8e+01 -8e+01 -8e+01","0.714 0.0941 0.49 0.0431 0.0196","27 27 27 30 27",1,1,0.01,0.00,0,0,0,0
44.600,6,0.000,0.000,0.000,5,5,-79.282,"-76.9 -80.3 -76.5 -81.9 -80.8","0.000 0.000 0.000 0.000 0.000",-93.966,-100.819,"-100.8 -100.8 -100.8 -100.8 -100.8 -100.8 -100.8 -100.8",30.098,872,0,1016,1863,"-8e+01 -8e+01 -8e+01 -8e+01 -8e+01","0.714 0.0941 0.49 0.0431 0.0196","27 27 27 30 27",1,1,0.00,0.00,0,0,0,0
44.700,6,0.000,0.000,0.000,5,5,-79.282,"-76.9 -80.3 -76.5 -81.9 -80.8","0.000 0.000 0.000 0.000 0.000",-93.966,-100.819,"-100.8 -100.8 -100.8 -100.8 -100.8 -100.8 -100.8 -100.8",30.198,874,0,1016,1865,"-8e+01 -8e+01 -8e+01 -8e+01 -8e+01","0.714 0.0941 0.49 0.0431 0.0196","27 27 27 30 27",1,1,0.02,0.00,0,0,0,0
44.800,6,0.000,0.000,0.000,5,5,-79.282,"-76.9 -80.3 -76.5 -81.9 -80.8","0.000 0.000 0.000 0.000 0.000",-93.966,-100.819,"-100.8 -100.8 -100.8 -100.8 -100.8 -100.8 -100.8 -100.8",30.298,876,0,1016,1870,"-8e+01 -8e+01 -8e+01 -8e+01 -8e+01","0.714 0.0941 0.49 0.0431 0.0196","27 27 27 30 27",1,1,0.01,0.00,0,0,0,0
44.900,6,0.000,0.000,0.000,5,5,-79.282,"-76.9 -80.3 -76.5 -81.9 -80.8","0.000 0.000 0.000 0.000 0.000",-93.966,-100.819,"-100.8 -100.8 -100.8 -100.8 -100.8 -100.8 -100.8 -100.8",30.398,878,0,1016,1874,"-8e+01 -8e+01 -8e+01 -8e+01 -8e+01","0.714 0.0941 0.49 0.0431 0.0196","27 27 27 30 27",1,1,0.01,0.00,0,0,0,0
45.000,6,0.000,0.000,0.000,5,5,-79.282,"-76.9 -80.3 -76.5 -81.9 -80.8","0.000 0.000 0.000 0.000 0.000",-93.966,-100.819,"-100.8 -100.8 -100.8 -100.8 -100.8 -100.8 -100.8 -100.8",30.498,880,0,1016,1879,"-8e+01 -8e+01 -8e+01 -8e+01 -8e+01","0.714 0.0941 0.49 0.0431 0.0196","27 27 27 30 27",1,1,0.02,0.00,0,0,0,0
45.100,6,0.000,0.000,0.000,5,5,-79.282,"-76.9 -80.3 -76.5 -81.9 -80.8","0.000 0.000 0.000 0.000 0.000",-93.966,-100.819,"-100.8 -100.8 -100.8 -100.8 -100.8 -100.8 -100.8 -100.8",30.598,882,0,1016,1883,"-8e+01 -8e+01 -8e+01 -8e+01 -8e+01","0.714 0.0941 0.49 0.0431 0.0196","27 28 27 31 27",1,1,0.01,0.00,0,0,0,0
45.200,6,0.000,0.000,0.000,5,5,-79.282,"-76.9 -80.3 -76.5 -81.9 -80.8","0.000 0.000 0.000 0.000 0.000",-93.966,-100.819,"-100.8 -100.8 -100.8 -100.8 -100.8 -100.8 -100.8 -100.8",30.698,884,0,1016,1887,"-8e+01 -8e+01 -8e+01 -8e+01 -8e+01","0.714 0.0941 0.49 0.0431 0.0196","27 28 27 31 27",1,1,0.01,0.00,0,0,0,0
45.300,6,0.000,0.000,0.000,5,5,-79.282,"-76.9 -80.3 -76.5 -81.9 -80.8","0.000 0.000 0.000 0.000 0.000",-93.966,-100.819,"-100.8 -100.8 -100.8 -100.8 -100.8 -100.8 -100.8 -100.8",30.798,886,0,1016,1891,"-8e+01 -8e+01 -8e+01 -8e+01 -8e+01","0.714 0.0941 0.49 0.0431 0.0196","27 28 27 31 27",1,1,0.00,0.00,0,0,0,0
45.400,6,0.000,0.000,0.000,5,5,-79.282,"-76.9 -80.3 -76.5 -81.9 -80.8","0.000 0.000 0.000 0.000 0.000",-93.966,-100.819,"-100.8 -100.8 -100.8 -100.8 -100.8 -100.8 -100.8 -100.8",30.898,888,0,1016,1894,"-8e+01 -8e+01 -8e+01 -8e+01 -8e+01","0.714 0.0941 0.49 0.0431 0.0196","27 28 27 31 28",1,1,0.02,0.00,0,0,0,0
45.500,6,0.000,0.000,0.000,5,5,-79.282,"-76.9 -80.3 -76.5 -81.9 -80.8","0.000 0.000 0.000 0.000 0.000",-93.966,-100.819,"-100.8 -100.8 -100.8 -100.8 -100.8 -100.8 -100.8 -100.8",30.998,890,0,1016,1898,"-8e+01 -8e+01 -8e+01 -8e+01 -8e+01","0.714 0.0941 0.49 0.0431 0.0196","28 28 28 31 28",1,1,0.01,0.00,0,0,0,0
45.600,6,0.000,0.000,0.000,5,5,-79.282,"-76.9 -80.3 -76.5 -81.9 -80.8","0.000 0.000 0.000 0.000 0.000",-93.966,-100.819,"-100.8 -100.8 -100.8 -100.8 -100.8 -100.8 -100.8 -100.8",31.098,892,0,1016,1901,"-8e+01 -8e+01 -8e+01 -8e+01 -8e+01","0.714 0.0941 0.49 0.0431 0.0196","28 28 28 31 28",1,1,0.00,0.00,0,0,0,0
45.700,6,0.000,0.000,0.000,5,5,-79.282,"-76.9 -80.3 -76.5 -81.9 -80.8","0.000 0.000 0.000 0.000 0.000",-93.966,-100.819,"-100.8 -100.8 -100.8 -100.8 -100.8 -100.8 -100.8 -100.8",31.198,894,0,1016,1905,"-8e+01 -8e+01 -8e+01 -8e+01 -8e+01","0.714 0.0941 0.49 0.0431 0.0196","28 28 28 31 28",1,1,0.02,0.00,0,0,0,0
45.800,6,0.000,0.000,0.000,5,5,-79.282,"-76.9 -80.3 -76.5 -81.9 -80.8","0.000 0.000 0.000 0.000 0.000",-93.966,-100.819,"-100.8 -100.8 -100.8 -100.8 -100.8 -100.8 -100.8 -100.8",31.298,896,0,1016,1907,"-8e+01 -8e+01 -8e+01 -8e+01 -8e+01","0.714 0.0941 0.49 0.0431 0.0196","28 28 28 31 28",1,1,0.01,0.00,0,0,0,0
45.900,6,0.000,0.000,0.000,5,5,-79.282,"-76.9 -80.3 -76.5 -81.9 -80.8","0.000 0.000 0.000 0.000 0.000",-93.966,-100.819,"-100.8 -100.8 -100.8 -100.8 -100.8 -100.8 -100.8 -100.8",31.398,898,0,1016,1910,"-8e+01 -8e+01 -8e+01 -8e+01 -8e+01","0.714 0.0941 0.49 0.0431 0.0196","28 28 28 31 28",1,1,0.01,0.00,0,0,0,0
46.000,6,0.000,0.000,0.000,5,5,-79.282,"-76.9 -80.3 -76.5 -81.9 -80.8","0.000 0.000 0.000 0.000 0.000",-93.966,-100.819,"-100.8 -100.8 -100.8 -100.8 -100.8 -100.8 -100.8 -100.8",31.498,900,0,1016,1912,"-8e+01 -8e+01 -8e+01 -8e+01 -8e+01","0.714 0.0941 0.49 0.0431 0.0196","28 28 28 31 28",1,1,0.02,0.00,0,0,0,0
46.100,6,0.000,0.000,0.000,5,5,-79.282,"-76.9 -80.3 -76.5 -81.9 -80.8","0.000 0.000 0.000 0.000 0.000",-93.966,-100.819,"-100.8 -100.8 -100.8 -100.8 -100.8 -100.8 -100.8 -100.8",31.598,902,0,1016,1915,"-8e+01 -8e+01 -8e+01 -8e+01 -8e+01","0.714 0.0941 0.49 0.0431 0.0196","28 29 28 32 28",1,1,0.01,0.00,0,0,0,0
46.200,6,0.000,0.000,0.000,5,5,-79.282,"-76.9 -80.3 -76.5 -81.9 -80.8","0.000 0.000 0.000 0.000 0.000",-93.966,-100.819,"-100.8 -100.8 -100.8 -100.8 -100.8 -100.8 -100.8 -100.8",31.698,904,0,1016,1919,"-8e+01 -8e+01 -8e+01 -8e+01 -8e+01","0.714 0.0941 0.49 0.0431 0.0196","28 29 28 32 28",1,1,0.01,0.00,0,0,0,0
46.300,6,0.000,0.000,0.000,5,5,-79.282,"-76.9 -80.3 -76.5 -81.9 -80.8","0.000 0.000 0.000 0.000 0.000",-93.966,-100.819,"-100.8 -100.8 -100.8 -100.8 -100.8 -100.8 -100.8 -100.8",31.798,906,0,1016,1924,"-8e+01 -8e+01 -8e+01 -8e+01 -8e+01","0.714 0.0941 0.49 0.0431 0.0196","28 29 28 32 28",1,1,0.00,0.00,0,0,0,0
46.400,6,0.000,0.000,0.000,5,5,-79.282,"-76.9 -80.3 -76.5 -81.9 -80.8","0.000 0.000 0.000 0.000 0.000",-93.966,-100.819,"-100.8 -100.8 -100.8 -100.8 -100.8 -100.8 -100.8 -100.8",31.898,908,0,1016,1929,"-8e+01 -8e+01 -8e+01 -8e+01 -8e+01","0.714 0.0941 0.49 0.0431 0.0196","28 29 28 32 29",2,2,0.02,0.00,0,0,0,0
46.500,6,0.000,0.000,0.000,5,5,-79.282,"-76.9 -80.3 -76.5 -81.9 -80.8","0.000 0.000 0.000 0.000 0.000",-93.966,-100.819,"-100.8 -100.8 -100.8 -100.8 -100.8 -100.8 -100.8 -100.8",31.998,910,0,1016,1935,"-8e+01 -8e+01 -8e+01 -8e+01 -8e+01","0.714 0.0941 0.49 0.0431 0.0196","29 29 29 32 29",1,1,0.02,0.00,0,0,0,0
46.600,6,0.000,0.000,0.000,5,5,-79.282,"-76.9 -80.3 -76.5 -81.9 -80.8","0.000 0.000 0.000 0.000 0.000",-93.966,-100.819,"-100.8 -100.8 -100.8 -100.8 -100.8 -100.8 -100.8 -100.8",32.098,912,0,1016,1939,"-8e+01 -8e+01 -8e+01 -8e+01 -8e+01","0.714 0.0941 0.49 0.0431 0.0196","29 29 29 32 29",1,1,0.01,0.00,0,0,0,0
46.700,6,0.000,0.000,0.000,5,5,-79.282,"-76.9 -80.3 -76.5 -81.9 -80.8","0.000 0.000 0.000 0.000 0.000",-93.966,-100.819,"-100.8 -100.8 -100.8 -100.8 -100.8 -100.8 -100.8 -100.8",32.198,914,0,1016,1943,"-8e+01 -8e+01 -8e+01 -8e+01 -8e+01","0.714 0.0941 0.49 0.0431 0.0196","29 29 29 32 29",1,1,0.01,0.00,0,0,0,0
46.800,6,0.000,0.000,0.000,5,5,-79.282,"-76.9 -80.3 -76.5 -81.9 -80.8","0.000 0.000 0.000 0.000 0.000",-93.966,-100.819,"-100.8 -100.8 -100.8 -100.8 -100.8 -100.8 -100.8 -100.8",32.298,916,0,1016,1947,"-8e+01 -8e+01 -8e+01 -8e+01 -8e+01","0.714 0.0941 0.49 0.0431 0.0196","29 29 29 32 29",1,1,0.00,0.00,0,0,0,0
46.900,6,0.000,0.000,0.000,5,5,-79.282,"-76.9 -80.3 -76.5 -81.9 -80.8","0.000 0.000 0.000 0.000 0.000",-93.966,-100.819,"-100.8 -100.8 -100.8 -100.8 -100.8 -100.8 -100.8 -100.8",32.398,918,0,1016,1949,"-8e+01 -8e+01 -8e+01 -8e+01 -8e+01","0.714 0.0941 0.49 0.0431 0.0196","29 29 29 32 29",1,1,0.02,0.00,0,0,0,0
47.000,6,0.000,0.000,0.000,5,5,-79.282,"-76.9 -80.3 -76.5 -81.9 -80.8","0.000 0.000 0.000 0.000 0.000",-93.966,-100.819,"-100.8 -100.8 -100.8 -100.8 -100.8 -100.8 -100.8 -100.8",32.498,920,0,1016,1953,"-8e+01 -8e+01 -8e+01 -8e+01 -8e+01","0.714 0.0941 0.49 0.0431 0.0196","29 29 29 32 29",1,1,0.01,0.00,0,0,0,0
47.100,6,0.000,0.000,0.000,5,5,-79.282,"-76.9 -80.3 -76.5 -81.9 -80.8","0.000 0.000 0.000 0.000 0.000",-93.966,-100.819,"-100.8 -100.8 -100.8 -100.8 -100.8 -100.8 -100.8 -100.8",32.598,922,0,1016,1956,"-8e+01 -8e+01 -8e+01 -8e+01 -8e+01","0.714 0.0941 0.49 0.0431 0.0196","29 30 29 33 29",1,1,0.00,0.00,0,0,0,0
47.200,6,0.000,0.000,0.000,5,5,-79.282,"-76.9 -80.3 -76.5 -81.9 -80.8","0.000 0.000 0.000 0.000 0.000",-93.966,-100.819,"-100.8 -100.8 -100.8 -100.8 -100.8 -100.8 -100.8 -100.8",32.698,924,0,1016,1959,"-8e+01 -8e+01 -8e+01 -8e+01 -8e+01","0.714 0.0941 0.49 0.0431 0.0196","29 30 29 33 29",1,1,0.02,0.00,0,0,0,0
47.300,6,0.000,0.000,0.000,5,5,-79.282,"-76.9 -80.3 -76.5 -81.9 -80.8","0.000 0.000 0.000 0.000 0.000",-93.966,-100.819,"-100.8 -100.8 -100.8 -100.8 -100.8 -100.8 -100.8 -100.8",32.798,926,0,1016,1962,"-8e+01 -8e+01 -8e+01 -8e+01 -8e+01","0.714 0.0941 0.49 0.0431 0.0196","29 30 29 33 29",1,1,0.01,0.00,0,0,0,0
47.400,6,0.000,0.000,0.000,5,5,-79.282,"-76.9 -80.3 -76.5 -81.9 -80.8","0.000 0.000 0.000 0.000 0.000",-93.966,-100.819,"-100.8 -100.8 -100.8 -100.8 -100.8 -100.8 -100.8 -100.8",32.898,928,0,1016,1964,"-8e+01 -8e+01 -8e+01 -8e+01 -8e+01","0.714 0.0941 0.49 0.0431 0.0196","29 30 29 33 30",1,1,0.01,0.00,0,0,0,0
47.500,6,0.000,0.000,0.000,5,5,-79.282,"-76.9 -80.3 -76.5 -81.9 -80.8","0.000 0.000 0.000 0.000 0.000",-93.966,-100.819,"-100.8 -100.8 -100.8 -100.8 -100.8 -100.8 -100.8 -100.8",32.998,930,0,1016,1967,"-8e+01 -8e+01 -8e+01 -8e+01 -8e+01","0.714 0.0941 0.49 0.0431 0.0196","30 30 30 33 30",1,1,0.02,0.00,0,0,0,0
47.600,6,0.000,0.000,0.000,5,5,-79.282,"-76.9 -80.3 -76.5 -81.9 -80.8","0.000 0.000 0.000 0.000 0.000",-93.966,-100.819,"-100.8 -100.8 -100.8 -100.8 -100.8 -100.8 -100.8 -100.8",33.098,932,0,1016,1971,"-8e+01 -8e+01 -8e+01 -8e+01 -8e+01","0.714 0.0941 0.49 0.0431 0.0196","30 30 30 33 30",1,1,0.01,0.00,0,0,0,0
47.700,6,0.000,0.000,0.000,5,5,-79.282,"-76.9 -80.3 -76.5 -81.9 -80.8","0.000 0.000 0.000 0.000 0.000",-93.966,-100.819,"-100.8 -100.8 -100.8 -100.8 -100.8 -100.8 -100.8 -100.8",33.198,934,0,1016,1975,"-8e+01 -8e+01 -8e+01 -8e+01 -8e+01","0.714 0.0941 0.49 0.0431 0.0196","30 30 30 33 30",1,1,0.01,0.00,0,0,0,0
47.800,6,0.000,0.000,0.000,5,5,-79.282,"-76.9 -80.3 -76.5 -81.9 -80.8","0.000 0.000 0.000 0.000 0.000",-93.966,-100.819,"-100.8 -100.8 -100.8 -100.8 -100.8 -100.8 -100.8 -100.8",33.298,936,0,1016,1978,"-8e+01 -8e+01 -8e+01 -8e+01 -8e+01","0.714 0.0941 0.49 0.0431 0.0196","30 30 30 33 30",1,1,0.00,0.00,0,0,0,0
47.900,6,0.000,0.000,0.000,5,5,-79.282,"-76.9 -80.3 -76.5 -81.9 -80.8","0.000 0.000 0.000 0.000 0.000",-93.966,-100.819,"-100.8 -100.8 -100.8 -100.8 -100.8 -100.8 -100.8 -100.8",33.398,938,0,1016,1982,"-8e+01 -8e+01 -8e+01 -8e+01 -8e+01","0.714 0.0941 0.49 0.0431 0.0196","30 30 30 33 30",1,1,0.02,0.00,0,0,0,0
48.000,6,0.000,0.000,0.000,5,5,-79.282,"-76.9 -80.3 -76.5 -81.9 -80.8","0.000 0.000 0.000 0.000 0.000",-93.966,-100.819,"-100.8 -100.8 -100.8 -100.8 -100.8 -100.8 -100.8 -100.8",33.498,940,0,1016,1986,"-8e+01 -8e+01 -8e+01 -8e+01 -8e+01","0.714 0.0941 0.49 0.0431 0.0196","30 30 30 33 30",1,1,0.01,0.00,0,0,0,0
48.100,6,0.000,0.000,0.000,5,5,-79.282,"-76.9 -80.3 -76.5 -81.9 -80.8","0.000 0.000 0.000 0.000 0.000",-93.966,-100.819,"-100.8 -100.8 -100.8 -100.8 -100.8 -100.8 -100.8 -100.8",33.598,942,0,1016,1990,"-8e+01 -8e+01 -8e+01 -8e+01 -8e+01","0.714 0.0941 0.49 0.0431 0.0196","30 31 30 34 30",1,1,0.00,0.00,0,0,0,0
48.200,6,0.000,0.000,0.000,5,5,-79.282,"-76.9 -80.3 -76.5 -81.9 -80.8","0.000 0.000 0.000 0.000 0.000",-93.966,-100.819,"-100.8 -100.8 -100.8 -100.8 -100.8 -100.8 -100.8 -100.8",33.698,944,0,1016,1997,"-8e+01 -8e+01 -8e+01 -8e+01 -8e+01","0.714 0.0941 0.49 0.0431 0.0196","30 31 30 34 30",1,1,0.02,0.00,0,0,0,0
48.300,6,0.000,0.000,0.000,5,5,-79.282,"-76.9 -80.3 -76.5 -81.9 -80.8","0.000 0.000 0.000 0.000 0.000",-93.966,-100.819,"-100.8 -100.8 -100.8 -100.8 -100.8 -100.8 -100.8 -100.8",33.798,946,0,1016,2002,"-8e+01 -8e+01 -8e+01 -8e+01 -8e+01","0.714 0.0941 0.49 0.0431 0.0196","30 31 30 34 30",1,1,0.01,0.00,0,0,0,0
48.400,6,0.000,0.000,0.000,5,5,-79.282,"-76.9 -80.3 -76.5 -81.9 -80.8","0.000 0.000 0.000 0.000 0.000",-93.966,-100.820,"-100.8 -100.8 -100.8 -100.8 -100.8 -100.8 -100.8 -100.8",33.898,948,0,1016,2006,"-8e+01 -8e+01 -8e+01 -8e+01 -8e+01","0.714 0.0941 0.49 0.0431 0.0196","30 31 30 34 31",1,1,0.01,0.00,0,0,0,0
48.500,6,0.000,0.000,0.000,5,5,-79.282,"-76.9 -80.3 -76.5 -81.9 -80.8","0.000 0.000 0.000 0.000 0.000",-93.966,-100.820,"-100.8 -100.8 -100.8 -100.8 -100.8 -100.8 -100.8 -100.8",33.998,950,0,1016,2011,"-8e+01 -8e+01 -8e+01 -8e+01 -8e+01","0.714 0.0941 0.49 0.0431 0.0196","31 31 31 34 31",2,2,19.83,0.00,0,0,0,0
48.600,6,0.000,0.000,0.000,5,5,-79.282,"-76.9 -80.3 -76.5 -81.9 -80.8","0.000 0.000 0.000 0.000 0.000",-93.966,-100.819,"-100.8 -100.8 -100.8 -100.8 -100.8 -100.8 -100.8 -100.8",34.098,952,0,1016,2015,"-8e+01 -8e+01 -8e+01 -8e+01 -8e+01","0.714 0.0941 0.49 0.0431 0.0196","31 31 31 34 31",1,1,0.00,0.00,0,0,0,0
48.700,6,0.000,0.000,0.000,5,5,-79.282,"-76.9 -80.3 -76.5 -81.9 -80.8","0.000 0.000 0.000 0.000 0.000",-93.966,-100.819,"-100.8 -100.8 -100.8 -100.8 -100.8 -100.8 -100.8 -100.8",34.198,954,0,1016,2019,"-8e+01 -8e+01 -8e+01 -8e+01 -8e+01","0.714 0.0941 0.49 0.0431 0.0196","31 31 31 34 31",1,1,0.02,0.00,0,0,0,0
48.800,6,0.000,0.000,0.000,5,5,-79.282,"-76.9 -80.3 -76.5 -81.9 -80.8","0.000 0.000 0.000 0.000 0.000",-93.966,-100.819,"-100.8 -100.8 -100.8 -100.8 -100.8 -100.8 -100.8 -100.8",34.298,956,0,1016,2022,"-8e+01 -8e+01 -8e+01 -8e+01 -8e+01","0.714 0.0941 0.49 0.0431 0.0196","31 31 31 34 31",1,1,0.01,0.00,0,0,0,0
48.900,6,0.000,0.000,0.000,5,5,-79.282,"-76.9 -80.3 -76.5 -81.9 -80.8","0.000 0.000 0.000 0.000 0.000",-93.966,-100.819,"-100.8 -100.8 -100.8 -100.8 -100.8 -100.8 -100.8 -100.8",34.398,958,0,1016,2026,"-8e+01 -8e+01 -8e+01 -8e+01 -8e+01","0.714 0.0941 0.49 0.0431 0.0196","31 31 31 34 31",1,1,0.01,0.00,0,0,0,0
49.000,6,0.000,0.000,0.000,5,5,-79.282,"-76.9 -80.3 -76.5 -81.9 -80.8","0.000 0.000 0.000 0.000 0.000",-93.966,-100.819,"-100.8 -100.8 -100.8 -100.8 -100.8 -100.8 -100.8 -100.8",34.498,960,0,1016,2029,"-8e+01 -8e+01 -8e+01 -8e+01 -8e+01","0.714 0.0941 0.49 0.0431 0.0196","31 31 31 34 31",1,1,0.02,0.00,0,0,0,0
49.100,6,0.000,0.000,0.000,5,5,-79.282,"-76.9 -80.3 -76.5 -81.9 -80.8","0.000 0.000 0.000 0.000 0.000",-93.966,-100.819,"-100.8 -100.8 -100.8 -100.8 -100.8 -100.8 -100.8 -100.8",34.598,962,0,1016,2034,"-8e+01 -8e+01 -8e+01 -8e+01 -8e+01","0.714 0.0941 0.49 0.0431 0.0196","31 32 31 35 31",1,1,0.01,0.00,0,0,0,0
49.200,6,0.000,0.000,0.000,5,5,-79.282,"-76.9 -80.3 -76.5 -81.9 -80.8","0.000 0.000 0.000 0.000 0.000",-93.966,-100.819,"-100.8 -100.8 -100.8 -100.8 -100.8 -100.8 -100.8 -100.8",34.698,964,0,1016,2038,"-8e+01 -8e+01 -8e+01 -8e+01 -8e+01","0.714 0.0941 0.49 0.0431 0.0196","31 32 31 35 31",1,1,0.01,0.00,0,0,0,0
49.300,6,0.000,0.000,0.000,5,5,-79.282,"-76.9 -80.3 -76.5 -81.9 -80.8","0.000 0.000 0.000 0.000 0.000",-93.966,-100.820,"-100.8 -100.8 -100.8 -100.8 -100.8 -100.8 -100.8 -100.8",34.798,966,0,1016,2043,"-8e+01 -8e+01 -8e+01 -8e+01 -8e+01","0.714 0.0941 0.49 0.0431 0.0196","31 32 31 35 31",1,1,0.00,0.00,0,0,0,0
49.400,6,0.000,0.000,0.000,5,5,-79.282,"-76.9 -80.3 -76.5 -81.9 -80.8","0.000 0.000 0.000 0.000 0.000",-93.966,-100.820,"-100.8 -100.8 -100.8 -100.8 -100.8 -100.8 -100.8 -100.8",34.898,968,0,1016,2048,"-8e+01 -8e+01 -8e+01 -8e+01 -8e+01","0.714 0.0941 0.49 0.0431 0.0196","31 32 31 35 32",1,1,0.02,0.00,0,0,0,0
49.500,6,0.000,0.000,0.000,5,5,-79.282,"-76.9 -80.3 -76.5 -81.9 -80.8","0.000 0.000 0.000 0.000 0.000",-93.966,-100.820,"-100.8 -100.8 -100.8 -100.8 -100.8 -100.8 -100.8 -100.8",34.998,970,0,1016,2052,"-8e+01 -8e+01 -8e+01 -8e+01 -8e+01","0.714 0.0941 0.49 0.0431 0.0196","32 32 32 35 32",1,1,0.01,0.00,0,0,0,0
49.600,6,0.000,0.000,0.000,5,5,-79.282,"-76.9 -80.3 -76.5 -81.9 -80.8","0.000 0.000 0.000 0.000 0.000",-93.966,-100.820,"-100.8 -100.8 -100.8 -100.8 -100.8 -100.8 -100.8 -100.8",35.098,972,0,1016,2055,"-8e+01 -8e+01 -8e+01 -8e+01 -8e+01","0.714 0.0941 0.49 0.0431 0.0196","32 32 32 35 32",1,1,0.00,0.00,0,0,0,0
49.700,6,0.000,0.000,0.000,5,5,-79.282,"-76.9 -80.3 -76.5 -81.9 -80.8","0.000 0.000 0.000 0.000 0.000",-93.966,-100.820,"-100.8 -100.8 -100.8 -100.8 -100.8 -100.8 -100.8 -100.8",35.198,974,0,1016,2059,"-8e+01 -8e+01 -8e+01 -8e+01 -8e+01","0.714 0.0941 0.49 0.0431 0.0196","32 32 32 35 32",1,1,0.02,0.00,0,0,0,0
49.800,6,0.000,0.000,0.000,5,5,-79.282,"-76.9 -80.3 -76.5 -81.9 -80.8","0.000 0.000 0.000 0.000 0.000",-93.966,-100.820,"-100.8 -100.8 -100.8 -100.8 -100.8 -100.8 -100.8 -100.8",35.298,976,0,1016,2063,"-8e+01 -8e+01 -8e+01 -8e+01 -8e+01","0.714 0.0941 0.49 0.0431 0.0196","32 32 32 35 32",1,1,0.01,0.00,0,0,0,0
49.900,6,0.000,0.000,0.000,5,5,-79.282,"-76.9 -80.3 -76.5 -81.9 -80.8","0.000 0.000 0.000 0.000 0.000",-93.966,-100.820,"-100.8 -100.8 -100.8 -100.8 -100.8 -100.8 -100.8 -100.8",35.398,978,0,1016,2066,"-8e+01 -8e+01 -8e+01 -8e+01 -8e+01","0.714 0.0941 0.49 0.0431 0.0196","32 32 32 35 32",1,1,0.01,0.00,0,0,0,0
50.000,6,0.000,0.000,0.000,5,5,-79.282,"-76.9 -80.3 -76.5 -81.9 -80.8","0.000 0.000 0.000 0.000 0.000",-93.966,-100.820,"-100.8 -100.8 -100.8 -100.8 -100.8 -100.8 -100.8 -100.8",35.498,980,0,1016,2069,"-8e+01 -8e+01 -8e+01 -8e+01 -8e+01","0.714 0.0941 0.49 0.0431 0.0196","32 32 32 35 32",1,1,0.02,0.00,0,0,0,0
50.100,6,0.000,0.000,0.000,5,5,-79.282,"-76.9 -80.3 -76.5 -81.9 -80.8","0.000 0.000 0.000 0.000 0.000",-93.966,-100.820,"-100.8 -100.8 -100.8 -100.8 -100.8 -100.8 -100.8 -100.8",35.598,982,0,1016,2074,"-8e+01 -8e+01 -8e+01 -8e+01 -8e+01","0.714 0.0941 0.49 0.0431 0.0196","32 33 32 36 32",1,1,0.01,0.00,0,0,0,0
50.200,6,0.000,0.000,0.000,5,5,-79.282,"-76.9 -80.3 -76.5 -81.9 -80.8","0.000 0.000 0.000 0.000 0.000",-93.966,-100.820,"-100.8 -100.8 -100.8 -100.8 -100.8 -100.8 -100.8 -100.8",35.698,984,0,1016,2078,"-8e+01 -8e+01 -8e+01 -8e+01 -8e+01","0.714 0.0941 0.49 0.0431 0.0196","32 33 32 36 32",1,1,0.01,0.00,0,0,0,0
50.300,6,0.000,0.000,0.000,5,5,-79.282,"-76.9 -80.3 -76.5 -81.9 -80.8","0.000 0.000 0.000 0.000 0.000",-93.966,-100.820,"-100.8 -100.8 -100.8 -100.8 -100.8 -100.8 -100.8 -100.8",35.798,986,0,1016,2082,"-8e+01 -8e+01 -8e+01 -8e+01 -8e+01","0.714 0.0941 0.49 0.0431 0.0196","32 33 32 36 32",1,1,0.00,0.00,0,0,0,0
50.400,6,0.000,0.000,0.000,5,5,-79.282,"-76.9 -80.3 -76.5 -81.9 -80.8","0.000 0.000 0.000 0.000 0.000",-93.966,-100.820,"-100.8 -100.8 -100.8 -100.8 -100.8 -100.8 -100.8 -100.8",35.898,988,0,1016,2085,"-8e+01 -8e+01 -8e+01 -8e+01 -8e+01","0.714 0.0941 0.49 0.0431 0.0196","32 33 32 36 33",1,1,0.02,0.00,0,0,0,0
50.500,6,0.000,0.000,0.000,5,5,-79.282,"-76.9 -80.3 -76.5 -81.9 -80.8","0.000 0.000 0.000 0.000 0.000",-93.966,-100.820,"-100.8 -100.8 -100.8 -100.8 -100.8 -100.8 -100.8 -100.8",35.998,990,0,1016,2090,"-8e+01 -8e+01 -8e+01 -8e+01 -8e+01","0.714 0.0941 0.49 0.0431 0.0196","33 33 33 36 33",2,2,7.49,0.00,0,0,0,0
50.600,6,0.000,0.000,0.000,5,5,-79.282,"-76.9 -80.3 -76.5 -81.9 -80.8","0.000 0.000 0.000 0.000 0.000",-93.966,-100.820,"-100.8 -100.8 -100.8 -100.8 -100.8 -100.8 -100.8 -100.8",36.098,992,0,1016,2093,"-8e+01 -8e+01 -8e+01 -8e+01 -8e+01","0.714 0.0941 0.49 0.0431 0.0196","33 33 33 36 33",1,1,0.01,0.00,0,0,0,0
50.700,6,0.000,0.000,0.000,5,5,-79.282,"-76.9 -80.3 -76.5 -81.9 -80.8","0.000 0.000 0.000 0.000 0.000",-93.966,-100.820,"-100.8 -100.8 -100.8 -100.8 -100.8 -100.8 -100.8 -100.8",36.198,994,0,1016,2097,"-8e+01 -8e+01 -8e+01 -8e+01 -8e+01","0.714 0.0941 0.49 0.0431 0.0196","33 33 33 36 33",1,1,0.01,0.00,0,0,0,0
50.800,6,0.000,0.000,0.000,5,5,-79.282,"-76.9 -80.3 -76.5 -81.9 -80.8","0.000 0.000 0.000 0.000 0.000",-93.966,-100.820,"-100.8 -100.8 -100.8 -100.8 -100.8 -100.8 -100.8 -100.8",36.298,996,0,1016,2100,"-8e+01 -8e+01 -8e+01 -8e+01 -8e+01","0.714 0.0941 0.49 0.0431 0.0196","33 33 33 36 33",1,1,0.00,0.00,0,0,0,0
50.900,6,0.000,0.000,0.000,5,5,-79.282,"-76.9 -80.3 -76.5 -81.9 -80.8","0.000 0.000 0.000 0.000 0.000",-93.966,-100.820,"-100.8 -100.8 -100.8 -100.8 -100.8 -100.8 -100.8 -100.8",36.398,998,0,1016,2105,"-8e+01 -8e+01 -8e+01 -8e+01 -8e+01","0.714 0.0941 0.49 0.0431 0.0196","33 33 33 36 33",1,1,0.02,0.00,0,0,0,0
51.000,6,0.000,0.000,0.000,5,5,-79.282,"-76.9 -80.3 -76.5 -81.9 -80.8","0.000 0.000 0.000 0.000 0.000",-93.966,-100.820,"-100.8 -100.8 -100.8 -100.8 -100.8 -100.8 -100.8 -100.8",36.498,1000,0,1016,2109,"-8e+01 -8e+01 -8e+01 -8e+01 -8e+01","0.714 0.0941 0.49 0.0431 0.0196","33 33 33 36 33",1,1,0.01,0.00,0,0,0,0
51.100,6,0.000,0.000,0.000,5,5,-79.282,"-76.9 -80.3 -76.5 -81.9 -80.8","0.000 0.000 0.000 0.000 0.000",-93.966,-100.820,"-100.8 -100.8 -100.8 -100.8 -100.8 -100.8 -100.8 -100.8",36.598,1002,0,1016,2114,"-8e+01 -8e+01 -8e+01 -8e+01 -8e+01","0.714 0.0941 0.49 0.0431 0.0196","33 34 33 37 33",1,1,0.00,0.00,0,0,0,0
51.200,6,0.000,0.000,0.000,5,5,-79.282,"-76.9 -80.3 -76.5 -81.9 -80.8","0.000 0.000 0.000 0.000 0.000",-93.966,-100.820,"-100.8 -100.8 -100.8 -100.8 -100.8 -100.8 -100.8 -100.8",36.698,1004,0,1016,2115,"-8e+01 -8e+01 -8e+01 -8e+01 -8e+01","0.714 0.0941 0.49 0.0431 0.0196","33 34 33 37 33",1,1,0.02,0.00,0,0,0,0
51.300,6,0.000,0.000,0.000,5,5,-79.282,"-76.9 -80.3 -76.5 -81.9 -80.8","0.000 0.000 0.000 0.000 0.000",-93.966,-100.820,"-100.8 -100.8 -100.8 -100.8 -100.8 -100.8 -100.8 -100.8",36.798,1006,0,1016,2119,"-8e+01 -8e+01 -8e+01 -8e+01 -8e+01","0.714 0.0941 0.49 0.0431 0.0196","33 34 33 37 33",1,1,0.01,0.00,0,0,0,0
51.400,6,0.000,0.000,0.000,5,5,-79.282,"-76.9 -80.3 -76.5 -81.9 -80.8","0.000 0.000 0.000 0.000 0.000",-93.966,-100.820,"-100.8 -100.8 -100.8 -100.8 -100.8 -100.8 -100.8 -100.8",36.898,1008,0,1016,2123,"-8e+01 -8e+01 -8e+01 -8e+01 -8e+01","0.714 0.0941 0.49 0.0431 0.0196","33 34 33 37 34",1,1,0.01,0.00,0,0,0,0
51.500,6,0.000,0.000,0.000,5,5,-79.282,"-76.9 -80.3 -76.5 -81.9 -80.8","0.000 0.000 0.000 0.000 0.000",-93.966,-100.820,"-100.8 -100.8 -100.8 -100.8 -100.8 -100.8 -100.8 -100.8",36.998,1010,0,1016,2127,"-8e+01 -8e+01 -8e+01 -8e+01 -8e+01","0.714 0.0941 0.49 0.0431 0.0196","34 34 34 37 34",1,1,0.02,0.00,0,0,0,0
51.600,6,0.000,0.000,0.000,5,5,-79.282,"-76.9 -80.3 -76.5 -81.9 -80.8","0.000 0.000 0.000 0.000 0.000",-93.966,-100.820,"-100.8 -100.8 -100.8 -100.8 -100.8 -100.8 -100.8 -100.8",37.098,1012,0,1016,2132,"-8e+01 -8e+01 -8e+01 -8e+01 -8e+01","0.714 0.0941 0.49 0.0431 0.0196","34 34 34 37 34",1,1,0.01,0.00,0,0,0,0
51.700,6,0.000,0.000,0.000,5,5,-79.282,"-76.9 -80.3 -76.5 -81.9 -80.8","0.000 0.000 0.000 0.000 0.000",-93.966,-100.820,"-100.8 -100.8 -100.8 -100.8 -100.8 -100.8 -100.8 -100.8",37.198,1014,0,1016,2136,"-8e+01 -8e+01 -8e+01 -8e+01 -8e+01","0.714 0.0941 0.49 0.0431 0.0196","34 34 34 37 34",1,1,0.01,0.00,0,0,0,0
51.800,6,0.000,0.000,0.000,5,5,-79.282,"-76.9 -80.3 -76.5 -81.9 -80.8","0.000 0.000 0.000 0.000 0.000",-93.966,-100.820,"-100.8 -100.8 -100.8 -100.8 -100.8 -100.8 -100.8 -100.8",37.298,1016,0,1016,2136,"-8e+01 -8e+01 -8e+01 -8e+01 -8e+01","0.714 0.0941 0.49 0.0431 0.0196","34 34 34 37 34",1,1,0.00,0.00,0,0,0,0
51.900,6,0.000,0.000,0.000,5,5,-79.282,"-76.9 -80.3 -76.5 -81.9 -80.8","0.000 0.000 0.000 0.000 0.000",-93.966,-100.820,"-100.8 -100.8 -100.8 -100.8 -100.8 -100.8 -100.8 -100.8",37.398,1018,0,1016,2140,"-8e+01 -8e+01 -8e+01 -8e+01 -8e+01","0.714 0.0941 0.49 0.0431 0.0196","34 34 34 37 34",1,1,0.02,0.00,0,0,0,0
52.000,6,0.000,0.000,0.000,5,5,-79.282,"-76.9 -80.3 -76.5 -81.9 -80.8","0.000 0.000 0.000 0.000 0.000",-93.966,-100.820,"-100.8 -100.8 -100.8 -100.8 -100.8 -100.8 -100.8 -100.8",37.498,1020,0,1016,2144,"-8e+01 -8e+01 -8e+01 -8e+01 -8e+01","0.714 0.0941 0.49 0.0431 0.0196","34 34 34 37 34",1,1,0.01,0.00,0,0,0,0
52.100,6,0.000,0.000,0.000,5,5,-79.282,"-76.9 -80.3 -76.5 -81.9 -80.8","0.000 0.000 0.000 0.000 0.000",-93.966,-100.820,"-100.8 -100.8 -100.8 -100.8 -100.8 -100.8 -100.8 -100.8",37.598,1022,0,1016,2148,"-8e+01 -8e+01 -8e+01 -8e+01 -8e+01","0.714 0.0941 0.49 0.0431 0.0196","34 35 34 38 34",1,1,0.00,0.00,0,0,0,0
52.200,6,0.000,0.000,0.000,5,5,-79.282,"-76.9 -80.3 -76.5 -81.9 -80.8","0.000 0.000 0.000 0.000 0.000",-93.966,-100.820,"-100.8 -100.8 -100.8 -100.8 -100.8 -100.8 -100.8 -100.8",37.698,1024,0,1016,2152,"-8e+01 -8e+01 -8e+01 -8e+01 -8e+01","0.714 0.0941 0.49 0.0431 0.0196","34 35 34 38 34",1,1,0.02,0.00,0,0,0,0
52.300,6,0.000,0.000,0.000,5,5,-79.282,"-76.9 -80.3 -76.5 -81.9 -80.8","0.000 0.000 0.000 0.000 0.000",-93.966,-100.820,"-100.8 -100.8 -100.8 -100.8 -100.8 -100.8 -100.8 -100.8",37.798,1026,0,1016,2157,"-8e+01 -8e+01 -8e+01 -8e+01 -8e+01","0.714 0.0941 0.49 0.0431 0.0196","34 35 34 38 34",2,2,0.01,0.00,0,0,0,0
52.400,6,0.000,0.000,0.000,5,5,-79.282,"-76.9 -80.3 -76.5 -81.9 -80.8","0.000 0.000 0.000 0.000 0.000",-93.966,-100.820,"-100.8 -100.8 -100.8 -100.8 -100.8 -100.8 -100.8 -100.8",37.898,1028,0,1016,2160,"-8e+01 -8e+01 -8e+01 -8e+01 -8e+01","0.714 0.0941 0.49 0.0431 0.0196","34 35 34 38 35",1,1,0.02,0.00,0,0,0,0
52.500,6,0.000,0.000,0.000,5,5,-79.282,"-76.9 -80.3 -76.5 -81.9 -80.8","0.000 0.000 0.000 0.000 0.000",-93.966,-100.820,"-100.8 -100.8 -100.8 -100.8 -100.8 -100.8 -100.8 -100.8",37.998,1030,0,1016,2166,"-8e+01 -8e+01 -8e+01 -8e+01 -8e+01","0.714 0.0941 0.49 0.0431 0.0196","35 35 35 38 35",1,1,0.01,0.00,0,0,0,0
52.600,6,0.000,0.000,0.000,5,5,-79.282,"-76.9 -80.3 -76.5 -81.9 -80.8","0.000 0.000 0.000 0.000 0.000",-93.966,-100.820,"-100.8 -100.8 -100.8 -100.8 -100.8 -100.8 -100.8 -100.8",38.098,1032,0,1016,2170,"-8e+01 -8e+01 -8e+01 -8e+01 -8e+01","0.714 0.0941 0.49 0.0431 0.0196","35 35 35 38 35",1,1,0.00,0.00,0,0,0,0
52.700,6,0.000,0.000,0.000,5,5,-79.282,"-76.9 -80.3 -76.5 -81.9 -80.8","0.000 0.000 0.000 0.000 0.000",-93.966,-100.820,"-100.8 -100.8 -100.8 -100.8 -100.8 -100.8 -100.8 -100.8",38.198,1034,0,1016,2173,"-8e+01 -8e+01 -8e+01 -8e+01 -8e+01","0.714 0.0941 0.49 0.0431 0.0196","35 35 35 38 35",1,1,0.02,0.00,0,0,0,0
52.800,6,0.000,0.000,0.000,5,5,-79.282,"-76.9 -80.3 -76.5 -81.9 -80.8","0.000 0.000 0.000 0.000 0.000",-93.966,-100.820,"-100.8 -100.8 -100.8 -100.8 -100.8 -100.8 -100.8 -100.8",38.298,1036,0,1016,2177,"-8e+01 -8e+01 -8e+01 -8e+01 -8e+01","0.714 0.0941 0.49 0.0431 0.0196","35 35 35 38 35",1,1,0.01,0.00,0,0,0,0
52.900,6,0.000,0.000,0.000,5,5,-79.282,"-76.9 -80.3 -76.5 -81.9 -80.8","0.000 0.000 0.000 0.000 0.000",-93.966,-100.820,"-100.8 -100.8 -100.8 -100.8 -100.8 -100.8 -100.8 -100.8",38.398,1038,0,1016,2181,"-8e+01 -8e+01 -8e+01 -8e+01 -8e+01","0.714 0.0941 0.49 0.0431 0.0196","35 35 35 38 35",1,1,0.01,0.00,0,0,0,0
53.000,6,0.000,0.000,0.000,5,5,-79.282,"-76.9 -80.3 -76.5 -81.9 -80.8","0.000 0.000 0.000 0.000 0.000",-93.966,-100.820,"-100.8 -100.8 -100.8 -100.8 -100.8 -100.8 -100.8 -100.8",38.498,1040,0,1016,2186,"-8e+01 -8e+01 -8e+01 -8e+01 -8e+01","0.714 0.0941 0.49 0.0431 0.0196","35 35 35 38 35",1,1,0.02,0.00,0,0,0,0
53.100,6,0.000,0.000,0.000,5,5,-79.282,"-76.9 -80.3 -76.5 -81.9 -80.8","0.000 0.000 0.000 0.000 0.000",-93.966,-100.820,"-100.8 -100.8 -100.8 -100.8 -100.8 -100.8 -100.8 -100.8",38.598,1042,0,1016,2190,"-8e+01 -8e+01 -8e+01 -8e+01 -8e+01","0.714 0.0941 0.49 0.0431 0.0196","35 36 35 39 35",1,1,0.01,0.00,0,0,0,0
53.200,6,0.000,0.000,0.000,5,5,-79.282,"-76.9 -80.3 -76.5 -81.9 -80.8","0.000 0.000 0.000 0.000 0.000",-93.966,-100.820,"-100.8 -100.8 -100.8 -100.8 -100.8 -100.8 -100.8 -100.8",38.698,1044,0,1016,2195,"-8e+01 -8e+01 -8e+01 -8e+01 -8e+01","0.714 0.0941 0.49 0.0431 0.0196","35 36 35 39 35",1,1,0.01,0.00,0,0,0,0
53.300,6,0.000,0.000,0.000,5,5,-79.282,"-76.9 -80.3 -76.5 -81.9 -80.8","0.000 0.000 0.000 0.000 0.000",-93.966,-100.820,"-100.8 -100.8 -100.8 -100.8 -100.8 -100.8 -100.8 -100.8",38.798,1046,0,1016,2199,"-8e+01 -8e+01 -8e+01 -8e+01 -8e+01","0.714 0.0941 0.49 0.0431 0.0196","35 36 35 39 35",1,1,0.00,0.00,0,0,0,0
53.400,6,0.000,0.000,0.000,5,5,-79.282,"-76.9 -80.3 -76.5 -81.9 -80.8","0.000 0.000 0.000 0.000 0.000",-93.966,-100.820,"-100.8 -100.8 -100.8 -100.8 -100.8 -100.8 -100.8 -100.8",38.898,1048,0,1016,2204,"-8e+01 -8e+01 -8e+01 -8e+01 -8e+01","0.714 0.0941 0.49 0.0431 0.0196","35 36 35 39 36",1,1,0.02,0.00,0,0,0,0
53.500,6,0.000,0.000,0.000,5,5,-79.282,"-76.9 -80.3 -76.5 -81.9 -80.8","0.000 0.000 0.000 0.000 0.000",-93.966,-100.820,"-100.8 -100.8 -100.8 -100.8 -100.8 -100.8 -100.8 -100.8",38.998,1050,0,1016,2207,"-8e+01 -8e+01 -8e+01 -8e+01 -8e+01","0.714 0.0941 0.49 0.0431 0.0196","36 36 36 39 36",1,1,0.01,0.00,0,0,0,0
53.600,6,0.000,0.000,0.000,5,5,-79.282,"-76.9 -80.3 -76.5 -81.9 -80.8","0.000 0.000 0.000 0.000 0.000",-93.966,-100.820,"-100.8 -100.8 -100.8 -100.8 -100.8 -100.8 -100.8 -100.8",39.098,1052,0,1016,2211,"-8e+01 -8e+01 -8e+01 -8e+01 -8e+01","0.714 0.0941 0.49 0.0431 0.0196","36 36 36 39 36",1,1,0.00,0.00,0,0,0,0
53.700,6,0.000,0.000,0.000,5,5,-79.282,"-76.9 -80.3 -76.5 -81.9 -80.8","0.000 0.000 0.000 0.000 0.000",-93.966,-100.820,"-100.8 -100.8 -100.8 -100.8 -100.8 -100.8 -100.8 -100.8",39.198,1054,0,1016,2213,"-8e+01 -8e+01 -8e+01 -8e+01 -8e+01","0.714 0.0941 0.49 0.0431 0.0196","36 36 36 39 36",1,1,0.02,0.00,0,0,0,0
53.800,6,0.000,0.000,0.000,5,5,-79.282,"-76.9 -80.3 -76.5 -81.9 -80.8","0.000 0.000 0.000 0.000 0.000",-93.966,-100.820,"-100.8 -100.8 -100.8 -100.8 -100.8 -100.8 -100.8 -100.8",39.298,1056,0,1016,2217,"-8e+01 -8e+01 -8e+01 -8e+01 -8e+01","0.714 0.0941 0.49 0.0431 0.0196","36 36 36 39 36",1,1,0.01,0.00,0,0,0,0
53.900,6,0.000,0.000,0.000,5,5,-79.282,"-76.9 -80.3 -76.5 -81.9 -80.8","0.000 0.000 0.000 0.000 0.000",-93.966,-100.820,"-100.8 -100.8 -100.8 -100.8 -100.8 -100.8 -100.8 -100.8",39.398,1058,0,1016,2222,"-8e+01 -8e+01 -8e+01 -8e+01 -8e+01","0.714 0.0941 0.49 0.0431 0.0196","36 36 36 39 36",1,1,0.01,0.00,0,0,0,0
54.000,6,0.000,0.000,0.000,5,5,-79.282,"-76.9 -80.3 -76.5 -81.9 -80.8","0.000 0.000 0.000 0.000 0.000",-93.966,-100.820,"-100.8 -100.8 -100.8 -100.8 -100.8 -100.8 -100.8 -100.8",39.498,1060,0,1016,2226,"-8e+01 -8e+01 -8e+01 -8e+01 -8e+01","0.714 0.0941 0.49 0.0431 0.0196","36 36 36 39 36",1,1,0.02,0.00,0,0,0,0
54.100,6,0.000,0.000,0.000,5,5,-79.282,"-76.9 -80.3 -76.5 -81.9 -80.8","0.000 0.000 0.000 0.000 0.000",-93.966,-100.820,"-100.8 -100.8 -100.8 -100.8 -100.8 -100.8 -100.8 -100.8",39.598,1062,0,1016,2229,"-8e+01 -8e+01 -8e+01 -8e+01 -8e+01","0.714 0.0941 0.49 0.0431 0.0196","36 37 36 40 36",1,1,0.01,0.00,0,0,0,0
54.200,6,0.000,0.000,0.000,5,5,-79.282,"-76.9 -80.3 -76.5 -81.9 -80.8","0.000 0.000 0.000 0.000 0.000",-93.966,-100.820,"-100.8 -100.8 -100.8 -100.8 -100.8 -100.8 -100.8 -100.8",39.698,1064,0,1016,2233,"-8e+01 -8e+01 -8e+01 -8e+01 -8e+01","0.714 0.0941 0.49 0.0431 0.0196","36 37 36 40 36",1,1,0.01,0.00,0,0,0,0
54.300,6,0.000,0.000,0.000,5,5,-79.282,"-76.9 -80.3 -76.5 -81.9 -80.8","0.000 0.000 0.000 0.000 0.000",-93.966,-100.820,"-100.8 -100.8 -100.8 -100.8 -100.8 -100.8 -100.8 -100.8",39.798,1066,0,1016,2236,"-8e+01 -8e+01 -8e+01 -8e+01 -8e+01","0.714 0.0941 0.49 0.0431 0.0196","36 37 36 40 36",1,1,0.00,0.00,0,0,0,0
54.400,6,0.000,0.000,0.000,5,5,-79.282,"-76.9 -80.3 -76.5 -81.9 -80.8","0.000 0.000 0.000 0.000 0.000",-93.966,-100.820,"-100.8 -100.8 -100.8 -100.8 -100.8 -100.8 -100.8 -100.8",39.898,1068,0,1016,2242,"-8e+01 -8e+01 -8e+01 -8e+01 -8e+01","0.714 0.0941 0.49 0.0431 0.0196","36 37 36 40 37",2,2,9.90,0.00,0,0,0,0
54.500,6,0.000,0.000,0.000,5,5,-79.282,"-76.9 -80.3 -76.5 -81.9 -80.8","0.000 0.000 0.000 0.000 0.000",-93.966,-100.820,"-100.8 -100.8 -100.8 -100.8 -100.8 -100.8 -100.8 -100.8",39.998,1070,0,1016,2246,"-8e+01 -8e+01 -8e+01 -8e+01 -8e+01","0.714 0.0941 0.49 0.0431 0.0196","37 37 37 40 37",1,1,0.02,0.00,0,0,0,0
54.600,6,0.000,0.000,0.000,5,5,-79.282,"-76.9 -80.3 -76.5 -81.9 -80.8","0.000 0.000 0.000 0.000 0.000",-93.966,-100.820,"-100.8 -100.8 -100.8 -100.8 -100.8 -100.8 -100.8 -100.8",40.098,1072,0,1016,2250,"-8e+01 -8e+01 -8e+01 -8e+01 -8e+01","0.714 0.0941 0.49 0.0431 0.0196","37 37 37 40 37",1,1,0.01,0.00,0,0,0,0
54.700,6,0.000,0.000,0.000,5,5,-79.282,"-76.9 -80.3 -76.5 -81.9 -80.8","0.000 0.000 0.000 0.000 0.000",-93.966,-100.820,"-100.8 -100.8 -100.8 -100.8 -100.8 -100.8 -100.8 -100.8",40.198,1074,0,1016,2255,"-8e+01 -8e+01 -8e+01 -8e+01 -8e+01","0.714 0.0941 0.49 0.0431 0.0196","37 37 37 40 37",1,1,0.01,0.00,0,0,0,0
54.800,6,0.000,0.000,0.000,5,5,-79.282,"-76.9 -80.3 -76.5 -81.9 -80.8","0.000 0.000 0.000 0.000 0.000",-93.966,-100.820,"-100.8 -100.8 -100.8 -100.8 -100.8 -100.8 -100.8 -100.8",40.298,1076,0,1016,2259,"-8e+01 -8e+01 -8e+01 -8e+01 -8e+01","0.714 0.0941 0.49 0.0431 0.0196","37 37 37 40 37",1,1,0.00,0.00,0,0,0,0
54.900,6,0.000,0.000,0.000,5,5,-79.282,"-76.9 -80.3 -76.5 -81.9 -80.8","0.000 0.000 0.000 0.000 0.000",-93.966,-100.820,"-100.8 -100.8 -100.8 -100.8 -100.8 -100.8 -100.8 -100.8",40.398,1078,0,1016,2263,"-8e+01 -8e+01 -8e+01 -8e+01 -8e+01","0.714 0.0941 0.49 0.0431 0.0196","37 37 37 40 37",1,1,0.02,0.00,0,0,0,0
55.000,6,0.000,0.000,0.000,5,5,-79.282,"-76.9 -80.3 -76.5 -81.9 -80.8","0.000 0.000 0.000 0.000 0.000",-93.966,-100.820,"-100.8 -100.8 -100.8 -100.8 -100.8 -100.8 -100.8 -100.8",40.498,1080,0,1016,2267,"-8e+01 -8e+01 -8e+01 -8e+01 -8e+01","0.714 0.0941 0.49 0.0431 0.0196","37 37 37 40 37",1,1,0.01,0.00,0,0,0,0
55.100,6,0.000,0.000,0.000,5,5,-79.282,"-76.9 -80.3 -76.5 -81.9 -80.8","0.000 0.000 0.000 0.000 0.000",-93.966,-100.820,"-100.8 -100.8 -100.8 -100.8 -100.8 -100.8 -100.8 -100.8",40.598,1082,0,1016,2270,"-8e+01 -8e+01 -8e+01 -8e+01 -8e+01","0.714 0.0941 0.49 0.0431 0.0196","37 38 37 41 37",1,1,0.00,0.00,0,0,0,0
55.200,6,0.000,0.000,0.000,5,5,-79.282,"-76.9 -80.3 -76.5 -81.9 -80.8","0.000 0.000 0.000 0.000 0.000",-93.966,-100.820,"-100.8 -100.8 -100.8 -100.8 -100.8 -100.8 -100.8 -100.8",40.698,1084,0,1016,2272,"-8e+01 -8e+01 -8e+01 -8e+01 -8e+01","0.714 0.0941 0.49 0.0431 0.0196","37 38 37 41 37",1,1,0.02,0.00,0,0,0,0
55.300,6,0.000,0.000,0.000,5,5,-79.282,"-76.9 -80.3 -76.5 -81.9 -80.8","0.000 0.000 0.000 0.000 0.000",-93.966,-100.820,"-100.8 -100.8 -100.8 -100.8 -100.8 -100.8 -100.8 -100.8",40.798,1086,0,1016,2276,"-8e+01 -8e+01 -8e+01 -8e+01 -8e+01","0.714 0.0941 0.49 0.0431 0.0196","37 38 37 41 37",1,1,0.01,0.00,0,0,0,0
55.400,6,0.000,0.000,0.000,5,5,-79.282,"-76.9 -80.3 -76.5 -81.9 -80.8","0.000 0.000 0.000 0.000 0.000",-93.966,-100.820,"-100.8 -100.8 -100.8 -100.8 -100.8 -100.8 -100.8 -100.8",40.898,1088,0,1016,2279,"-8e+01 -8e+01 -8e+01 -8e+01 -8e+01","0.714 0.0941 0.49 0.0431 0.0196","37 38 37 41 38",1,1,0.01,0.00,0,0,0,0
55.500,6,0.000,0.000,0.000,5,5,-79.282,"-76.9 -80.3 -76.5 -81.9 -80.8","0.000 0.000 0.000 0.000 0.000",-93.966,-100.820,"-100.8 -100.8 -100.8 -100.8 -100.8 -100.8 -100.8 -100.8",40.998,1090,0,1016,2280,"-8e+01 -8e+01 -8e+01 -8e+01 -8e+01","0.714 0.0941 0.49 0.0431 0.0196","38 38 38 41 38",1,1,0.02,0.00,0,0,0,0
55.600,6,0.000,0.000,0.000,5,5,-79.282,"-76.9 -80.3 -76.5 -81.9 -80.8","0.000 0.000 0.000 0.000 0.000",-93.966,-100.820,"-100.8 -100.8 -100.8 -100.8 -100.8 -100.8 -100.8 -100.8",41.098,1092,0,1016,2284,"-8e+01 -8e+01 -8e+01 -8e+01 -8e+01","0.714 0.0941 0.49 0.0431 0.0196","38 38 38 41 38",1,1,0.01,0.00,0,0,0,0
55.700,6,0.000,0.000,0.000,5,5,-79.282,"-76.9 -80.3 -76.5 -81.9 -80.8","0.000 0.000 0.000 0.000 0.000",-93.966,-100.820,"-100.8 -100.8 -100.8 -100.8 -100.8 -100.8 -100.8 -100.8",41.198,1094,0,1016,2287,"-8e+01 -8e+01 -8e+01 -8e+01 -8e+01","0.714 0.0941 0.49 0.0431 0.0196","38 38 38 41 38",1,1,0.01,0.00,0,0,0,0
55.800,6,0.000,0.000,0.000,5,5,-79.282,"-76.9 -80.3 -76.5 -81.9 -80.8","0.000 0.000 0.000 0.000 0.000",-93.966,-100.820,"-100.8 -100.8 -100.8 -100.8 -100.8 -100.8 -100.8 -100.8",41.298,1096,0,1016,2289,"-8e+01 -8e+01 -8e+01 -8e+01 -8e+01","0.714 0.0941 0.49 0.0431 0.0196","38 38 38 41 38",1,1,0.00,0.00,0,0,0,0
55.900,6,0.000,0.000,0.000,5,5,-79.282,"-76.9 -80.3 -76.5 -81.9 -80.8","0.000 0.000 0.000 0.000 0.000",-93.966,-100.820,"-100.8 -100.8 -100.8 -100.8 -100.8 -100.8 -100.8 -100.8",41.398,1098,0,1016,2292,"-8e+01 -8e+01 -8e+01 -8e+01 -8e+01","0.714 0.0941 0.49 0.0431 0.0196","38 38 38 41 38",1,1,0.02,0.00,0,0,0,0
56.000,6,0.000,0.000,0.000,5,5,-79.282,"-76.9 -80.3 -76.5 -81.9 -80.8","0.000 0.000 0.000 0.000 0.000",-93.966,-100.820,"-100.8 -100.8 -100.8 -100.8 -100.8 -100.8 -100.8 -100.8",41.498,1100,0,1016,2297,"-8e+01 -8e+01 -8e+01 -8e+01 -8e+01","0.714 0.0941 0.49 0.0431 0.0196","38 38 38 41 38",1,1,0.01,0.00,0,0,0,0
56.100,6,0.000,0.000,0.000,5,5,-79.282,"-76.9 -80.3 -76.5 -81.9 -80.8","0.000 0.000 0.000 0.000 0.000",-93.966,-100.820,"-100.8 -100.8 -100.8 -100.8 -100.8 -100.8 -100.8 -100.8",41.598,1102,0,1016,2303,"-8e+01 -8e+01 -8e+01 -8e+01 -8e+01","0.714 0.0941 0.49 0.0431 0.0196","38 39 38 42 38",1,1,0.00,0.00,0,0,0,0
56.200,6,0.000,0.000,0.000,5,5,-79.282,"-76.9 -80.3 -76.5 -81.9 -80.8","0.000 0.000 0.000 0.000 0.000",-93.966,-100.820,"-100.8 -100.8 -100.8 -100.8 -100.8 -100.8 -100.8 -100.8",41.698,1104,0,1016,2309,"-8e+01 -8e+01 -8e+01 -8e+01 -8e+01","0.714 0.0941 0.49 0.0431 0.0196","38 39 38 42 38",1,1,0.02,0.00,0,0,0,0
56.300,6,0.000,0.000,0.000,5,5,-79.282,"-76.9 -80.3 -76.5 -81.9 -80.8","0.000 0.000 0.000 0.000 0.000",-93.966,-100.820,"-100.8 -100.8 -100.8 -100.8 -100.8 -100.8 -100.8 -100.8",41.798,1106,0,1016,2314,"-8e+01 -8e+01 -8e+01 -8e+01 -8e+01","0.714 0.0941 0.49 0.0431 0.0196","38 39 38 42 38",1,1,0.01,0.00,0,0,0,0
56.400,6,0.000,0.000,0.000,5,5,-79.282,"-76.9 -80.3 -76.5 -81.9 -80.8","0.000 0.000 0.000 0.000 0.000",-93.966,-100.820,"-100.8 -100.8 -100.8 -100.8 -100.8 -100.8 -100.8 -100.8",41.898,1108,0,1016,2320,"-8e+01 -8e+01 -8e+01 -8e+01 -8e+01","0.714 0.0941 0.49 0.0431 0.0196","38 39 38 42 39",1,1,0.01,0.00,0,0,0,0
56.500,6,0.000,0.000,0.000,5,5,-79.282,"-76.9 -80.3 -76.5 -81.9 -80.8","0.000 0.000 0.000 0.000 0.000",-93.966,-100.820,"-100.8 -100.8 -100.8 -100.8 -100.8 -100.8 -100.8 -100.8",41.998,1110,0,1016,2325,"-8e+01 -8e+01 -8e+01 -8e+01 -8e+01","0.714 0.0941 0.49 0.0431 0.0196","39 39 39 42 39",2,2,0.02,0.00,0,0,0,0
56.600,6,0.000,0.000,0.000,5,5,-79.282,"-76.9 -80.3 -76.5 -81.9 -80.8","0.000 0.000 0.000 0.000 0.000",-93.966,-100.820,"-100.8 -100.8 -100.8 -100.8 -100.8 -100.8 -100.8 -100.8",42.098,1112,0,1016,2327,"-8e+01 -8e+01 -8e+01 -8e+01 -8e+01","0.714 0.0941 0.49 0.0431 0.0196","39 39 39 42 39",1,1,0.00,0.00,0,0,0,0
56.700,6,0.000,0.000,0.000,5,5,-79.282,"-76.9 -80.3 -76.5 -81.9 -80.8","0.000 0.000 0.000 0.000 0.000",-93.966,-100.820,"-100.8 -100.8 -100.8 -100.8 -100.8 -100.8 -100.8 -100.8",42.198,1114,0,1016,2331,"-8e+01 -8e+01 -8e+01 -8e+01 -8e+01","0.714 0.0941 0.49 0.0431 0.0196","39 39 39 42 39",1,1,0.02,0.00,0,0,0,0
56.800,6,0.000,0.000,0.000,5,5,-79.282,"-76.9 -80.3 -76.5 -81.9 -80.8","0.000 0.000 0.000 0.000 0.000",-93.966,-100.820,"-100.8 -100.8 -100.8 -100.8 -100.8 -100.8 -100.8 -100.8",42.298,1116,0,1016,2335,"-8e+01 -8e+01 -8e+01 -8e+01 -8e+01","0.714 0.0941 0.49 0.0431 0.0196","39 39 39 42 39",1,1,0.01,0.00,0,0,0,0
56.900,6,0.000,0.000,0.000,5,5,-79.282,"-76.9 -80.3 -76.5 -81.9 -80.8","0.000 0.000 0.000 0.000 0.000",-93.966,-100.820,"-100.8 -100.8 -100.8 -100.8 -100.8 -100.8 -100.8 -100.8",42.398,1118,0,1016,2339,"-8e+01 -8e+01 -8e+01 -8e+01 -8e+01","0.714 0.0941 0.49 0.0431 0.0196","39 39 39 42 39",1,1,0.01,0.00,0,0,0,0
57.000,6,0.000,0.000,0.000,5,5,-79.282,"-76.9 -80.3 -76.5 -81.9 -80.8","0.000 0.000 0.000 0.000 0.000",-93.966,-100.820,"-100.8 -100.8 -100.8 -100.8 -100.8 -100.8 -100.8 -100.8",42.498,1120,0,1016,2343,"-8e+01 -8e+01 -8e+01 -8e+01 -8e+01","0.714 0.0941 0.49 0.0431 0.0196","39 39 39 42 39",1,1,0.02,0.00,0,0,0,0
57.100,6,0.000,0.000,0.000,5,5,-79.282,"-76.9 -80.3 -76.5 -81.9 -80.8","0.000 0.000 0.000 0.000 0.000",-93.966,-100.820,"-100.8 -100.8 -100.8 -100.8 -100.8 -100.8 -100.8 -100.8",42.598,1122,0,1016,2345,"-8e+01 -8e+01 -8e+01 -8e+01 -8e+01","0.714 0.0941 0.49 0.0431 0.0196","39 40 39 43 39",1,1,0.01,0.00,0,0,0,0
57.200,6,0.000,0.000,0.000,5,5,-79.282,"-76.9 -80.3 -76.5 -81.9 -80.8","0.000 0.000 0.000 0.000 0.000",-93.966,-100.820,"-100.8 -100.8 -100.8 -100.8 -100.8 -100.8 -100.8 -100.8",42.698,1124,0,1016,2348,"-8e+01 -8e+01 -8e+01 -8e+01 -8e+01","0.714 0.0941 0.49 0.0431 0.0196","39 40 39 43 39",1,1,0.01,0.00,0,0,0,0
57.300,6,0.000,0.000,0.000,5,5,-79.282,"-76.9 -80.3 -76.5 -81.9 -80.8","0.000 0.000 0.000 0.000 0.000",-93.966,-100.820,"-100.8 -100.8 -100.8 -100.8 -100.8 -100.8 -100.8 -100.8",42.798,1126,0,1016,2352,"-8e+01 -8e+01 -8e+01 -8e+01 -8e+01","0.714 0.0941 0.49 0.0431 0.0196","39 40 39 43 39",1,1,0.00,0.00,0,0,0,0
57.400,6,0.000,0.000,0.000,5,5,-79.282,"-76.9 -80.3 -76.5 -81.9 -80.8","0.000 0.000 0.000 0.000 0.000",-93.966,-100.820,"-100.8 -100.8 -100.8 -100.8 -100.8 -100.8 -100.8 -100.8",42.898,1128,0,1016,2357,"-8e+01 -8e+01 -8e+01 -8e+01 -8e+01","0.714 0.0941 0.49 0.0431 0.0196","39 40 39 43 40",1,1,0.02,0.00,0,0,0,0
57.500,6,0.000,0.000,0.000,5,5,-79.282,"-76.9 -80.3 -76.5 -81.9 -80.8","0.000 0.000 0.000 0.000 0.000",-93.966,-100.820,"-100.8 -100.8 -100.8 -100.8 -100.8 -100.8 -100.8 -100.8",42.998,1130,0,1016,2361,"-8e+01 -8e+01 -8e+01 -8e+01 -8e+01","0.714 0.0941 0.49 0.0431 0.0196","40 40 40 43 40",1,1,0.01,0.00,0,0,0,0
57.600,6,0.000,0.000,0.000,5,5,-79.282,"-76.9 -80.3 -76.5 -81.9 -80.8","0.000 0.000 0.000 0.000 0.000",-93.966,-100.820,"-100.8 -100.8 -100.8 -100.8 -100.8 -100.8 -100.8 -100.8",43.098,1132,0,1016,2365,"-8e+01 -8e+01 -8e+01 -8e+01 -8e+01","0.714 0.0941 0.49 0.0431 0.0196","40 40 40 43 40",1,1,0.00,0.00,0,0,0,0
57.700,6,0.000,0.000,0.000,5,5,-79.282,"-76.9 -80.3 -76.5 -81.9 -80.8","0.000 0.000 0.000 0.000 0.000",-93.966,-100.820,"-100.8 -100.8 -100.8 -100.8 -100.8 -100.8 -100.8 -100.8",43.198,1134,0,1016,2370,"-8e+01 -8e+01 -8e+01 -8e+01 -8e+01","0.714 0.0941 0.49 0.0431 0.0196","40 40 40 43 40",1,1,0.02,0.00,0,0,0,0
57.800,6,0.000,0.000,0.000,5,5,-79.282,"-76.9 -80.3 -76.5 -81.9 -80.8","0.000 0.000 0.000 0.000 0.000",-93.966,-100.820,"-100.8 -100.8 -100.8 -100.8 -100.8 -100.8 -100.8 -100.8",43.298,1136,0,1016,2373,"-8e+01 -8e+01 -8e+01 -8e+01 -8e+01","0.714 0.0941 0.49 0.0431 0.0196","40 40 40 43 40",1,1,0.01,0.00,0,0,0,0
57.900,6,0.000,0.000,0.000,5,5,-79.282,"-76.9 -80.3 -76.5 -81.9 -80.8","0.000 0.000 0.000 0.000 0.000",-93.966,-100.820,"-100.8 -100.8 -100.8 -100.8 -100.8 -100.8 -100.8 -100.8",43.398,1138,0,1016,2377,"-8e+01 -8e+01 -8e+01 -8e+01 -8e+01","0.714 0.0941 0.49 0.0431 0.0196","40 40 40 43 40",1,1,0.01,0.00,0,0,0,0
58.000,6,0.000,0.000,0.000,5,5,-79.282,"-76.9 -80.3 -76.5 -81.9 -80.8","0.000 0.000 0.000 0.000 0.000",-93.966,-100.820,"-100.8 -100.8 -100.8 -100.8 -100.8 -100.8 -100.8 -100.8",43.498,1140,0,1016,2381,"-8e+01 -8e+01 -8e+01 -8e+01 -8e+01","0.714 0.0941 0.49 0.0431 0.0196","40 40 40 43 40",1,1,0.02,0.00,0,0,0,0
58.100,6,0.000,0.000,0.000,5,5,-79.282,"-76.9 -80.3 -76.5 -81.9 -80.8","0.000 0.000 0.000 0.000 0.000",-93.966,-100.820,"-100.8 -100.8 -100.8 -100.8 -100.8 -100.8 -100.8 -100.8",43.598,1142,0,1016,2385,"-8e+01 -8e+01 -8e+01 -8e+01 -8e+01","0.714 0.0941 0.49 0.0431 0.0196","40 41 40 44 40",1,1,0.01,0.00,0,0,0,0
58.200,6,0.000,0.000,0.000,5,5,-79.282,"-76.9 -80.3 -76.5 -81.9 -80.8","0.000 0.000 0.000 0.000 0.000",-93.966,-100.820,"-100.8 -100.8 -100.8 -100.8 -100.8 -100.8 -100.8 -100.8",43.698,1144,0,1016,2389,"-8e+01 -8e+01 -8e+01 -8e+01 -8e+01","0.714 0.0941 0.49 0.0431 0.0196","40 41 40 44 40",1,1,0.01,0.00,0,0,0,0
58.300,6,0.000,0.000,0.000,5,5,-79.282,"-76.9 -80.3 -76.5 -81.9 -80.8","0.000 0.000 0.000 0.000 0.000",-93.966,-100.820,"-100.8 -100.8 -100.8 -100.8 -100.8 -100.8 -100.8 -100.8",43.798,1146,0,1016,2394,"-8e+01 -8e+01 -8e+01 -8e+01 -8e+01","0.714 0.0941 0.49 0.0431 0.0196","40 41 40 44 40",2,2,0.00,0.00,0,0,0,0
58.400,6,0.000,0.000,0.000,5,5,-79.282,"-76.9 -80.3 -76.5 -81.9 -80.8","0.000 0.000 0.000 0.000 0.000",-93.966,-100.820,"-100.8 -100.8 -100.8 -100.8 -100.8 -100.8 -100.8 -100.8",43.898,1148,0,1016,2398,"-8e+01 -8e+01 -8e+01 -8e+01 -8e+01","0.714 0.0941 0.49 0.0431 0.0196","40 41 40 44 41",1,1,0.01,0.00,0,0,0,0
58.500,6,0.000,0.000,0.000,5,5,-79.282,"-76.9 -80.3 -76.5 -81.9 -80.8","0.000 0.000 0.000 0.000 0.000",-93.966,-100.820,"-100.8 -100.8 -100.8 -100.8 -100.8 -100.8 -100.8 -100.8",43.998,1150,0,1016,2401,"-8e+01 -8e+01 -8e+01 -8e+01 -8e+01","0.714 0.0941 0.49 0.0431 0.0196","41 41 41 44 41",1,1,0.02,0.00,0,0,0,0
58.600,6,0.000,0.000,0.000,5,5,-79.282,"-76.9 -80.3 -76.5 -81.9 -80.8","0.000 0.000 0.000 0.000 0.000",-93.966,-100.820,"-100.8 -100.8 -100.8 -100.8 -100.8 -100.8 -100.8 -100.8",44.098,1152,0,1016,2405,"-8e+01 -8e+01 -8e+01 -8e+01 -8e+01","0.714 0.0941 0.49 0.0431 0.0196","41 41 41 44 41",1,1,0.01,0.00,0,0,0,0
58.700,6,0.000,0.000,0.000,5,5,-79.282,"-76.9 -80.3 -76.5 -81.9 -80.8","0.000 0.000 0.000 0.000 0.000",-93.966,-100.820,"-100.8 -100.8 -100.8 -100.8 -100.8 -100.8 -100.8 -100.8",44.198,1154,0,1016,2407,"-8e+01 -8e+01 -8e+01 -8e+01 -8e+01","0.714 0.0941 0.49 0.0431 0.0196","41 41 41 44 41",1,1,0.01,0.00,0,0,0,0
58.800,6,0.000,0.000,0.000,5,5,-79.282,"-76.9 -80.3 -76.5 -81.9 -80.8","0.000 0.000 0.000 0.000 0.000",-93.966,-100.820,"-100.8 -100.8 -100.8 -100.8 -100.8 -100.8 -100.8 -100.8",44.298,1156,0,1016,2409,"-8e+01 -8e+01 -8e+01 -8e+01 -8e+01","0.714 0.0941 0.49 0.0431 0.0196","41 41 41 44 41",1,1,0.00,0.00,0,0,0,0
58.900,6,0.000,0.000,0.000,5,5,-79.282,"-76.9 -80.3 -76.5 -81.9 -80.8","0.000 0.000 0.000 0.000 0.000",-93.966,-100.820,"-100.8 -100.8 -100.8 -100.8 -100.8 -100.8 -100.8 -100.8",44.398,1158,0,1016,2412,"-8e+01 -8e+01 -8e+01 -8e+01 -8e+01","0.714 0.0941 0.49 0.0431 0.0196","41 41 41 44 41",1,1,0.02,0.00,0,0,0,0
59.000,6,0.000,0.000,0.000,5,5,-79.282,"-76.9 -80.3 -76.5 -81.9 -80.8","0.000 0.000 0.000 0.000 0.000",-93.966,-100.820,"-100.8 -100.8 -100.8 -100.8 -100.8 -100.8 -100.8 -100.8",44.498,1160,0,1016,2415,"-8e+01 -8e+01 -8e+01 -8e+01 -8e+01","0.714 0.0941 0.49 0.0431 0.0196","41 41 41 44 41",1,1,0.01,0.00,0,0,0,0
59.100,6,0.000,0.000,0.000,5,5,-79.282,"-76.9 -80.3 -76.5 -81.9 -80.8","0.000 0.000 0.000 0.000 0.000",-93.966,-100.820,"-100.8 -100.8 -100.8 -100.8 -100.8 -100.8 -100.8 -100.8",44.598,1162,0,1016,2420,"-8e+01 -8e+01 -8e+01 -8e+01 -8e+01","0.714 0.0941 0.49 0.0431 0.0196","41 42 41 45 41",1,1,0.00,0.00,0,0,0,0
59.200,6,0.000,0.000,0.000,5,5,-79.282,"-76.9 -80.3 -76.5 -81.9 -80.8","0.000 0.000 0.000 0.000 0.000",-93.966,-100.820,"-100.8 -100.8 -100.8 -100.8 -100.8 -100.8 -100.8 -100.8",44.698,1164,0,1016,2423,"-8e+01 -8e+01 -8e+01 -8e+01 -8e+01","0.714 0.0941 0.49 0.0431 0.0196","41 42 41 45 41",1,1,0.02,0.00,0,0,0,0
59.300,6,0.000,0.000,0.000,5,5,-79.282,"-76.9 -80.3 -76.5 -81.9 -80.8","0.000 0.000 0.000 0.000 0.000",-93.966,-100.820,"-100.8 -100.8 -100.8 -100.8 -100.8 -100.8 -100.8 -100.8",44.798,1166,0,1016,2426,"-8e+01 -8e+01 -8e+01 -8e+01 -8e+01","0.714 0.0941 0.49 0.0431 0.0196","41 42 41 45 41",1,1,0.01,0.00,0,0,0,0
59.400,6,0.000,0.000,0.000,5,5,-79.282,"-76.9 -80.3 -76.5 -81.9 -80.8","0.000 0.000 0.000 0.000 0.000",-93.966,-100.820,"-100.8 -100.8 -100.8 -100.8 -100.8 -100.8 -100.8 -100.8",44.898,1168,0,1016,2431,"-8e+01 -8e+01 -8e+01 -8e+01 -8e+01","0.714 0.0941 0.49 0.0431 0.0196","41 42 41 45 42",1,1,0.01,0.00,0,0,0,0
59.500,6,0.000,0.000,0.000,5,5,-79.282,"-76.9 -80.3 -76.5 -81.9 -80.8","0.000 0.000 0.000 0.000 0.000",-93.966,-100.820,"-100.8 -100.8 -100.8 -100.8 -100.8 -100.8 -100.8 -100.8",44.998,1170,0,1016,2434,"-8e+01 -8e+01 -8e+01 -8e+01 -8e+01","0.714 0.0941 0.49 0.0431 0.0196","42 42 42 45 42",1,1,0.02,0.00,0,0,0,0
59.600,6,0.000,0.000,0.000,5,5,-79.282,"-76.9 -80.3 -76.5 -81.9 -80.8","0.000 0.000 0.000 0.000 0.000",-93.966,-100.820,"-100.8 -100.8 -100.8 -100.8 -100.8 -100.8 -100.8 -100.8",45.098,1172,0,1016,2437,"-8e+01 -8e+01 -8e+01 -8e+01 -8e+01","0.714 0.0941 0.49 0.0431 0.0196","42 42 42 45 42",1,1,0.01,0.00,0,0,0,0
59.700,6,0.000,0.000,0.000,5,5,-79.282,"-76.9 -80.3 -76.5 -81.9 -80.8","0.000 0.000 0.000 0.000 0.000",-93.966,-100.820,"-100.8 -100.8 -100.8 -100.8 -100.8 -100.8 -100.8 -100.8",45.198,1174,0,1016,2441,"-8e+01 -8e+01 -8e+01 -8e+01 -8e+01","0.714 0.0941 0.49 0.0431 0.0196","42 42 42 45 42",1,1,0.01,0.00,0,0,0,0
59.800,6,0.000,0.000,0.000,5,5,-79.282,"-76.9 -80.3 -76.5 -81.9 -80.8","0.000 0.000 0.000 0.000 0.000",-93.966,-100.820,"-100.8 -100.8 -100.8 -100.8 -100.8 -100.8 -100.8 -100.8",45.298,1176,0,1016,2446,"-8e+01 -8e+01 -8e+01 -8e+01 -8e+01","0.714 0.0941 0.49 0.0431 0.0196","42 42 42 45 42",1,1,0.00,0.00,0,0,0,0
59.900,6,0.000,0.000,0.000,5,5,-79.282,"-76.9 -80.3 -76.5 -81.9 -80.8","0.000 0.000 0.000 0.000 0.000",-93.966,-100.820,"-100.8 -100.8 -100.8 -100.8 -100.8 -100.8 -100.8 -100.8",45.398,1178,0,1016,2451,"-8e+01 -8e+01 -8e+01 -8e+01 -8e+01","0.714 0.0941 0.49 0.0431 0.0196","42 42 42 45 42",1,1,0.02,0.00,0,0,0,0
