t,channel,pdr_mean,pdr_worst,pdr_spread,n_links,links_degraded,rssi_mean,rssi_per_link,pdr_per_link,noise_dbm,meas_floor_dbm,band_power,hb_gap_max,data_tx,data_rx,rx_ok,rx_err,rev_rssi_per_link,rev_pdr_per_link,rev_age_per_link,tx_attempts,tx_acked,tx_defer_ms,tx_retry_depth,shadow_exp,shadow_miss,silent_exp,silent_miss
1.000,6,0.500,0.500,0.000,3,3,-78.614,"-76.6 -79.6 -79.6","0.500 0.500 0.500",-93.966,-100.820,"-100.8 -100.8 -100.8 -100.8 -100.8 -100.8 -100.8 -100.8",0.073,0,0,18,11,"-8e+01 -8e+01 -8e+01","1 0.498 1","0.073 0.048 0.023",5,5,0.01,0.00,0,0,12,0
1.100,6,1.000,1.000,0.000,3,0,-78.614,"-76.6 -79.6 -79.6","1.000 1.000 1.000",-93.966,-100.820,"-100.8 -100.8 -100.8 -100.8 -100.8 -100.8 -100.8 -100.8",0.073,0,0,21,13,"-8e+01 -8e+01 -8e+01","1 0.498 1","0.073 0.048 0.023",1,1,0.01,0.00,0,0,3,0
1.200,6,1.000,1.000,0.000,3,0,-78.614,"-76.6 -79.6 -79.6","1.000 1.000 1.000",-93.966,-100.820,"-100.8 -100.8 -100.8 -100.8 -100.8 -100.8 -100.8 -100.8",0.073,0,0,24,15,"-8e+01 -8e+01 -8e+01","1 0.498 1","0.073 0.048 0.023",1,1,0.00,0.00,0,0,3,0
1.300,6,1.000,1.000,0.000,3,0,-78.614,"-76.6 -79.6 -79.6","1.000 1.000 1.000",-93.966,-100.820,"-100.8 -100.8 -100.8 -100.8 -100.8 -100.8 -100.8 -100.8",0.073,0,0,27,17,"-8e+01 -8e+01 -8e+01","1 0.498 1","0.073 0.048 0.023",1,1,0.01,0.00,0,0,3,0
1.400,6,1.000,1.000,0.000,3,0,-78.614,"-76.6 -79.6 -79.6","1.000 1.000 1.000",-93.966,-100.820,"-100.8 -100.8 -100.8 -100.8 -100.8 -100.8 -100.8 -100.8",0.073,0,0,30,19,"-8e+01 -8e+01 -8e+01","1 0.498 1","0.073 0.048 0.023",1,1,0.00,0.00,0,0,3,0
1.500,6,1.000,1.000,0.000,3,0,-78.614,"-76.6 -79.6 -79.6","1.000 1.000 1.000",-93.966,-100.820,"-100.8 -100.8 -100.8 -100.8 -100.8 -100.8 -100.8 -100.8",0.073,0,0,33,21,"-8e+01 -8e+01 -8e+01","1 0.498 1","0.073 0.048 0.023",1,1,0.01,0.00,0,0,3,0
1.600,6,1.000,1.000,0.000,3,0,-78.614,"-76.6 -79.6 -79.6","1.000 1.000 1.000",-93.966,-100.820,"-100.8 -100.8 -100.8 -100.8 -100.8 -100.8 -100.8 -100.8",0.073,0,0,36,23,"-8e+01 -8e+01 -8e+01","1 0.498 1","0.073 0.048 0.023",1,1,0.02,0.00,0,0,3,0
1.700,6,1.000,1.000,0.000,3,0,-78.614,"-76.6 -79.6 -79.6","1.000 1.000 1.000",-93.966,-100.820,"-100.8 -100.8 -100.8 -100.8 -100.8 -100.8 -100.8 -100.8",0.073,0,0,39,25,"-8e+01 -8e+01 -8e+01","1 0.498 1","0.073 0.048 0.023",1,1,0.01,0.00,0,0,3,0
1.800,6,1.000,1.000,0.000,3,0,-78.614,"-76.6 -79.6 -79.6","1.000 1.000 1.000",-93.966,-100.820,"-100.8 -100.8 -100.8 -100.8 -100.8 -100.8 -100.8 -100.8",0.073,0,0,42,27,"-8e+01 -8e+01 -8e+01","1 0.498 1","0.073 0.048 0.023",1,1,0.02,0.00,0,0,3,0
1.900,6,1.000,1.000,0.000,3,0,-78.614,"-76.6 -79.6 -79.6","1.000 1.000 1.000",-93.966,-100.820,"-100.8 -100.8 -100.8 -100.8 -100.8 -100.8 -100.8 -100.8",0.073,0,0,45,29,"-8e+01 -8e+01 -8e+01","1 0.498 1","0.073 0.048 0.023",1,1,0.01,0.00,0,0,3,0
2.000,6,1.000,1.000,0.000,3,0,-78.614,"-76.6 -79.6 -79.6","1.000 1.000 1.000",-93.966,-100.820,"-100.8 -100.8 -100.8 -100.8 -100.8 -100.8 -100.8 -100.8",0.073,0,0,48,31,"-8e+01 -8e+01 -8e+01","1 0.498 1","0.073 0.048 0.023",1,1,0.02,0.00,0,0,3,0
2.100,6,1.000,1.000,0.000,3,0,-78.614,"-76.6 -79.6 -79.6","1.000 1.000 1.000",-93.966,-100.820,"-100.8 -100.8 -100.8 -100.8 -100.8 -100.8 -100.8 -100.8",0.073,0,0,51,34,"-8e+01 -8e+01 -8e+01","1 0.498 1","0.073 0.048 0.023",2,2,0.01,0.00,0,0,3,0
2.200,6,1.000,1.000,0.000,3,0,-78.614,"-76.6 -79.6 -79.6","1.000 1.000 1.000",-93.966,-100.820,"-100.8 -100.8 -100.8 -100.8 -100.8 -100.8 -100.8 -100.8",0.073,0,0,54,36,"-8e+01 -8e+01 -8e+01","1 0.498 1","0.073 0.048 0.023",1,1,0.02,0.00,0,0,3,0
2.300,6,1.000,1.000,0.000,3,0,-78.495,"-76.3 -79.6 -79.6","1.000 1.000 1.000",-93.966,-100.820,"-100.8 -100.8 -100.8 -100.8 -100.8 -100.8 -100.8 -100.8",0.073,0,0,63,38,"-8e+01 -8e+01 -8e+01","1 0.498 1","0.073 0.048 0.023",6,6,0.01,0.00,0,0,3,0
2.400,6,1.000,1.000,0.000,3,0,-78.614,"-76.6 -79.6 -79.6","1.000 1.000 1.000",-93.966,-100.820,"-100.8 -100.8 -100.8 -100.8 -100.8 -100.8 -100.8 -100.8",0.073,0,0,71,41,"-8e+01 -8e+01 -8e+01","1 0.498 1","0.073 0.048 0.023",6,6,0.01,0.00,0,0,3,0
2.500,6,1.000,1.000,0.000,3,0,-78.614,"-76.6 -79.6 -79.6","1.000 1.000 1.000",-93.966,-100.820,"-100.8 -100.8 -100.8 -100.8 -100.8 -100.8 -100.8 -100.8",0.073,0,0,80,43,"-8e+01 -8e+01 -8e+01","1 0.498 1","0.073 0.048 0.023",6,6,0.01,0.00,1,0,2,0
2.600,6,1.000,1.000,0.000,3,0,-78.614,"-76.6 -79.6 -79.6","1.000 1.000 1.000",-93.966,-100.820,"-100.8 -100.8 -100.8 -100.8 -100.8 -100.8 -100.8 -100.8",0.073,0,0,88,45,"-8e+01 -8e+01 -8e+01","1 0.498 1","0.073 0.048 0.023",6,6,0.00,0.00,0,0,3,0
2.700,6,1.000,1.000,0.000,3,0,-78.614,"-76.6 -79.6 -79.6","1.000 1.000 1.000",-93.966,-100.820,"-100.8 -100.8 -100.8 -100.8 -100.8 -100.8 -100.8 -100.8",0.073,0,0,95,47,"-8e+01 -8e+01 -8e+01","1 0.498 1","0.073 0.048 0.023",6,6,0.00,0.00,0,0,3,0
2.800,6,1.000,1.000,0.000,3,0,-78.614,"-76.6 -79.6 -79.6","1.000 1.000 1.000",-93.966,-100.820,"-100.8 -100.8 -100.8 -100.8 -100.8 -100.8 -100.8 -100.8",0.073,0,0,103,49,"-8e+01 -8e+01 -8e+01","1 0.498 1","0.073 0.048 0.023",5,5,0.36,0.00,0,0,3,0
2.900,6,1.000,1.000,0.000,3,0,-78.614,"-76.6 -79.6 -79.6","1.000 1.000 1.000",-93.966,-100.820,"-100.8 -100.8 -100.8 -100.8 -100.8 -100.8 -100.8 -100.8",0.073,0,0,111,51,"-8e+01 -8e+01 -8e+01","1 0.498 1","0.073 0.048 0.023",6,6,0.01,0.00,0,0,3,0
3.000,6,1.000,1.000,0.000,3,0,-78.614,"-76.6 -79.6 -79.6","1.000 1.000 1.000",-93.966,-100.820,"-100.8 -100.8 -100.8 -100.8 -100.8 -100.8 -100.8 -100.8",0.073,0,0,119,53,"-8e+01 -8e+01 -8e+01","1 0.498 1","0.073 0.048 0.023",6,6,0.01,0.00,0,0,3,0
3.100,6,1.000,1.000,0.000,3,0,-78.614,"-76.6 -79.6 -79.6","1.000 1.000 1.000",-93.966,-100.820,"-100.8 -100.8 -100.8 -100.8 -100.8 -100.8 -100.8 -100.8",0.073,0,0,127,55,"-8e+01 -8e+01 -8e+01","1 0.498 1","0.073 0.048 0.023",6,6,0.01,0.00,0,0,3,0
3.200,6,1.000,1.000,0.000,3,0,-78.614,"-76.6 -79.6 -79.6","1.000 1.000 1.000",-93.966,-100.820,"-100.8 -100.8 -100.8 -100.8 -100.8 -100.8 -100.8 -100.8",0.073,0,0,135,57,"-8e+01 -8e+01 -8e+01","1 0.498 1","0.073 0.048 0.023",6,6,0.01,0.00,0,0,3,0
3.300,6,1.000,1.000,0.000,3,0,-78.614,"-76.6 -79.6 -79.6","1.000 1.000 1.000",-93.966,-100.820,"-100.8 -100.8 -100.8 -100.8 -100.8 -100.8 -100.8 -100.8",0.073,0,0,143,59,"-8e+01 -8e+01 -8e+01","1 0.498 1","0.073 0.048 0.023",6,6,0.01,0.00,0,0,3,0
3.400,6,1.000,1.000,0.000,3,0,-78.614,"-76.6 -79.6 -79.6","1.000 1.000 1.000",-93.966,-100.820,"-100.8 -100.8 -100.8 -100.8 -100.8 -100.8 -100.8 -100.8",0.073,0,0,151,61,"-8e+01 -8e+01 -8e+01","1 0.498 1","0.073 0.048 0.023",6,6,0.02,0.00,0,0,3,0
3.500,6,1.000,1.000,0.000,3,0,-78.614,"-76.6 -79.6 -79.6","1.000 1.000 1.000",-93.966,-100.820,"-100.8 -100.8 -100.8 -100.8 -100.8 -100.8 -100.8 -100.8",0.073,0,0,159,63,"-8e+01 -8e+01 -8e+01","1 0.498 1","0.073 0.048 0.023",6,6,0.02,0.00,0,0,3,0
3.600,6,1.000,1.000,0.000,3,0,-78.614,"-76.6 -79.6 -79.6","1.000 1.000 1.000",-93.966,-100.820,"-100.8 -100.8 -100.8 -100.8 -100.8 -100.8 -100.8 -100.8",0.073,0,0,166,65,"-8e+01 -8e+01 -8e+01","1 0.498 1","0.073 0.048 0.023",5,5,0.02,0.00,0,0,3,0
3.700,6,1.000,1.000,0.000,3,0,-78.614,"-76.6 -79.6 -79.6","1.000 1.000 1.000",-93.966,-100.820,"-100.8 -100.8 -100.8 -100.8 -100.8 -100.8 -100.8 -100.8",0.073,0,0,174,67,"-8e+01 -8e+01 -8e+01","1 0.498 1","0.073 0.048 0.023",6,6,0.00,0.00,0,0,3,0
3.800,6,1.000,1.000,0.000,3,0,-78.614,"-76.6 -79.6 -79.6","1.000 1.000 1.000",-93.966,-100.820,"-100.8 -100.8 -100.8 -100.8 -100.8 -100.8 -100.8 -100.8",0.073,0,0,182,69,"-8e+01 -8e+01 -8e+01","1 0.498 1","0.073 0.048 0.023",6,6,0.00,0.00,1,0,2,0
3.900,6,1.000,1.000,0.000,3,0,-78.614,"-76.6 -79.6 -79.6","1.000 1.000 1.000",-93.966,-100.820,"-100.8 -100.8 -100.8 -100.8 -100.8 -100.8 -100.8 -100.8",0.073,0,0,190,71,"-8e+01 -8e+01 -8e+01","1 0.498 1","0.073 0.048 0.023",6,6,0.00,0.00,0,0,3,0
4.000,6,1.000,1.000,0.000,3,0,-78.614,"-76.6 -79.6 -79.6","1.000 1.000 1.000",-93.966,-100.820,"-100.8 -100.8 -100.8 -100.8 -100.8 -100.8 -100.8 -100.8",0.073,0,0,198,73,"-8e+01 -8e+01 -8e+01","1 0.498 1","0.073 0.048 0.023",6,6,0.01,0.00,1,0,2,0
4.100,6,1.000,1.000,0.000,3,0,-78.614,"-76.6 -79.6 -79.6","1.000 1.000 1.000",-93.966,-100.820,"-100.8 -100.8 -100.8 -100.8 -100.8 -100.8 -100.8 -100.8",0.073,0,0,207,75,"-8e+01 -8e+01 -8e+01","1 0.498 1","0.073 0.048 0.023",7,7,0.01,0.00,0,0,3,0
4.200,6,1.000,1.000,0.000,3,0,-78.614,"-76.6 -79.6 -79.6","1.000 1.000 1.000",-93.966,-100.820,"-100.8 -100.8 -100.8 -100.8 -100.8 -100.8 -100.8 -100.8",0.073,0,0,215,77,"-8e+01 -8e+01 -8e+01","1 0.498 1","0.073 0.048 0.023",6,6,0.01,0.00,1,0,2,0
4.300,6,1.000,1.000,0.000,3,0,-78.614,"-76.6 -79.6 -79.6","1.000 1.000 1.000",-93.966,-100.820,"-100.8 -100.8 -100.8 -100.8 -100.8 -100.8 -100.8 -100.8",0.073,0,0,223,79,"-8e+01 -8e+01 -8e+01","1 0.498 1","0.073 0.048 0.023",6,6,0.01,0.00,0,0,3,0
4.400,6,1.000,1.000,0.000,3,0,-78.614,"-76.6 -79.6 -79.6","1.000 1.000 1.000",-93.966,-100.820,"-100.8 -100.8 -100.8 -100.8 -100.8 -100.8 -100.8 -100.8",0.073,0,0,232,83,"-8e+01 -8e+01 -8e+01","1 0.498 1","0.073 0.048 0.023",6,6,0.01,0.00,0,0,3,0
4.500,6,1.000,1.000,0.000,3,0,-78.614,"-76.6 -79.6 -79.6","1.000 1.000 1.000",-93.966,-100.820,"-100.8 -100.8 -100.8 -100.8 -100.8 -100.8 -100.8 -100.8",0.073,0,0,240,85,"-8e+01 -8e+01 -8e+01","1 0.498 1","0.073 0.048 0.023",5,5,0.39,0.00,0,0,3,0
4.600,6,1.000,1.000,0.000,3,0,-78.614,"-76.6 -79.6 -79.6","1.000 1.000 1.000",-93.966,-100.820,"-100.8 -100.8 -100.8 -100.8 -100.8 -100.8 -100.8 -100.8",0.073,0,0,248,87,"-8e+01 -8e+01 -8e+01","1 0.498 1","0.073 0.048 0.023",6,6,0.01,0.00,0,0,3,0
4.700,6,1.000,1.000,0.000,3,0,-78.614,"-76.6 -79.6 -79.6","1.000 1.000 1.000",-93.966,-100.820,"-100.8 -100.8 -100.8 -100.8 -100.8 -100.8 -100.8 -100.8",0.073,0,0,256,89,"-8e+01 -8e+01 -8e+01","1 0.498 1","0.073 0.048 0.023",6,6,0.01,0.00,1,0,2,0
4.800,6,1.000,1.000,0.000,3,0,-78.614,"-76.6 -79.6 -79.6","1.000 1.000 1.000",-93.966,-100.820,"-100.8 -100.8 -100.8 -100.8 -100.8 -100.8 -100.8 -100.8",0.073,0,0,264,91,"-8e+01 -8e+01 -8e+01","1 0.498 1","0.073 0.048 0.023",6,6,0.02,0.00,0,0,3,0
4.900,6,1.000,1.000,0.000,3,0,-78.614,"-76.6 -79.6 -79.6","1.000 1.000 1.000",-93.966,-100.820,"-100.8 -100.8 -100.8 -100.8 -100.8 -100.8 -100.8 -100.8",0.073,0,0,272,93,"-8e+01 -8e+01 -8e+01","1 0.498 1","0.073 0.048 0.023",6,6,0.02,0.00,0,0,3,0
5.000,6,1.000,1.000,0.000,3,0,-78.614,"-76.6 -79.6 -79.6","1.000 1.000 1.000",-93.966,-100.820,"-100.8 -100.8 -100.8 -100.8 -100.8 -100.8 -100.8 -100.8",0.073,0,0,280,95,"-8e+01 -8e+01 -8e+01","1 0.498 1","0.073 0.048 0.023",6,6,0.02,0.00,0,0,3,0
5.100,6,1.000,1.000,0.000,3,0,-78.614,"-76.6 -79.6 -79.6","1.000 1.000 1.000",-93.966,-100.820,"-100.8 -100.8 -100.8 -100.8 -100.8 -100.8 -100.8 -100.8",0.073,0,0,288,97,"-8e+01 -8e+01 -8e+01","1 0.498 1","0.073 0.048 0.023",6,6,0.00,0.00,0,0,3,0
5.200,6,1.000,1.000,0.000,3,0,-78.614,"-76.6 -79.6 -79.6","1.000 1.000 1.000",-93.966,-100.820,"-100.8 -100.8 -100.8 -100.8 -100.8 -100.8 -100.8 -100.8",0.073,0,0,296,99,"-8e+01 -8e+01 -8e+01","1 0.498 1","0.073 0.048 0.023",6,6,0.00,0.00,0,0,3,0
5.300,6,1.000,1.000,0.000,3,0,-78.614,"-76.6 -79.6 -79.6","1.000 1.000 1.000",-93.966,-100.820,"-100.8 -100.8 -100.8 -100.8 -100.8 -100.8 -100.8 -100.8",0.073,0,0,303,101,"-8e+01 -8e+01 -8e+01","1 0.498 1","0.073 0.048 0.023",5,5,0.00,0.00,0,0,3,0
5.400,6,1.000,1.000,0.000,3,0,-78.614,"-76.6 -79.6 -79.6","1.000 1.000 1.000",-93.966,-100.820,"-100.8 -100.8 -100.8 -100.8 -100.8 -100.8 -100.8 -100.8",0.073,0,0,311,103,"-8e+01 -8e+01 -8e+01","1 0.498 1","0.073 0.048 0.023",6,6,0.01,0.00,0,0,3,0
5.500,6,1.000,1.000,0.000,3,0,-78.614,"-76.6 -79.6 -79.6","1.000 1.000 1.000",-93.966,-100.820,"-100.8 -100.8 -100.8 -100.8 -100.8 -100.8 -100.8 -100.8",0.073,0,0,319,105,"-8e+01 -8e+01 -8e+01","1 0.498 1","0.073 0.048 0.023",6,6,0.01,0.00,1,0,2,0
5.600,6,1.000,1.000,0.000,3,0,-78.614,"-76.6 -79.6 -79.6","1.000 1.000 1.000",-93.966,-100.820,"-100.8 -100.8 -100.8 -100.8 -100.8 -100.8 -100.8 -100.8",0.073,0,0,327,107,"-8e+01 -8e+01 -8e+01","1 0.498 1","0.073 0.048 0.023",6,6,0.01,0.00,0,0,3,0
5.700,6,1.000,1.000,0.000,3,0,-78.614,"-76.6 -79.6 -79.6","1.000 1.000 1.000",-93.966,-100.820,"-100.8 -100.8 -100.8 -100.8 -100.8 -100.8 -100.8 -100.8",0.073,0,0,335,109,"-8e+01 -8e+01 -8e+01","1 0.498 1","0.073 0.048 0.023",6,6,0.01,0.00,1,0,2,0
5.800,6,1.000,1.000,0.000,3,0,-78.614,"-76.6 -79.6 -79.6","1.000 1.000 1.000",-93.966,-100.820,"-100.8 -100.8 -100.8 -100.8 -100.8 -100.8 -100.8 -100.8",0.073,0,0,343,111,"-8e+01 -8e+01 -8e+01","1 0.498 1","0.073 0.048 0.023",6,6,0.01,0.00,0,0,3,0
5.900,6,1.000,1.000,0.000,3,0,-78.614,"-76.6 -79.6 -79.6","1.000 1.000 1.000",-93.966,-100.820,"-100.8 -100.8 -100.8 -100.8 -100.8 -100.8 -100.8 -100.8",0.073,0,0,351,113,"-8e+01 -8e+01 -8e+01","1 0.498 1","0.073 0.048 0.023",6,6,0.02,0.00,1,0,2,0
6.000,6,1.000,1.000,0.000,3,0,-78.614,"-76.6 -79.6 -79.6","1.000 1.000 1.000",-93.966,-100.820,"-100.8 -100.8 -100.8 -100.8 -100.8 -100.8 -100.8 -100.8",0.073,0,0,359,115,"-8e+01 -8e+01 -8e+01","1 0.498 1","0.073 0.048 0.023",6,6,0.02,0.00,0,0,3,0
6.100,6,1.000,1.000,0.000,3,0,-78.614,"-76.6 -79.6 -79.6","1.000 1.000 1.000",-93.966,-100.820,"-100.8 -100.8 -100.8 -100.8 -100.8 -100.8 -100.8 -100.8",0.073,0,0,368,117,"-8e+01 -8e+01 -8e+01","1 0.498 1","0.073 0.048 0.023",6,6,0.02,0.00,0,0,3,0
6.200,6,1.000,1.000,0.000,3,0,-78.614,"-76.6 -79.6 -79.6","1.000 1.000 1.000",-93.966,-100.820,"-100.8 -100.8 -100.8 -100.8 -100.8 -100.8 -100.8 -100.8",0.073,0,0,375,120,"-8e+01 -8e+01 -8e+01","1 0.498 1","0.073 0.048 0.023",5,5,0.06,0.00,0,0,3,0
6.300,6,1.000,1.000,0.000,3,0,-78.614,"-76.6 -79.6 -79.6","1.000 1.000 1.000",-93.966,-100.820,"-100.8 -100.8 -100.8 -100.8 -100.8 -100.8 -100.8 -100.8",0.073,0,0,384,122,"-8e+01 -8e+01 -8e+01","1 0.498 1","0.073 0.048 0.023",6,6,0.00,0.00,0,0,3,0
6.400,6,1.000,1.000,0.000,3,0,-78.614,"-76.6 -79.6 -79.6","1.000 1.000 1.000",-93.966,-100.820,"-100.8 -100.8 -100.8 -100.8 -100.8 -100.8 -100.8 -100.8",0.073,0,0,392,124,"-8e+01 -8e+01 -8e+01","1 0.498 1","0.073 0.048 0.023",7,7,0.01,0.00,1,0,2,0
6.500,6,1.000,1.000,0.000,3,0,-78.614,"-76.6 -79.6 -79.6","1.000 1.000 1.000",-93.966,-100.820,"-100.8 -100.8 -100.8 -100.8 -100.8 -100.8 -100.8 -100.8",0.073,0,0,401,127,"-8e+01 -8e+01 -8e+01","1 0.498 1","0.073 0.048 0.023",6,6,0.01,0.00,0,0,3,0
6.600,6,1.000,1.000,0.000,3,0,-78.614,"-76.6 -79.6 -79.6","1.000 1.000 1.000",-93.966,-100.820,"-100.8 -100.8 -100.8 -100.8 -100.8 -100.8 -100.8 -100.8",0.073,0,0,409,129,"-8e+01 -8e+01 -8e+01","1 0.498 1","0.073 0.048 0.023",6,6,0.01,0.00,0,0,3,0
6.700,6,1.000,1.000,0.000,3,0,-78.614,"-76.6 -79.6 -79.6","1.000 1.000 1.000",-93.966,-100.820,"-100.8 -100.8 -100.8 -100.8 -100.8 -100.8 -100.8 -100.8",0.073,0,0,417,131,"-8e+01 -8e+01 -8e+01","1 0.498 1","0.073 0.048 0.023",6,6,0.01,0.00,0,0,3,0
6.800,6,1.000,1.000,0.000,3,0,-78.614,"-76.6 -79.6 -79.6","1.000 1.000 1.000",-93.966,-100.820,"-100.8 -100.8 -100.8 -100.8 -100.8 -100.8 -100.8 -100.8",0.073,0,0,425,133,"-8e+01 -8e+01 -8e+01","1 0.498 1","0.073 0.048 0.023",6,6,0.02,0.00,0,0,3,0
6.900,6,1.000,1.000,0.000,3,0,-78.614,"-76.6 -79.6 -79.6","1.000 1.000 1.000",-93.966,-100.820,"-100.8 -100.8 -100.8 -100.8 -100.8 -100.8 -100.8 -100.8",0.073,0,0,433,135,"-8e+01 -8e+01 -8e+01","1 0.498 1","0.073 0.048 0.023",6,6,0.02,0.00,0,0,3,0
7.000,6,1.000,1.000,0.000,3,0,-78.614,"-76.6 -79.6 -79.6","1.000 1.000 1.000",-93.966,-100.820,"-100.8 -100.8 -100.8 -100.8 -100.8 -100.8 -100.8 -100.8",0.073,0,0,440,137,"-8e+01 -8e+01 -8e+01","1 0.498 1","0.073 0.048 0.023",5,5,0.00,0.00,0,0,3,0
7.100,6,1.000,1.000,0.000,3,0,-78.614,"-76.6 -79.6 -79.6","1.000 1.000 1.000",-93.966,-100.820,"-100.8 -100.8 -100.8 -100.8 -100.8 -100.8 -100.8 -100.8",0.073,0,0,448,139,"-8e+01 -8e+01 -8e+01","1 0.498 1","0.073 0.048 0.023",6,6,0.00,0.00,0,0,3,0
7.200,6,1.000,1.000,0.000,3,0,-78.614,"-76.6 -79.6 -79.6","1.000 1.000 1.000",-93.966,-100.820,"-100.8 -100.8 -100.8 -100.8 -100.8 -100.8 -100.8 -100.8",0.073,0,0,456,141,"-8e+01 -8e+01 -8e+01","1 0.498 1","0.073 0.048 0.023",6,6,0.00,0.00,1,0,2,0
7.300,6,1.000,1.000,0.000,3,0,-78.614,"-76.6 -79.6 -79.6","1.000 1.000 1.000",-93.966,-100.820,"-100.8 -100.8 -100.8 -100.8 -100.8 -100.8 -100.8 -100.8",0.073,0,0,464,143,"-8e+01 -8e+01 -8e+01","1 0.498 1","0.073 0.048 0.023",6,6,0.00,0.00,0,0,3,0
7.400,6,1.000,1.000,0.000,3,0,-78.614,"-76.6 -79.6 -79.6","1.000 1.000 1.000",-93.966,-100.820,"-100.8 -100.8 -100.8 -100.8 -100.8 -100.8 -100.8 -100.8",0.073,0,0,472,145,"-8e+01 -8e+01 -8e+01","1 0.498 1","0.073 0.048 0.023",6,6,0.01,0.00,1,0,2,0
7.500,6,1.000,1.000,0.000,3,0,-78.614,"-76.6 -79.6 -79.6","1.000 1.000 1.000",-93.966,-100.820,"-100.8 -100.8 -100.8 -100.8 -100.8 -100.8 -100.8 -100.8",0.073,0,0,480,147,"-8e+01 -8e+01 -8e+01","1 0.498 1","0.073 0.048 0.023",6,6,0.01,0.00,0,0,3,0
7.600,6,1.000,1.000,0.000,3,0,-78.614,"-76.6 -79.6 -79.6","1.000 1.000 1.000",-93.966,-100.820,"-100.8 -100.8 -100.8 -100.8 -100.8 -100.8 -100.8 -100.8",0.073,0,0,488,149,"-8e+01 -8e+01 -8e+01","1 0.498 1","0.073 0.048 0.023",6,6,0.01,0.00,1,0,2,0
7.700,6,1.000,1.000,0.000,3,0,-78.614,"-76.6 -79.6 -79.6","1.000 1.000 1.000",-93.966,-100.820,"-100.8 -100.8 -100.8 -100.8 -100.8 -100.8 -100.8 -100.8",0.073,0,0,496,151,"-8e+01 -8e+01 -8e+01","1 0.498 1","0.073 0.048 0.023",6,6,0.01,0.00,0,0,3,0
7.800,6,1.000,1.000,0.000,3,0,-78.614,"-76.6 -79.6 -79.6","1.000 1.000 1.000",-93.966,-100.820,"-100.8 -100.8 -100.8 -100.8 -100.8 -100.8 -100.8 -100.8",0.073,0,0,504,153,"-8e+01 -8e+01 -8e+01","1 0.498 1","0.073 0.048 0.023",6,6,0.01,0.00,0,0,3,0
7.900,6,1.000,1.000,0.000,3,0,-78.614,"-76.6 -79.6 -79.6","1.000 1.000 1.000",-93.966,-100.820,"-100.8 -100.8 -100.8 -100.8 -100.8 -100.8 -100.8 -100.8",0.073,0,0,511,155,"-8e+01 -8e+01 -8e+01","1 0.498 1","0.073 0.048 0.023",5,5,0.02,0.00,0,0,3,0
8.000,6,1.000,1.000,0.000,3,0,-78.614,"-76.6 -79.6 -79.6","1.000 1.000 1.000",-93.966,-100.820,"-100.8 -100.8 -100.8 -100.8 -100.8 -100.8 -100.8 -100.8",0.073,0,0,519,157,"-8e+01 -8e+01 -8e+01","1 0.498 1","0.073 0.048 0.023",6,6,0.02,0.00,0,0,3,0
8.100,6,1.000,1.000,0.000,3,0,-78.614,"-76.6 -79.6 -79.6","1.000 1.000 1.000",-93.966,-100.820,"-100.8 -100.8 -100.8 -100.8 -100.8 -100.8 -100.8 -100.8",0.073,0,0,528,160,"-8e+01 -8e+01 -8e+01","1 0.498 1","0.073 0.048 0.023",6,6,0.02,0.00,1,0,2,0
8.200,6,1.000,1.000,0.000,3,0,-78.614,"-76.6 -79.6 -79.6","1.000 1.000 1.000",-93.966,-100.820,"-100.8 -100.8 -100.8 -100.8 -100.8 -100.8 -100.8 -100.8",0.073,0,0,536,162,"-8e+01 -8e+01 -8e+01","1 0.498 1","0.073 0.048 0.023",7,7,0.00,0.00,0,0,3,0
8.300,6,1.000,1.000,0.000,3,0,-78.614,"-76.6 -79.6 -79.6","1.000 1.000 1.000",-93.966,-100.820,"-100.8 -100.8 -100.8 -100.8 -100.8 -100.8 -100.8 -100.8",0.073,0,0,544,165,"-8e+01 -8e+01 -8e+01","1 0.498 1","0.073 0.048 0.023",6,6,0.01,0.00,1,0,2,0
8.400,6,1.000,1.000,0.000,3,0,-78.614,"-76.6 -79.6 -79.6","1.000 1.000 1.000",-93.966,-100.820,"-100.8 -100.8 -100.8 -100.8 -100.8 -100.8 -100.8 -100.8",0.073,0,0,552,168,"-8e+01 -8e+01 -8e+01","1 0.498 1","0.073 0.048 0.023",6,6,0.01,0.00,0,0,3,0
8.500,6,1.000,1.000,0.000,3,0,-78.614,"-76.6 -79.6 -79.6","1.000 1.000 1.000",-93.966,-100.820,"-100.8 -100.8 -100.8 -100.8 -100.8 -100.8 -100.8 -100.8",0.073,0,0,560,170,"-8e+01 -8e+01 -8e+01","1 0.498 1","0.073 0.048 0.023",6,6,0.01,0.00,0,0,3,0
8.600,6,1.000,1.000,0.000,3,0,-78.614,"-76.6 -79.6 -79.6","1.000 1.000 1.000",-93.966,-100.820,"-100.8 -100.8 -100.8 -100.8 -100.8 -100.8 -100.8 -100.8",0.073,0,0,569,172,"-8e+01 -8e+01 -8e+01","1 0.498 1","0.073 0.048 0.023",6,6,0.73,0.00,0,0,3,0
8.700,6,1.000,1.000,0.000,3,0,-78.614,"-76.6 -79.6 -79.6","1.000 1.000 1.000",-93.966,-100.820,"-100.8 -100.8 -100.8 -100.8 -100.8 -100.8 -100.8 -100.8",0.073,0,0,576,174,"-8e+01 -8e+01 -8e+01","1 0.498 1","0.073 0.048 0.023",5,5,0.01,0.00,0,0,3,0
8.800,6,1.000,1.000,0.000,3,0,-78.614,"-76.6 -79.6 -79.6","1.000 1.000 1.000",-93.966,-100.820,"-100.8 -100.8 -100.8 -100.8 -100.8 -100.8 -100.8 -100.8",0.073,0,0,584,176,"-8e+01 -8e+01 -8e+01","1 0.498 1","0.073 0.048 0.023",6,6,0.01,0.00,0,0,3,0
8.900,6,1.000,1.000,0.000,3,0,-78.614,"-76.6 -79.6 -79.6","1.000 1.000 1.000",-93.966,-100.820,"-100.8 -100.8 -100.8 -100.8 -100.8 -100.8 -100.8 -100.8",0.073,0,0,592,178,"-8e+01 -8e+01 -8e+01","1 0.498 1","0.073 0.048 0.023",6,6,0.02,0.00,0,0,3,0
9.000,6,1.000,1.000,0.000,3,0,-78.614,"-76.6 -79.6 -79.6","1.000 1.000 1.000",-93.966,-100.820,"-100.8 -100.8 -100.8 -100.8 -100.8 -100.8 -100.8 -100.8",0.073,0,0,600,180,"-8e+01 -8e+01 -8e+01","1 0.498 1","0.073 0.048 0.023",6,6,0.02,0.00,0,0,3,0
9.100,6,1.000,1.000,0.000,3,0,-78.614,"-76.6 -79.6 -79.6","1.000 1.000 1.000",-93.966,-100.820,"-100.8 -100.8 -100.8 -100.8 -100.8 -100.8 -100.8 -100.8",0.073,0,0,608,182,"-8e+01 -8e+01 -8e+01","1 0.498 1","0.073 0.048 0.023",6,6,0.02,0.00,1,0,2,0
9.200,6,1.000,1.000,0.000,3,0,-78.614,"-76.6 -79.6 -79.6","1.000 1.000 1.000",-93.966,-100.820,"-100.8 -100.8 -100.8 -100.8 -100.8 -100.8 -100.8 -100.8",0.073,0,0,616,184,"-8e+01 -8e+01 -8e+01","1 0.498 1","0.073 0.048 0.023",6,6,0.00,0.00,0,0,3,0
9.300,6,1.000,1.000,0.000,3,0,-78.614,"-76.6 -79.6 -79.6","1.000 1.000 1.000",-93.966,-100.820,"-100.8 -100.8 -100.8 -100.8 -100.8 -100.8 -100.8 -100.8",0.073,0,0,624,186,"-8e+01 -8e+01 -8e+01","1 0.498 1","0.073 0.048 0.023",6,6,0.00,0.00,1,0,2,0
9.400,6,1.000,1.000,0.000,3,0,-78.614,"-76.6 -79.6 -79.6","1.000 1.000 1.000",-93.966,-100.820,"-100.8 -100.8 -100.8 -100.8 -100.8 -100.8 -100.8 -100.8",0.073,0,0,632,188,"-8e+01 -8e+01 -8e+01","1 0.498 1","0.073 0.048 0.023",6,6,0.01,0.00,0,0,3,0
9.500,6,1.000,1.000,0.000,3,0,-78.614,"-76.6 -79.6 -79.6","1.000 1.000 1.000",-93.966,-100.820,"-100.8 -100.8 -100.8 -100.8 -100.8 -100.8 -100.8 -100.8",0.073,0,0,640,190,"-8e+01 -8e+01 -8e+01","1 0.498 1","0.073 0.048 0.023",6,6,0.01,0.00,0,0,3,0
9.600,6,1.000,1.000,0.000,3,0,-78.614,"-76.6 -79.6 -79.6","1.000 1.000 1.000",-93.966,-100.820,"-100.8 -100.8 -100.8 -100.8 -100.8 -100.8 -100.8 -100.8",0.073,0,0,647,192,"-8e+01 -8e+01 -8e+01","1 0.498 1","0.073 0.048 0.023",5,5,0.01,0.00,0,0,3,0
9.700,6,1.000,1.000,0.000,3,0,-78.614,"-76.6 -79.6 -79.6","1.000 1.000 1.000",-93.966,-100.820,"-100.8 -100.8 -100.8 -100.8 -100.8 -100.8 -100.8 -100.8",0.073,0,0,655,194,"-8e+01 -8e+01 -8e+01","1 0.498 1","0.073 0.048 0.023",6,6,0.01,0.00,0,0,3,0
9.800,6,1.000,1.000,0.000,3,0,-78.614,"-76.6 -79.6 -79.6","1.000 1.000 1.000",-93.966,-100.820,"-100.8 -100.8 -100.8 -100.8 -100.8 -100.8 -100.8 -100.8",0.073,0,0,663,196,"-8e+01 -8e+01 -8e+01","1 0.498 1","0.073 0.048 0.023",6,6,0.01,0.00,1,0,2,0
9.900,6,1.000,1.000,0.000,3,0,-78.614,"-76.6 -79.6 -79.6","1.000 1.000 1.000",-93.966,-100.820,"-100.8 -100.8 -100.8 -100.8 -100.8 -100.8 -100.8 -100.8",0.073,0,0,671,198,"-8e+01 -8e+01 -8e+01","1 0.498 1","0.073 0.048 0.023",6,6,0.01,0.00,0,0,3,0
10.000,6,1.000,1.000,0.000,3,0,-78.614,"-76.6 -79.6 -79.6","1.000 1.000 1.000",-93.966,-100.820,"-100.8 -100.8 -100.8 -100.8 -100.8 -100.8 -100.8 -100.8",0.073,0,0,679,200,"-8e+01 -8e+01 -8e+01","1 0.498 1","0.073 0.048 0.023",6,6,0.02,0.00,1,0,2,0
10.100,6,1.000,1.000,0.000,3,0,-78.614,"-76.6 -79.6 -79.6","1.000 1.000 1.000",-93.966,-100.820,"-100.8 -100.8 -100.8 -100.8 -100.8 -100.8 -100.8 -100.8",0.073,0,0,688,202,"-8e+01 -8e+01 -8e+01","1 0.498 1","0.073 0.048 0.023",6,6,0.02,0.00,0,0,3,0
10.200,6,1.000,1.000,0.000,3,0,-78.614,"-76.6 -79.6 -79.6","1.000 1.000 1.000",-93.966,-100.820,"-100.8 -100.8 -100.8 -100.8 -100.8 -100.8 -100.8 -100.8",0.073,0,0,698,204,"-8e+01 -8e+01 -8e+01","1 0.498 1","0.073 0.048 0.023",6,6,0.01,0.00,0,0,3,0
10.300,6,1.000,1.000,0.000,3,0,-78.614,"-76.6 -79.6 -79.6","1.000 1.000 1.000",-93.966,-100.820,"-100.8 -100.8 -100.8 -100.8 -100.8 -100.8 -100.8 -100.8",0.073,0,0,706,207,"-8e+01 -8e+01 -8e+01","1 0.498 1","0.073 0.048 0.023",6,6,0.00,0.00,0,0,3,0
10.400,6,1.000,1.000,0.000,3,0,-78.614,"-76.6 -79.6 -79.6","1.000 1.000 1.000",-93.966,-100.820,"-100.8 -100.8 -100.8 -100.8 -100.8 -100.8 -100.8 -100.8",0.073,0,0,713,210,"-8e+01 -8e+01 -8e+01","1 0.498 1","0.073 0.048 0.023",6,6,0.00,0.00,0,0,3,0
10.500,6,1.000,1.000,0.000,3,0,-78.614,"-76.6 -79.6 -79.6","1.000 1.000 1.000",-93.966,-100.820,"-100.8 -100.8 -100.8 -100.8 -100.8 -100.8 -100.8 -100.8",0.073,0,0,722,212,"-8e+01 -8e+01 -8e+01","1 0.498 1","0.073 0.048 0.023",6,6,0.01,0.00,0,0,3,0
10.600,6,1.000,1.000,0.000,3,0,-78.614,"-76.6 -79.6 -79.6","1.000 1.000 1.000",-93.966,-100.820,"-100.8 -100.8 -100.8 -100.8 -100.8 -100.8 -100.8 -100.8",0.073,0,0,730,214,"-8e+01 -8e+01 -8e+01","1 0.498 1","0.073 0.048 0.023",6,6,0.01,0.00,0,0,3,0
10.700,6,1.000,1.000,0.000,3,0,-78.614,"-76.6 -79.6 -79.6","1.000 1.000 1.000",-93.966,-100.820,"-100.8 -100.8 -100.8 -100.8 -100.8 -100.8 -100.8 -100.8",0.073,0,0,738,217,"-8e+01 -8e+01 -8e+01","1 0.498 1","0.073 0.048 0.023",6,6,0.02,0.00,0,0,3,0
10.800,6,1.000,1.000,0.000,3,0,-78.614,"-76.6 -79.6 -79.6","1.000 1.000 1.000",-93.966,-100.820,"-100.8 -100.8 -100.8 -100.8 -100.8 -100.8 -100.8 -100.8",0.073,0,0,746,219,"-8e+01 -8e+01 -8e+01","1 0.498 1","0.073 0.048 0.023",6,6,0.02,0.00,1,0,2,0
10.900,6,1.000,1.000,0.000,3,0,-78.614,"-76.6 -79.6 -79.6","1.000 1.000 1.000",-93.966,-100.820,"-100.8 -100.8 -100.8 -100.8 -100.8 -100.8 -100.8 -100.8",0.073,0,0,754,221,"-8e+01 -8e+01 -8e+01","1 0.498 1","0.073 0.048 0.023",7,7,0.00,0.00,0,0,3,0
11.000,6,1.000,1.000,0.000,3,0,-78.614,"-76.6 -79.6 -79.6","1.000 1.000 1.000",-93.966,-100.820,"-100.8 -100.8 -100.8 -100.8 -100.8 -100.8 -100.8 -100.8",0.073,0,0,762,223,"-8e+01 -8e+01 -8e+01","1 0.498 1","0.073 0.048 0.023",6,6,0.02,0.00,1,0,2,0
11.100,6,1.000,1.000,0.000,3,0,-78.614,"-76.6 -79.6 -79.6","1.000 1.000 1.000",-93.966,-100.820,"-100.8 -100.8 -100.8 -100.8 -100.8 -100.8 -100.8 -100.8",0.073,0,0,770,225,"-8e+01 -8e+01 -8e+01","1 0.498 1","0.073 0.048 0.023",6,6,0.02,0.00,0,0,3,0
11.200,6,1.000,1.000,0.000,3,0,-78.614,"-76.6 -79.6 -79.6","1.000 1.000 1.000",-93.966,-100.820,"-100.8 -100.8 -100.8 -100.8 -100.8 -100.8 -100.8 -100.8",0.073,0,0,778,227,"-8e+01 -8e+01 -8e+01","1 0.498 1","0.073 0.048 0.023",6,6,0.00,0.00,0,0,3,0
11.300,6,1.000,1.000,0.000,3,0,-78.614,"-76.6 -79.6 -79.6","1.000 1.000 1.000",-93.966,-100.820,"-100.8 -100.8 -100.8 -100.8 -100.8 -100.8 -100.8 -100.8",0.073,0,0,785,229,"-8e+01 -8e+01 -8e+01","1 0.498 1","0.073 0.048 0.023",5,5,0.00,0.00,0,0,3,0
11.400,6,1.000,1.000,0.000,3,0,-78.614,"-76.6 -79.6 -79.6","1.000 1.000 1.000",-93.966,-100.820,"-100.8 -100.8 -100.8 -100.8 -100.8 -100.8 -100.8 -100.8",0.073,0,0,793,231,"-8e+01 -8e+01 -8e+01","1 0.498 1","0.073 0.048 0.023",6,6,0.00,0.00,0,0,3,0
11.500,6,1.000,1.000,0.000,3,0,-78.614,"-76.6 -79.6 -79.6","1.000 1.000 1.000",-93.966,-100.820,"-100.8 -100.8 -100.8 -100.8 -100.8 -100.8 -100.8 -100.8",0.073,0,0,801,233,"-8e+01 -8e+01 -8e+01","1 0.498 1","0.073 0.048 0.023",6,6,0.01,0.00,1,0,2,0
11.600,6,1.000,1.000,0.000,3,0,-78.614,"-76.6 -79.6 -79.6","1.000 1.000 1.000",-93.966,-100.820,"-100.8 -100.8 -100.8 -100.8 -100.8 -100.8 -100.8 -100.8",0.073,0,0,809,235,"-8e+01 -8e+01 -8e+01","1 0.498 1","0.073 0.048 0.023",6,6,0.01,0.00,0,0,3,0
11.700,6,1.000,1.000,0.000,3,0,-78.614,"-76.6 -79.6 -79.6","1.000 1.000 1.000",-93.966,-100.820,"-100.8 -100.8 -100.8 -100.8 -100.8 -100.8 -100.8 -100.8",0.073,0,0,817,237,"-8e+01 -8e+01 -8e+01","1 0.498 1","0.073 0.048 0.023",6,6,0.01,0.00,1,0,2,0
11.800,6,1.000,1.000,0.000,3,0,-78.614,"-76.6 -79.6 -79.6","1.000 1.000 1.000",-93.966,-100.820,"-100.8 -100.8 -100.8 -100.8 -100.8 -100.8 -100.8 -100.8",0.073,0,0,825,239,"-8e+01 -8e+01 -8e+01","1 0.498 1","0.073 0.048 0.023",6,6,0.01,0.00,0,0,3,0
11.900,6,1.000,1.000,0.000,3,0,-78.614,"-76.6 -79.6 -79.6","1.000 1.000 1.000",-93.966,-100.820,"-100.8 -100.8 -100.8 -100.8 -100.8 -100.8 -100.8 -100.8",0.073,0,0,833,241,"-8e+01 -8e+01 -8e+01","1 0.498 1","0.073 0.048 0.023",6,6,0.01,0.00,1,0,2,0
12.000,6,1.000,1.000,0.000,3,0,-78.614,"-76.6 -79.6 -79.6","1.000 1.000 1.000",-93.966,-100.820,"-100.8 -100.8 -100.8 -100.8 -100.8 -100.8 -100.8 -100.8",0.073,0,0,841,243,"-8e+01 -8e+01 -8e+01","1 0.498 1","0.073 0.048 0.023",6,6,0.02,0.00,0,0,3,0
12.100,6,1.000,1.000,0.000,3,0,-78.614,"-76.6 -79.6 -79.6","1.000 1.000 1.000",-93.966,-100.820,"-100.8 -100.8 -100.8 -100.8 -100.8 -100.8 -100.8 -100.8",0.073,0,0,848,245,"-8e+01 -8e+01 -8e+01","1 0.498 1","0.073 0.048 0.023",5,5,0.02,0.00,0,0,3,0
12.200,6,1.000,1.000,0.000,3,0,-78.614,"-76.6 -79.6 -79.6","1.000 1.000 1.000",-93.966,-100.820,"-100.8 -100.8 -100.8 -100.8 -100.8 -100.8 -100.8 -100.8",0.073,0,0,856,248,"-8e+01 -8e+01 -8e+01","1 0.498 1","0.073 0.048 0.023",6,6,0.02,0.00,0,0,3,0
12.300,6,1.000,1.000,0.000,3,0,-78.614,"-76.6 -79.6 -79.6","1.000 1.000 1.000",-93.966,-100.820,"-100.8 -100.8 -100.8 -100.8 -100.8 -100.8 -100.8 -100.8",0.073,0,0,864,250,"-8e+01 -8e+01 -8e+01","1 0.498 1","0.073 0.048 0.023",6,6,0.02,0.00,0,0,3,0
12.400,6,1.000,1.000,0.000,3,0,-78.614,"-76.6 -79.6 -79.6","1.000 1.000 1.000",-93.966,-100.820,"-100.8 -100.8 -100.8 -100.8 -100.8 -100.8 -100.8 -100.8",0.073,0,0,874,253,"-8e+01 -8e+01 -8e+01","1 0.498 1","0.073 0.048 0.023",6,6,0.00,0.00,0,0,3,0
12.500,6,1.000,1.000,0.000,3,0,-78.614,"-76.6 -79.6 -79.6","1.000 1.000 1.000",-93.966,-100.820,"-100.8 -100.8 -100.8 -100.8 -100.8 -100.8 -100.8 -100.8",0.073,0,0,883,255,"-8e+01 -8e+01 -8e+01","1 0.498 1","0.073 0.048 0.023",7,7,0.01,0.00,0,0,3,0
12.600,6,1.000,1.000,0.000,3,0,-78.614,"-76.6 -79.6 -79.6","1.000 1.000 1.000",-93.966,-100.820,"-100.8 -100.8 -100.8 -100.8 -100.8 -100.8 -100.8 -100.8",0.073,0,0,891,257,"-8e+01 -8e+01 -8e+01","1 0.0314 1","0.073 0.048 0.023",6,6,0.01,0.00,0,0,3,0
12.700,6,1.000,1.000,0.000,3,0,-78.614,"-76.6 -79.6 -79.6","1.000 1.000 1.000",-93.966,-100.820,"-100.8 -100.8 -100.8 -100.8 -100.8 -100.8 -100.8 -100.8",0.073,0,0,899,259,"-8e+01 -8e+01 -8e+01","1 0.0314 1","0.073 0.048 0.023",6,6,0.01,0.00,1,0,2,0
12.800,6,1.000,1.000,0.000,3,0,-78.614,"-76.6 -79.6 -79.6","1.000 1.000 1.000",-93.966,-100.820,"-100.8 -100.8 -100.8 -100.8 -100.8 -100.8 -100.8 -100.8",0.073,0,0,907,261,"-8e+01 -8e+01 -8e+01","1 0.0314 1","0.073 0.048 0.023",6,6,0.01,0.00,0,0,3,0
12.900,6,1.000,1.000,0.000,3,0,-78.614,"-76.6 -79.6 -79.6","1.000 1.000 1.000",-93.966,-100.820,"-100.8 -100.8 -100.8 -100.8 -100.8 -100.8 -100.8 -100.8",0.073,0,0,915,263,"-8e+01 -8e+01 -8e+01","1 0.0314 1","0.073 0.048 0.023",6,6,0.01,0.00,0,0,3,0
13.000,6,1.000,1.000,0.000,3,0,-78.614,"-76.6 -79.6 -79.6","1.000 1.000 1.000",-93.966,-100.820,"-100.8 -100.8 -100.8 -100.8 -100.8 -100.8 -100.8 -100.8",0.073,0,0,922,265,"-8e+01 -8e+01 -8e+01","1 0.0314 1","0.073 0.048 0.023",5,5,0.02,0.00,0,0,3,0
13.100,6,1.000,1.000,0.000,3,0,-78.614,"-76.6 -79.6 -79.6","1.000 1.000 1.000",-93.966,-100.820,"-100.8 -100.8 -100.8 -100.8 -100.8 -100.8 -100.8 -100.8",0.073,0,0,930,267,"-8e+01 -8e+01 -8e+01","1 0.0314 1","0.073 0.048 0.023",6,6,0.02,0.00,0,0,3,0
13.200,6,1.000,1.000,0.000,3,0,-78.614,"-76.6 -79.6 -79.6","1.000 1.000 1.000",-93.966,-100.820,"-100.8 -100.8 -100.8 -100.8 -100.8 -100.8 -100.8 -100.8",0.073,0,0,938,269,"-8e+01 -8e+01 -8e+01","1 0.0314 1","0.073 0.048 0.023",6,6,0.02,0.00,1,0,2,0
13.300,6,1.000,1.000,0.000,3,0,-78.614,"-76.6 -79.6 -79.6","1.000 1.000 1.000",-93.966,-100.820,"-100.8 -100.8 -100.8 -100.8 -100.8 -100.8 -100.8 -100.8",0.073,0,0,946,271,"-8e+01 -8e+01 -8e+01","1 0.0314 1","0.073 0.048 0.023",6,6,0.00,0.00,0,0,3,0
13.400,6,1.000,1.000,0.000,3,0,-78.614,"-76.6 -79.6 -79.6","1.000 1.000 1.000",-93.966,-100.820,"-100.8 -100.8 -100.8 -100.8 -100.8 -100.8 -100.8 -100.8",0.073,0,0,954,273,"-8e+01 -8e+01 -8e+01","1 0.0314 1","0.073 0.048 0.023",6,6,0.00,0.00,1,0,2,0
13.500,6,1.000,1.000,0.000,3,0,-78.614,"-76.6 -79.6 -79.6","1.000 1.000 1.000",-93.966,-100.820,"-100.8 -100.8 -100.8 -100.8 -100.8 -100.8 -100.8 -100.8",0.073,0,0,962,275,"-8e+01 -8e+01 -8e+01","1 0.0314 1","0.073 0.048 0.023",6,6,0.00,0.00,0,0,3,0
13.600,6,1.000,1.000,0.000,3,0,-78.614,"-76.6 -79.6 -79.6","1.000 1.000 1.000",-93.966,-100.820,"-100.8 -100.8 -100.8 -100.8 -100.8 -100.8 -100.8 -100.8",0.073,0,0,970,277,"-8e+01 -8e+01 -8e+01","1 0.0314 1","0.073 0.048 0.023",6,6,0.01,0.00,1,0,2,0
13.700,6,1.000,1.000,0.000,3,0,-78.614,"-76.6 -79.6 -79.6","1.000 1.000 1.000",-93.966,-100.820,"-100.8 -100.8 -100.8 -100.8 -100.8 -100.8 -100.8 -100.8",0.073,0,0,978,279,"-8e+01 -8e+01 -8e+01","1 0.0314 1","0.073 0.048 0.023",6,6,0.01,0.00,0,0,3,0
13.800,6,1.000,1.000,0.000,3,0,-78.614,"-76.6 -79.6 -79.6","1.000 1.000 1.000",-93.966,-100.820,"-100.8 -100.8 -100.8 -100.8 -100.8 -100.8 -100.8 -100.8",0.073,0,0,985,281,"-8e+01 -8e+01 -8e+01","1 0.0314 1","0.073 0.048 0.023",5,5,0.01,0.00,0,0,3,0
13.900,6,1.000,1.000,0.000,3,0,-78.614,"-76.6 -79.6 -79.6","1.000 1.000 1.000",-93.966,-100.820,"-100.8 -100.8 -100.8 -100.8 -100.8 -100.8 -100.8 -100.8",0.073,0,0,993,283,"-8e+01 -8e+01 -8e+01","1 0.0314 1","0.073 0.048 0.023",6,6,0.01,0.00,0,0,3,0
14.000,6,1.000,1.000,0.000,3,0,-78.614,"-76.6 -79.6 -79.6","1.000 1.000 1.000",-93.966,-100.820,"-100.8 -100.8 -100.8 -100.8 -100.8 -100.8 -100.8 -100.8",0.073,0,0,1001,285,"-8e+01 -8e+01 -8e+01","1 0.0314 1","0.073 0.048 0.023",6,6,0.01,0.00,0,0,3,0
14.100,6,1.000,1.000,0.000,3,0,-78.614,"-76.6 -79.6 -79.6","1.000 1.000 1.000",-93.966,-100.820,"-100.8 -100.8 -100.8 -100.8 -100.8 -100.8 -100.8 -100.8",0.073,0,0,1009,287,"-8e+01 -8e+01 -8e+01","1 0.0314 1","0.073 0.048 0.023",6,6,0.01,0.00,0,0,3,0
14.200,6,1.000,1.000,0.000,3,0,-78.614,"-76.6 -79.6 -79.6","1.000 1.000 1.000",-93.966,-100.820,"-100.8 -100.8 -100.8 -100.8 -100.8 -100.8 -100.8 -100.8",0.073,0,0,1017,289,"-8e+01 -8e+01 -8e+01","1 0.0314 1","0.073 0.048 0.023",6,6,0.02,0.00,0,0,3,0
14.300,6,1.000,1.000,0.000,3,0,-78.614,"-76.6 -79.6 -79.6","1.000 1.000 1.000",-93.966,-100.820,"-100.8 -100.8 -100.8 -100.8 -100.8 -100.8 -100.8 -100.8",0.073,0,0,1027,292,"-8e+01 -8e+01 -8e+01","1 0.0314 1","0.073 0.048 0.023",7,7,0.02,0.00,0,0,3,0
14.400,6,1.000,1.000,0.000,3,0,-78.614,"-76.6 -79.6 -79.6","1.000 1.000 1.000",-93.966,-100.820,"-100.8 -100.8 -100.8 -100.8 -100.8 -100.8 -100.8 -100.8",0.073,0,0,1036,294,"-8e+01 -8e+01 -8e+01","1 0.0353 1","0.073 0.048 0.023",6,6,0.00,0.00,1,0,2,0
14.500,6,1.000,1.000,0.000,3,0,-78.614,"-76.6 -79.6 -79.6","1.000 1.000 1.000",-93.966,-100.820,"-100.8 -100.8 -100.8 -100.8 -100.8 -100.8 -100.8 -100.8",0.073,0,0,1044,297,"-8e+01 -8e+01 -8e+01","1 0.0353 1","0.073 0.048 0.023",6,6,0.00,0.00,0,0,3,0
14.600,6,1.000,1.000,0.000,3,0,-78.614,"-76.6 -79.6 -79.6","1.000 1.000 1.000",-93.966,-100.820,"-100.8 -100.8 -100.8 -100.8 -100.8 -100.8 -100.8 -100.8",0.073,0,0,1052,299,"-8e+01 -8e+01 -8e+01","1 0.0353 1","0.073 0.048 0.023",6,6,0.01,0.00,0,0,3,0
14.700,6,1.000,1.000,0.000,3,0,-78.614,"-76.6 -79.6 -79.6","1.000 1.000 1.000",-93.966,-100.820,"-100.8 -100.8 -100.8 -100.8 -100.8 -100.8 -100.8 -100.8",0.073,0,0,1059,301,"-8e+01 -8e+01 -8e+01","1 0.0353 1","0.073 0.048 0.023",5,5,0.01,0.00,0,0,3,0
14.800,6,1.000,1.000,0.000,3,0,-78.614,"-76.6 -79.6 -79.6","1.000 1.000 1.000",-93.966,-100.820,"-100.8 -100.8 -100.8 -100.8 -100.8 -100.8 -100.8 -100.8",0.073,0,0,1067,303,"-8e+01 -8e+01 -8e+01","1 0.0353 1","0.073 0.048 0.023",6,6,0.01,0.00,0,0,3,0
14.900,6,1.000,1.000,0.000,3,0,-78.614,"-76.6 -79.6 -79.6","1.000 1.000 1.000",-93.966,-100.820,"-100.8 -100.8 -100.8 -100.8 -100.8 -100.8 -100.8 -100.8",0.073,0,0,1075,305,"-8e+01 -8e+01 -8e+01","1 0.0353 1","0.073 0.048 0.023",6,6,0.01,0.00,1,0,2,0
15.000,6,1.000,1.000,0.000,3,0,-78.614,"-76.6 -79.6 -79.6","1.000 1.000 1.000",-93.966,-100.820,"-100.8 -100.8 -100.8 -100.8 -100.8 -100.8 -100.8 -100.8",0.073,0,0,1083,307,"-8e+01 -8e+01 -8e+01","1 0.0353 1","0.073 0.048 0.023",6,6,0.01,0.00,0,0,3,0
15.100,6,1.000,1.000,0.000,3,0,-78.614,"-76.6 -79.6 -79.6","1.000 1.000 1.000",-93.966,-100.820,"-100.8 -100.8 -100.8 -100.8 -100.8 -100.8 -100.8 -100.8",0.073,0,0,1092,309,"-8e+01 -8e+01 -8e+01","1 0.0353 1","0.073 0.048 0.023",6,6,0.02,0.00,1,0,2,0
15.200,6,1.000,1.000,0.000,3,0,-78.614,"-76.6 -79.6 -79.6","1.000 1.000 1.000",-93.966,-100.820,"-100.8 -100.8 -100.8 -100.8 -100.8 -100.8 -100.8 -100.8",0.073,0,0,1100,311,"-8e+01 -8e+01 -8e+01","1 0.0353 1","0.073 0.048 0.023",6,6,0.00,0.00,0,0,3,0
15.300,6,1.000,1.000,0.000,3,0,-78.614,"-76.6 -79.6 -79.6","1.000 1.000 1.000",-93.966,-100.820,"-100.8 -100.8 -100.8 -100.8 -100.8 -100.8 -100.8 -100.8",0.073,0,0,1108,313,"-8e+01 -8e+01 -8e+01","1 0.0353 1","0.073 0.048 0.023",6,6,0.01,0.00,1,0,2,0
15.400,6,1.000,1.000,0.000,3,0,-78.614,"-76.6 -79.6 -79.6","1.000 1.000 1.000",-93.966,-100.820,"-100.8 -100.8 -100.8 -100.8 -100.8 -100.8 -100.8 -100.8",0.073,0,0,1116,315,"-8e+01 -8e+01 -8e+01","1 0.0353 1","0.073 0.048 0.023",7,7,0.01,0.00,0,0,3,0
15.500,6,1.000,1.000,0.000,3,0,-78.614,"-76.6 -79.6 -79.6","1.000 1.000 1.000",-93.966,-100.820,"-100.8 -100.8 -100.8 -100.8 -100.8 -100.8 -100.8 -100.8",0.073,0,0,1124,318,"-8e+01 -8e+01 -8e+01","1 0.0353 1","0.073 0.048 0.023",6,6,0.00,0.00,0,0,3,0
15.600,6,1.000,1.000,0.000,3,0,-78.614,"-76.6 -79.6 -79.6","1.000 1.000 1.000",-93.966,-100.820,"-100.8 -100.8 -100.8 -100.8 -100.8 -100.8 -100.8 -100.8",0.073,0,0,1132,320,"-8e+01 -8e+01 -8e+01","1 0.0353 1","0.073 0.048 0.023",5,5,0.46,0.00,0,0,3,0
15.700,6,1.000,1.000,0.000,3,0,-78.614,"-76.6 -79.6 -79.6","1.000 1.000 1.000",-93.966,-100.820,"-100.8 -100.8 -100.8 -100.8 -100.8 -100.8 -100.8 -100.8",0.073,0,0,1140,322,"-8e+01 -8e+01 -8e+01","1 0.0353 1","0.073 0.048 0.023",6,6,0.00,0.00,0,0,3,0
15.800,6,1.000,1.000,0.000,3,0,-78.614,"-76.6 -79.6 -79.6","1.000 1.000 1.000",-93.966,-100.820,"-100.8 -100.8 -100.8 -100.8 -100.8 -100.8 -100.8 -100.8",0.073,0,0,1148,324,"-8e+01 -8e+01 -8e+01","1 0.0353 1","0.073 0.048 0.023",6,6,0.00,0.00,0,0,3,0
15.900,6,1.000,1.000,0.000,3,0,-78.614,"-76.6 -79.6 -79.6","1.000 1.000 1.000",-93.966,-100.820,"-100.8 -100.8 -100.8 -100.8 -100.8 -100.8 -100.8 -100.8",0.073,0,0,1157,326,"-8e+01 -8e+01 -8e+01","1 0.0353 1","0.073 0.048 0.023",6,6,0.01,0.00,0,0,3,0
16.000,6,1.000,1.000,0.000,3,0,-78.614,"-76.6 -79.6 -79.6","1.000 1.000 1.000",-93.966,-100.820,"-100.8 -100.8 -100.8 -100.8 -100.8 -100.8 -100.8 -100.8",0.073,0,0,1165,328,"-8e+01 -8e+01 -8e+01","1 0.0353 1","0.073 0.048 0.023",6,6,0.00,0.00,0,0,3,0
16.100,6,1.000,1.000,0.000,3,0,-78.614,"-76.6 -79.6 -79.6","1.000 1.000 1.000",-93.966,-100.820,"-100.8 -100.8 -100.8 -100.8 -100.8 -100.8 -100.8 -100.8",0.073,0,0,1175,330,"-8e+01 -8e+01 -8e+01","1 0.0353 1","0.073 0.048 0.023",6,6,0.01,0.00,0,0,3,0
16.200,6,1.000,1.000,0.000,3,0,-78.614,"-76.6 -79.6 -79.6","1.000 1.000 1.000",-93.966,-100.820,"-100.8 -100.8 -100.8 -100.8 -100.8 -100.8 -100.8 -100.8",0.073,0,0,1183,333,"-8e+01 -8e+01 -8e+01","1 0.0353 1","0.073 0.048 0.023",6,6,0.00,0.00,0,0,3,0
16.300,6,1.000,1.000,0.000,3,0,-78.614,"-76.6 -79.6 -79.6","1.000 1.000 1.000",-93.966,-100.820,"-100.8 -100.8 -100.8 -100.8 -100.8 -100.8 -100.8 -100.8",0.073,0,0,1191,336,"-8e+01 -8e+01 -8e+01","1 0.0353 1","0.073 0.048 0.023",7,7,0.01,0.00,0,0,3,0
16.400,6,1.000,1.000,0.000,3,0,-78.614,"-76.6 -79.6 -79.6","1.000 1.000 1.000",-93.966,-100.820,"-100.8 -100.8 -100.8 -100.8 -100.8 -100.8 -100.8 -100.8",0.073,0,0,1198,338,"-8e+01 -8e+01 -8e+01","1 0.0353 1","0.073 0.048 0.023",5,5,0.00,0.00,0,0,3,0
16.500,6,1.000,1.000,0.000,3,0,-78.614,"-76.6 -79.6 -79.6","1.000 1.000 1.000",-93.966,-100.820,"-100.8 -100.8 -100.8 -100.8 -100.8 -100.8 -100.8 -100.8",0.073,0,0,1207,340,"-8e+01 -8e+01 -8e+01","1 0.0353 1","0.073 0.048 0.023",6,6,0.00,0.00,0,0,3,0
16.600,6,1.000,1.000,0.000,3,0,-78.614,"-76.6 -79.6 -79.6","1.000 1.000 1.000",-93.966,-100.820,"-100.8 -100.8 -100.8 -100.8 -100.8 -100.8 -100.8 -100.8",0.073,0,0,1215,342,"-8e+01 -8e+01 -8e+01","1 0.0353 1","0.073 0.048 0.023",6,6,0.00,0.00,1,0,2,0
16.700,6,1.000,1.000,0.000,3,0,-78.614,"-76.6 -79.6 -79.6","1.000 1.000 1.000",-93.966,-100.820,"-100.8 -100.8 -100.8 -100.8 -100.8 -100.8 -100.8 -100.8",0.073,0,0,1223,344,"-8e+01 -8e+01 -8e+01","1 0.0353 1","0.073 0.048 0.023",6,6,0.00,0.00,0,0,3,0
16.800,6,1.000,1.000,0.000,3,0,-78.614,"-76.6 -79.6 -79.6","1.000 1.000 1.000",-93.966,-100.820,"-100.8 -100.8 -100.8 -100.8 -100.8 -100.8 -100.8 -100.8",0.073,0,0,1231,346,"-8e+01 -8e+01 -8e+01","1 0.0353 1","0.073 0.048 0.023",6,6,0.01,0.00,1,0,2,0
16.900,6,1.000,1.000,0.000,3,0,-78.614,"-76.6 -79.6 -79.6","1.000 1.000 1.000",-93.966,-100.820,"-100.8 -100.8 -100.8 -100.8 -100.8 -100.8 -100.8 -100.8",0.073,0,0,1239,348,"-8e+01 -8e+01 -8e+01","1 0.0353 1","0.073 0.048 0.023",6,6,0.01,0.00,0,0,3,0
17.000,6,1.000,1.000,0.000,3,0,-78.614,"-76.6 -79.6 -79.6","1.000 1.000 1.000",-93.966,-100.820,"-100.8 -100.8 -100.8 -100.8 -100.8 -100.8 -100.8 -100.8",0.073,0,0,1247,350,"-8e+01 -8e+01 -8e+01","1 0.0353 1","0.073 0.048 0.023",6,6,0.01,0.00,1,0,2,0
17.100,6,1.000,1.000,0.000,3,0,-78.614,"-76.6 -79.6 -79.6","1.000 1.000 1.000",-93.966,-100.820,"-100.8 -100.8 -100.8 -100.8 -100.8 -100.8 -100.8 -100.8",0.073,0,0,1255,352,"-8e+01 -8e+01 -8e+01","1 0.0353 1","0.073 0.048 0.023",6,6,0.01,0.00,0,0,3,0
17.200,6,1.000,1.000,0.000,3,0,-78.614,"-76.6 -79.6 -79.6","1.000 1.000 1.000",-93.966,-100.820,"-100.8 -100.8 -100.8 -100.8 -100.8 -100.8 -100.8 -100.8",0.073,0,0,1262,354,"-8e+01 -8e+01 -8e+01","1 0.0353 1","0.073 0.048 0.023",6,6,0.01,0.00,0,0,3,0
17.300,6,1.000,1.000,0.000,3,0,-78.614,"-76.6 -79.6 -79.6","1.000 1.000 1.000",-93.966,-100.820,"-100.8 -100.8 -100.8 -100.8 -100.8 -100.8 -100.8 -100.8",0.073,0,0,1270,356,"-8e+01 -8e+01 -8e+01","1 0.0353 1","0.073 0.048 0.023",5,5,0.40,0.00,0,0,3,0
17.400,6,1.000,1.000,0.000,3,0,-78.614,"-76.6 -79.6 -79.6","1.000 1.000 1.000",-93.966,-100.820,"-100.8 -100.8 -100.8 -100.8 -100.8 -100.8 -100.8 -100.8",0.073,0,0,1278,358,"-8e+01 -8e+01 -8e+01","1 0.0353 1","0.073 0.048 0.023",6,6,0.02,0.00,0,0,3,0
17.500,6,1.000,1.000,0.000,3,0,-78.614,"-76.6 -79.6 -79.6","1.000 1.000 1.000",-93.966,-100.820,"-100.8 -100.8 -100.8 -100.8 -100.8 -100.8 -100.8 -100.8",0.073,0,0,1286,360,"-8e+01 -8e+01 -8e+01","1 0.0353 1","0.073 0.048 0.023",6,6,0.02,0.00,0,0,3,0
17.600,6,1.000,1.000,0.000,3,0,-78.614,"-76.6 -79.6 -79.6","1.000 1.000 1.000",-93.966,-100.820,"-100.8 -100.8 -100.8 -100.8 -100.8 -100.8 -100.8 -100.8",0.073,0,0,1294,362,"-8e+01 -8e+01 -8e+01","1 0.0353 1","0.073 0.048 0.023",6,6,0.00,0.00,0,0,3,0
17.700,6,1.000,1.000,0.000,3,0,-78.614,"-76.6 -79.6 -79.6","1.000 1.000 1.000",-93.966,-100.820,"-100.8 -100.8 -100.8 -100.8 -100.8 -100.8 -100.8 -100.8",0.073,0,0,1302,364,"-8e+01 -8e+01 -8e+01","1 0.0353 1","0.073 0.048 0.023",6,6,0.00,0.00,0,0,3,0
17.800,6,1.000,1.000,0.000,3,0,-78.614,"-76.6 -79.6 -79.6","1.000 1.000 1.000",-93.966,-100.820,"-100.8 -100.8 -100.8 -100.8 -100.8 -100.8 -100.8 -100.8",0.073,0,0,1310,366,"-8e+01 -8e+01 -8e+01","1 0.0353 1","0.073 0.048 0.023",6,6,0.00,0.00,0,0,3,0
17.900,6,1.000,1.000,0.000,3,0,-78.614,"-76.6 -79.6 -79.6","1.000 1.000 1.000",-93.966,-100.820,"-100.8 -100.8 -100.8 -100.8 -100.8 -100.8 -100.8 -100.8",0.073,0,0,1318,368,"-8e+01 -8e+01 -8e+01","1 0.0353 1","0.073 0.048 0.023",6,6,0.01,0.00,0,0,3,0
18.000,6,1.000,1.000,0.000,3,0,-78.614,"-76.6 -79.6 -79.6","1.000 1.000 1.000",-93.966,-100.820,"-100.8 -100.8 -100.8 -100.8 -100.8 -100.8 -100.8 -100.8",0.073,0,0,1326,370,"-8e+01 -8e+01 -8e+01","1 0.0353 1","0.073 0.048 0.023",6,6,0.01,0.00,0,0,3,0
18.100,6,1.000,1.000,0.000,3,0,-78.376,"-76.6 -79.3 -79.3","1.000 1.000 1.000",-93.966,-100.820,"-100.8 -100.8 -100.8 -100.8 -100.8 -100.8 -100.8 -100.8",0.073,8,8,1381,381,"-8e+01 -8e+01 -8e+01","1 0.0353 1","0.073 0.048 0.023",45,45,0.01,0.00,2,0,1,0
18.200,6,1.000,1.000,0.000,3,0,-78.376,"-76.6 -79.3 -79.3","1.000 1.000 1.000",-93.966,-100.820,"-100.8 -100.8 -100.8 -100.8 -100.8 -100.8 -100.8 -100.8",0.073,16,8,1427,403,"-8e+01 -8e+01 -8e+01","1 0.0353 1","0.073 0.048 0.023",43,43,0.01,0.00,1,0,2,0
18.300,6,1.000,1.000,0.000,3,0,-78.376,"-76.6 -79.3 -79.3","1.000 1.000 1.000",-93.966,-100.820,"-100.8 -100.8 -100.8 -100.8 -100.8 -100.8 -100.8 -100.8",0.073,24,8,1472,407,"-8e+01 -8e+01 -8e+01","1 0.0353 1","0.073 0.048 0.023",44,44,0.01,0.00,3,0,0,0
18.400,6,1.000,1.000,0.000,3,0,-78.376,"-76.6 -79.3 -79.3","1.000 1.000 1.000",-93.966,-100.820,"-100.8 -100.8 -100.8 -100.8 -100.8 -100.8 -100.8 -100.8",0.073,32,8,1518,414,"-8e+01 -8e+01 -8e+01","1 0.0353 1","0.073 0.048 0.023",43,43,0.01,0.00,2,0,1,0
18.500,6,1.000,1.000,0.000,3,0,-78.376,"-76.6 -79.3 -79.3","1.000 1.000 1.000",-93.966,-100.820,"-100.8 -100.8 -100.8 -100.8 -100.8 -100.8 -100.8 -100.8",0.073,40,8,1564,419,"-8e+01 -8e+01 -8e+01","1 0.0353 1","0.073 0.048 0.023",43,43,0.01,0.00,2,0,1,0
18.600,6,1.000,1.000,0.000,3,0,-78.376,"-76.6 -79.3 -79.3","1.000 1.000 1.000",-93.966,-100.820,"-100.8 -100.8 -100.8 -100.8 -100.8 -100.8 -100.8 -100.8",0.073,48,8,1609,423,"-8e+01 -8e+01 -8e+01","1 0.0353 1","0.073 0.048 0.023",43,43,0.01,0.00,2,0,1,0
18.700,6,1.000,1.000,0.000,3,0,-78.376,"-76.6 -79.3 -79.3","1.000 1.000 1.000",-93.966,-100.820,"-100.8 -100.8 -100.8 -100.8 -100.8 -100.8 -100.8 -100.8",0.073,56,8,1654,426,"-8e+01 -8e+01 -8e+01","1 0.0353 1","0.073 0.048 0.023",43,43,0.00,0.00,3,0,0,0
18.800,6,1.000,1.000,0.000,3,0,-78.376,"-76.6 -79.3 -79.3","1.000 1.000 1.000",-93.966,-100.820,"-100.8 -100.8 -100.8 -100.8 -100.8 -100.8 -100.8 -100.8",0.073,64,8,1700,430,"-8e+01 -8e+01 -8e+01","1 0.0353 1","0.073 0.048 0.023",44,44,0.24,0.00,2,0,1,0
18.900,6,0.939,0.909,0.043,3,0,-78.376,"-76.6 -79.3 -79.3","1.000 0.909 0.909",-93.966,-100.820,"-100.8 -100.8 -100.8 -100.8 -100.8 -100.8 -100.8 -100.8",0.123,72,8,1743,450,"-8e+01 -8e+01 -8e+01","1 0.0353 1","0.073 0.15 0.12",42,42,0.02,0.00,0,0,1,0
19.000,6,0.909,0.909,0.000,3,0,-78.376,"-76.6 -79.3 -79.3","0.909 0.909 0.909",-93.966,-100.820,"-100.8 -100.8 -100.8 -100.8 -100.8 -100.8 -100.8 -100.8",0.173,80,8,1786,456,"-8e+01 -8e+01 -8e+01","1 0.0353 1","0.17 0.048 0.023",41,41,0.09,0.00,4,2,0,0
19.100,6,0.909,0.909,0.000,3,0,-78.376,"-76.6 -79.3 -79.3","0.909 0.909 0.909",-93.966,-100.820,"-100.8 -100.8 -100.8 -100.8 -100.8 -100.8 -100.8 -100.8",0.073,88,8,1832,461,"-8e+01 -8e+01 -8e+01","1 0.0431 1","0.073 0.048 0.023",43,43,0.00,0.00,3,1,1,0
19.200,6,0.909,0.909,0.000,3,0,-78.376,"-76.6 -79.3 -79.3","0.909 0.909 0.909",-93.966,-100.820,"-100.8 -100.8 -100.8 -100.8 -100.8 -100.8 -100.8 -100.8",0.073,96,8,1879,483,"-8e+01 -8e+01 -8e+01","1 0.0431 1","0.073 0.048 0.019",41,41,0.01,0.00,2,0,1,0
19.300,6,0.909,0.909,0.000,3,0,-78.376,"-76.6 -79.3 -79.3","0.909 0.909 0.909",-93.966,-100.820,"-100.8 -100.8 -100.8 -100.8 -100.8 -100.8 -100.8 -100.8",0.073,104,8,1924,487,"-8e+01 -8e+01 -8e+01","1 0.0471 1","0.073 0.048 0.023",43,43,0.01,0.00,2,0,1,0
19.400,6,0.909,0.909,0.000,3,0,-78.376,"-76.6 -79.3 -79.3","0.909 0.909 0.909",-93.966,-100.820,"-100.8 -100.8 -100.8 -100.8 -100.8 -100.8 -100.8 -100.8",0.073,112,8,1970,490,"-8e+01 -8e+01 -8e+01","1 0.0471 1","0.073 0.048 0.023",44,44,0.01,0.00,2,0,1,0
19.500,6,0.909,0.909,0.000,3,0,-78.376,"-76.6 -79.3 -79.3","0.909 0.909 0.909",-93.966,-100.820,"-100.8 -100.8 -100.8 -100.8 -100.8 -100.8 -100.8 -100.8",0.073,120,8,2015,495,"-8e+01 -8e+01 -8e+01","1 0.051 1","0.073 0.048 0.023",42,42,0.00,0.00,1,0,2,0
19.600,6,0.909,0.909,0.000,3,0,-78.376,"-76.6 -79.3 -79.3","0.909 0.909 0.909",-93.966,-100.820,"-100.8 -100.8 -100.8 -100.8 -100.8 -100.8 -100.8 -100.8",0.073,128,8,2060,499,"-8e+01 -8e+01 -8e+01","1 0.051 1","0.073 0.048 0.023",43,43,0.02,0.00,2,0,1,0
19.700,6,0.909,0.909,0.000,3,0,-78.376,"-76.6 -79.3 -79.3","0.909 0.909 0.909",-93.966,-100.820,"-100.8 -100.8 -100.8 -100.8 -100.8 -100.8 -100.8 -100.8",0.073,136,8,2106,508,"-8e+01 -8e+01 -8e+01","1 0.051 1","0.073 0.048 0.023",39,39,0.02,0.00,2,0,1,0
19.800,6,0.909,0.909,0.000,3,0,-78.376,"-76.6 -79.3 -79.3","0.909 0.909 0.909",-93.966,-100.820,"-100.8 -100.8 -100.8 -100.8 -100.8 -100.8 -100.8 -100.8",0.073,144,8,2151,513,"-8e+01 -8e+01 -8e+01","1 0.051 1","0.073 0.048 0.023",42,42,0.35,0.00,2,0,1,0
19.900,6,0.879,0.818,0.043,3,0,-78.376,"-76.6 -79.3 -79.3","0.909 0.909 0.818",-93.966,-100.820,"-100.8 -100.8 -100.8 -100.8 -100.8 -100.8 -100.8 -100.8",0.123,152,8,2197,533,"-8e+01 -8e+01 -8e+01","1 0.0549 1","0.073 0.048 0.12",40,40,0.00,0.00,0,0,2,0
20.000,6,0.939,0.909,0.043,3,0,-78.376,"-76.6 -79.3 -79.3","0.909 1.000 0.909",-93.966,-100.820,"-100.8 -100.8 -100.8 -100.8 -100.8 -100.8 -100.8 -100.8",0.073,160,8,2242,537,"-8e+01 -8e+01 -8e+01","1 0.0549 1","0.073 0.048 0.023",43,43,0.02,0.00,4,1,0,0
20.100,6,0.970,0.909,0.043,3,0,-78.376,"-76.6 -79.3 -79.3","1.000 1.000 0.909",-93.966,-100.820,"-100.8 -100.8 -100.8 -100.8 -100.8 -100.8 -100.8 -100.8",0.073,168,8,2288,542,"-8e+01 -8e+01 -8e+01","1 0.0549 1","0.073 0.048 0.023",44,44,0.01,0.00,2,0,1,0
20.200,6,0.970,0.909,0.043,3,0,-78.376,"-76.6 -79.3 -79.3","1.000 1.000 0.909",-93.966,-100.820,"-100.8 -100.8 -100.8 -100.8 -100.8 -100.8 -100.8 -100.8",0.073,176,8,2334,550,"-8e+01 -8e+01 -8e+01","1 0.0549 1","0.073 0.048 0.023",42,42,0.01,0.00,2,0,1,0
20.300,6,0.970,0.909,0.043,3,0,-78.376,"-76.6 -79.3 -79.3","1.000 1.000 0.909",-93.966,-100.820,"-100.8 -100.8 -100.8 -100.8 -100.8 -100.8 -100.8 -100.8",0.073,184,8,2379,556,"-8e+01 -8e+01 -8e+01","1 0.0549 1","0.073 0.048 0.023",43,43,0.01,0.00,2,0,1,0
20.400,6,0.970,0.909,0.043,3,0,-78.376,"-76.6 -79.3 -79.3","1.000 1.000 0.909",-93.966,-100.820,"-100.8 -100.8 -100.8 -100.8 -100.8 -100.8 -100.8 -100.8",0.073,192,8,2425,563,"-8e+01 -8e+01 -8e+01","1 0.0549 1","0.073 0.048 0.023",43,43,0.00,0.00,2,0,1,0
20.500,6,0.970,0.909,0.043,3,0,-78.376,"-76.6 -79.3 -79.3","1.000 1.000 0.909",-93.966,-100.820,"-100.8 -100.8 -100.8 -100.8 -100.8 -100.8 -100.8 -100.8",0.073,200,8,2471,572,"-8e+01 -8e+01 -8e+01","1 0.0588 1","0.073 0.048 0.023",42,42,0.00,0.00,2,0,1,0
20.600,6,0.909,0.818,0.074,3,0,-78.376,"-76.6 -79.3 -79.3","1.000 0.909 0.818",-93.966,-100.820,"-100.8 -100.8 -100.8 -100.8 -100.8 -100.8 -100.8 -100.8",0.123,208,8,2515,593,"-8e+01 -8e+01 -8e+01","1 0.0588 1","0.073 0.15 0.12",44,44,0.00,0.00,0,0,1,0
20.700,6,0.879,0.818,0.043,3,0,-78.495,"-76.6 -79.6 -79.3","0.909 0.909 0.818",-93.966,-100.820,"-100.8 -100.8 -100.8 -100.8 -100.8 -100.8 -100.8 -100.8",0.173,216,8,2560,606,"-8e+01 -8e+01 -8e+01","1 0.0667 1","0.17 0.048 0.023",40,40,0.00,0.00,4,2,0,0
20.800,6,0.879,0.818,0.043,3,0,-78.376,"-76.6 -79.3 -79.3","0.909 0.909 0.818",-93.966,-100.820,"-100.8 -100.8 -100.8 -100.8 -100.8 -100.8 -100.8 -100.8",0.073,224,8,2606,612,"-8e+01 -8e+01 -8e+01","1 0.0667 1","0.073 0.048 0.023",42,42,0.59,0.00,3,1,1,0
20.900,6,0.879,0.818,0.043,3,0,-78.376,"-76.6 -79.3 -79.3","0.909 0.909 0.818",-93.966,-100.820,"-100.8 -100.8 -100.8 -100.8 -100.8 -100.8 -100.8 -100.8",0.073,232,8,2651,631,"-8e+01 -8e+01 -8e+01","1 0.0745 1","0.073 0.048 0.022",43,43,0.00,0.00,2,0,1,0
21.000,6,0.909,0.909,0.000,3,0,-78.376,"-76.6 -79.3 -79.3","0.909 0.909 0.909",-93.966,-100.820,"-100.8 -100.8 -100.8 -100.8 -100.8 -100.8 -100.8 -100.8",0.073,240,8,2696,635,"-8e+01 -8e+01 -8e+01","1 0.0784 1","0.073 0.048 0.023",44,44,0.00,0.00,2,0,1,0
21.100,6,0.909,0.909,0.000,3,0,-78.376,"-76.6 -79.3 -79.3","0.909 0.909 0.909",-93.966,-100.820,"-100.8 -100.8 -100.8 -100.8 -100.8 -100.8 -100.8 -100.8",0.073,248,8,2743,645,"-8e+01 -8e+01 -8e+01","1 0.0784 1","0.073 0.048 0.023",43,43,0.01,0.00,2,0,1,0
21.200,6,0.909,0.909,0.000,3,0,-78.376,"-76.6 -79.3 -79.3","0.909 0.909 0.909",-93.966,-100.820,"-100.8 -100.8 -100.8 -100.8 -100.8 -100.8 -100.8 -100.8",0.073,256,8,2788,650,"-8e+01 -8e+01 -8e+01","1 0.0784 1","0.073 0.048 0.023",43,43,0.01,0.00,1,0,2,0
21.300,6,0.909,0.909,0.000,3,0,-78.376,"-76.6 -79.3 -79.3","0.909 0.909 0.909",-93.966,-100.820,"-100.8 -100.8 -100.8 -100.8 -100.8 -100.8 -100.8 -100.8",0.073,264,8,2833,654,"-8e+01 -8e+01 -8e+01","1 0.0784 1","0.073 0.048 0.023",43,43,0.01,0.00,2,0,1,0
21.400,6,0.909,0.909,0.000,3,0,-78.376,"-76.6 -79.3 -79.3","0.909 0.909 0.909",-93.966,-100.820,"-100.8 -100.8 -100.8 -100.8 -100.8 -100.8 -100.8 -100.8",0.073,272,8,2879,658,"-8e+01 -8e+01 -8e+01","1 0.0824 1","0.073 0.048 0.023",43,43,0.00,0.00,3,0,0,0
21.500,6,0.909,0.909,0.000,3,0,-78.376,"-76.6 -79.3 -79.3","0.909 0.909 0.909",-93.966,-100.820,"-100.8 -100.8 -100.8 -100.8 -100.8 -100.8 -100.8 -100.8",0.073,280,8,2923,666,"-8e+01 -8e+01 -8e+01","1 0.0824 1","0.073 0.048 0.023",41,41,0.26,0.00,2,0,1,0
21.600,6,0.879,0.818,0.043,3,0,-78.376,"-76.6 -79.3 -79.3","0.909 0.818 0.909",-93.966,-100.820,"-100.8 -100.8 -100.8 -100.8 -100.8 -100.8 -100.8 -100.8",0.073,288,8,2980,707,"-8e+01 -8e+01 -8e+01","1 0.0824 1","0.073 0.15 0.015",48,48,0.01,0.00,1,0,1,0
21.700,6,0.909,0.818,0.074,3,0,-78.376,"-76.6 -79.3 -79.3","0.818 0.909 1.000",-93.966,-100.820,"-100.8 -100.8 -100.8 -100.8 -100.8 -100.8 -100.8 -100.8",0.173,296,8,3024,713,"-8e+01 -8e+01 -8e+01","1 0.0824 1","0.17 0.048 0.023",42,42,0.00,0.00,3,1,0,0
21.800,6,0.939,0.909,0.043,3,0,-78.376,"-76.6 -79.3 -79.3","0.909 0.909 1.000",-93.966,-100.820,"-100.8 -100.8 -100.8 -100.8 -100.8 -100.8 -100.8 -100.8",0.073,304,8,3070,718,"-8e+01 -8e+01 -8e+01","1 0.0824 1","0.073 0.048 0.023",43,43,0.02,0.00,3,1,1,0
21.900,6,0.939,0.909,0.043,3,0,-78.376,"-76.6 -79.3 -79.3","0.909 0.909 1.000",-93.966,-100.820,"-100.8 -100.8 -100.8 -100.8 -100.8 -100.8 -100.8 -100.8",0.073,312,8,3116,733,"-8e+01 -8e+01 -8e+01","1 0.0824 1","0.073 0.048 0.017",38,38,0.01,0.00,2,0,1,0
22.000,6,0.939,0.909,0.043,3,0,-78.376,"-76.6 -79.3 -79.3","0.909 0.909 1.000",-93.966,-100.820,"-100.8 -100.8 -100.8 -100.8 -100.8 -100.8 -100.8 -100.8",0.073,320,8,3161,738,"-8e+01 -8e+01 -8e+01","1 0.0863 1","0.073 0.048 0.023",43,43,0.00,0.00,2,0,1,0
22.100,6,0.939,0.909,0.043,3,0,-78.376,"-76.6 -79.3 -79.3","0.909 0.909 1.000",-93.966,-100.820,"-100.8 -100.8 -100.8 -100.8 -100.8 -100.8 -100.8 -100.8",0.073,328,8,3207,744,"-8e+01 -8e+01 -8e+01","1 0.0902 1","0.073 0.048 0.023",43,43,0.00,0.00,2,0,1,0
22.200,6,0.939,0.909,0.043,3,0,-78.376,"-76.6 -79.3 -79.3","0.909 0.909 1.000",-93.966,-100.820,"-100.8 -100.8 -100.8 -100.8 -100.8 -100.8 -100.8 -100.8",0.073,336,8,3254,751,"-8e+01 -8e+01 -8e+01","1 0.0902 1","0.073 0.048 0.023",42,42,0.02,0.00,1,0,2,0
22.300,6,0.939,0.909,0.043,3,0,-78.376,"-76.6 -79.3 -79.3","0.909 0.909 1.000",-93.966,-100.820,"-100.8 -100.8 -100.8 -100.8 -100.8 -100.8 -100.8 -100.8",0.073,344,8,3299,755,"-8e+01 -8e+01 -8e+01","1 0.0902 1","0.073 0.048 0.023",43,43,0.02,0.00,2,0,1,0
22.400,6,0.939,0.909,0.043,3,0,-78.376,"-76.6 -79.3 -79.3","0.909 0.909 1.000",-93.966,-100.820,"-100.8 -100.8 -100.8 -100.8 -100.8 -100.8 -100.8 -100.8",0.073,352,8,3343,758,"-8e+01 -8e+01 -8e+01","1 0.0902 1","0.073 0.048 0.023",42,42,0.02,0.00,3,0,0,0
22.500,6,0.939,0.909,0.043,3,0,-78.376,"-76.6 -79.3 -79.3","0.909 0.909 1.000",-93.966,-100.820,"-100.8 -100.8 -100.8 -100.8 -100.8 -100.8 -100.8 -100.8",0.073,360,8,3390,766,"-8e+01 -8e+01 -8e+01","1 0.0902 1","0.073 0.048 0.023",43,43,0.66,0.00,2,0,1,0
22.600,6,0.909,0.818,0.074,3,0,-78.376,"-76.6 -79.3 -79.3","0.909 0.818 1.000",-93.966,-100.820,"-100.8 -100.8 -100.8 -100.8 -100.8 -100.8 -100.8 -100.8",0.073,368,7,3435,789,"-8e+01 -8e+01 -8e+01","1 0.0902 1","0.073 0.15 0.018",38,38,0.01,0.00,2,0,0,0
22.700,6,0.939,0.909,0.043,3,0,-78.376,"-76.6 -79.3 -79.3","0.909 0.909 1.000",-93.966,-100.820,"-100.8 -100.8 -100.8 -100.8 -100.8 -100.8 -100.8 -100.8",0.073,376,9,3481,793,"-8e+01 -8e+01 -8e+01","1 0.0902 1","0.073 0.048 0.023",44,44,0.01,0.00,3,1,1,0
22.800,6,0.970,0.909,0.043,3,0,-78.376,"-76.6 -79.3 -79.3","1.000 0.909 1.000",-93.966,-100.820,"-100.8 -100.8 -100.8 -100.8 -100.8 -100.8 -100.8 -100.8",0.073,384,8,3527,797,"-8e+01 -8e+01 -8e+01","1 0.0902 1","0.073 0.048 0.023",44,44,0.01,0.00,3,0,0,0
22.900,6,0.970,0.909,0.043,3,0,-78.376,"-76.6 -79.3 -79.3","1.000 0.909 1.000",-93.966,-100.820,"-100.8 -100.8 -100.8 -100.8 -100.8 -100.8 -100.8 -100.8",0.073,392,8,3572,804,"-8e+01 -8e+01 -8e+01","1 0.0902 1","0.073 0.048 0.023",42,42,0.01,0.00,1,0,2,0
23.000,6,0.970,0.909,0.043,3,0,-78.376,"-76.6 -79.3 -79.3","1.000 0.909 1.000",-93.966,-100.820,"-100.8 -100.8 -100.8 -100.8 -100.8 -100.8 -100.8 -100.8",0.073,400,8,3617,809,"-8e+01 -8e+01 -8e+01","1 0.0941 1","0.073 0.048 0.023",42,42,0.00,0.00,2,0,1,0
23.100,6,0.970,0.909,0.043,3,0,-78.376,"-76.6 -79.3 -79.3","1.000 0.909 1.000",-93.966,-100.820,"-100.8 -100.8 -100.8 -100.8 -100.8 -100.8 -100.8 -100.8",0.073,408,8,3663,814,"-8e+01 -8e+01 -8e+01","1 0.0941 1","0.073 0.048 0.023",44,44,0.01,0.00,2,0,1,0
23.200,6,0.970,0.909,0.043,3,0,-78.376,"-76.6 -79.3 -79.3","1.000 0.909 1.000",-93.966,-100.820,"-100.8 -100.8 -100.8 -100.8 -100.8 -100.8 -100.8 -100.8",0.073,416,8,3707,818,"-8e+01 -8e+01 -8e+01","1 0.0941 1","0.073 0.048 0.023",42,42,0.01,0.00,2,0,1,0
23.300,6,0.970,0.909,0.043,3,0,-78.376,"-76.6 -79.3 -79.3","1.000 0.909 1.000",-93.966,-100.820,"-100.8 -100.8 -100.8 -100.8 -100.8 -100.8 -100.8 -100.8",0.073,424,8,3752,824,"-8e+01 -8e+01 -8e+01","1 0.0941 1","0.073 0.048 0.023",43,43,0.02,0.00,2,0,1,0
23.400,6,0.939,0.909,0.043,3,0,-78.376,"-76.6 -79.3 -79.3","0.909 0.909 1.000",-93.966,-100.820,"-100.8 -100.8 -100.8 -100.8 -100.8 -100.8 -100.8 -100.8",0.173,432,8,3796,831,"-8e+01 -8e+01 -8e+01","1 0.0941 1","0.17 0.048 0.023",42,42,0.02,0.00,2,0,0,0
23.500,6,0.939,0.909,0.043,3,0,-78.376,"-76.6 -79.3 -79.3","0.909 0.909 1.000",-93.966,-100.820,"-100.8 -100.8 -100.8 -100.8 -100.8 -100.8 -100.8 -100.8",0.073,440,8,3842,837,"-8e+01 -8e+01 -8e+01","1 0.0941 1","0.073 0.048 0.023",43,43,0.34,0.00,3,1,1,0
23.600,6,0.939,0.909,0.043,3,0,-78.376,"-76.6 -79.3 -79.3","0.909 0.909 1.000",-93.966,-100.820,"-100.8 -100.8 -100.8 -100.8 -100.8 -100.8 -100.8 -100.8",0.073,448,8,3888,856,"-8e+01 -8e+01 -8e+01","1 0.0941 1","0.073 0.048 0.018",39,39,0.01,0.00,2,0,1,0
23.700,6,0.970,0.909,0.043,3,0,-78.376,"-76.6 -79.3 -79.3","0.909 1.000 1.000",-93.966,-100.820,"-100.8 -100.8 -100.8 -100.8 -100.8 -100.8 -100.8 -100.8",0.073,456,8,3933,860,"-8e+01 -8e+01 -8e+01","1 0.0941 1","0.073 0.048 0.023",43,43,0.00,0.00,2,0,1,0
23.800,6,0.970,0.909,0.043,3,0,-78.376,"-76.6 -79.3 -79.3","0.909 1.000 1.000",-93.966,-100.820,"-100.8 -100.8 -100.8 -100.8 -100.8 -100.8 -100.8 -100.8",0.073,464,8,3979,863,"-8e+01 -8e+01 -8e+01","1 0.0941 1","0.073 0.048 0.023",44,44,0.02,0.00,2,0,1,0
23.900,6,0.970,0.909,0.043,3,0,-78.376,"-76.6 -79.3 -79.3","0.909 1.000 1.000",-93.966,-100.820,"-100.8 -100.8 -100.8 -100.8 -100.8 -100.8 -100.8 -100.8",0.073,472,8,4024,868,"-8e+01 -8e+01 -8e+01","1 0.0941 1","0.073 0.048 0.023",43,43,0.01,0.00,1,0,2,0
24.000,6,0.970,0.909,0.043,3,0,-78.376,"-76.6 -79.3 -79.3","0.909 1.000 1.000",-93.966,-100.820,"-100.8 -100.8 -100.8 -100.8 -100.8 -100.8 -100.8 -100.8",0.073,480,8,4069,872,"-8e+01 -8e+01 -8e+01","1 0.098 1","0.073 0.048 0.023",43,43,0.00,0.00,2,0,1,0
24.100,6,0.970,0.909,0.043,3,0,-78.376,"-76.6 -79.3 -79.3","0.909 1.000 1.000",-93.966,-100.820,"-100.8 -100.8 -100.8 -100.8 -100.8 -100.8 -100.8 -100.8",0.073,488,8,4114,877,"-8e+01 -8e+01 -8e+01","1 0.102 1","0.073 0.048 0.023",43,43,0.00,0.00,3,0,0,0
24.200,6,0.970,0.909,0.043,3,0,-78.376,"-76.6 -79.3 -79.3","0.909 1.000 1.000",-93.966,-100.820,"-100.8 -100.8 -100.8 -100.8 -100.8 -100.8 -100.8 -100.8",0.073,496,8,4159,884,"-8e+01 -8e+01 -8e+01","1 0.102 1","0.073 0.048 0.023",42,42,0.05,0.00,2,0,1,0
24.300,6,0.909,0.909,0.000,3,0,-78.376,"-76.6 -79.3 -79.3","0.909 0.909 0.909",-93.966,-100.820,"-100.8 -100.8 -100.8 -100.8 -100.8 -100.8 -100.8 -100.8",0.123,504,8,4208,908,"-8e+01 -8e+01 -8e+01","1 0.102 1","0.073 0.15 0.12",42,42,0.01,0.00,1,0,0,0
24.400,6,0.879,0.818,0.043,3,0,-78.376,"-76.6 -79.3 -79.3","0.818 0.909 0.909",-93.966,-100.820,"-100.8 -100.8 -100.8 -100.8 -100.8 -100.8 -100.8 -100.8",0.173,512,8,4253,920,"-8e+01 -8e+01 -8e+01","1 0.102 1","0.17 0.048 0.023",42,42,0.01,0.00,4,2,0,0
24.500,6,0.909,0.909,0.000,3,0,-78.375,"-76.6 -79.3 -79.3","0.909 0.909 0.909",-93.966,-100.820,"-100.8 -100.8 -100.8 -100.8 -100.8 -100.8 -100.8 -100.8",0.073,520,8,4303,937,"-8e+01 -8e+01 -8e+01","1 0.102 1","0.073 0.048 0.023",42,42,0.01,0.00,4,1,0,0
24.600,6,0.909,0.909,0.000,3,0,-78.376,"-76.6 -79.3 -79.3","0.909 0.909 0.909",-93.966,-100.820,"-100.8 -100.8 -100.8 -100.8 -100.8 -100.8 -100.8 -100.8",0.073,528,8,4350,952,"-8e+01 -8e+01 -8e+01","1 0.102 0.992","0.073 0.048 0.017",37,37,0.02,0.00,1,0,2,0
24.700,6,0.879,0.818,0.043,3,0,-78.376,"-76.6 -79.3 -79.3","0.909 0.909 0.818",-93.966,-100.820,"-100.8 -100.8 -100.8 -100.8 -100.8 -100.8 -100.8 -100.8",0.117,536,8,4394,958,"-8e+01 -8e+01 -8e+01","1 0.102 0.992","0.073 0.048 0.12",44,44,0.02,0.00,1,0,1,0
24.800,6,0.879,0.818,0.043,3,0,-78.376,"-76.6 -79.3 -79.3","0.909 0.909 0.818",-93.966,-100.820,"-100.8 -100.8 -100.8 -100.8 -100.8 -100.8 -100.8 -100.8",0.073,544,8,4440,961,"-8e+01 -8e+01 -8e+01","1 0.102 0.992","0.073 0.048 0.023",44,44,0.02,0.00,3,1,1,0
24.900,6,0.879,0.818,0.043,3,0,-78.376,"-76.6 -79.3 -79.3","0.909 0.909 0.818",-93.966,-100.820,"-100.8 -100.8 -100.8 -100.8 -100.8 -100.8 -100.8 -100.8",0.073,552,8,4484,968,"-8e+01 -8e+01 -8e+01","1 0.102 0.992","0.073 0.048 0.023",41,41,0.01,0.00,1,0,2,0
25.000,6,0.879,0.818,0.043,3,0,-78.376,"-76.6 -79.3 -79.3","0.909 0.909 0.818",-93.966,-100.820,"-100.8 -100.8 -100.8 -100.8 -100.8 -100.8 -100.8 -100.8",0.073,560,8,4529,972,"-8e+01 -8e+01 -8e+01","1 0.102 0.992","0.073 0.048 0.023",43,43,0.01,0.00,2,0,1,0
25.100,6,0.879,0.818,0.043,3,0,-78.376,"-76.6 -79.3 -79.3","0.909 0.909 0.818",-93.966,-100.820,"-100.8 -100.8 -100.8 -100.8 -100.8 -100.8 -100.8 -100.8",0.073,568,8,4575,984,"-8e+01 -8e+01 -8e+01","1 0.102 0.992","0.073 0.048 0.022",38,38,0.01,0.00,3,0,0,0
25.200,6,0.879,0.818,0.043,3,0,-78.376,"-76.6 -79.3 -79.3","0.909 0.909 0.818",-93.966,-100.820,"-100.8 -100.8 -100.8 -100.8 -100.8 -100.8 -100.8 -100.8",0.073,576,8,4622,992,"-8e+01 -8e+01 -8e+01","1 0.102 0.992","0.073 0.048 0.023",42,42,0.03,0.00,2,0,1,0
25.300,6,0.818,0.727,0.074,3,0,-78.376,"-76.6 -79.3 -79.3","0.909 0.818 0.727",-93.966,-100.820,"-100.8 -100.8 -100.8 -100.8 -100.8 -100.8 -100.8 -100.8",0.123,584,8,4666,1012,"-8e+01 -8e+01 -8e+01","1 0.102 0.992","0.073 0.15 0.12",41,41,0.01,0.00,0,0,1,0
25.400,6,0.848,0.818,0.043,3,0,-78.376,"-76.6 -79.3 -79.3","0.818 0.909 0.818",-93.966,-100.820,"-100.8 -100.8 -100.8 -100.8 -100.8 -100.8 -100.8 -100.8",0.173,592,8,4710,1020,"-8e+01 -8e+01 -8e+01","1 0.102 0.992","0.17 0.048 0.023",41,41,0.02,0.00,4,2,0,0
25.500,6,0.879,0.818,0.043,3,0,-78.376,"-76.6 -79.3 -79.3","0.909 0.909 0.818",-93.966,-100.820,"-100.8 -100.8 -100.8 -100.8 -100.8 -100.8 -100.8 -100.8",0.073,600,8,4758,1032,"-8e+01 -8e+01 -8e+01","1 0.102 0.992","0.073 0.048 0.023",43,43,0.02,0.00,3,1,1,0
25.600,6,0.879,0.818,0.043,3,0,-78.376,"-76.6 -79.3 -79.3","0.909 0.909 0.818",-93.966,-100.820,"-100.8 -100.8 -100.8 -100.8 -100.8 -100.8 -100.8 -100.8",0.073,608,8,4803,1042,"-8e+01 -8e+01 -8e+01","1 0.102 0.992","0.073 0.048 0.023",42,42,0.01,0.00,1,0,2,0
25.700,6,0.879,0.818,0.043,3,0,-78.376,"-76.6 -79.3 -79.3","0.909 0.909 0.818",-93.966,-100.820,"-100.8 -100.8 -100.8 -100.8 -100.8 -100.8 -100.8 -100.8",0.073,616,8,4848,1046,"-8e+01 -8e+01 -8e+01","1 0.102 0.992","0.073 0.048 0.023",43,43,0.00,0.00,2,0,1,0
25.800,6,0.909,0.909,0.000,3,0,-78.376,"-76.6 -79.3 -79.3","0.909 0.909 0.909",-93.966,-100.820,"-100.8 -100.8 -100.8 -100.8 -100.8 -100.8 -100.8 -100.8",0.073,624,8,4894,1051,"-8e+01 -8e+01 -8e+01","1 0.102 0.992","0.073 0.048 0.023",42,42,0.02,0.00,2,0,1,0
25.900,6,0.909,0.909,0.000,3,0,-78.376,"-76.6 -79.3 -79.3","0.909 0.909 0.909",-93.966,-100.820,"-100.8 -100.8 -100.8 -100.8 -100.8 -100.8 -100.8 -100.8",0.073,632,8,4940,1060,"-8e+01 -8e+01 -8e+01","1 0.102 0.992","0.073 0.048 0.023",42,42,0.01,0.00,1,0,2,0
26.000,6,0.909,0.909,0.000,3,0,-78.376,"-76.6 -79.3 -79.3","0.909 0.909 0.909",-93.966,-100.820,"-100.8 -100.8 -100.8 -100.8 -100.8 -100.8 -100.8 -100.8",0.073,640,8,4985,1064,"-8e+01 -8e+01 -8e+01","1 0.102 0.992","0.073 0.048 0.023",43,43,0.02,0.00,3,0,0,0
26.100,6,0.909,0.909,0.000,3,0,-78.376,"-76.6 -79.3 -79.3","0.909 0.909 0.909",-93.966,-100.820,"-100.8 -100.8 -100.8 -100.8 -100.8 -100.8 -100.8 -100.8",0.073,648,8,5030,1069,"-8e+01 -8e+01 -8e+01","1 0.102 0.992","0.073 0.048 0.023",44,44,0.01,0.00,2,0,1,0
26.200,6,0.909,0.909,0.000,3,0,-78.376,"-76.6 -79.3 -79.3","0.909 0.909 0.909",-93.966,-100.820,"-100.8 -100.8 -100.8 -100.8 -100.8 -100.8 -100.8 -100.8",0.073,656,8,5076,1075,"-8e+01 -8e+01 -8e+01","1 0.102 0.996","0.073 0.048 0.023",43,43,0.62,0.00,3,0,0,0
26.300,6,0.909,0.909,0.000,3,0,-78.376,"-76.6 -79.3 -79.3","0.909 0.909 0.909",-93.966,-100.820,"-100.8 -100.8 -100.8 -100.8 -100.8 -100.8 -100.8 -100.8",0.073,664,8,5121,1095,"-8e+01 -8e+01 -8e+01","1 0.102 0.996","0.073 0.048 0.023",42,42,0.01,0.00,1,0,2,0
26.400,6,0.970,0.909,0.043,3,0,-78.376,"-76.6 -79.3 -79.3","0.909 1.000 1.000",-93.966,-100.820,"-100.8 -100.8 -100.8 -100.8 -100.8 -100.8 -100.8 -100.8",0.073,672,8,5168,1100,"-8e+01 -8e+01 -8e+01","1 0.102 0.996","0.073 0.048 0.023",43,43,0.00,0.00,2,0,1,0
26.500,6,0.970,0.909,0.043,3,0,-78.376,"-76.6 -79.3 -79.3","1.000 1.000 0.909",-93.966,-100.820,"-100.8 -100.8 -100.8 -100.8 -100.8 -100.8 -100.8 -100.8",0.123,680,8,5214,1105,"-8e+01 -8e+01 -8e+01","1 0.102 0.996","0.073 0.048 0.12",44,44,0.02,0.00,1,0,1,0
26.600,6,0.970,0.909,0.043,3,0,-78.376,"-76.6 -79.3 -79.3","1.000 1.000 0.909",-93.966,-100.820,"-100.8 -100.8 -100.8 -100.8 -100.8 -100.8 -100.8 -100.8",0.073,688,8,5258,1112,"-8e+01 -8e+01 -8e+01","1 0.102 0.996","0.073 0.048 0.023",41,41,0.01,0.00,2,1,2,0
26.700,6,0.970,0.909,0.043,3,0,-78.376,"-76.6 -79.3 -79.3","1.000 1.000 0.909",-93.966,-100.820,"-100.8 -100.8 -100.8 -100.8 -100.8 -100.8 -100.8 -100.8",0.073,696,8,5303,1117,"-8e+01 -8e+01 -8e+01","1 0.102 0.996","0.073 0.048 0.023",43,43,0.02,0.00,2,0,1,0
26.800,6,0.970,0.909,0.043,3,0,-78.376,"-76.6 -79.3 -79.3","1.000 1.000 0.909",-93.966,-100.820,"-100.8 -100.8 -100.8 -100.8 -100.8 -100.8 -100.8 -100.8",0.073,704,8,5349,1119,"-8e+01 -8e+01 -8e+01","1 0.102 0.996","0.073 0.048 0.023",44,44,0.02,0.00,2,0,1,0
26.900,6,0.970,0.909,0.043,3,0,-78.376,"-76.6 -79.3 -79.3","1.000 1.000 0.909",-93.966,-100.820,"-100.8 -100.8 -100.8 -100.8 -100.8 -100.8 -100.8 -100.8",0.073,712,8,5394,1124,"-8e+01 -8e+01 -8e+01","1 0.102 0.996","0.073 0.048 0.023",43,43,0.02,0.00,2,0,1,0
27.000,6,0.939,0.909,0.043,3,0,-78.375,"-76.6 -79.3 -79.3","1.000 0.909 0.909",-93.966,-100.820,"-100.8 -100.8 -100.8 -100.8 -100.8 -100.8 -100.8 -100.8",0.073,720,8,5440,1153,"-8e+01 -8e+01 -8e+01","1 0.102 0.996","0.073 0.15 0.021",44,44,0.01,0.00,1,0,1,0
27.100,6,0.909,0.909,0.000,3,0,-78.376,"-76.6 -79.3 -79.3","0.909 0.909 0.909",-93.966,-100.820,"-100.8 -100.8 -100.8 -100.8 -100.8 -100.8 -100.8 -100.8",0.173,728,8,5484,1159,"-8e+01 -8e+01 -8e+01","1 0.102 0.996","0.17 0.048 0.023",43,43,0.02,0.00,3,1,0,0
27.200,6,0.909,0.909,0.000,3,0,-78.376,"-76.6 -79.3 -79.3","0.909 0.909 0.909",-93.966,-100.820,"-100.8 -100.8 -100.8 -100.8 -100.8 -100.8 -100.8 -100.8",0.073,736,8,5530,1164,"-8e+01 -8e+01 -8e+01","1 0.102 0.996","0.073 0.048 0.023",43,43,0.97,0.00,3,1,1,0
27.300,6,0.909,0.909,0.000,3,0,-78.376,"-76.6 -79.3 -79.3","0.909 0.909 0.909",-93.966,-100.820,"-100.8 -100.8 -100.8 -100.8 -100.8 -100.8 -100.8 -100.8",0.073,744,8,5576,1182,"-8e+01 -8e+01 -8e+01","1 0.102 0.996","0.073 0.048 0.023",40,40,0.02,0.00,1,0,2,0
27.400,6,0.909,0.909,0.000,3,0,-78.376,"-76.6 -79.3 -79.3","0.909 0.909 0.909",-93.966,-100.820,"-100.8 -100.8 -100.8 -100.8 -100.8 -100.8 -100.8 -100.8",0.073,752,8,5621,1186,"-8e+01 -8e+01 -8e+01","1 0.102 0.996","0.073 0.048 0.023",43,43,0.01,0.00,2,0,1,0
27.500,6,0.909,0.909,0.000,3,0,-78.376,"-76.6 -79.3 -79.3","0.909 0.909 0.909",-93.966,-100.820,"-100.8 -100.8 -100.8 -100.8 -100.8 -100.8 -100.8 -100.8",0.073,760,8,5666,1192,"-8e+01 -8e+01 -8e+01","1 0.102 0.996","0.073 0.048 0.023",42,42,0.01,0.00,2,0,1,0
27.600,6,0.939,0.909,0.043,3,0,-78.376,"-76.6 -79.3 -79.3","0.909 0.909 1.000",-93.966,-100.820,"-100.8 -100.8 -100.8 -100.8 -100.8 -100.8 -100.8 -100.8",0.073,768,8,5711,1197,"-8e+01 -8e+01 -8e+01","1 0.102 0.996","0.073 0.048 0.023",43,43,0.01,0.00,1,0,2,0
27.700,6,0.939,0.909,0.043,3,0,-78.376,"-76.6 -79.3 -79.3","0.909 0.909 1.000",-93.966,-100.820,"-100.8 -100.8 -100.8 -100.8 -100.8 -100.8 -100.8 -100.8",0.073,776,8,5756,1201,"-8e+01 -8e+01 -8e+01","1 0.102 0.996","0.073 0.048 0.023",43,43,0.02,0.00,3,0,0,0
27.800,6,0.939,0.909,0.043,3,0,-78.376,"-76.6 -79.3 -79.3","0.909 0.909 1.000",-93.966,-100.820,"-100.8 -100.8 -100.8 -100.8 -100.8 -100.8 -100.8 -100.8",0.073,784,8,5803,1208,"-8e+01 -8e+01 -8e+01","1 0.102 0.996","0.073 0.048 0.023",44,44,0.02,0.00,3,0,0,0
27.900,6,0.939,0.909,0.043,3,0,-78.376,"-76.6 -79.3 -79.3","0.909 0.909 1.000",-93.966,-100.820,"-100.8 -100.8 -100.8 -100.8 -100.8 -100.8 -100.8 -100.8",0.073,792,8,5848,1212,"-8e+01 -8e+01 -8e+01","1 0.102 0.996","0.073 0.048 0.023",43,43,0.34,0.00,3,0,0,0
28.000,6,0.909,0.818,0.074,3,0,-78.376,"-76.6 -79.3 -79.3","0.909 0.818 1.000",-93.966,-100.820,"-100.8 -100.8 -100.8 -100.8 -100.8 -100.8 -100.8 -100.8",0.073,800,8,5892,1229,"-8e+01 -8e+01 -8e+01","1 0.102 0.996","0.073 0.15 0.023",39,39,0.02,0.00,1,0,1,0
28.100,6,0.909,0.818,0.074,3,0,-78.376,"-76.6 -79.3 -79.3","0.818 0.909 1.000",-93.966,-100.820,"-100.8 -100.8 -100.8 -100.8 -100.8 -100.8 -100.8 -100.8",0.173,808,8,5937,1236,"-8e+01 -8e+01 -8e+01","1 0.102 0.996","0.17 0.048 0.023",41,41,0.01,0.00,3,1,0,0
28.200,6,0.939,0.909,0.043,3,0,-78.376,"-76.6 -79.3 -79.3","0.909 0.909 1.000",-93.966,-100.820,"-100.8 -100.8 -100.8 -100.8 -100.8 -100.8 -100.8 -100.8",0.073,816,8,5983,1249,"-8e+01 -8e+01 -8e+01","1 0.102 0.996","0.073 0.048 0.023",44,44,0.01,0.00,3,1,1,0
28.300,6,0.939,0.909,0.043,3,0,-78.376,"-76.6 -79.3 -79.3","0.909 0.909 1.000",-93.966,-100.820,"-100.8 -100.8 -100.8 -100.8 -100.8 -100.8 -100.8 -100.8",0.073,824,8,6027,1265,"-8e+01 -8e+01 -8e+01","1 0.102 0.996","0.073 0.048 0.023",42,42,0.01,0.00,1,0,2,0
28.400,6,0.939,0.909,0.043,3,0,-78.376,"-76.6 -79.3 -79.3","0.909 0.909 1.000",-93.966,-100.820,"-100.8 -100.8 -100.8 -100.8 -100.8 -100.8 -100.8 -100.8",0.073,832,8,6072,1269,"-8e+01 -8e+01 -8e+01","1 0.102 0.996","0.073 0.048 0.023",43,43,0.73,0.00,2,0,1,0
28.500,6,0.909,0.818,0.074,3,0,-78.376,"-76.6 -79.3 -79.3","0.818 0.909 1.000",-93.966,-100.820,"-100.8 -100.8 -100.8 -100.8 -100.8 -100.8 -100.8 -100.8",0.173,840,8,6119,1277,"-8e+01 -8e+01 -8e+01","1 0.102 0.996","0.17 0.048 0.023",43,43,0.01,0.00,1,0,1,0
28.600,6,0.909,0.818,0.074,3,0,-78.376,"-76.6 -79.3 -79.3","0.818 0.909 1.000",-93.966,-100.820,"-100.8 -100.8 -100.8 -100.8 -100.8 -100.8 -100.8 -100.8",0.073,848,8,6164,1282,"-8e+01 -8e+01 -8e+01","1 0.098 0.996","0.073 0.048 0.023",43,43,0.00,0.00,2,1,2,0
28.700,6,0.909,0.818,0.074,3,0,-78.376,"-76.6 -79.3 -79.3","0.818 0.909 1.000",-93.966,-100.820,"-100.8 -100.8 -100.8 -100.8 -100.8 -100.8 -100.8 -100.8",0.073,856,8,6209,1286,"-8e+01 -8e+01 -8e+01","1 0.098 0.996","0.073 0.048 0.023",43,43,0.01,0.00,2,0,1,0
28.800,6,0.909,0.818,0.074,3,0,-78.376,"-76.6 -79.3 -79.3","0.818 0.909 1.000",-93.966,-100.820,"-100.8 -100.8 -100.8 -100.8 -100.8 -100.8 -100.8 -100.8",0.073,864,8,6255,1294,"-8e+01 -8e+01 -8e+01","1 0.098 0.996","0.073 0.048 0.023",40,40,0.02,0.00,3,0,0,0
28.900,6,0.909,0.818,0.074,3,0,-78.376,"-76.6 -79.3 -79.3","0.818 0.909 1.000",-93.966,-100.820,"-100.8 -100.8 -100.8 -100.8 -100.8 -100.8 -100.8 -100.8",0.073,872,8,6301,1299,"-8e+01 -8e+01 -8e+01","1 0.098 0.996","0.073 0.048 0.023",43,43,0.31,0.00,2,0,1,0
29.000,6,0.879,0.818,0.086,3,0,-78.376,"-76.6 -79.3 -79.3","0.818 0.818 1.000",-93.966,-100.820,"-100.8 -100.8 -100.8 -100.8 -100.8 -100.8 -100.8 -100.8",0.073,880,8,6347,1320,"-8e+01 -8e+01 -8e+01","1 0.098 0.996","0.073 0.15 0.023",42,42,0.02,0.00,1,0,1,0
29.100,6,0.909,0.818,0.074,3,0,-78.376,"-76.6 -79.3 -79.3","0.818 0.909 1.000",-93.966,-100.820,"-100.8 -100.8 -100.8 -100.8 -100.8 -100.8 -100.8 -100.8",0.073,888,8,6392,1324,"-8e+01 -8e+01 -8e+01","1 0.102 0.996","0.073 0.048 0.023",43,43,0.00,0.00,3,1,1,0
29.200,6,0.939,0.909,0.043,3,0,-78.376,"-76.6 -79.3 -79.3","0.909 0.909 1.000",-93.966,-100.820,"-100.8 -100.8 -100.8 -100.8 -100.8 -100.8 -100.8 -100.8",0.073,896,8,6437,1329,"-8e+01 -8e+01 -8e+01","1 0.102 0.996","0.073 0.048 0.023",42,42,0.02,0.00,2,0,1,0
29.300,6,0.939,0.909,0.043,3,0,-78.376,"-76.6 -79.3 -79.3","0.909 0.909 1.000",-93.966,-100.820,"-100.8 -100.8 -100.8 -100.8 -100.8 -100.8 -100.8 -100.8",0.073,904,8,6482,1335,"-8e+01 -8e+01 -8e+01","1 0.102 0.996","0.073 0.048 0.023",42,42,0.01,0.00,1,0,2,0
29.400,6,0.939,0.909,0.043,3,0,-78.376,"-76.6 -79.3 -79.3","0.909 0.909 1.000",-93.966,-100.820,"-100.8 -100.8 -100.8 -100.8 -100.8 -100.8 -100.8 -100.8",0.073,912,8,6527,1339,"-8e+01 -8e+01 -8e+01","1 0.102 0.996","0.073 0.048 0.023",43,43,0.01,0.00,3,0,0,0
29.500,6,0.939,0.909,0.043,3,0,-78.376,"-76.6 -79.3 -79.3","0.909 0.909 1.000",-93.966,-100.820,"-100.8 -100.8 -100.8 -100.8 -100.8 -100.8 -100.8 -100.8",0.073,920,8,6573,1343,"-8e+01 -8e+01 -8e+01","1 0.102 0.996","0.073 0.048 0.023",44,44,0.01,0.00,2,0,1,0
29.600,6,0.970,0.909,0.043,3,0,-78.376,"-76.6 -79.3 -79.3","1.000 0.909 1.000",-93.966,-100.820,"-100.8 -100.8 -100.8 -100.8 -100.8 -100.8 -100.8 -100.8",0.073,928,8,6618,1347,"-8e+01 -8e+01 -8e+01","1 0.102 0.996","0.073 0.048 0.023",43,43,0.00,0.00,3,0,0,0
29.700,6,0.970,0.909,0.043,3,0,-78.376,"-76.6 -79.3 -79.3","1.000 0.909 1.000",-93.966,-100.820,"-100.8 -100.8 -100.8 -100.8 -100.8 -100.8 -100.8 -100.8",0.073,936,8,6665,1362,"-8e+01 -8e+01 -8e+01","1 0.102 0.996","0.073 0.048 0.022",41,41,0.01,0.00,2,0,1,0
29.800,6,0.970,0.909,0.043,3,0,-78.376,"-76.6 -79.3 -79.3","1.000 0.909 1.000",-93.966,-100.820,"-100.8 -100.8 -100.8 -100.8 -100.8 -100.8 -100.8 -100.8",0.073,944,8,6710,1367,"-8e+01 -8e+01 -8e+01","1 0.102 0.996","0.073 0.048 0.023",43,43,0.01,0.00,2,0,1,0
29.900,6,0.970,0.909,0.043,3,0,-78.376,"-76.6 -79.3 -79.3","1.000 0.909 1.000",-93.966,-100.820,"-100.8 -100.8 -100.8 -100.8 -100.8 -100.8 -100.8 -100.8",0.073,952,8,6756,1373,"-8e+01 -8e+01 -8e+01","1 0.102 0.996","0.073 0.048 0.023",43,43,0.34,0.00,2,0,1,0
30.000,6,0.970,0.909,0.043,3,0,-78.375,"-76.6 -79.3 -79.3","1.000 0.909 1.000",-93.966,-100.820,"-100.8 -100.8 -100.8 -100.8 -100.8 -100.8 -100.8 -100.8",0.073,960,8,6806,1400,"-8e+01 -8e+01 -8e+01","1 0.102 0.996","0.073 0.048 0.023",43,43,0.01,0.00,1,0,2,0
30.100,6,1.000,1.000,0.000,3,0,-78.376,"-76.6 -79.3 -79.3","1.000 1.000 1.000",-93.966,-100.820,"-100.8 -100.8 -100.8 -100.8 -100.8 -100.8 -100.8 -100.8",0.073,968,8,6851,1404,"-8e+01 -8e+01 -8e+01","1 0.102 0.996","0.073 0.048 0.023",42,42,0.54,0.00,2,0,1,0
30.200,6,1.000,1.000,0.000,3,0,-78.376,"-76.6 -79.3 -79.3","1.000 1.000 1.000",-93.966,-100.820,"-100.8 -100.8 -100.8 -100.8 -100.8 -100.8 -100.8 -100.8",0.073,976,8,6897,1411,"-8e+01 -8e+01 -8e+01","1 0.102 0.996","0.073 0.048 0.023",42,42,0.01,0.00,2,0,1,0
30.300,6,1.000,1.000,0.000,3,0,-78.376,"-76.6 -79.3 -79.3","1.000 1.000 1.000",-93.966,-100.820,"-100.8 -100.8 -100.8 -100.8 -100.8 -100.8 -100.8 -100.8",0.073,984,8,6942,1417,"-8e+01 -8e+01 -8e+01","1 0.102 0.996","0.073 0.048 0.023",42,42,0.02,0.00,1,0,2,0
30.400,6,1.000,1.000,0.000,3,0,-78.495,"-76.6 -79.6 -79.3","1.000 1.000 1.000",-93.966,-100.820,"-100.8 -100.8 -100.8 -100.8 -100.8 -100.8 -100.8 -100.8",0.073,992,8,6988,1423,"-8e+01 -8e+01 -8e+01","1 0.102 0.996","0.073 0.048 0.023",43,43,0.01,0.00,2,0,1,0
30.500,6,1.000,1.000,0.000,3,0,-78.376,"-76.6 -79.3 -79.3","1.000 1.000 1.000",-93.966,-100.820,"-100.8 -100.8 -100.8 -100.8 -100.8 -100.8 -100.8 -100.8",0.073,1000,8,7035,1431,"-8e+01 -8e+01 -8e+01","1 0.102 0.996","0.073 0.048 0.023",45,45,0.00,0.00,3,0,0,0
30.600,6,1.000,1.000,0.000,3,0,-78.376,"-76.6 -79.3 -79.3","1.000 1.000 1.000",-93.966,-100.820,"-100.8 -100.8 -100.8 -100.8 -100.8 -100.8 -100.8 -100.8",0.073,1008,8,7080,1436,"-8e+01 -8e+01 -8e+01","1 0.102 0.996","0.073 0.048 0.023",42,42,0.03,0.00,2,0,1,0
30.700,6,0.970,0.909,0.043,3,0,-78.376,"-76.6 -79.3 -79.3","1.000 0.909 1.000",-93.966,-100.820,"-100.8 -100.8 -100.8 -100.8 -100.8 -100.8 -100.8 -100.8",0.073,1016,8,7124,1455,"-8e+01 -8e+01 -8e+01","1 0.102 0.996","0.073 0.15 0.023",42,42,0.01,0.00,1,0,1,0
30.800,6,0.939,0.909,0.043,3,0,-78.376,"-76.6 -79.3 -79.3","0.909 0.909 1.000",-93.966,-100.820,"-100.8 -100.8 -100.8 -100.8 -100.8 -100.8 -100.8 -100.8",0.173,1024,8,7168,1461,"-8e+01 -8e+01 -8e+01","1 0.102 0.996","0.17 0.048 0.023",43,43,0.02,0.00,3,1,0,0
30.900,6,0.939,0.909,0.043,3,0,-78.376,"-76.6 -79.3 -79.3","0.909 0.909 1.000",-93.966,-100.820,"-100.8 -100.8 -100.8 -100.8 -100.8 -100.8 -100.8 -100.8",0.073,1032,8,7214,1470,"-8e+01 -8e+01 -8e+01","1 0.102 0.996","0.073 0.048 0.023",42,42,0.02,0.00,3,1,1,0
31.000,6,0.939,0.909,0.043,3,0,-78.376,"-76.6 -79.3 -79.3","0.909 0.909 1.000",-93.966,-100.820,"-100.8 -100.8 -100.8 -100.8 -100.8 -100.8 -100.8 -100.8",0.073,1040,8,7259,1488,"-8e+01 -8e+01 -8e+01","0.996 0.102 0.992","0.073 0.048 0.018",41,41,0.02,0.00,1,0,2,0
31.100,6,0.939,0.909,0.043,3,0,-78.376,"-76.6 -79.3 -79.3","0.909 0.909 1.000",-93.966,-100.820,"-100.8 -100.8 -100.8 -100.8 -100.8 -100.8 -100.8 -100.8",0.073,1048,8,7304,1493,"-8e+01 -8e+01 -8e+01","0.996 0.102 0.992","0.073 0.048 0.023",43,43,0.02,0.00,3,0,0,0
31.200,6,0.939,0.909,0.043,3,0,-78.376,"-76.6 -79.3 -79.3","0.909 0.909 1.000",-93.966,-100.820,"-100.8 -100.8 -100.8 -100.8 -100.8 -100.8 -100.8 -100.8",0.073,1056,8,7350,1496,"-8e+01 -8e+01 -8e+01","0.996 0.102 0.992","0.073 0.048 0.023",44,44,0.01,0.00,2,0,1,0
31.300,6,0.939,0.909,0.043,3,0,-78.376,"-76.6 -79.3 -79.3","0.909 0.909 1.000",-93.966,-100.820,"-100.8 -100.8 -100.8 -100.8 -100.8 -100.8 -100.8 -100.8",0.073,1064,8,7395,1501,"-8e+01 -8e+01 -8e+01","0.996 0.102 0.992","0.073 0.048 0.023",43,43,0.00,0.00,2,0,1,0
31.400,6,0.939,0.909,0.043,3,0,-78.376,"-76.6 -79.3 -79.3","0.909 0.909 1.000",-93.966,-100.820,"-100.8 -100.8 -100.8 -100.8 -100.8 -100.8 -100.8 -100.8",0.073,1072,8,7440,1505,"-8e+01 -8e+01 -8e+01","0.996 0.102 0.992","0.073 0.048 0.023",43,43,0.02,0.00,2,0,1,0
31.500,6,0.939,0.909,0.043,3,0,-78.376,"-76.6 -79.3 -79.3","0.909 0.909 1.000",-93.966,-100.820,"-100.8 -100.8 -100.8 -100.8 -100.8 -100.8 -100.8 -100.8",0.073,1080,8,7485,1508,"-8e+01 -8e+01 -8e+01","0.996 0.102 0.992","0.073 0.048 0.023",43,43,0.01,0.00,3,0,0,0
31.600,6,0.939,0.909,0.043,3,0,-78.376,"-76.6 -79.3 -79.3","0.909 0.909 1.000",-93.966,-100.820,"-100.8 -100.8 -100.8 -100.8 -100.8 -100.8 -100.8 -100.8",0.073,1088,8,7531,1512,"-8e+01 -8e+01 -8e+01","0.996 0.102 0.992","0.073 0.048 0.023",44,44,0.31,0.00,2,0,1,0
31.700,6,0.909,0.818,0.074,3,0,-78.376,"-76.6 -79.3 -79.3","0.909 0.818 1.000",-93.966,-100.820,"-100.8 -100.8 -100.8 -100.8 -100.8 -100.8 -100.8 -100.8",0.073,1096,8,7576,1533,"-8e+01 -8e+01 -8e+01","0.996 0.102 0.992","0.073 0.15 0.019",41,41,0.01,0.00,1,0,1,0
31.800,6,0.939,0.909,0.043,3,0,-78.376,"-76.6 -79.3 -79.3","0.909 0.909 1.000",-93.966,-100.820,"-100.8 -100.8 -100.8 -100.8 -100.8 -100.8 -100.8 -100.8",0.073,1104,8,7622,1542,"-8e+01 -8e+01 -8e+01","0.996 0.106 0.992","0.073 0.048 0.023",40,40,0.15,0.00,3,1,1,0
31.900,6,0.970,0.909,0.043,3,0,-78.376,"-76.6 -79.3 -79.3","1.000 0.909 1.000",-93.966,-100.820,"-100.8 -100.8 -100.8 -100.8 -100.8 -100.8 -100.8 -100.8",0.073,1112,8,7668,1547,"-8e+01 -8e+01 -8e+01","0.996 0.106 0.992","0.073 0.048 0.023",43,43,0.01,0.00,2,0,1,0
32.000,6,0.970,0.909,0.043,3,0,-78.376,"-76.6 -79.3 -79.3","1.000 0.909 1.000",-93.966,-100.820,"-100.8 -100.8 -100.8 -100.8 -100.8 -100.8 -100.8 -100.8",0.073,1120,8,7713,1555,"-8e+01 -8e+01 -8e+01","0.996 0.106 0.992","0.073 0.048 0.022",43,43,0.00,0.00,2,0,1,0
32.100,6,0.970,0.909,0.043,3,0,-78.376,"-76.6 -79.3 -79.3","1.000 0.909 1.000",-93.966,-100.820,"-100.8 -100.8 -100.8 -100.8 -100.8 -100.8 -100.8 -100.8",0.073,1128,8,7759,1560,"-8e+01 -8e+01 -8e+01","0.996 0.11 0.992","0.073 0.048 0.023",43,43,0.00,0.00,2,0,1,0
32.200,6,0.967,0.900,0.047,3,0,-78.376,"-76.6 -79.3 -79.3","1.000 0.900 1.000",-93.966,-100.820,"-100.8 -100.8 -100.8 -100.8 -100.8 -100.8 -100.8 -100.8",0.073,1136,8,7810,1572,"-8e+01 -8e+01 -8e+01","0.996 0.11 0.992","0.073 0.048 0.023",43,43,0.02,0.00,2,0,1,0
32.300,6,0.970,0.909,0.043,3,0,-78.376,"-76.6 -79.3 -79.3","1.000 0.909 1.000",-93.966,-100.820,"-100.8 -100.8 -100.8 -100.8 -100.8 -100.8 -100.8 -100.8",0.073,1144,8,7855,1576,"-8e+01 -8e+01 -8e+01","0.996 0.11 0.992","0.073 0.048 0.023",43,43,0.01,0.00,1,0,2,0
32.400,6,0.970,0.909,0.043,3,0,-78.376,"-76.6 -79.3 -79.3","1.000 0.909 1.000",-93.966,-100.820,"-100.8 -100.8 -100.8 -100.8 -100.8 -100.8 -100.8 -100.8",0.073,1152,8,7900,1580,"-8e+01 -8e+01 -8e+01","0.996 0.114 0.992","0.073 0.048 0.023",43,43,0.00,0.00,2,0,1,0
32.500,6,0.909,0.909,0.000,3,0,-78.376,"-76.6 -79.3 -79.3","0.909 0.909 0.909",-93.966,-100.820,"-100.8 -100.8 -100.8 -100.8 -100.8 -100.8 -100.8 -100.8",0.173,1160,8,7943,1591,"-8e+01 -8e+01 -8e+01","0.996 0.114 0.992","0.17 0.048 0.12",41,41,0.02,0.00,1,0,0,0
32.600,6,0.909,0.909,0.000,3,0,-78.376,"-76.6 -79.3 -79.3","0.909 0.909 0.909",-93.966,-100.820,"-100.8 -100.8 -100.8 -100.8 -100.8 -100.8 -100.8 -100.8",0.073,1168,8,7988,1596,"-8e+01 -8e+01 -8e+01","0.996 0.114 0.992","0.073 0.048 0.023",42,42,0.53,0.00,4,2,1,0
32.700,6,0.933,0.900,0.047,3,0,-78.376,"-76.6 -79.3 -79.3","0.900 1.000 0.900",-93.966,-100.820,"-100.8 -100.8 -100.8 -100.8 -100.8 -100.8 -100.8 -100.8",0.073,1176,8,8033,1616,"-8e+01 -8e+01 -8e+01","0.996 0.114 0.992","0.073 0.048 0.021",39,39,0.02,0.00,1,0,2,0
32.800,6,0.939,0.909,0.043,3,0,-78.376,"-76.6 -79.3 -79.3","0.909 1.000 0.909",-93.966,-100.820,"-100.8 -100.8 -100.8 -100.8 -100.8 -100.8 -100.8 -100.8",0.073,1184,8,8078,1620,"-8e+01 -8e+01 -8e+01","0.996 0.114 0.992","0.073 0.048 0.023",43,43,0.01,0.00,3,0,0,0
32.900,6,0.939,0.909,0.043,3,0,-78.376,"-76.6 -79.3 -79.3","0.909 1.000 0.909",-93.966,-100.820,"-100.8 -100.8 -100.8 -100.8 -100.8 -100.8 -100.8 -100.8",0.073,1192,8,8124,1625,"-8e+01 -8e+01 -8e+01","0.996 0.114 0.992","0.073 0.048 0.023",43,43,0.01,0.00,2,0,1,0
33.000,6,0.939,0.909,0.043,3,0,-78.376,"-76.6 -79.3 -79.3","0.909 1.000 0.909",-93.966,-100.820,"-100.8 -100.8 -100.8 -100.8 -100.8 -100.8 -100.8 -100.8",0.073,1200,8,8169,1630,"-8e+01 -8e+01 -8e+01","0.996 0.114 0.992","0.073 0.048 0.023",43,43,0.01,0.00,2,0,1,0
33.100,6,0.939,0.909,0.043,3,0,-78.376,"-76.6 -79.3 -79.3","0.909 1.000 0.909",-93.966,-100.820,"-100.8 -100.8 -100.8 -100.8 -100.8 -100.8 -100.8 -100.8",0.073,1208,8,8214,1634,"-8e+01 -8e+01 -8e+01","0.996 0.114 0.992","0.073 0.048 0.023",43,43,0.00,0.00,2,0,1,0
33.200,6,0.939,0.909,0.043,3,0,-78.376,"-76.6 -79.3 -79.3","0.909 1.000 0.909",-93.966,-100.820,"-100.8 -100.8 -100.8 -100.8 -100.8 -100.8 -100.8 -100.8",0.073,1216,8,8260,1637,"-8e+01 -8e+01 -8e+01","0.996 0.114 0.992","0.073 0.048 0.023",44,44,0.02,0.00,2,0,1,0
33.300,6,0.939,0.909,0.043,3,0,-78.376,"-76.6 -79.3 -79.3","0.909 1.000 0.909",-93.966,-100.820,"-100.8 -100.8 -100.8 -100.8 -100.8 -100.8 -100.8 -100.8",0.073,1224,8,8305,1642,"-8e+01 -8e+01 -8e+01","0.996 0.114 0.992","0.073 0.048 0.023",41,41,0.01,0.00,2,0,1,0
33.400,6,0.909,0.909,0.000,3,0,-78.376,"-76.6 -79.3 -79.3","0.909 0.909 0.909",-93.966,-100.820,"-100.8 -100.8 -100.8 -100.8 -100.8 -100.8 -100.8 -100.8",0.073,1232,8,8351,1661,"-8e+01 -8e+01 -8e+01","0.996 0.114 0.992","0.073 0.15 0.019",42,42,0.01,0.00,1,0,1,0
33.500,6,0.909,0.909,0.000,3,0,-78.376,"-76.6 -79.3 -79.3","0.909 0.909 0.909",-93.966,-100.820,"-100.8 -100.8 -100.8 -100.8 -100.8 -100.8 -100.8 -100.8",0.073,1240,8,8395,1666,"-8e+01 -8e+01 -8e+01","0.996 0.114 0.992","0.073 0.048 0.023",41,41,0.02,0.00,3,1,1,0
33.600,6,0.970,0.909,0.043,3,0,-78.376,"-76.6 -79.3 -79.3","1.000 0.909 1.000",-93.966,-100.820,"-100.8 -100.8 -100.8 -100.8 -100.8 -100.8 -100.8 -100.8",0.073,1248,8,8441,1670,"-8e+01 -8e+01 -8e+01","0.996 0.114 0.992","0.073 0.048 0.023",44,44,0.44,0.00,2,0,1,0
33.700,6,0.970,0.909,0.043,3,0,-78.375,"-76.6 -79.3 -79.3","1.000 0.909 1.000",-93.966,-100.820,"-100.8 -100.8 -100.8 -100.8 -100.8 -100.8 -100.8 -100.8",0.073,1256,8,8489,1690,"-8e+01 -8e+01 -8e+01","0.996 0.114 0.992","0.073 0.048 0.016",38,38,0.01,0.00,2,0,1,0
33.800,6,0.970,0.909,0.043,3,0,-78.376,"-76.6 -79.3 -79.3","1.000 0.909 1.000",-93.966,-100.820,"-100.8 -100.8 -100.8 -100.8 -100.8 -100.8 -100.8 -100.8",0.073,1264,8,8534,1694,"-8e+01 -8e+01 -8e+01","0.996 0.114 0.992","0.073 0.048 0.023",43,43,0.01,0.00,2,0,1,0
33.900,6,0.970,0.909,0.043,3,0,-78.376,"-76.6 -79.3 -79.3","1.000 0.909 1.000",-93.966,-100.820,"-100.8 -100.8 -100.8 -100.8 -100.8 -100.8 -100.8 -100.8",0.073,1272,8,8580,1699,"-8e+01 -8e+01 -8e+01","0.996 0.114 0.992","0.073 0.048 0.023",42,42,0.00,0.00,2,0,1,0
34.000,6,0.970,0.909,0.043,3,0,-78.376,"-76.6 -79.3 -79.3","1.000 0.909 1.000",-93.966,-100.820,"-100.8 -100.8 -100.8 -100.8 -100.8 -100.8 -100.8 -100.8",0.073,1280,8,8625,1705,"-8e+01 -8e+01 -8e+01","0.996 0.114 0.992","0.073 0.048 0.023",42,42,0.02,0.00,1,0,2,0
34.100,6,0.970,0.909,0.043,3,0,-78.376,"-76.6 -79.3 -79.3","1.000 0.909 1.000",-93.966,-100.820,"-100.8 -100.8 -100.8 -100.8 -100.8 -100.8 -100.8 -100.8",0.073,1288,8,8671,1710,"-8e+01 -8e+01 -8e+01","0.996 0.114 0.992","0.073 0.048 0.023",43,43,0.01,0.00,2,0,1,0
34.200,6,0.970,0.909,0.043,3,0,-78.376,"-76.6 -79.3 -79.3","1.000 0.909 1.000",-93.966,-100.820,"-100.8 -100.8 -100.8 -100.8 -100.8 -100.8 -100.8 -100.8",0.073,1296,8,8718,1715,"-8e+01 -8e+01 -8e+01","0.996 0.114 0.992","0.073 0.048 0.023",44,44,0.02,0.00,3,0,0,0
34.300,6,0.970,0.909,0.043,3,0,-78.376,"-76.6 -79.3 -79.3","1.000 0.909 1.000",-93.966,-100.820,"-100.8 -100.8 -100.8 -100.8 -100.8 -100.8 -100.8 -100.8",0.073,1304,8,8762,1720,"-8e+01 -8e+01 -8e+01","0.996 0.114 0.992","0.073 0.048 0.023",42,42,0.11,0.00,2,0,1,0
34.400,6,0.939,0.818,0.086,3,0,-78.376,"-76.6 -79.3 -79.3","1.000 0.818 1.000",-93.966,-100.820,"-100.8 -100.8 -100.8 -100.8 -100.8 -100.8 -100.8 -100.8",0.073,1312,8,8806,1741,"-8e+01 -8e+01 -8e+01","0.996 0.114 0.992","0.073 0.15 0.019",39,39,0.00,0.00,1,0,1,0
34.500,6,0.939,0.909,0.043,3,0,-78.376,"-76.6 -79.3 -79.3","0.909 0.909 1.000",-93.966,-100.820,"-100.8 -100.8 -100.8 -100.8 -100.8 -100.8 -100.8 -100.8",0.173,1320,8,8851,1747,"-8e+01 -8e+01 -8e+01","0.996 0.118 0.992","0.17 0.048 0.023",43,43,0.01,0.00,3,1,0,0
34.600,6,0.939,0.909,0.043,3,0,-78.376,"-76.6 -79.3 -79.3","0.909 0.909 1.000",-93.966,-100.820,"-100.8 -100.8 -100.8 -100.8 -100.8 -100.8 -100.8 -100.8",0.073,1328,8,8897,1750,"-8e+01 -8e+01 -8e+01","0.996 0.118 0.992","0.073 0.048 0.023",44,44,0.00,0.00,3,1,1,0
34.700,6,0.909,0.909,0.000,3,0,-78.376,"-76.6 -79.3 -79.3","0.909 0.909 0.909",-93.966,-100.820,"-100.8 -100.8 -100.8 -100.8 -100.8 -100.8 -100.8 -100.8",0.123,1336,8,8941,1769,"-8e+01 -8e+01 -8e+01","0.996 0.118 0.992","0.073 0.048 0.12",43,43,0.01,0.00,1,0,1,0
34.800,6,0.909,0.909,0.000,3,0,-78.376,"-76.6 -79.3 -79.3","0.909 0.909 0.909",-93.966,-100.820,"-100.8 -100.8 -100.8 -100.8 -100.8 -100.8 -100.8 -100.8",0.073,1344,8,8986,1773,"-8e+01 -8e+01 -8e+01","0.996 0.122 0.992","0.073 0.048 0.023",43,43,0.00,0.00,3,1,1,0
34.900,6,0.909,0.909,0.000,3,0,-78.376,"-76.6 -79.3 -79.3","0.909 0.909 0.909",-93.966,-100.820,"-100.8 -100.8 -100.8 -100.8 -100.8 -100.8 -100.8 -100.8",0.073,1352,8,9032,1778,"-8e+01 -8e+01 -8e+01","0.996 0.122 0.992","0.073 0.048 0.023",44,44,0.02,0.00,2,0,1,0
35.000,6,0.909,0.909,0.000,3,0,-78.376,"-76.6 -79.3 -79.3","0.909 0.909 0.909",-93.966,-100.820,"-100.8 -100.8 -100.8 -100.8 -100.8 -100.8 -100.8 -100.8",0.073,1360,8,9077,1783,"-8e+01 -8e+01 -8e+01","0.996 0.122 0.992","0.073 0.048 0.023",43,43,0.01,0.00,1,0,2,0
35.100,6,0.909,0.909,0.000,3,0,-78.376,"-76.6 -79.3 -79.3","0.909 0.909 0.909",-93.966,-100.820,"-100.8 -100.8 -100.8 -100.8 -100.8 -100.8 -100.8 -100.8",0.073,1368,8,9122,1787,"-8e+01 -8e+01 -8e+01","0.996 0.122 0.992","0.073 0.048 0.023",44,44,0.01,0.00,2,0,1,0
35.200,6,0.909,0.909,0.000,3,0,-78.376,"-76.6 -79.3 -79.3","0.909 0.909 0.909",-93.966,-100.820,"-100.8 -100.8 -100.8 -100.8 -100.8 -100.8 -100.8 -100.8",0.073,1376,8,9166,1790,"-8e+01 -8e+01 -8e+01","0.996 0.122 0.992","0.073 0.048 0.023",42,42,0.01,0.00,3,0,0,0
35.300,6,0.909,0.909,0.000,3,0,-78.376,"-76.6 -79.3 -79.3","0.909 0.909 0.909",-93.966,-100.820,"-100.8 -100.8 -100.8 -100.8 -100.8 -100.8 -100.8 -100.8",0.073,1384,8,9212,1795,"-8e+01 -8e+01 -8e+01","0.996 0.122 0.992","0.073 0.048 0.023",44,44,0.27,0.00,2,0,1,0
35.400,6,0.879,0.818,0.043,3,0,-78.376,"-76.6 -79.3 -79.3","0.909 0.818 0.909",-93.966,-100.820,"-100.8 -100.8 -100.8 -100.8 -100.8 -100.8 -100.8 -100.8",0.073,1392,8,9258,1818,"-8e+01 -8e+01 -8e+01","0.996 0.122 0.992","0.073 0.15 0.022",41,41,0.01,0.00,2,0,0,0
35.500,6,0.909,0.909,0.000,3,0,-78.376,"-76.6 -79.3 -79.3","0.909 0.909 0.909",-93.966,-100.820,"-100.8 -100.8 -100.8 -100.8 -100.8 -100.8 -100.8 -100.8",0.073,1400,8,9303,1823,"-8e+01 -8e+01 -8e+01","0.996 0.122 0.992","0.073 0.048 0.023",43,43,0.01,0.00,3,1,1,0
35.600,6,0.939,0.909,0.043,3,0,-78.376,"-76.6 -79.3 -79.3","1.000 0.909 0.909",-93.966,-100.820,"-100.8 -100.8 -100.8 -100.8 -100.8 -100.8 -100.8 -100.8",0.073,1408,8,9349,1829,"-8e+01 -8e+01 -8e+01","0.996 0.122 0.992","0.073 0.048 0.023",42,42,0.01,0.00,3,0,0,0
35.700,6,0.939,0.909,0.043,3,0,-78.376,"-76.6 -79.3 -79.3","1.000 0.909 0.909",-93.966,-100.820,"-100.8 -100.8 -100.8 -100.8 -100.8 -100.8 -100.8 -100.8",0.073,1416,8,9394,1836,"-8e+01 -8e+01 -8e+01","0.996 0.122 0.992","0.073 0.048 0.023",42,42,0.01,0.00,1,0,2,0
35.800,6,0.970,0.909,0.043,3,0,-78.376,"-76.6 -79.3 -79.3","1.000 0.909 1.000",-93.966,-100.820,"-100.8 -100.8 -100.8 -100.8 -100.8 -100.8 -100.8 -100.8",0.073,1424,8,9439,1841,"-8e+01 -8e+01 -8e+01","0.996 0.122 0.992","0.073 0.048 0.023",43,43,0.01,0.00,2,0,1,0
35.900,6,0.970,0.909,0.043,3,0,-78.376,"-76.6 -79.3 -79.3","1.000 0.909 1.000",-93.966,-100.820,"-100.8 -100.8 -100.8 -100.8 -100.8 -100.8 -100.8 -100.8",0.073,1432,8,9486,1847,"-8e+01 -8e+01 -8e+01","0.996 0.122 0.992","0.073 0.048 0.023",45,45,0.01,0.00,2,0,1,0
36.000,6,0.970,0.909,0.043,3,0,-78.376,"-76.6 -79.3 -79.3","1.000 0.909 1.000",-93.966,-100.820,"-100.8 -100.8 -100.8 -100.8 -100.8 -100.8 -100.8 -100.8",0.073,1440,8,9530,1851,"-8e+01 -8e+01 -8e+01","0.996 0.122 0.992","0.073 0.048 0.023",42,42,0.00,0.00,2,0,1,0
36.100,6,0.970,0.909,0.043,3,0,-78.376,"-76.6 -79.3 -79.3","1.000 0.909 1.000",-93.966,-100.820,"-100.8 -100.8 -100.8 -100.8 -100.8 -100.8 -100.8 -100.8",0.073,1448,8,9575,1859,"-8e+01 -8e+01 -8e+01","0.996 0.122 0.992","0.073 0.048 0.023",43,43,0.02,0.00,2,0,1,0
36.200,6,0.939,0.909,0.043,3,0,-78.376,"-76.6 -79.3 -79.3","0.909 0.909 1.000",-93.966,-100.820,"-100.8 -100.8 -100.8 -100.8 -100.8 -100.8 -100.8 -100.8",0.173,1456,8,9623,1874,"-8e+01 -8e+01 -8e+01","0.996 0.122 0.992","0.17 0.048 0.023",43,43,0.02,0.00,2,0,0,0
36.300,6,0.939,0.909,0.043,3,0,-78.376,"-76.6 -79.3 -79.3","0.909 0.909 1.000",-93.966,-100.820,"-100.8 -100.8 -100.8 -100.8 -100.8 -100.8 -100.8 -100.8",0.073,1464,8,9670,1881,"-8e+01 -8e+01 -8e+01","0.996 0.122 0.992","0.073 0.048 0.023",41,41,0.31,0.00,3,1,1,0
36.400,6,0.939,0.909,0.043,3,0,-78.376,"-76.6 -79.3 -79.3","0.909 0.909 1.000",-93.966,-100.820,"-100.8 -100.8 -100.8 -100.8 -100.8 -100.8 -100.8 -100.8",0.073,1472,8,9718,1901,"-8e+01 -8e+01 -8e+01","0.996 0.125 0.992","0.073 0.048 0.021",40,40,0.00,0.00,2,0,1,0
36.500,6,0.970,0.909,0.043,3,0,-78.376,"-76.6 -79.3 -79.3","0.909 1.000 1.000",-93.966,-100.820,"-100.8 -100.8 -100.8 -100.8 -100.8 -100.8 -100.8 -100.8",0.073,1480,8,9763,1906,"-8e+01 -8e+01 -8e+01","0.996 0.125 0.992","0.073 0.048 0.023",42,42,0.01,0.00,2,0,1,0
36.600,6,0.970,0.909,0.043,3,0,-78.376,"-76.6 -79.3 -79.3","0.909 1.000 1.000",-93.966,-100.820,"-100.8 -100.8 -100.8 -100.8 -100.8 -100.8 -100.8 -100.8",0.073,1488,8,9809,1909,"-8e+01 -8e+01 -8e+01","0.996 0.125 0.992","0.073 0.048 0.023",44,44,0.00,0.00,2,0,1,0
36.700,6,0.970,0.909,0.043,3,0,-78.376,"-76.6 -79.3 -79.3","0.909 1.000 1.000",-93.966,-100.820,"-100.8 -100.8 -100.8 -100.8 -100.8 -100.8 -100.8 -100.8",0.073,1496,8,9854,1914,"-8e+01 -8e+01 -8e+01","0.996 0.125 0.992","0.073 0.048 0.023",43,43,0.01,0.00,1,0,2,0
36.800,6,0.970,0.909,0.043,3,0,-78.376,"-76.6 -79.3 -79.3","0.909 1.000 1.000",-93.966,-100.820,"-100.8 -100.8 -100.8 -100.8 -100.8 -100.8 -100.8 -100.8",0.073,1504,8,9899,1918,"-8e+01 -8e+01 -8e+01","0.996 0.125 0.992","0.073 0.048 0.023",43,43,0.01,0.00,2,0,1,0
36.900,6,0.970,0.909,0.043,3,0,-78.376,"-76.6 -79.3 -79.3","0.909 1.000 1.000",-93.966,-100.820,"-100.8 -100.8 -100.8 -100.8 -100.8 -100.8 -100.8 -100.8",0.073,1512,8,9944,1921,"-8e+01 -8e+01 -8e+01","0.996 0.125 0.992","0.073 0.048 0.023",43,43,0.01,0.00,3,0,0,0
37.000,6,0.970,0.909,0.043,3,0,-78.376,"-76.6 -79.3 -79.3","0.909 1.000 1.000",-93.966,-100.820,"-100.8 -100.8 -100.8 -100.8 -100.8 -100.8 -100.8 -100.8",0.073,1520,8,9989,1927,"-8e+01 -8e+01 -8e+01","0.996 0.125 0.992","0.073 0.048 0.023",41,41,0.05,0.00,2,0,1,0
37.100,6,0.939,0.909,0.043,3,0,-78.376,"-76.6 -79.3 -79.3","0.909 0.909 1.000",-93.966,-100.820,"-100.8 -100.8 -100.8 -100.8 -100.8 -100.8 -100.8 -100.8",0.073,1528,8,10034,1945,"-8e+01 -8e+01 -8e+01","0.996 0.125 0.992","0.073 0.15 0.022",41,41,0.01,0.00,2,0,0,0
37.200,6,0.939,0.909,0.043,3,0,-78.376,"-76.6 -79.3 -79.3","0.909 0.909 1.000",-93.966,-100.820,"-100.8 -100.8 -100.8 -100.8 -100.8 -100.8 -100.8 -100.8",0.073,1536,8,10079,1950,"-8e+01 -8e+01 -8e+01","0.996 0.125 0.992","0.073 0.048 0.023",43,43,0.01,0.00,3,1,1,0
37.300,6,0.970,0.909,0.043,3,0,-78.376,"-76.6 -79.3 -79.3","1.000 0.909 1.000",-93.966,-100.820,"-100.8 -100.8 -100.8 -100.8 -100.8 -100.8 -100.8 -100.8",0.073,1544,8,10125,1955,"-8e+01 -8e+01 -8e+01","0.996 0.125 0.992","0.073 0.048 0.023",44,44,0.01,0.00,3,0,0,0
37.400,6,0.970,0.909,0.043,3,0,-78.375,"-76.6 -79.3 -79.3","1.000 0.909 1.000",-93.966,-100.820,"-100.8 -100.8 -100.8 -100.8 -100.8 -100.8 -100.8 -100.8",0.073,1552,8,10172,1975,"-8e+01 -8e+01 -8e+01","0.992 0.125 0.988","0.073 0.048 0.023",42,42,0.01,0.00,1,0,2,0
37.500,6,0.970,0.909,0.043,3,0,-78.376,"-76.6 -79.3 -79.3","1.000 0.909 1.000",-93.966,-100.820,"-100.8 -100.8 -100.8 -100.8 -100.8 -100.8 -100.8 -100.8",0.073,1560,8,10217,1979,"-8e+01 -8e+01 -8e+01","0.992 0.125 0.988","0.073 0.048 0.023",43,43,0.01,0.00,2,0,1,0
37.600,6,0.970,0.909,0.043,3,0,-78.376,"-76.6 -79.3 -79.3","1.000 0.909 1.000",-93.966,-100.820,"-100.8 -100.8 -100.8 -100.8 -100.8 -100.8 -100.8 -100.8",0.073,1568,8,10263,1984,"-8e+01 -8e+01 -8e+01","0.992 0.125 0.988","0.073 0.048 0.023",43,43,0.00,0.00,2,0,1,0
37.700,6,0.970,0.909,0.043,3,0,-78.376,"-76.6 -79.3 -79.3","1.000 0.909 1.000",-93.966,-100.820,"-100.8 -100.8 -100.8 -100.8 -100.8 -100.8 -100.8 -100.8",0.073,1576,8,10307,1989,"-8e+01 -8e+01 -8e+01","0.992 0.125 0.988","0.073 0.048 0.023",42,42,0.01,0.00,1,0,2,0
37.800,6,0.970,0.909,0.043,3,0,-78.376,"-76.6 -79.3 -79.3","1.000 0.909 1.000",-93.966,-100.820,"-100.8 -100.8 -100.8 -100.8 -100.8 -100.8 -100.8 -100.8",0.073,1584,8,10352,1993,"-8e+01 -8e+01 -8e+01","0.992 0.125 0.988","0.073 0.048 0.023",43,43,0.01,0.00,2,0,1,0
37.900,6,0.970,0.909,0.043,3,0,-78.376,"-76.6 -79.3 -79.3","1.000 0.909 1.000",-93.966,-100.820,"-100.8 -100.8 -100.8 -100.8 -100.8 -100.8 -100.8 -100.8",0.073,1592,8,10399,2001,"-8e+01 -8e+01 -8e+01","0.992 0.125 0.988","0.073 0.048 0.023",42,42,0.00,0.00,3,0,0,0
38.000,6,0.970,0.909,0.043,3,0,-78.376,"-76.6 -79.3 -79.3","1.000 0.909 1.000",-93.966,-100.820,"-100.8 -100.8 -100.8 -100.8 -100.8 -100.8 -100.8 -100.8",0.073,1600,8,10445,2006,"-8e+01 -8e+01 -8e+01","0.992 0.125 0.988","0.073 0.048 0.023",43,43,0.04,0.00,2,0,1,0
38.100,6,0.939,0.818,0.086,3,0,-78.376,"-76.6 -79.3 -79.3","1.000 0.818 1.000",-93.966,-100.820,"-100.8 -100.8 -100.8 -100.8 -100.8 -100.8 -100.8 -100.8",0.073,1608,8,10493,2032,"-8e+01 -8e+01 -8e+01","0.992 0.125 0.988","0.073 0.15 0.021",42,42,0.01,0.00,1,0,1,0
38.200,6,0.970,0.909,0.043,3,0,-78.376,"-76.6 -79.3 -79.3","1.000 0.909 1.000",-93.966,-100.820,"-100.8 -100.8 -100.8 -100.8 -100.8 -100.8 -100.8 -100.8",0.073,1616,8,10540,2043,"-8e+01 -8e+01 -8e+01","0.992 0.125 0.988","0.073 0.048 0.023",43,43,0.00,0.00,3,1,1,0
38.300,6,0.970,0.909,0.043,3,0,-78.376,"-76.6 -79.3 -79.3","1.000 0.909 1.000",-93.966,-100.820,"-100.8 -100.8 -100.8 -100.8 -100.8 -100.8 -100.8 -100.8",0.073,1624,8,10586,2047,"-8e+01 -8e+01 -8e+01","0.992 0.125 0.988","0.073 0.048 0.023",44,44,0.01,0.00,2,0,1,0
38.400,6,0.970,0.909,0.043,3,0,-78.376,"-76.6 -79.3 -79.3","1.000 0.909 1.000",-93.966,-100.820,"-100.8 -100.8 -100.8 -100.8 -100.8 -100.8 -100.8 -100.8",0.073,1632,8,10632,2057,"-8e+01 -8e+01 -8e+01","0.992 0.125 0.988","0.073 0.048 0.023",42,42,0.01,0.00,1,0,2,0
38.500,6,0.970,0.909,0.043,3,0,-78.376,"-76.6 -79.3 -79.3","1.000 0.909 1.000",-93.966,-100.820,"-100.8 -100.8 -100.8 -100.8 -100.8 -100.8 -100.8 -100.8",0.073,1640,8,10678,2061,"-8e+01 -8e+01 -8e+01","0.992 0.129 0.988","0.073 0.048 0.023",44,44,0.00,0.00,2,0,1,0
38.600,6,0.970,0.909,0.043,3,0,-78.376,"-76.6 -79.3 -79.3","1.000 0.909 1.000",-93.966,-100.820,"-100.8 -100.8 -100.8 -100.8 -100.8 -100.8 -100.8 -100.8",0.073,1648,8,10723,2064,"-8e+01 -8e+01 -8e+01","0.992 0.129 0.988","0.073 0.048 0.023",43,43,0.00,0.00,2,0,1,0
38.700,6,0.970,0.909,0.043,3,0,-78.376,"-76.6 -79.3 -79.3","1.000 0.909 1.000",-93.966,-100.820,"-100.8 -100.8 -100.8 -100.8 -100.8 -100.8 -100.8 -100.8",0.073,1656,8,10768,2068,"-8e+01 -8e+01 -8e+01","0.992 0.129 0.988","0.073 0.048 0.023",43,43,0.01,0.00,1,0,2,0
38.800,6,0.970,0.909,0.043,3,0,-78.376,"-76.6 -79.3 -79.3","1.000 0.909 1.000",-93.966,-100.820,"-100.8 -100.8 -100.8 -100.8 -100.8 -100.8 -100.8 -100.8",0.073,1664,8,10813,2072,"-8e+01 -8e+01 -8e+01","0.992 0.129 0.988","0.073 0.048 0.023",43,43,0.00,0.00,3,0,0,0
38.900,6,0.939,0.909,0.043,3,0,-78.376,"-76.6 -79.3 -79.3","0.909 0.909 1.000",-93.966,-100.820,"-100.8 -100.8 -100.8 -100.8 -100.8 -100.8 -100.8 -100.8",0.173,1672,8,10857,2078,"-8e+01 -8e+01 -8e+01","0.992 0.133 0.988","0.17 0.048 0.023",43,43,0.00,0.00,2,0,0,0
39.000,6,0.939,0.909,0.043,3,0,-78.376,"-76.6 -79.3 -79.3","0.909 0.909 1.000",-93.966,-100.820,"-100.8 -100.8 -100.8 -100.8 -100.8 -100.8 -100.8 -100.8",0.073,1680,8,10903,2085,"-8e+01 -8e+01 -8e+01","0.992 0.133 0.988","0.073 0.048 0.023",43,43,0.34,0.00,4,1,0,0
39.100,6,0.939,0.909,0.043,3,0,-78.375,"-76.6 -79.3 -79.3","0.909 0.909 1.000",-93.966,-100.820,"-100.8 -100.8 -100.8 -100.8 -100.8 -100.8 -100.8 -100.8",0.073,1688,8,10955,2110,"-8e+01 -8e+01 -8e+01","0.992 0.133 0.988","0.073 0.048 0.019",43,43,0.00,0.00,1,0,2,0
39.200,6,0.970,0.909,0.043,3,0,-78.376,"-76.6 -79.3 -79.3","0.909 1.000 1.000",-93.966,-100.820,"-100.8 -100.8 -100.8 -100.8 -100.8 -100.8 -100.8 -100.8",0.073,1696,8,11000,2114,"-8e+01 -8e+01 -8e+01","0.992 0.133 0.988","0.073 0.048 0.023",43,43,0.02,0.00,2,0,1,0
39.300,6,0.970,0.909,0.043,3,0,-78.376,"-76.6 -79.3 -79.3","0.909 1.000 1.000",-93.966,-100.820,"-100.8 -100.8 -100.8 -100.8 -100.8 -100.8 -100.8 -100.8",0.073,1704,8,11046,2120,"-8e+01 -8e+01 -8e+01","0.992 0.133 0.988","0.073 0.048 0.023",44,44,0.01,0.00,2,0,1,0
39.400,6,0.970,0.909,0.043,3,0,-78.376,"-76.6 -79.3 -79.3","0.909 1.000 1.000",-93.966,-100.820,"-100.8 -100.8 -100.8 -100.8 -100.8 -100.8 -100.8 -100.8",0.073,1712,8,11090,2125,"-8e+01 -8e+01 -8e+01","0.992 0.137 0.988","0.073 0.048 0.023",42,42,0.00,0.00,1,0,2,0
39.500,6,0.970,0.909,0.043,3,0,-78.376,"-76.6 -79.3 -79.3","0.909 1.000 1.000",-93.966,-100.820,"-100.8 -100.8 -100.8 -100.8 -100.8 -100.8 -100.8 -100.8",0.073,1720,8,11135,2129,"-8e+01 -8e+01 -8e+01","0.992 0.137 0.988","0.073 0.048 0.023",43,43,0.01,0.00,2,0,1,0
39.600,6,0.970,0.909,0.043,3,0,-78.376,"-76.6 -79.3 -79.3","0.909 1.000 1.000",-93.966,-100.820,"-100.8 -100.8 -100.8 -100.8 -100.8 -100.8 -100.8 -100.8",0.073,1728,8,11181,2133,"-8e+01 -8e+01 -8e+01","0.992 0.137 0.988","0.073 0.048 0.023",43,43,0.01,0.00,2,0,1,0
39.700,6,0.970,0.909,0.043,3,0,-78.376,"-76.6 -79.3 -79.3","0.909 1.000 1.000",-93.966,-100.820,"-100.8 -100.8 -100.8 -100.8 -100.8 -100.8 -100.8 -100.8",0.073,1736,8,11226,2137,"-8e+01 -8e+01 -8e+01","0.992 0.137 0.988","0.073 0.048 0.023",43,43,0.00,0.00,2,0,1,0
39.800,6,0.939,0.909,0.043,3,0,-78.376,"-76.6 -79.3 -79.3","0.909 0.909 1.000",-93.966,-100.820,"-100.8 -100.8 -100.8 -100.8 -100.8 -100.8 -100.8 -100.8",0.073,1744,8,11272,2154,"-8e+01 -8e+01 -8e+01","0.992 0.137 0.988","0.073 0.15 0.022",40,40,0.02,0.00,1,0,1,0
39.900,6,0.939,0.909,0.043,3,0,-78.376,"-76.6 -79.3 -79.3","0.909 0.909 1.000",-93.966,-100.820,"-100.8 -100.8 -100.8 -100.8 -100.8 -100.8 -100.8 -100.8",0.073,1752,8,11317,2158,"-8e+01 -8e+01 -8e+01","0.992 0.137 0.988","0.073 0.048 0.023",42,42,0.01,0.00,3,1,1,0
40.000,6,0.970,0.909,0.043,3,0,-78.376,"-76.6 -79.3 -79.3","1.000 0.909 1.000",-93.966,-100.820,"-100.8 -100.8 -100.8 -100.8 -100.8 -100.8 -100.8 -100.8",0.073,1760,8,11363,2163,"-8e+01 -8e+01 -8e+01","0.992 0.137 0.988","0.073 0.048 0.023",43,43,0.55,0.00,2,0,1,0
40.100,6,0.970,0.909,0.043,3,0,-78.376,"-76.6 -79.3 -79.3","1.000 0.909 1.000",-93.966,-100.820,"-100.8 -100.8 -100.8 -100.8 -100.8 -100.8 -100.8 -100.8",0.073,1768,8,11408,2180,"-8e+01 -8e+01 -8e+01","0.992 0.137 0.988","0.073 0.048 0.022",40,40,0.01,0.00,1,0,2,0
40.200,6,0.970,0.909,0.043,3,0,-78.376,"-76.6 -79.3 -79.3","1.000 0.909 1.000",-93.966,-100.820,"-100.8 -100.8 -100.8 -100.8 -100.8 -100.8 -100.8 -100.8",0.073,1776,8,11453,2189,"-8e+01 -8e+01 -8e+01","0.992 0.137 0.988","0.073 0.048 0.023",43,43,0.02,0.00,2,0,1,0
40.300,6,0.970,0.909,0.043,3,0,-78.376,"-76.6 -79.3 -79.3","1.000 0.909 1.000",-93.966,-100.820,"-100.8 -100.8 -100.8 -100.8 -100.8 -100.8 -100.8 -100.8",0.073,1784,8,11500,2195,"-8e+01 -8e+01 -8e+01","0.992 0.137 0.988","0.073 0.048 0.023",43,43,0.02,0.00,1,0,2,0
40.400,6,0.970,0.909,0.043,3,0,-78.376,"-76.6 -79.3 -79.3","1.000 0.909 1.000",-93.966,-100.820,"-100.8 -100.8 -100.8 -100.8 -100.8 -100.8 -100.8 -100.8",0.073,1792,8,11546,2201,"-8e+01 -8e+01 -8e+01","0.992 0.137 0.988","0.073 0.048 0.023",44,44,0.02,0.00,1,0,2,0
40.500,6,0.970,0.909,0.043,3,0,-78.376,"-76.6 -79.3 -79.3","1.000 0.909 1.000",-93.966,-100.820,"-100.8 -100.8 -100.8 -100.8 -100.8 -100.8 -100.8 -100.8",0.073,1800,8,11591,2207,"-8e+01 -8e+01 -8e+01","0.992 0.137 0.988","0.073 0.048 0.023",43,43,0.00,0.00,3,0,0,0
40.600,6,0.970,0.909,0.043,3,0,-78.376,"-76.6 -79.3 -79.3","1.000 0.909 1.000",-93.966,-100.820,"-100.8 -100.8 -100.8 -100.8 -100.8 -100.8 -100.8 -100.8",0.073,1808,8,11637,2211,"-8e+01 -8e+01 -8e+01","0.992 0.137 0.988","0.073 0.048 0.023",43,43,0.00,0.00,3,0,0,0
40.700,6,0.970,0.909,0.043,3,0,-78.376,"-76.6 -79.3 -79.3","1.000 0.909 1.000",-93.966,-100.820,"-100.8 -100.8 -100.8 -100.8 -100.8 -100.8 -100.8 -100.8",0.073,1816,8,11682,2217,"-8e+01 -8e+01 -8e+01","0.992 0.137 0.988","0.073 0.048 0.023",42,42,0.29,0.00,3,0,0,0
40.800,6,0.939,0.818,0.086,3,0,-78.376,"-76.6 -79.3 -79.3","1.000 0.818 1.000",-93.966,-100.820,"-100.8 -100.8 -100.8 -100.8 -100.8 -100.8 -100.8 -100.8",0.073,1824,8,11727,2232,"-8e+01 -8e+01 -8e+01","0.992 0.137 0.988","0.073 0.15 0.023",42,42,0.02,0.00,1,0,1,0
40.900,6,0.970,0.909,0.043,3,0,-78.376,"-76.6 -79.3 -79.3","1.000 0.909 1.000",-93.966,-100.820,"-100.8 -100.8 -100.8 -100.8 -100.8 -100.8 -100.8 -100.8",0.073,1832,8,11773,2238,"-8e+01 -8e+01 -8e+01","0.992 0.137 0.988","0.073 0.048 0.023",41,41,0.01,0.00,3,1,1,0
41.000,6,0.970,0.909,0.043,3,0,-78.376,"-76.6 -79.3 -79.3","1.000 0.909 1.000",-93.966,-100.820,"-100.8 -100.8 -100.8 -100.8 -100.8 -100.8 -100.8 -100.8",0.073,1840,8,11819,2245,"-8e+01 -8e+01 -8e+01","0.992 0.137 0.988","0.073 0.048 0.023",44,44,0.00,0.00,2,0,1,0
41.100,6,0.970,0.909,0.043,3,0,-78.376,"-76.6 -79.3 -79.3","1.000 0.909 1.000",-93.966,-100.820,"-100.8 -100.8 -100.8 -100.8 -100.8 -100.8 -100.8 -100.8",0.073,1848,8,11865,2265,"-8e+01 -8e+01 -8e+01","0.992 0.137 0.988","0.073 0.048 0.021",40,40,0.01,0.00,1,0,2,0
41.200,6,0.970,0.909,0.043,3,0,-78.376,"-76.6 -79.3 -79.3","1.000 0.909 1.000",-93.966,-100.820,"-100.8 -100.8 -100.8 -100.8 -100.8 -100.8 -100.8 -100.8",0.073,1856,8,11910,2269,"-8e+01 -8e+01 -8e+01","0.992 0.137 0.988","0.073 0.048 0.023",43,43,0.02,0.00,2,0,1,0
41.300,6,0.970,0.909,0.043,3,0,-78.376,"-76.6 -79.3 -79.3","1.000 0.909 1.000",-93.966,-100.820,"-100.8 -100.8 -100.8 -100.8 -100.8 -100.8 -100.8 -100.8",0.073,1864,8,11956,2274,"-8e+01 -8e+01 -8e+01","0.992 0.137 0.988","0.073 0.048 0.023",43,43,0.02,0.00,2,0,1,0
41.400,6,0.970,0.909,0.043,3,0,-78.376,"-76.6 -79.3 -79.3","1.000 0.909 1.000",-93.966,-100.820,"-100.8 -100.8 -100.8 -100.8 -100.8 -100.8 -100.8 -100.8",0.073,1872,8,12001,2279,"-8e+01 -8e+01 -8e+01","0.992 0.141 0.988","0.073 0.048 0.023",43,43,0.00,0.00,1,0,2,0
41.500,6,0.970,0.909,0.043,3,0,-78.376,"-76.6 -79.3 -79.3","1.000 0.909 1.000",-93.966,-100.820,"-100.8 -100.8 -100.8 -100.8 -100.8 -100.8 -100.8 -100.8",0.073,1880,8,12046,2283,"-8e+01 -8e+01 -8e+01","0.992 0.141 0.988","0.073 0.048 0.023",43,43,0.01,0.00,2,0,1,0
41.600,6,0.970,0.909,0.043,3,0,-78.376,"-76.6 -79.3 -79.3","1.000 0.909 1.000",-93.966,-100.820,"-100.8 -100.8 -100.8 -100.8 -100.8 -100.8 -100.8 -100.8",0.073,1888,8,12091,2287,"-8e+01 -8e+01 -8e+01","0.992 0.141 0.988","0.073 0.048 0.023",43,43,0.00,0.00,3,0,0,0
41.700,6,0.970,0.909,0.043,3,0,-78.376,"-76.6 -79.3 -79.3","1.000 0.909 1.000",-93.966,-100.820,"-100.8 -100.8 -100.8 -100.8 -100.8 -100.8 -100.8 -100.8",0.073,1896,8,12139,2294,"-8e+01 -8e+01 -8e+01","0.992 0.141 0.988","0.073 0.048 0.023",43,43,0.28,0.00,2,0,1,0
41.800,6,0.939,0.818,0.086,3,0,-78.376,"-76.6 -79.3 -79.3","1.000 0.818 1.000",-93.966,-100.820,"-100.8 -100.8 -100.8 -100.8 -100.8 -100.8 -100.8 -100.8",0.073,1904,8,12183,2316,"-8e+01 -8e+01 -8e+01","0.992 0.141 0.988","0.073 0.15 0.019",42,42,0.01,0.00,1,0,1,0
41.900,6,0.970,0.909,0.043,3,0,-78.376,"-76.6 -79.3 -79.3","1.000 0.909 1.000",-93.966,-100.820,"-100.8 -100.8 -100.8 -100.8 -100.8 -100.8 -100.8 -100.8",0.073,1912,8,12228,2321,"-8e+01 -8e+01 -8e+01","0.992 0.145 0.988","0.073 0.048 0.023",43,43,0.01,0.00,3,1,1,0
42.000,6,0.970,0.909,0.043,3,0,-78.376,"-76.6 -79.3 -79.3","1.000 0.909 1.000",-93.966,-100.820,"-100.8 -100.8 -100.8 -100.8 -100.8 -100.8 -100.8 -100.8",0.073,1920,8,12273,2326,"-8e+01 -8e+01 -8e+01","0.992 0.149 0.988","0.073 0.048 0.023",41,41,0.00,0.00,2,0,1,0
42.100,6,0.970,0.909,0.043,3,0,-78.376,"-76.6 -79.3 -79.3","1.000 0.909 1.000",-93.966,-100.820,"-100.8 -100.8 -100.8 -100.8 -100.8 -100.8 -100.8 -100.8",0.073,1928,8,12318,2333,"-8e+01 -8e+01 -8e+01","0.992 0.153 0.988","0.073 0.048 0.023",42,42,0.00,0.00,1,0,2,0
42.200,6,0.970,0.909,0.043,3,0,-78.376,"-76.6 -79.3 -79.3","1.000 0.909 1.000",-93.966,-100.820,"-100.8 -100.8 -100.8 -100.8 -100.8 -100.8 -100.8 -100.8",0.073,1936,8,12365,2338,"-8e+01 -8e+01 -8e+01","0.992 0.153 0.988","0.073 0.048 0.023",43,43,0.01,0.00,3,0,0,0
42.300,6,0.970,0.909,0.043,3,0,-78.375,"-76.6 -79.3 -79.3","1.000 0.909 1.000",-93.966,-100.820,"-100.8 -100.8 -100.8 -100.8 -100.8 -100.8 -100.8 -100.8",0.073,1944,8,12414,2356,"-8e+01 -8e+01 -8e+01","0.992 0.153 0.988","0.073 0.048 0.023",39,39,0.02,0.00,1,0,2,0
42.400,6,0.970,0.909,0.043,3,0,-78.376,"-76.6 -79.3 -79.3","1.000 0.909 1.000",-93.966,-100.820,"-100.8 -100.8 -100.8 -100.8 -100.8 -100.8 -100.8 -100.8",0.073,1952,8,12459,2360,"-8e+01 -8e+01 -8e+01","0.992 0.153 0.988","0.073 0.048 0.023",43,43,0.01,0.00,3,0,0,0
42.500,6,0.909,0.818,0.074,3,0,-78.376,"-76.6 -79.3 -79.3","1.000 0.818 0.909",-93.966,-100.820,"-100.8 -100.8 -100.8 -100.8 -100.8 -100.8 -100.8 -100.8",0.123,1960,8,12502,2371,"-8e+01 -8e+01 -8e+01","0.992 0.153 0.988","0.073 0.15 0.12",43,43,0.00,0.00,0,0,1,0
42.600,6,0.879,0.818,0.043,3,0,-78.376,"-76.6 -79.3 -79.3","0.909 0.818 0.909",-93.966,-100.820,"-100.8 -100.8 -100.8 -100.8 -100.8 -100.8 -100.8 -100.8",0.173,1968,8,12546,2378,"-8e+01 -8e+01 -8e+01","0.992 0.161 0.988","0.17 0.048 0.023",42,42,0.01,0.00,4,2,0,0
42.700,6,0.879,0.818,0.043,3,0,-78.376,"-76.6 -79.3 -79.3","0.909 0.818 0.909",-93.966,-100.820,"-100.8 -100.8 -100.8 -100.8 -100.8 -100.8 -100.8 -100.8",0.073,1976,8,12592,2386,"-8e+01 -8e+01 -8e+01","0.992 0.161 0.988","0.073 0.048 0.023",44,44,0.83,0.00,3,1,1,0
42.800,6,0.879,0.818,0.043,3,0,-78.376,"-76.6 -79.3 -79.3","0.909 0.818 0.909",-93.966,-100.820,"-100.8 -100.8 -100.8 -100.8 -100.8 -100.8 -100.8 -100.8",0.073,1984,8,12636,2406,"-8e+01 -8e+01 -8e+01","0.992 0.161 0.988","0.073 0.048 0.02",42,42,0.00,0.00,1,0,2,0
42.900,6,0.909,0.909,0.000,3,0,-78.376,"-76.6 -79.3 -79.3","0.909 0.909 0.909",-93.966,-100.820,"-100.8 -100.8 -100.8 -100.8 -100.8 -100.8 -100.8 -100.8",0.073,1992,8,12681,2411,"-8e+01 -8e+01 -8e+01","0.992 0.161 0.988","0.073 0.048 0.023",42,42,0.42,0.00,2,0,1,0
43.000,6,0.909,0.909,0.000,3,0,-78.376,"-76.6 -79.3 -79.3","0.909 0.909 0.909",-93.966,-100.820,"-100.8 -100.8 -100.8 -100.8 -100.8 -100.8 -100.8 -100.8",0.073,2000,8,12727,2414,"-8e+01 -8e+01 -8e+01","0.992 0.161 0.988","0.073 0.048 0.023",44,44,0.01,0.00,2,0,1,0
43.100,6,0.909,0.909,0.000,3,0,-78.376,"-76.6 -79.3 -79.3","0.909 0.909 0.909",-93.966,-100.820,"-100.8 -100.8 -100.8 -100.8 -100.8 -100.8 -100.8 -100.8",0.073,2008,8,12772,2419,"-8e+01 -8e+01 -8e+01","0.992 0.161 0.988","0.073 0.048 0.023",43,43,0.01,0.00,1,0,2,0
43.200,6,0.909,0.909,0.000,3,0,-78.376,"-76.6 -79.3 -79.3","0.909 0.909 0.909",-93.966,-100.820,"-100.8 -100.8 -100.8 -100.8 -100.8 -100.8 -100.8 -100.8",0.073,2016,8,12817,2424,"-8e+01 -8e+01 -8e+01","0.992 0.161 0.988","0.073 0.048 0.023",43,43,0.01,0.00,2,0,1,0
43.300,6,0.909,0.909,0.000,3,0,-78.376,"-76.6 -79.3 -79.3","0.909 0.909 0.909",-93.966,-100.820,"-100.8 -100.8 -100.8 -100.8 -100.8 -100.8 -100.8 -100.8",0.073,2024,8,12863,2428,"-8e+01 -8e+01 -8e+01","0.992 0.165 0.988","0.073 0.048 0.023",43,43,0.00,0.00,3,0,0,0
43.400,6,0.909,0.909,0.000,3,0,-78.376,"-76.6 -79.3 -79.3","0.909 0.909 0.909",-93.966,-100.820,"-100.8 -100.8 -100.8 -100.8 -100.8 -100.8 -100.8 -100.8",0.073,2032,8,12908,2433,"-8e+01 -8e+01 -8e+01","0.992 0.165 0.988","0.073 0.048 0.023",42,42,0.04,0.00,2,0,1,0
43.500,6,0.879,0.818,0.043,3,0,-78.376,"-76.6 -79.3 -79.3","0.909 0.818 0.909",-93.966,-100.820,"-100.8 -100.8 -100.8 -100.8 -100.8 -100.8 -100.8 -100.8",0.073,2040,8,12952,2454,"-8e+01 -8e+01 -8e+01","0.992 0.165 0.988","0.073 0.15 0.022",42,42,0.01,0.00,1,0,1,0
43.600,6,0.939,0.909,0.043,3,0,-78.376,"-76.6 -79.3 -79.3","0.909 0.909 1.000",-93.966,-100.820,"-100.8 -100.8 -100.8 -100.8 -100.8 -100.8 -100.8 -100.8",0.073,2048,8,12997,2458,"-8e+01 -8e+01 -8e+01","0.992 0.165 0.988","0.073 0.048 0.023",42,42,0.01,0.00,3,1,1,0
43.700,6,0.970,0.909,0.043,3,0,-78.376,"-76.6 -79.3 -79.3","1.000 0.909 1.000",-93.966,-100.820,"-100.8 -100.8 -100.8 -100.8 -100.8 -100.8 -100.8 -100.8",0.073,2056,8,13042,2462,"-8e+01 -8e+01 -8e+01","0.992 0.165 0.988","0.073 0.048 0.023",43,43,0.00,0.00,2,0,1,0
43.800,6,0.970,0.909,0.043,3,0,-78.376,"-76.6 -79.3 -79.3","1.000 0.909 1.000",-93.966,-100.820,"-100.8 -100.8 -100.8 -100.8 -100.8 -100.8 -100.8 -100.8",0.073,2064,8,13090,2487,"-8e+01 -8e+01 -8e+01","0.992 0.165 0.984","0.073 0.048 0.022",42,42,0.02,0.00,1,0,2,0
43.900,6,0.970,0.909,0.043,3,0,-78.376,"-76.6 -79.3 -79.3","1.000 0.909 1.000",-93.966,-100.820,"-100.8 -100.8 -100.8 -100.8 -100.8 -100.8 -100.8 -100.8",0.073,2072,8,13135,2491,"-8e+01 -8e+01 -8e+01","0.992 0.165 0.984","0.073 0.048 0.023",43,43,0.02,0.00,3,0,0,0
44.000,6,0.970,0.909,0.043,3,0,-78.376,"-76.6 -79.3 -79.3","1.000 0.909 1.000",-93.966,-100.820,"-100.8 -100.8 -100.8 -100.8 -100.8 -100.8 -100.8 -100.8",0.073,2080,8,13181,2494,"-8e+01 -8e+01 -8e+01","0.992 0.165 0.984","0.073 0.048 0.023",44,44,0.01,0.00,2,0,1,0
44.100,6,0.970,0.909,0.043,3,0,-78.376,"-76.6 -79.3 -79.3","1.000 0.909 1.000",-93.966,-100.820,"-100.8 -100.8 -100.8 -100.8 -100.8 -100.8 -100.8 -100.8",0.073,2088,8,13226,2499,"-8e+01 -8e+01 -8e+01","0.992 0.165 0.984","0.073 0.048 0.023",43,43,0.02,0.00,2,0,1,0
44.200,6,0.970,0.909,0.043,3,0,-78.376,"-76.6 -79.3 -79.3","1.000 0.909 1.000",-93.966,-100.820,"-100.8 -100.8 -100.8 -100.8 -100.8 -100.8 -100.8 -100.8",0.073,2096,8,13273,2510,"-8e+01 -8e+01 -8e+01","0.992 0.165 0.984","0.073 0.048 0.023",42,42,0.01,0.00,2,0,1,0
44.300,6,0.970,0.909,0.043,3,0,-78.495,"-76.6 -79.6 -79.3","1.000 0.909 1.000",-93.966,-100.820,"-100.8 -100.8 -100.8 -100.8 -100.8 -100.8 -100.8 -100.8",0.073,2104,8,13320,2516,"-8e+01 -8e+01 -8e+01","0.992 0.165 0.984","0.073 0.048 0.023",43,43,0.02,0.00,3,0,0,0
44.400,6,0.970,0.909,0.043,3,0,-78.376,"-76.6 -79.3 -79.3","1.000 0.909 1.000",-93.966,-100.820,"-100.8 -100.8 -100.8 -100.8 -100.8 -100.8 -100.8 -100.8",0.073,2112,8,13366,2521,"-8e+01 -8e+01 -8e+01","0.992 0.165 0.984","0.073 0.048 0.023",43,43,0.04,0.00,2,0,1,0
44.500,6,0.909,0.818,0.074,3,0,-78.375,"-76.6 -79.3 -79.3","1.000 0.818 0.909",-93.966,-100.820,"-100.8 -100.8 -100.8 -100.8 -100.8 -100.8 -100.8 -100.8",0.123,2120,8,13397,2539,"-8e+01 -8e+01 -8e+01","0.992 0.165 0.984","0.073 0.15 0.12",31,31,0.01,0.00,0,0,1,0
44.600,6,0.939,0.909,0.043,3,0,-78.376,"-76.6 -79.3 -79.3","0.909 0.909 1.000",-93.966,-100.820,"-100.8 -100.8 -100.8 -100.8 -100.8 -100.8 -100.8 -100.8",0.173,2128,8,13455,2546,"-8e+01 -8e+01 -8e+01","0.992 0.161 0.984","0.17 0.048 0.023",42,42,1.92,0.00,4,1,0,0
44.700,6,0.939,0.909,0.043,3,0,-78.376,"-76.6 -79.3 -79.3","0.909 0.909 1.000",-93.966,-100.820,"-100.8 -100.8 -100.8 -100.8 -100.8 -100.8 -100.8 -100.8",0.073,2136,8,13501,2550,"-8e+01 -8e+01 -8e+01","0.992 0.161 0.984","0.073 0.048 0.023",44,44,0.01,0.00,3,1,1,0
44.800,6,0.939,0.909,0.043,3,0,-78.376,"-76.6 -79.3 -79.3","0.909 0.909 1.000",-93.966,-100.820,"-100.8 -100.8 -100.8 -100.8 -100.8 -100.8 -100.8 -100.8",0.073,2144,8,13546,2560,"-8e+01 -8e+01 -8e+01","0.992 0.161 0.984","0.073 0.048 0.023",43,43,0.01,0.00,1,0,2,0
44.900,6,0.939,0.909,0.043,3,0,-78.376,"-76.6 -79.3 -79.3","0.909 0.909 1.000",-93.966,-100.820,"-100.8 -100.8 -100.8 -100.8 -100.8 -100.8 -100.8 -100.8",0.073,2152,8,13591,2564,"-8e+01 -8e+01 -8e+01","0.992 0.161 0.984","0.073 0.048 0.023",43,43,0.02,0.00,2,0,1,0
45.000,6,0.939,0.909,0.043,3,0,-78.376,"-76.6 -79.3 -79.3","0.909 0.909 1.000",-93.966,-100.820,"-100.8 -100.8 -100.8 -100.8 -100.8 -100.8 -100.8 -100.8",0.073,2160,8,13637,2568,"-8e+01 -8e+01 -8e+01","0.992 0.161 0.984","0.073 0.048 0.023",44,44,0.01,0.00,2,0,1,0
45.100,6,0.939,0.909,0.043,3,0,-78.376,"-76.6 -79.3 -79.3","0.909 0.909 1.000",-93.966,-100.820,"-100.8 -100.8 -100.8 -100.8 -100.8 -100.8 -100.8 -100.8",0.073,2168,8,13682,2573,"-8e+01 -8e+01 -8e+01","0.992 0.161 0.984","0.073 0.048 0.023",42,42,0.01,0.00,1,0,2,0
45.200,6,0.939,0.909,0.043,3,0,-78.376,"-76.6 -79.3 -79.3","0.909 0.909 1.000",-93.966,-100.820,"-100.8 -100.8 -100.8 -100.8 -100.8 -100.8 -100.8 -100.8",0.073,2176,8,13727,2577,"-8e+01 -8e+01 -8e+01","0.992 0.161 0.984","0.073 0.048 0.023",43,43,0.01,0.00,2,0,1,0
45.300,6,0.909,0.818,0.074,3,0,-78.376,"-76.6 -79.3 -79.3","0.818 0.909 1.000",-93.966,-100.820,"-100.8 -100.8 -100.8 -100.8 -100.8 -100.8 -100.8 -100.8",0.173,2184,8,13772,2585,"-8e+01 -8e+01 -8e+01","0.992 0.161 0.984","0.17 0.048 0.023",41,41,0.01,0.00,2,0,0,0
45.400,6,0.909,0.818,0.074,3,0,-78.376,"-76.6 -79.3 -79.3","0.818 0.909 1.000",-93.966,-100.820,"-100.8 -100.8 -100.8 -100.8 -100.8 -100.8 -100.8 -100.8",0.073,2192,8,13818,2595,"-8e+01 -8e+01 -8e+01","0.992 0.161 0.984","0.073 0.048 0.023",42,42,0.49,0.00,3,1,1,0
45.500,6,0.879,0.818,0.043,3,0,-78.376,"-76.6 -79.3 -79.3","0.818 0.909 0.909",-93.966,-100.820,"-100.8 -100.8 -100.8 -100.8 -100.8 -100.8 -100.8 -100.8",0.123,2200,8,13862,2616,"-8e+01 -8e+01 -8e+01","0.992 0.161 0.984","0.073 0.048 0.12",40,40,0.01,0.00,0,0,2,0
45.600,6,0.939,0.818,0.086,3,0,-78.376,"-76.6 -79.3 -79.3","0.818 1.000 1.000",-93.966,-100.820,"-100.8 -100.8 -100.8 -100.8 -100.8 -100.8 -100.8 -100.8",0.073,2208,8,13907,2620,"-8e+01 -8e+01 -8e+01","0.992 0.161 0.984","0.073 0.048 0.023",43,43,0.01,0.00,4,1,0,0
45.700,6,0.939,0.909,0.043,3,0,-78.376,"-76.6 -79.3 -79.3","0.909 1.000 0.909",-93.966,-100.820,"-100.8 -100.8 -100.8 -100.8 -100.8 -100.8 -100.8 -100.8",0.073,2216,8,13954,2623,"-8e+01 -8e+01 -8e+01","0.992 0.161 0.984","0.073 0.048 0.023",44,44,0.00,0.00,2,0,1,0
45.800,6,0.939,0.909,0.043,3,0,-78.376,"-76.6 -79.3 -79.3","0.909 1.000 0.909",-93.966,-100.820,"-100.8 -100.8 -100.8 -100.8 -100.8 -100.8 -100.8 -100.8",0.073,2224,8,13999,2630,"-8e+01 -8e+01 -8e+01","0.992 0.161 0.984","0.073 0.048 0.023",41,41,0.01,0.00,2,0,1,0
45.900,6,0.939,0.909,0.043,3,0,-78.376,"-76.6 -79.3 -79.3","0.909 1.000 0.909",-93.966,-100.820,"-100.8 -100.8 -100.8 -100.8 -100.8 -100.8 -100.8 -100.8",0.073,2232,8,14044,2634,"-8e+01 -8e+01 -8e+01","0.992 0.161 0.984","0.073 0.048 0.023",43,43,0.01,0.00,2,0,1,0
46.000,6,0.939,0.909,0.043,3,0,-78.376,"-76.6 -79.3 -79.3","0.909 1.000 0.909",-93.966,-100.820,"-100.8 -100.8 -100.8 -100.8 -100.8 -100.8 -100.8 -100.8",0.073,2240,8,14090,2639,"-8e+01 -8e+01 -8e+01","0.992 0.161 0.984","0.073 0.048 0.023",44,44,0.01,0.00,2,0,1,0
46.100,6,0.939,0.909,0.043,3,0,-78.376,"-76.6 -79.3 -79.3","0.909 1.000 0.909",-93.966,-100.820,"-100.8 -100.8 -100.8 -100.8 -100.8 -100.8 -100.8 -100.8",0.073,2248,8,14135,2648,"-8e+01 -8e+01 -8e+01","0.992 0.161 0.984","0.073 0.048 0.023",44,44,0.00,0.00,2,0,1,0
46.200,6,0.909,0.909,0.000,3,0,-78.495,"-76.6 -79.6 -79.3","0.909 0.909 0.909",-93.966,-100.820,"-100.8 -100.8 -100.8 -100.8 -100.8 -100.8 -100.8 -100.8",0.073,2256,8,14180,2670,"-8e+01 -8e+01 -8e+01","0.992 0.161 0.984","0.073 0.15 0.021",38,38,0.01,0.00,1,0,1,0
46.300,6,0.879,0.818,0.043,3,0,-78.376,"-76.6 -79.3 -79.3","0.818 0.909 0.909",-93.966,-100.820,"-100.8 -100.8 -100.8 -100.8 -100.8 -100.8 -100.8 -100.8",0.173,2264,8,14224,2679,"-8e+01 -8e+01 -8e+01","0.992 0.161 0.988","0.17 0.048 0.023",41,41,0.14,0.00,3,1,0,0
46.400,6,0.909,0.909,0.000,3,0,-78.376,"-76.6 -79.3 -79.3","0.909 0.909 0.909",-93.966,-100.820,"-100.8 -100.8 -100.8 -100.8 -100.8 -100.8 -100.8 -100.8",0.073,2272,8,14271,2686,"-8e+01 -8e+01 -8e+01","0.996 0.161 0.988","0.073 0.048 0.023",43,43,0.93,0.00,3,1,1,0
46.500,6,0.909,0.909,0.000,3,0,-78.375,"-76.6 -79.3 -79.3","0.909 0.909 0.909",-93.966,-100.820,"-100.8 -100.8 -100.8 -100.8 -100.8 -100.8 -100.8 -100.8",0.073,2280,8,14319,2707,"-8e+01 -8e+01 -8e+01","0.996 0.161 0.988","0.073 0.048 0.016",39,39,0.01,0.00,2,0,1,0
46.600,6,0.939,0.909,0.043,3,0,-78.376,"-76.6 -79.3 -79.3","0.909 0.909 1.000",-93.966,-100.820,"-100.8 -100.8 -100.8 -100.8 -100.8 -100.8 -100.8 -100.8",0.073,2288,8,14364,2711,"-8e+01 -8e+01 -8e+01","0.996 0.161 0.988","0.073 0.048 0.023",43,43,0.01,0.00,2,0,1,0
46.700,6,0.939,0.909,0.043,3,0,-78.376,"-76.6 -79.3 -79.3","0.909 0.909 1.000",-93.966,-100.820,"-100.8 -100.8 -100.8 -100.8 -100.8 -100.8 -100.8 -100.8",0.073,2296,8,14410,2716,"-8e+01 -8e+01 -8e+01","0.996 0.161 0.988","0.073 0.048 0.023",42,42,0.02,0.00,2,0,1,0
46.800,6,0.939,0.909,0.043,3,0,-78.376,"-76.6 -79.3 -79.3","0.909 0.909 1.000",-93.966,-100.820,"-100.8 -100.8 -100.8 -100.8 -100.8 -100.8 -100.8 -100.8",0.073,2304,8,14455,2721,"-8e+01 -8e+01 -8e+01","0.996 0.161 0.988","0.073 0.048 0.023",43,43,0.02,0.00,1,0,2,0
46.900,6,0.939,0.909,0.043,3,0,-78.376,"-76.6 -79.3 -79.3","0.909 0.909 1.000",-93.966,-100.820,"-100.8 -100.8 -100.8 -100.8 -100.8 -100.8 -100.8 -100.8",0.073,2312,8,14500,2725,"-8e+01 -8e+01 -8e+01","0.996 0.161 0.988","0.073 0.048 0.023",43,43,0.01,0.00,2,0,1,0
47.000,6,0.939,0.909,0.043,3,0,-78.376,"-76.6 -79.3 -79.3","0.909 0.909 1.000",-93.966,-100.820,"-100.8 -100.8 -100.8 -100.8 -100.8 -100.8 -100.8 -100.8",0.073,2320,8,14551,2742,"-8e+01 -8e+01 -8e+01","0.996 0.161 0.988","0.073 0.048 0.023",45,45,0.01,0.00,3,0,0,0
47.100,6,0.939,0.909,0.043,3,0,-78.376,"-76.6 -79.3 -79.3","0.909 0.909 1.000",-93.966,-100.820,"-100.8 -100.8 -100.8 -100.8 -100.8 -100.8 -100.8 -100.8",0.073,2328,8,14595,2746,"-8e+01 -8e+01 -8e+01","0.996 0.161 0.988","0.073 0.048 0.023",42,42,0.22,0.00,2,0,1,0
47.200,6,0.909,0.818,0.074,3,0,-78.376,"-76.6 -79.3 -79.3","0.909 0.818 1.000",-93.966,-100.820,"-100.8 -100.8 -100.8 -100.8 -100.8 -100.8 -100.8 -100.8",0.073,2336,8,14640,2764,"-8e+01 -8e+01 -8e+01","0.996 0.161 0.988","0.073 0.15 0.019",38,38,0.01,0.00,1,0,1,0
47.300,6,0.909,0.818,0.074,3,0,-78.376,"-76.6 -79.3 -79.3","0.818 0.909 1.000",-93.966,-100.820,"-100.8 -100.8 -100.8 -100.8 -100.8 -100.8 -100.8 -100.8",0.173,2344,8,14684,2769,"-8e+01 -8e+01 -8e+01","0.996 0.161 0.988","0.17 0.048 0.023",43,43,0.02,0.00,3,1,0,0
47.400,6,0.939,0.909,0.043,3,0,-78.376,"-76.6 -79.3 -79.3","0.909 0.909 1.000",-93.966,-100.820,"-100.8 -100.8 -100.8 -100.8 -100.8 -100.8 -100.8 -100.8",0.073,2352,8,14730,2774,"-8e+01 -8e+01 -8e+01","0.996 0.161 0.988","0.073 0.048 0.023",43,43,0.01,0.00,3,1,1,0
47.500,6,0.939,0.909,0.043,3,0,-78.376,"-76.6 -79.3 -79.3","0.909 0.909 1.000",-93.966,-100.820,"-100.8 -100.8 -100.8 -100.8 -100.8 -100.8 -100.8 -100.8",0.073,2360,8,14775,2794,"-8e+01 -8e+01 -8e+01","0.996 0.161 0.988","0.073 0.048 0.022",40,40,0.02,0.00,2,0,1,0
47.600,6,0.939,0.909,0.043,3,0,-78.376,"-76.6 -79.3 -79.3","0.909 0.909 1.000",-93.966,-100.820,"-100.8 -100.8 -100.8 -100.8 -100.8 -100.8 -100.8 -100.8",0.073,2368,8,14823,2810,"-8e+01 -8e+01 -8e+01","0.996 0.161 0.988","0.073 0.048 0.023",43,43,0.01,0.00,2,0,1,0
47.700,6,0.939,0.909,0.043,3,0,-78.375,"-76.6 -79.3 -79.3","0.909 0.909 1.000",-93.966,-100.820,"-100.8 -100.8 -100.8 -100.8 -100.8 -100.8 -100.8 -100.8",0.073,2376,8,14874,2838,"-8e+01 -8e+01 -8e+01","0.996 0.161 0.988","0.073 0.048 0.023",44,44,0.01,0.00,2,0,1,0
47.800,6,0.939,0.909,0.043,3,0,-78.376,"-76.6 -79.3 -79.3","0.909 0.909 1.000",-93.966,-100.820,"-100.8 -100.8 -100.8 -100.8 -100.8 -100.8 -100.8 -100.8",0.073,2384,8,14919,2846,"-8e+01 -8e+01 -8e+01","0.996 0.145 0.988","0.073 0.048 0.023",41,41,0.00,0.00,1,0,2,0
47.900,6,0.939,0.909,0.043,3,0,-78.376,"-76.6 -79.3 -79.3","0.909 0.909 1.000",-93.966,-100.820,"-100.8 -100.8 -100.8 -100.8 -100.8 -100.8 -100.8 -100.8",0.073,2392,8,14964,2850,"-8e+01 -8e+01 -8e+01","0.996 0.145 0.988","0.073 0.048 0.023",43,43,0.01,0.00,2,0,1,0
48.000,6,0.939,0.909,0.043,3,0,-78.376,"-76.6 -79.3 -79.3","0.909 0.909 1.000",-93.966,-100.820,"-100.8 -100.8 -100.8 -100.8 -100.8 -100.8 -100.8 -100.8",0.073,2400,8,15008,2853,"-8e+01 -8e+01 -8e+01","0.996 0.145 0.988","0.073 0.048 0.023",42,42,0.04,0.00,3,0,0,0
48.100,6,0.939,0.909,0.043,3,0,-78.376,"-76.6 -79.3 -79.3","0.909 0.909 1.000",-93.966,-100.820,"-100.8 -100.8 -100.8 -100.8 -100.8 -100.8 -100.8 -100.8",0.073,2408,8,15054,2858,"-8e+01 -8e+01 -8e+01","0.996 0.145 0.988","0.073 0.048 0.023",44,44,0.23,0.00,2,0,1,0
48.200,6,0.909,0.818,0.074,3,0,-78.376,"-76.6 -79.3 -79.3","0.909 0.818 1.000",-93.966,-100.820,"-100.8 -100.8 -100.8 -100.8 -100.8 -100.8 -100.8 -100.8",0.073,2416,8,15100,2872,"-8e+01 -8e+01 -8e+01","0.996 0.145 0.988","0.073 0.15 0.021",38,38,0.01,0.00,2,0,0,0
48.300,6,0.939,0.909,0.043,3,0,-78.376,"-76.6 -79.3 -79.3","0.909 0.909 1.000",-93.966,-100.820,"-100.8 -100.8 -100.8 -100.8 -100.8 -100.8 -100.8 -100.8",0.073,2424,8,15147,2877,"-8e+01 -8e+01 -8e+01","0.996 0.145 0.988","0.073 0.048 0.023",44,44,0.02,0.00,3,1,1,0
48.400,6,0.939,0.909,0.043,3,0,-78.375,"-76.6 -79.3 -79.3","1.000 0.909 0.909",-93.966,-100.820,"-100.8 -100.8 -100.8 -100.8 -100.8 -100.8 -100.8 -100.8",0.123,2432,8,15193,2889,"-8e+01 -8e+01 -8e+01","0.996 0.145 0.988","0.073 0.048 0.12",45,45,0.01,0.00,2,0,0,0
48.500,6,0.939,0.909,0.043,3,0,-78.376,"-76.6 -79.3 -79.3","1.000 0.909 0.909",-93.966,-100.820,"-100.8 -100.8 -100.8 -100.8 -100.8 -100.8 -100.8 -100.8",0.073,2440,8,15239,2895,"-8e+01 -8e+01 -8e+01","0.996 0.145 0.988","0.073 0.048 0.023",43,43,0.01,0.00,2,1,2,0
48.600,6,0.939,0.909,0.043,3,0,-78.376,"-76.6 -79.3 -79.3","1.000 0.909 0.909",-93.966,-100.820,"-100.8 -100.8 -100.8 -100.8 -100.8 -100.8 -100.8 -100.8",0.073,2448,8,15284,2900,"-8e+01 -8e+01 -8e+01","0.996 0.145 0.988","0.073 0.048 0.023",42,42,0.00,0.00,2,0,1,0
48.700,6,0.939,0.909,0.043,3,0,-78.376,"-76.6 -79.3 -79.3","1.000 0.909 0.909",-93.966,-100.820,"-100.8 -100.8 -100.8 -100.8 -100.8 -100.8 -100.8 -100.8",0.073,2456,8,15330,2903,"-8e+01 -8e+01 -8e+01","0.996 0.145 0.988","0.073 0.048 0.023",44,44,0.01,0.00,2,0,1,0
48.800,6,0.939,0.909,0.043,3,0,-78.376,"-76.6 -79.3 -79.3","1.000 0.909 0.909",-93.966,-100.820,"-100.8 -100.8 -100.8 -100.8 -100.8 -100.8 -100.8 -100.8",0.073,2464,8,15374,2907,"-8e+01 -8e+01 -8e+01","0.996 0.145 0.988","0.073 0.048 0.023",42,42,0.00,0.00,2,0,1,0
48.900,6,0.939,0.909,0.043,3,0,-78.376,"-76.6 -79.3 -79.3","1.000 0.909 0.909",-93.966,-100.820,"-100.8 -100.8 -100.8 -100.8 -100.8 -100.8 -100.8 -100.8",0.073,2472,8,15419,2915,"-8e+01 -8e+01 -8e+01","0.996 0.149 0.988","0.073 0.048 0.023",43,43,0.00,0.00,2,0,1,0
49.000,6,0.909,0.909,0.000,3,0,-78.376,"-76.6 -79.3 -79.3","0.909 0.909 0.909",-93.966,-100.820,"-100.8 -100.8 -100.8 -100.8 -100.8 -100.8 -100.8 -100.8",0.173,2480,8,15464,2928,"-8e+01 -8e+01 -8e+01","0.996 0.149 0.988","0.17 0.048 0.023",41,41,0.01,0.00,2,0,0,0
49.100,6,0.909,0.909,0.000,3,0,-78.376,"-76.6 -79.3 -79.3","0.909 0.909 0.909",-93.966,-100.820,"-100.8 -100.8 -100.8 -100.8 -100.8 -100.8 -100.8 -100.8",0.073,2488,8,15510,2934,"-8e+01 -8e+01 -8e+01","0.996 0.149 0.988","0.073 0.048 0.023",41,41,0.54,0.00,3,1,1,0
49.200,6,0.909,0.909,0.000,3,0,-78.376,"-76.6 -79.3 -79.3","0.909 0.909 0.909",-93.966,-100.820,"-100.8 -100.8 -100.8 -100.8 -100.8 -100.8 -100.8 -100.8",0.073,2496,8,15556,2951,"-8e+01 -8e+01 -8e+01","0.992 0.149 0.984","0.073 0.048 0.023",41,41,0.01,0.00,2,0,1,0
49.300,6,0.939,0.909,0.043,3,0,-78.376,"-76.6 -79.3 -79.3","0.909 1.000 0.909",-93.966,-100.820,"-100.8 -100.8 -100.8 -100.8 -100.8 -100.8 -100.8 -100.8",0.073,2504,8,15601,2957,"-8e+01 -8e+01 -8e+01","0.992 0.149 0.984","0.073 0.048 0.023",43,43,0.01,0.00,2,0,1,0
49.400,6,0.939,0.909,0.043,3,0,-78.376,"-76.6 -79.3 -79.3","0.909 1.000 0.909",-93.966,-100.820,"-100.8 -100.8 -100.8 -100.8 -100.8 -100.8 -100.8 -100.8",0.073,2512,8,15647,2961,"-8e+01 -8e+01 -8e+01","0.992 0.149 0.984","0.073 0.048 0.023",44,44,0.01,0.00,2,0,1,0
49.500,6,0.970,0.909,0.043,3,0,-78.376,"-76.6 -79.3 -79.3","0.909 1.000 1.000",-93.966,-100.820,"-100.8 -100.8 -100.8 -100.8 -100.8 -100.8 -100.8 -100.8",0.073,2520,8,15692,2966,"-8e+01 -8e+01 -8e+01","0.992 0.149 0.984","0.073 0.048 0.023",43,43,0.00,0.00,1,0,2,0
49.600,6,0.970,0.909,0.043,3,0,-78.376,"-76.6 -79.3 -79.3","0.909 1.000 1.000",-93.966,-100.820,"-100.8 -100.8 -100.8 -100.8 -100.8 -100.8 -100.8 -100.8",0.073,2528,8,15737,2970,"-8e+01 -8e+01 -8e+01","0.992 0.149 0.984","0.073 0.048 0.023",43,43,0.02,0.00,2,0,1,0
49.700,6,0.970,0.909,0.043,3,0,-78.376,"-76.6 -79.3 -79.3","0.909 1.000 1.000",-93.966,-100.820,"-100.8 -100.8 -100.8 -100.8 -100.8 -100.8 -100.8 -100.8",0.073,2536,8,15782,2973,"-8e+01 -8e+01 -8e+01","0.992 0.149 0.984","0.073 0.048 0.023",43,43,0.01,0.00,3,0,0,0
49.800,6,0.970,0.909,0.043,3,0,-78.376,"-76.6 -79.3 -79.3","0.909 1.000 1.000",-93.966,-100.820,"-100.8 -100.8 -100.8 -100.8 -100.8 -100.8 -100.8 -100.8",0.073,2544,8,15827,2977,"-8e+01 -8e+01 -8e+01","0.992 0.149 0.984","0.073 0.048 0.023",43,43,0.03,0.00,2,0,1,0
49.900,6,0.939,0.909,0.043,3,0,-78.376,"-76.6 -79.3 -79.3","0.909 0.909 1.000",-93.966,-100.820,"-100.8 -100.8 -100.8 -100.8 -100.8 -100.8 -100.8 -100.8",0.073,2552,8,15871,2994,"-8e+01 -8e+01 -8e+01","0.992 0.149 0.984","0.073 0.15 0.022",43,43,0.01,0.00,2,0,0,0
50.000,6,0.909,0.818,0.074,3,0,-78.376,"-76.6 -79.3 -79.3","0.818 0.909 1.000",-93.966,-100.820,"-100.8 -100.8 -100.8 -100.8 -100.8 -100.8 -100.8 -100.8",0.173,2560,8,15915,2999,"-8e+01 -8e+01 -8e+01","0.992 0.149 0.984","0.17 0.048 0.023",43,43,0.02,0.00,3,1,0,0
50.100,6,0.939,0.909,0.043,3,0,-78.376,"-76.6 -79.3 -79.3","0.909 0.909 1.000",-93.966,-100.820,"-100.8 -100.8 -100.8 -100.8 -100.8 -100.8 -100.8 -100.8",0.073,2568,8,15961,3009,"-8e+01 -8e+01 -8e+01","0.992 0.149 0.984","0.073 0.048 0.023",43,43,0.01,0.00,4,1,0,0
50.200,6,0.939,0.909,0.043,3,0,-78.376,"-76.6 -79.3 -79.3","0.909 0.909 1.000",-93.966,-100.820,"-100.8 -100.8 -100.8 -100.8 -100.8 -100.8 -100.8 -100.8",0.073,2576,8,16006,3025,"-8e+01 -8e+01 -8e+01","0.988 0.149 0.98","0.073 0.048 0.022",41,41,0.00,0.00,1,0,2,0
50.300,6,0.939,0.909,0.043,3,0,-78.376,"-76.6 -79.3 -79.3","0.909 0.909 1.000",-93.966,-100.820,"-100.8 -100.8 -100.8 -100.8 -100.8 -100.8 -100.8 -100.8",0.073,2584,8,16052,3030,"-8e+01 -8e+01 -8e+01","0.988 0.149 0.98","0.073 0.048 0.023",43,43,0.02,0.00,2,0,1,0
50.400,6,0.909,0.909,0.000,3,0,-78.495,"-76.6 -79.6 -79.3","0.909 0.909 0.909",-93.966,-100.820,"-100.8 -100.8 -100.8 -100.8 -100.8 -100.8 -100.8 -100.8",0.123,2592,8,16096,3034,"-8e+01 -8e+01 -8e+01","0.988 0.149 0.98","0.073 0.048 0.12",43,43,0.02,0.00,1,0,1,0
50.500,6,0.909,0.909,0.000,3,0,-78.376,"-76.6 -79.3 -79.3","0.909 0.909 0.909",-93.966,-100.820,"-100.8 -100.8 -100.8 -100.8 -100.8 -100.8 -100.8 -100.8",0.073,2600,8,16143,3041,"-8e+01 -8e+01 -8e+01","0.988 0.149 0.98","0.073 0.048 0.023",42,42,0.24,0.00,2,1,2,0
50.600,6,0.909,0.909,0.000,3,0,-78.376,"-76.6 -79.3 -79.3","0.909 0.909 0.909",-93.966,-100.820,"-100.8 -100.8 -100.8 -100.8 -100.8 -100.8 -100.8 -100.8",0.073,2608,8,16188,3046,"-8e+01 -8e+01 -8e+01","0.988 0.149 0.98","0.073 0.048 0.023",43,43,0.01,0.00,2,0,1,0
50.700,6,0.909,0.909,0.000,3,0,-78.376,"-76.6 -79.3 -79.3","0.909 0.909 0.909",-93.966,-100.820,"-100.8 -100.8 -100.8 -100.8 -100.8 -100.8 -100.8 -100.8",0.073,2616,8,16233,3051,"-8e+01 -8e+01 -8e+01","0.988 0.149 0.98","0.073 0.048 0.023",42,42,0.01,0.00,3,0,0,0
50.800,6,0.909,0.909,0.000,3,0,-78.376,"-76.6 -79.3 -79.3","0.909 0.909 0.909",-93.966,-100.820,"-100.8 -100.8 -100.8 -100.8 -100.8 -100.8 -100.8 -100.8",0.073,2624,8,16279,3055,"-8e+01 -8e+01 -8e+01","0.988 0.149 0.98","0.073 0.048 0.023",44,44,0.03,0.00,2,0,1,0
50.900,6,0.848,0.818,0.043,3,0,-78.376,"-76.6 -79.3 -79.3","0.909 0.818 0.818",-93.966,-100.820,"-100.8 -100.8 -100.8 -100.8 -100.8 -100.8 -100.8 -100.8",0.123,2632,8,16322,3073,"-8e+01 -8e+01 -8e+01","0.988 0.149 0.98","0.073 0.15 0.12",40,40,0.00,0.00,0,0,1,0
51.000,6,0.879,0.818,0.043,3,0,-78.376,"-76.6 -79.3 -79.3","0.909 0.909 0.818",-93.966,-100.820,"-100.8 -100.8 -100.8 -100.8 -100.8 -100.8 -100.8 -100.8",0.073,2640,8,16367,3078,"-8e+01 -8e+01 -8e+01","0.988 0.149 0.98","0.073 0.048 0.023",42,42,0.00,0.00,4,2,1,0
51.100,6,0.909,0.818,0.074,3,0,-78.376,"-76.6 -79.3 -79.3","1.000 0.909 0.818",-93.966,-100.820,"-100.8 -100.8 -100.8 -100.8 -100.8 -100.8 -100.8 -100.8",0.073,2648,8,16413,3081,"-8e+01 -8e+01 -8e+01","0.988 0.149 0.98","0.073 0.048 0.023",44,44,0.01,0.00,2,0,1,0
51.200,6,0.909,0.818,0.074,3,0,-78.376,"-76.6 -79.3 -79.3","1.000 0.909 0.818",-93.966,-100.820,"-100.8 -100.8 -100.8 -100.8 -100.8 -100.8 -100.8 -100.8",0.073,2656,8,16458,3092,"-8e+01 -8e+01 -8e+01","0.988 0.149 0.98","0.073 0.048 0.021",42,42,0.01,0.00,1,0,2,0
51.300,6,0.909,0.818,0.074,3,0,-78.376,"-76.6 -79.3 -79.3","1.000 0.909 0.818",-93.966,-100.820,"-100.8 -100.8 -100.8 -100.8 -100.8 -100.8 -100.8 -100.8",0.073,2664,8,16503,3096,"-8e+01 -8e+01 -8e+01","0.988 0.149 0.98","0.073 0.048 0.023",43,43,0.01,0.00,2,0,1,0
51.400,6,0.909,0.818,0.074,3,0,-78.376,"-76.6 -79.3 -79.3","1.000 0.909 0.818",-93.966,-100.820,"-100.8 -100.8 -100.8 -100.8 -100.8 -100.8 -100.8 -100.8",0.073,2672,8,16548,3099,"-8e+01 -8e+01 -8e+01","0.988 0.149 0.98","0.073 0.048 0.023",43,43,0.01,0.00,2,0,1,0
51.500,6,0.939,0.909,0.043,3,0,-78.376,"-76.6 -79.3 -79.3","1.000 0.909 0.909",-93.966,-100.820,"-100.8 -100.8 -100.8 -100.8 -100.8 -100.8 -100.8 -100.8",0.073,2680,8,16593,3103,"-8e+01 -8e+01 -8e+01","0.988 0.149 0.98","0.073 0.048 0.023",43,43,0.02,0.00,1,0,2,0
51.600,6,0.939,0.909,0.043,3,0,-78.376,"-76.6 -79.3 -79.3","1.000 0.909 0.909",-93.966,-100.820,"-100.8 -100.8 -100.8 -100.8 -100.8 -100.8 -100.8 -100.8",0.073,2688,8,16638,3108,"-8e+01 -8e+01 -8e+01","0.988 0.149 0.98","0.073 0.048 0.023",43,43,0.01,0.00,3,0,0,0
51.700,6,0.909,0.909,0.000,3,0,-78.376,"-76.6 -79.3 -79.3","0.909 0.909 0.909",-93.966,-100.820,"-100.8 -100.8 -100.8 -100.8 -100.8 -100.8 -100.8 -100.8",0.173,2696,8,16682,3115,"-8e+01 -8e+01 -8e+01","0.988 0.149 0.98","0.17 0.048 0.023",41,41,0.01,0.00,2,0,0,0
51.800,6,0.909,0.909,0.000,3,0,-78.376,"-76.6 -79.3 -79.3","0.909 0.909 0.909",-93.966,-100.820,"-100.8 -100.8 -100.8 -100.8 -100.8 -100.8 -100.8 -100.8",0.073,2704,8,16728,3120,"-8e+01 -8e+01 -8e+01","0.988 0.149 0.98","0.073 0.048 0.023",43,43,0.39,0.00,4,1,0,0
51.900,6,0.909,0.909,0.000,3,0,-78.376,"-76.6 -79.3 -79.3","0.909 0.909 0.909",-93.966,-100.820,"-100.8 -100.8 -100.8 -100.8 -100.8 -100.8 -100.8 -100.8",0.073,2712,8,16773,3136,"-8e+01 -8e+01 -8e+01","0.988 0.149 0.98","0.073 0.048 0.022",41,41,0.02,0.00,1,0,2,0
52.000,6,0.970,0.909,0.043,3,0,-78.376,"-76.6 -79.3 -79.3","0.909 1.000 1.000",-93.966,-100.820,"-100.8 -100.8 -100.8 -100.8 -100.8 -100.8 -100.8 -100.8",0.073,2720,8,16818,3140,"-8e+01 -8e+01 -8e+01","0.988 0.149 0.98","0.073 0.048 0.023",43,43,0.00,0.00,2,0,1,0
52.100,6,0.970,0.909,0.043,3,0,-78.376,"-76.6 -79.3 -79.3","0.909 1.000 1.000",-93.966,-100.820,"-100.8 -100.8 -100.8 -100.8 -100.8 -100.8 -100.8 -100.8",0.073,2728,8,16865,3154,"-8e+01 -8e+01 -8e+01","0.988 0.149 0.98","0.073 0.048 0.023",41,41,0.02,0.00,2,0,1,0
52.200,6,0.970,0.909,0.043,3,0,-78.376,"-76.6 -79.3 -79.3","0.909 1.000 1.000",-93.966,-100.820,"-100.8 -100.8 -100.8 -100.8 -100.8 -100.8 -100.8 -100.8",0.073,2736,8,16909,3159,"-8e+01 -8e+01 -8e+01","0.988 0.145 0.98","0.073 0.048 0.023",42,42,0.00,0.00,1,0,2,0
52.300,6,0.970,0.909,0.043,3,0,-78.376,"-76.6 -79.3 -79.3","0.909 1.000 1.000",-93.966,-100.820,"-100.8 -100.8 -100.8 -100.8 -100.8 -100.8 -100.8 -100.8",0.073,2744,8,16954,3163,"-8e+01 -8e+01 -8e+01","0.988 0.145 0.98","0.073 0.048 0.023",43,43,0.02,0.00,2,0,1,0
52.400,6,0.970,0.909,0.043,3,0,-78.376,"-76.6 -79.3 -79.3","0.909 1.000 1.000",-93.966,-100.820,"-100.8 -100.8 -100.8 -100.8 -100.8 -100.8 -100.8 -100.8",0.073,2752,8,17002,3169,"-8e+01 -8e+01 -8e+01","0.988 0.145 0.98","0.073 0.048 0.023",43,43,0.01,0.00,2,0,1,0
52.500,6,0.970,0.909,0.043,3,0,-78.376,"-76.6 -79.3 -79.3","0.909 1.000 1.000",-93.966,-100.820,"-100.8 -100.8 -100.8 -100.8 -100.8 -100.8 -100.8 -100.8",0.073,2760,8,17050,3189,"-8e+01 -8e+01 -8e+01","0.988 0.145 0.98","0.073 0.048 0.019",40,40,0.02,0.00,2,0,1,0
52.600,6,0.939,0.909,0.043,3,0,-78.376,"-76.6 -79.3 -79.3","0.909 0.909 1.000",-93.966,-100.820,"-100.8 -100.8 -100.8 -100.8 -100.8 -100.8 -100.8 -100.8",0.073,2768,8,17094,3213,"-8e+01 -8e+01 -8e+01","0.988 0.145 0.98","0.073 0.15 0.021",43,43,0.02,0.00,1,0,1,0
52.700,6,0.909,0.818,0.074,3,0,-78.376,"-76.6 -79.3 -79.3","0.818 0.909 1.000",-93.966,-100.820,"-100.8 -100.8 -100.8 -100.8 -100.8 -100.8 -100.8 -100.8",0.173,2776,8,17138,3220,"-8e+01 -8e+01 -8e+01","0.988 0.145 0.984","0.17 0.048 0.023",42,42,0.00,0.00,3,1,0,0
52.800,6,0.939,0.909,0.043,3,0,-78.376,"-76.6 -79.3 -79.3","0.909 0.909 1.000",-93.966,-100.820,"-100.8 -100.8 -100.8 -100.8 -100.8 -100.8 -100.8 -100.8",0.073,2784,8,17184,3226,"-8e+01 -8e+01 -8e+01","0.988 0.145 0.984","0.073 0.048 0.023",44,44,0.38,0.00,3,1,1,0
52.900,6,0.939,0.909,0.043,3,0,-78.376,"-76.6 -79.3 -79.3","0.909 0.909 1.000",-93.966,-100.820,"-100.8 -100.8 -100.8 -100.8 -100.8 -100.8 -100.8 -100.8",0.073,2792,8,17231,3246,"-8e+01 -8e+01 -8e+01","0.988 0.145 0.984","0.073 0.048 0.017",41,41,0.02,0.00,1,0,2,0
53.000,6,0.939,0.909,0.043,3,0,-78.376,"-76.6 -79.3 -79.3","0.909 0.909 1.000",-93.966,-100.820,"-100.8 -100.8 -100.8 -100.8 -100.8 -100.8 -100.8 -100.8",0.073,2800,8,17276,3251,"-8e+01 -8e+01 -8e+01","0.988 0.145 0.984","0.073 0.048 0.023",43,43,0.02,0.00,2,0,1,0
53.100,6,0.939,0.909,0.043,3,0,-78.376,"-76.6 -79.3 -79.3","0.909 0.909 1.000",-93.966,-100.820,"-100.8 -100.8 -100.8 -100.8 -100.8 -100.8 -100.8 -100.8",0.073,2808,8,17321,3254,"-8e+01 -8e+01 -8e+01","0.988 0.145 0.984","0.073 0.048 0.023",43,43,0.02,0.00,2,0,1,0
53.200,6,0.939,0.909,0.043,3,0,-78.376,"-76.6 -79.3 -79.3","0.909 0.909 1.000",-93.966,-100.820,"-100.8 -100.8 -100.8 -100.8 -100.8 -100.8 -100.8 -100.8",0.073,2816,8,17366,3260,"-8e+01 -8e+01 -8e+01","0.988 0.145 0.984","0.073 0.048 0.023",42,42,0.01,0.00,1,0,2,0
53.300,6,0.939,0.909,0.043,3,0,-78.376,"-76.6 -79.3 -79.3","0.909 0.909 1.000",-93.966,-100.820,"-100.8 -100.8 -100.8 -100.8 -100.8 -100.8 -100.8 -100.8",0.073,2824,8,17411,3264,"-8e+01 -8e+01 -8e+01","0.988 0.145 0.984","0.073 0.048 0.023",43,43,0.01,0.00,3,0,0,0
53.400,6,0.939,0.909,0.043,3,0,-78.376,"-76.6 -79.3 -79.3","0.909 0.909 1.000",-93.966,-100.820,"-100.8 -100.8 -100.8 -100.8 -100.8 -100.8 -100.8 -100.8",0.073,2832,8,17461,3278,"-8e+01 -8e+01 -8e+01","0.988 0.145 0.984","0.073 0.048 0.023",43,43,0.01,0.00,3,0,0,0
53.500,6,0.939,0.909,0.043,3,0,-78.376,"-76.6 -79.3 -79.3","0.909 0.909 1.000",-93.966,-100.820,"-100.8 -100.8 -100.8 -100.8 -100.8 -100.8 -100.8 -100.8",0.073,2840,8,17506,3282,"-8e+01 -8e+01 -8e+01","0.988 0.145 0.984","0.073 0.048 0.023",43,43,0.18,0.00,3,0,0,0
53.600,6,0.909,0.818,0.074,3,0,-78.375,"-76.6 -79.3 -79.3","0.909 0.818 1.000",-93.966,-100.820,"-100.8 -100.8 -100.8 -100.8 -100.8 -100.8 -100.8 -100.8",0.073,2848,8,17552,3299,"-8e+01 -8e+01 -8e+01","0.988 0.145 0.984","0.073 0.15 0.019",38,38,0.01,0.00,1,0,1,0
53.700,6,0.909,0.818,0.074,3,0,-78.376,"-76.6 -79.3 -79.3","0.818 0.909 1.000",-93.966,-100.820,"-100.8 -100.8 -100.8 -100.8 -100.8 -100.8 -100.8 -100.8",0.173,2856,8,17596,3304,"-8e+01 -8e+01 -8e+01","0.988 0.145 0.984","0.17 0.048 0.023",43,43,0.00,0.00,3,1,0,0
53.800,6,0.939,0.909,0.043,3,0,-78.376,"-76.6 -79.3 -79.3","0.909 0.909 1.000",-93.966,-100.820,"-100.8 -100.8 -100.8 -100.8 -100.8 -100.8 -100.8 -100.8",0.073,2864,8,17642,3307,"-8e+01 -8e+01 -8e+01","0.988 0.145 0.984","0.073 0.048 0.023",44,44,0.02,0.00,3,1,1,0
53.900,6,0.909,0.909,0.000,3,0,-78.376,"-76.6 -79.3 -79.3","0.909 0.909 0.909",-93.966,-100.820,"-100.8 -100.8 -100.8 -100.8 -100.8 -100.8 -100.8 -100.8",0.123,2872,8,17685,3326,"-8e+01 -8e+01 -8e+01","0.988 0.145 0.984","0.073 0.048 0.12",41,41,0.01,0.00,0,0,2,0
54.000,6,0.909,0.909,0.000,3,0,-78.376,"-76.6 -79.3 -79.3","0.909 0.909 0.909",-93.966,-100.820,"-100.8 -100.8 -100.8 -100.8 -100.8 -100.8 -100.8 -100.8",0.073,2880,8,17730,3330,"-8e+01 -8e+01 -8e+01","0.988 0.145 0.984","0.073 0.048 0.023",43,43,0.00,0.00,3,1,1,0
54.100,6,0.909,0.909,0.000,3,0,-78.376,"-76.6 -79.3 -79.3","0.909 0.909 0.909",-93.966,-100.820,"-100.8 -100.8 -100.8 -100.8 -100.8 -100.8 -100.8 -100.8",0.073,2888,8,17777,3333,"-8e+01 -8e+01 -8e+01","0.988 0.145 0.984","0.073 0.048 0.023",44,44,0.02,0.00,2,0,1,0
54.200,6,0.909,0.909,0.000,3,0,-78.376,"-76.6 -79.3 -79.3","0.909 0.909 0.909",-93.966,-100.820,"-100.8 -100.8 -100.8 -100.8 -100.8 -100.8 -100.8 -100.8",0.073,2896,8,17823,3340,"-8e+01 -8e+01 -8e+01","0.988 0.145 0.984","0.073 0.048 0.023",43,43,0.01,0.00,1,0,2,0
54.300,6,0.909,0.909,0.000,3,0,-78.376,"-76.6 -79.3 -79.3","0.909 0.909 0.909",-93.966,-100.820,"-100.8 -100.8 -100.8 -100.8 -100.8 -100.8 -100.8 -100.8",0.073,2904,8,17868,3344,"-8e+01 -8e+01 -8e+01","0.988 0.145 0.984","0.073 0.048 0.023",43,43,0.02,0.00,2,0,1,0
54.400,6,0.909,0.909,0.000,3,0,-78.376,"-76.6 -79.3 -79.3","0.909 0.909 0.909",-93.966,-100.820,"-100.8 -100.8 -100.8 -100.8 -100.8 -100.8 -100.8 -100.8",0.073,2912,8,17914,3349,"-8e+01 -8e+01 -8e+01","0.988 0.145 0.984","0.073 0.048 0.023",42,42,0.01,0.00,3,0,0,0
54.500,6,0.909,0.909,0.000,3,0,-78.376,"-76.6 -79.3 -79.3","0.909 0.909 0.909",-93.966,-100.820,"-100.8 -100.8 -100.8 -100.8 -100.8 -100.8 -100.8 -100.8",0.073,2920,8,17961,3356,"-8e+01 -8e+01 -8e+01","0.988 0.145 0.984","0.073 0.048 0.023",45,45,0.50,0.00,2,0,1,0
54.600,6,0.879,0.818,0.043,3,0,-78.376,"-76.6 -79.3 -79.3","0.909 0.818 0.909",-93.966,-100.820,"-100.8 -100.8 -100.8 -100.8 -100.8 -100.8 -100.8 -100.8",0.073,2928,8,18005,3374,"-8e+01 -8e+01 -8e+01","0.988 0.145 0.984","0.073 0.15 0.022",42,42,0.02,0.00,1,0,1,0
54.700,6,0.909,0.909,0.000,3,0,-78.376,"-76.6 -79.3 -79.3","0.909 0.909 0.909",-93.966,-100.820,"-100.8 -100.8 -100.8 -100.8 -100.8 -100.8 -100.8 -100.8",0.073,2936,8,18050,3378,"-8e+01 -8e+01 -8e+01","0.988 0.145 0.984","0.073 0.048 0.023",43,43,0.00,0.00,3,1,1,0
54.800,6,0.939,0.909,0.043,3,0,-78.376,"-76.6 -79.3 -79.3","1.000 0.909 0.909",-93.966,-100.820,"-100.8 -100.8 -100.8 -100.8 -100.8 -100.8 -100.8 -100.8",0.073,2944,8,18095,3381,"-8e+01 -8e+01 -8e+01","0.988 0.145 0.984","0.073 0.048 0.023",43,43,0.02,0.00,2,0,1,0
54.900,6,0.939,0.909,0.043,3,0,-78.376,"-76.6 -79.3 -79.3","1.000 0.909 0.909",-93.966,-100.820,"-100.8 -100.8 -100.8 -100.8 -100.8 -100.8 -100.8 -100.8",0.073,2952,8,18140,3386,"-8e+01 -8e+01 -8e+01","0.988 0.145 0.984","0.073 0.048 0.023",43,43,0.01,0.00,1,0,2,0
55.000,6,0.970,0.909,0.043,3,0,-78.376,"-76.6 -79.3 -79.3","1.000 0.909 1.000",-93.966,-100.820,"-100.8 -100.8 -100.8 -100.8 -100.8 -100.8 -100.8 -100.8",0.073,2960,8,18185,3390,"-8e+01 -8e+01 -8e+01","0.988 0.145 0.984","0.073 0.048 0.023",43,43,0.01,0.00,3,0,0,0
55.100,6,0.970,0.909,0.043,3,0,-78.376,"-76.6 -79.3 -79.3","1.000 0.909 1.000",-93.966,-100.820,"-100.8 -100.8 -100.8 -100.8 -100.8 -100.8 -100.8 -100.8",0.073,2968,8,18231,3394,"-8e+01 -8e+01 -8e+01","0.988 0.149 0.984","0.073 0.048 0.023",44,44,0.00,0.00,2,0,1,0
55.200,6,0.970,0.909,0.043,3,0,-78.376,"-76.6 -79.3 -79.3","1.000 0.909 1.000",-93.966,-100.820,"-100.8 -100.8 -100.8 -100.8 -100.8 -100.8 -100.8 -100.8",0.073,2976,8,18276,3400,"-8e+01 -8e+01 -8e+01","0.988 0.149 0.984","0.073 0.048 0.023",44,44,0.02,0.00,3,0,0,0
55.300,6,0.970,0.909,0.043,3,0,-78.376,"-76.6 -79.3 -79.3","1.000 0.909 1.000",-93.966,-100.820,"-100.8 -100.8 -100.8 -100.8 -100.8 -100.8 -100.8 -100.8",0.073,2984,8,18321,3405,"-8e+01 -8e+01 -8e+01","0.988 0.149 0.984","0.073 0.048 0.023",43,43,0.02,0.00,2,0,1,0
55.400,6,0.939,0.909,0.043,3,0,-78.376,"-76.6 -79.3 -79.3","0.909 0.909 1.000",-93.966,-100.820,"-100.8 -100.8 -100.8 -100.8 -100.8 -100.8 -100.8 -100.8",0.173,2992,8,18366,3418,"-8e+01 -8e+01 -8e+01","0.988 0.149 0.984","0.17 0.048 0.023",42,42,0.02,0.00,2,0,0,0
55.500,6,0.939,0.909,0.043,3,0,-78.376,"-76.6 -79.3 -79.3","0.909 0.909 1.000",-93.966,-100.820,"-100.8 -100.8 -100.8 -100.8 -100.8 -100.8 -100.8 -100.8",0.073,3000,8,18412,3424,"-8e+01 -8e+01 -8e+01","0.988 0.149 0.984","0.073 0.048 0.023",44,44,0.61,0.00,3,1,1,0
55.600,6,0.939,0.909,0.043,3,0,-78.376,"-76.6 -79.3 -79.3","0.909 0.909 1.000",-93.966,-100.820,"-100.8 -100.8 -100.8 -100.8 -100.8 -100.8 -100.8 -100.8",0.073,3008,8,18456,3445,"-8e+01 -8e+01 -8e+01","0.988 0.149 0.984","0.073 0.048 0.014",38,38,0.01,0.00,1,0,2,0
55.700,6,0.970,0.909,0.043,3,0,-78.376,"-76.6 -79.3 -79.3","0.909 1.000 1.000",-93.966,-100.820,"-100.8 -100.8 -100.8 -100.8 -100.8 -100.8 -100.8 -100.8",0.073,3016,8,18501,3451,"-8e+01 -8e+01 -8e+01","0.988 0.149 0.984","0.073 0.048 0.023",43,43,0.84,0.00,2,0,1,0
55.800,6,0.970,0.909,0.043,3,0,-78.376,"-76.6 -79.3 -79.3","0.909 1.000 1.000",-93.966,-100.820,"-100.8 -100.8 -100.8 -100.8 -100.8 -100.8 -100.8 -100.8",0.073,3024,8,18547,3456,"-8e+01 -8e+01 -8e+01","0.988 0.149 0.984","0.073 0.048 0.023",43,43,0.01,0.00,2,0,1,0
55.900,6,0.970,0.909,0.043,3,0,-78.376,"-76.6 -79.3 -79.3","0.909 1.000 1.000",-93.966,-100.820,"-100.8 -100.8 -100.8 -100.8 -100.8 -100.8 -100.8 -100.8",0.073,3032,8,18592,3466,"-8e+01 -8e+01 -8e+01","0.988 0.149 0.984","0.073 0.048 0.023",42,42,0.02,0.00,1,0,2,0
56.000,6,0.970,0.909,0.043,3,0,-78.376,"-76.6 -79.3 -79.3","0.909 1.000 1.000",-93.966,-100.820,"-100.8 -100.8 -100.8 -100.8 -100.8 -100.8 -100.8 -100.8",0.073,3040,8,18637,3470,"-8e+01 -8e+01 -8e+01","0.988 0.149 0.984","0.073 0.048 0.023",43,43,0.01,0.00,2,0,1,0
56.100,6,0.970,0.909,0.043,3,0,-78.376,"-76.6 -79.3 -79.3","0.909 1.000 1.000",-93.966,-100.820,"-100.8 -100.8 -100.8 -100.8 -100.8 -100.8 -100.8 -100.8",0.073,3048,8,18684,3473,"-8e+01 -8e+01 -8e+01","0.988 0.145 0.984","0.073 0.048 0.023",44,44,0.00,0.00,3,0,0,0
56.200,6,0.970,0.909,0.043,3,0,-78.376,"-76.6 -79.3 -79.3","0.909 1.000 1.000",-93.966,-100.820,"-100.8 -100.8 -100.8 -100.8 -100.8 -100.8 -100.8 -100.8",0.073,3056,8,18729,3480,"-8e+01 -8e+01 -8e+01","0.988 0.145 0.984","0.073 0.048 0.023",43,43,0.04,0.00,2,0,1,0
56.300,6,0.939,0.909,0.043,3,0,-78.376,"-76.6 -79.3 -79.3","0.909 0.909 1.000",-93.966,-100.820,"-100.8 -100.8 -100.8 -100.8 -100.8 -100.8 -100.8 -100.8",0.073,3064,8,18774,3500,"-8e+01 -8e+01 -8e+01","0.988 0.145 0.984","0.073 0.15 0.022",40,40,0.01,0.00,1,0,1,0
56.400,6,0.909,0.818,0.074,3,0,-78.376,"-76.6 -79.3 -79.3","0.818 0.909 1.000",-93.966,-100.820,"-100.8 -100.8 -100.8 -100.8 -100.8 -100.8 -100.8 -100.8",0.173,3072,8,18819,3509,"-8e+01 -8e+01 -8e+01","0.988 0.145 0.984","0.17 0.048 0.023",43,43,0.01,0.00,3,1,0,0
56.500,6,0.939,0.909,0.043,3,0,-78.376,"-76.6 -79.3 -79.3","0.909 0.909 1.000",-93.966,-100.820,"-100.8 -100.8 -100.8 -100.8 -100.8 -100.8 -100.8 -100.8",0.073,3080,8,18864,3515,"-8e+01 -8e+01 -8e+01","0.988 0.145 0.984","0.073 0.048 0.023",41,41,0.01,0.00,3,1,1,0
56.600,6,0.939,0.909,0.043,3,0,-78.375,"-76.6 -79.3 -79.3","0.909 0.909 1.000",-93.966,-100.820,"-100.8 -100.8 -100.8 -100.8 -100.8 -100.8 -100.8 -100.8",0.073,3088,8,18910,3537,"-8e+01 -8e+01 -8e+01","0.988 0.145 0.98","0.073 0.048 0.022",40,40,0.01,0.00,1,0,2,0
56.700,6,0.939,0.909,0.043,3,0,-78.376,"-76.6 -79.3 -79.3","0.909 0.909 1.000",-93.966,-100.820,"-100.8 -100.8 -100.8 -100.8 -100.8 -100.8 -100.8 -100.8",0.073,3096,8,18955,3542,"-8e+01 -8e+01 -8e+01","0.988 0.145 0.98","0.073 0.048 0.023",43,43,0.00,0.00,3,0,0,0
56.800,6,0.939,0.909,0.043,3,0,-78.376,"-76.6 -79.3 -79.3","0.909 0.909 1.000",-93.966,-100.820,"-100.8 -100.8 -100.8 -100.8 -100.8 -100.8 -100.8 -100.8",0.073,3104,8,19001,3545,"-8e+01 -8e+01 -8e+01","0.988 0.149 0.98","0.073 0.048 0.023",44,44,0.00,0.00,2,0,1,0
56.900,6,0.939,0.909,0.043,3,0,-78.376,"-76.6 -79.3 -79.3","0.909 0.909 1.000",-93.966,-100.820,"-100.8 -100.8 -100.8 -100.8 -100.8 -100.8 -100.8 -100.8",0.073,3112,8,19047,3554,"-8e+01 -8e+01 -8e+01","0.988 0.149 0.98","0.073 0.048 0.023",41,41,0.01,0.00,2,0,1,0
57.000,6,0.939,0.909,0.043,3,0,-78.376,"-76.6 -79.3 -79.3","0.909 0.909 1.000",-93.966,-100.820,"-100.8 -100.8 -100.8 -100.8 -100.8 -100.8 -100.8 -100.8",0.073,3120,8,19092,3558,"-8e+01 -8e+01 -8e+01","0.988 0.149 0.98","0.073 0.048 0.023",43,43,0.01,0.00,2,0,1,0
57.100,6,0.939,0.909,0.043,3,0,-78.376,"-76.6 -79.3 -79.3","0.909 0.909 1.000",-93.966,-100.820,"-100.8 -100.8 -100.8 -100.8 -100.8 -100.8 -100.8 -100.8",0.073,3128,8,19137,3561,"-8e+01 -8e+01 -8e+01","0.988 0.149 0.98","0.073 0.048 0.023",43,43,0.01,0.00,3,0,0,0
57.200,6,0.939,0.909,0.043,3,0,-78.376,"-76.6 -79.3 -79.3","0.909 0.909 1.000",-93.966,-100.820,"-100.8 -100.8 -100.8 -100.8 -100.8 -100.8 -100.8 -100.8",0.073,3136,8,19184,3571,"-8e+01 -8e+01 -8e+01","0.988 0.149 0.98","0.073 0.048 0.023",43,43,0.74,0.00,2,0,1,0
57.300,6,0.909,0.818,0.074,3,0,-78.376,"-76.6 -79.3 -79.3","0.909 0.818 1.000",-93.966,-100.820,"-100.8 -100.8 -100.8 -100.8 -100.8 -100.8 -100.8 -100.8",0.073,3144,8,19228,3588,"-8e+01 -8e+01 -8e+01","0.988 0.149 0.98","0.073 0.15 0.022",39,39,0.01,0.00,1,0,1,0
57.400,6,0.939,0.909,0.043,3,0,-78.376,"-76.6 -79.3 -79.3","0.909 0.909 1.000",-93.966,-100.820,"-100.8 -100.8 -100.8 -100.8 -100.8 -100.8 -100.8 -100.8",0.073,3152,8,19273,3599,"-8e+01 -8e+01 -8e+01","0.988 0.149 0.98","0.073 0.048 0.023",40,40,0.34,0.00,3,1,1,0
57.500,6,0.970,0.909,0.043,3,0,-78.376,"-76.6 -79.3 -79.3","1.000 0.909 1.000",-93.966,-100.820,"-100.8 -100.8 -100.8 -100.8 -100.8 -100.8 -100.8 -100.8",0.073,3160,8,19319,3604,"-8e+01 -8e+01 -8e+01","0.988 0.149 0.98","0.073 0.048 0.023",44,44,0.01,0.00,2,0,1,0
57.600,6,0.970,0.909,0.043,3,0,-78.376,"-76.6 -79.3 -79.3","1.000 0.909 1.000",-93.966,-100.820,"-100.8 -100.8 -100.8 -100.8 -100.8 -100.8 -100.8 -100.8",0.073,3168,8,19364,3618,"-8e+01 -8e+01 -8e+01","0.988 0.149 0.98","0.073 0.048 0.023",42,42,0.00,0.00,1,0,2,0
57.700,6,0.970,0.909,0.043,3,0,-78.376,"-76.6 -79.3 -79.3","1.000 0.909 1.000",-93.966,-100.820,"-100.8 -100.8 -100.8 -100.8 -100.8 -100.8 -100.8 -100.8",0.073,3176,8,19409,3622,"-8e+01 -8e+01 -8e+01","0.988 0.149 0.98","0.073 0.048 0.023",43,43,0.01,0.00,2,0,1,0
57.800,6,0.970,0.909,0.043,3,0,-78.376,"-76.6 -79.3 -79.3","1.000 0.909 1.000",-93.966,-100.820,"-100.8 -100.8 -100.8 -100.8 -100.8 -100.8 -100.8 -100.8",0.073,3184,8,19455,3627,"-8e+01 -8e+01 -8e+01","0.988 0.149 0.98","0.073 0.048 0.023",43,43,0.01,0.00,2,0,1,0
57.900,6,0.970,0.909,0.043,3,0,-78.376,"-76.6 -79.3 -79.3","1.000 0.909 1.000",-93.966,-100.820,"-100.8 -100.8 -100.8 -100.8 -100.8 -100.8 -100.8 -100.8",0.073,3192,8,19500,3631,"-8e+01 -8e+01 -8e+01","0.988 0.149 0.98","0.073 0.048 0.023",43,43,0.01,0.00,1,0,2,0
58.000,6,0.970,0.909,0.043,3,0,-78.376,"-76.6 -79.3 -79.3","1.000 0.909 1.000",-93.966,-100.820,"-100.8 -100.8 -100.8 -100.8 -100.8 -100.8 -100.8 -100.8",0.073,3200,8,19545,3635,"-8e+01 -8e+01 -8e+01","0.988 0.149 0.98","0.073 0.048 0.023",43,43,0.00,0.00,2,0,1,0
58.100,6,0.939,0.909,0.043,3,0,-78.376,"-76.6 -79.3 -79.3","0.909 0.909 1.000",-93.966,-100.820,"-100.8 -100.8 -100.8 -100.8 -100.8 -100.8 -100.8 -100.8",0.173,3208,8,19590,3641,"-8e+01 -8e+01 -8e+01","0.988 0.149 0.98","0.17 0.048 0.023",44,44,0.02,0.00,2,0,0,0
58.200,6,0.939,0.909,0.043,3,0,-78.376,"-76.6 -79.3 -79.3","0.909 0.909 1.000",-93.966,-100.820,"-100.8 -100.8 -100.8 -100.8 -100.8 -100.8 -100.8 -100.8",0.073,3216,8,19635,3647,"-8e+01 -8e+01 -8e+01","0.988 0.149 0.98","0.073 0.048 0.023",42,42,0.26,0.00,3,1,1,0
58.300,6,0.939,0.909,0.043,3,0,-78.495,"-76.6 -79.6 -79.3","0.909 0.909 1.000",-93.966,-100.820,"-100.8 -100.8 -100.8 -100.8 -100.8 -100.8 -100.8 -100.8",0.073,3224,8,19682,3666,"-8e+01 -8e+01 -8e+01","0.988 0.149 0.98","0.073 0.048 0.023",42,42,0.01,0.00,1,0,2,0
58.400,6,0.970,0.909,0.043,3,0,-78.376,"-76.6 -79.3 -79.3","0.909 1.000 1.000",-93.966,-100.820,"-100.8 -100.8 -100.8 -100.8 -100.8 -100.8 -100.8 -100.8",0.073,3232,8,19728,3673,"-8e+01 -8e+01 -8e+01","0.988 0.149 0.98","0.073 0.048 0.023",43,43,0.01,0.00,3,0,0,0
58.500,6,0.970,0.909,0.043,3,0,-78.376,"-76.6 -79.3 -79.3","0.909 1.000 1.000",-93.966,-100.820,"-100.8 -100.8 -100.8 -100.8 -100.8 -100.8 -100.8 -100.8",0.073,3240,8,19774,3678,"-8e+01 -8e+01 -8e+01","0.988 0.149 0.98","0.073 0.048 0.023",43,43,0.00,0.00,2,0,1,0
58.600,6,0.970,0.909,0.043,3,0,-78.376,"-76.6 -79.3 -79.3","0.909 1.000 1.000",-93.966,-100.820,"-100.8 -100.8 -100.8 -100.8 -100.8 -100.8 -100.8 -100.8",0.073,3248,8,19819,3684,"-8e+01 -8e+01 -8e+01","0.988 0.149 0.98","0.073 0.048 0.023",42,42,0.01,0.00,2,0,1,0
58.700,6,0.970,0.909,0.043,3,0,-78.376,"-76.6 -79.3 -79.3","0.909 1.000 1.000",-93.966,-100.820,"-100.8 -100.8 -100.8 -100.8 -100.8 -100.8 -100.8 -100.8",0.073,3256,8,19864,3688,"-8e+01 -8e+01 -8e+01","0.988 0.149 0.98","0.073 0.048 0.023",43,43,0.01,0.00,2,0,1,0
58.800,6,0.970,0.909,0.043,3,0,-78.376,"-76.6 -79.3 -79.3","0.909 1.000 1.000",-93.966,-100.820,"-100.8 -100.8 -100.8 -100.8 -100.8 -100.8 -100.8 -100.8",0.073,3264,8,19911,3695,"-8e+01 -8e+01 -8e+01","0.988 0.149 0.98","0.073 0.048 0.023",43,43,0.01,0.00,2,0,1,0
58.900,6,0.970,0.909,0.043,3,0,-78.376,"-76.6 -79.3 -79.3","0.909 1.000 1.000",-93.966,-100.820,"-100.8 -100.8 -100.8 -100.8 -100.8 -100.8 -100.8 -100.8",0.073,3272,8,19956,3701,"-8e+01 -8e+01 -8e+01","0.988 0.149 0.98","0.073 0.048 0.023",42,42,0.02,0.00,2,0,1,0
59.000,6,0.939,0.909,0.043,3,0,-78.376,"-76.6 -79.3 -79.3","0.909 0.909 1.000",-93.966,-100.820,"-100.8 -100.8 -100.8 -100.8 -100.8 -100.8 -100.8 -100.8",0.073,3280,8,20001,3718,"-8e+01 -8e+01 -8e+01","0.988 0.149 0.98","0.073 0.15 0.023",42,42,0.01,0.00,1,0,1,0
59.100,6,0.909,0.818,0.074,3,0,-78.376,"-76.6 -79.3 -79.3","0.818 0.909 1.000",-93.966,-100.820,"-100.8 -100.8 -100.8 -100.8 -100.8 -100.8 -100.8 -100.8",0.173,3288,8,20044,3725,"-8e+01 -8e+01 -8e+01","0.988 0.149 0.984","0.17 0.048 0.023",41,41,0.14,0.00,3,1,0,0
59.200,6,0.939,0.909,0.043,3,0,-78.376,"-76.6 -79.3 -79.3","0.909 0.909 1.000",-93.966,-100.820,"-100.8 -100.8 -100.8 -100.8 -100.8 -100.8 -100.8 -100.8",0.073,3296,8,20090,3730,"-8e+01 -8e+01 -8e+01","0.988 0.149 0.984","0.073 0.048 0.023",43,43,0.92,0.00,3,1,1,0
59.300,6,0.939,0.909,0.043,3,0,-78.376,"-76.6 -79.3 -79.3","0.909 0.909 1.000",-93.966,-100.820,"-100.8 -100.8 -100.8 -100.8 -100.8 -100.8 -100.8 -100.8",0.073,3304,8,20136,3753,"-8e+01 -8e+01 -8e+01","0.988 0.149 0.984","0.073 0.048 0.023",45,45,0.00,0.00,2,0,1,0
59.400,6,0.939,0.909,0.043,3,0,-78.376,"-76.6 -79.3 -79.3","0.909 0.909 1.000",-93.966,-100.820,"-100.8 -100.8 -100.8 -100.8 -100.8 -100.8 -100.8 -100.8",0.073,3312,8,20181,3757,"-8e+01 -8e+01 -8e+01","0.988 0.153 0.984","0.073 0.048 0.023",43,43,0.00,0.00,2,0,1,0
59.500,6,0.939,0.909,0.043,3,0,-78.376,"-76.6 -79.3 -79.3","0.909 0.909 1.000",-93.966,-100.820,"-100.8 -100.8 -100.8 -100.8 -100.8 -100.8 -100.8 -100.8",0.073,3320,8,20227,3760,"-8e+01 -8e+01 -8e+01","0.988 0.153 0.984","0.073 0.048 0.023",44,44,0.02,0.00,2,0,1,0
59.600,6,0.939,0.909,0.043,3,0,-78.376,"-76.6 -79.3 -79.3","0.909 0.909 1.000",-93.966,-100.820,"-100.8 -100.8 -100.8 -100.8 -100.8 -100.8 -100.8 -100.8",0.073,3328,8,20272,3765,"-8e+01 -8e+01 -8e+01","0.988 0.153 0.984","0.073 0.048 0.023",43,43,0.01,0.00,1,0,2,0
59.700,6,0.939,0.909,0.043,3,0,-78.376,"-76.6 -79.3 -79.3","0.909 0.909 1.000",-93.966,-100.820,"-100.8 -100.8 -100.8 -100.8 -100.8 -100.8 -100.8 -100.8",0.073,3336,8,20317,3769,"-8e+01 -8e+01 -8e+01","0.988 0.153 0.984","0.073 0.048 0.023",43,43,0.00,0.00,2,0,1,0
59.800,6,0.939,0.909,0.043,3,0,-78.376,"-76.6 -79.3 -79.3","0.909 0.909 1.000",-93.966,-100.820,"-100.8 -100.8 -100.8 -100.8 -100.8 -100.8 -100.8 -100.8",0.073,3344,8,20366,3776,"-8e+01 -8e+01 -8e+01","0.988 0.153 0.984","0.073 0.048 0.023",42,42,0.00,0.00,3,0,0,0
59.900,6,0.939,0.909,0.043,3,0,-78.376,"-76.6 -79.3 -79.3","0.909 0.909 1.000",-93.966,-100.820,"-100.8 -100.8 -100.8 -100.8 -100.8 -100.8 -100.8 -100.8",0.073,3352,8,20410,3781,"-8e+01 -8e+01 -8e+01","0.988 0.153 0.984","0.073 0.048 0.023",41,41,0.11,0.00,2,0,1,0
