t,channel,pdr_mean,pdr_worst,pdr_spread,n_links,links_degraded,rssi_mean,rssi_per_link,pdr_per_link,noise_dbm,meas_floor_dbm,band_power,hb_gap_max,data_tx,data_rx,rx_ok,rx_err,rev_rssi_per_link,rev_pdr_per_link,rev_age_per_link,tx_attempts,tx_acked,tx_defer_ms,tx_retry_depth,shadow_exp,shadow_miss,silent_exp,silent_miss
1.000,6,0.500,0.500,0.000,3,3,-78.473,"-76.6 -81.5 -77.3","0.500 0.500 0.500",-93.966,-100.820,"-100.8 -100.8 -100.8 -100.8 -100.8 -100.8 -100.8 -100.8",0.073,0,0,18,11,"-8e+01 -8e+01 -8e+01","1 0 0","0.073 0.048 0.023",5,5,0.01,0.00,0,0,12,0
1.100,6,1.000,1.000,0.000,3,0,-78.473,"-76.6 -81.5 -77.3","1.000 1.000 1.000",-93.966,-100.820,"-100.8 -100.8 -100.8 -100.8 -100.8 -100.8 -100.8 -100.8",0.073,2,0,21,13,"-8e+01 -8e+01 -8e+01","1 0 0","0.073 0.048 0.023",1,1,0.01,0.00,0,0,3,0
1.200,6,1.000,1.000,0.000,3,0,-78.473,"-76.6 -81.5 -77.3","1.000 1.000 1.000",-93.966,-100.820,"-100.8 -100.8 -100.8 -100.8 -100.8 -100.8 -100.8 -100.8",0.073,4,0,24,15,"-8e+01 -8e+01 -8e+01","1 0 0","0.073 0.048 0.023",1,1,0.01,0.00,0,0,3,0
1.300,6,1.000,1.000,0.000,3,0,-78.473,"-76.6 -81.5 -77.3","1.000 1.000 1.000",-93.966,-100.820,"-100.8 -100.8 -100.8 -100.8 -100.8 -100.8 -100.8 -100.8",0.073,6,0,27,17,"-8e+01 -8e+01 -8e+01","1 0 0","0.073 0.048 0.023",1,1,0.01,0.00,0,0,3,0
1.400,6,1.000,1.000,0.000,3,0,-78.473,"-76.6 -81.5 -77.3","1.000 1.000 1.000",-93.966,-100.820,"-100.8 -100.8 -100.8 -100.8 -100.8 -100.8 -100.8 -100.8",0.073,8,0,30,19,"-8e+01 -8e+01 -8e+01","1 0 0","0.073 0.048 0.023",1,1,0.02,0.00,0,0,3,0
1.500,6,1.000,1.000,0.000,3,0,-78.473,"-76.6 -81.5 -77.3","1.000 1.000 1.000",-93.966,-100.820,"-100.8 -100.8 -100.8 -100.8 -100.8 -100.8 -100.8 -100.8",0.073,10,0,33,21,"-8e+01 -8e+01 -8e+01","1 0 0","0.073 0.048 0.023",1,1,0.00,0.00,0,0,3,0
1.600,6,1.000,1.000,0.000,3,0,-78.473,"-76.6 -81.5 -77.3","1.000 1.000 1.000",-93.966,-100.820,"-100.8 -100.8 -100.8 -100.8 -100.8 -100.8 -100.8 -100.8",0.073,12,0,36,23,"-8e+01 -8e+01 -8e+01","1 0 0","0.073 0.048 0.023",1,1,0.01,0.00,0,0,3,0
1.700,6,1.000,1.000,0.000,3,0,-78.473,"-76.6 -81.5 -77.3","1.000 1.000 1.000",-93.966,-100.820,"-100.8 -100.8 -100.8 -100.8 -100.8 -100.8 -100.8 -100.8",0.073,14,0,39,25,"-8e+01 -8e+01 -8e+01","1 0 0","0.073 0.048 0.023",1,1,0.01,0.00,0,0,3,0
1.800,6,1.000,1.000,0.000,3,0,-78.473,"-76.6 -81.5 -77.3","1.000 1.000 1.000",-93.966,-100.820,"-100.8 -100.8 -100.8 -100.8 -100.8 -100.8 -100.8 -100.8",0.073,16,0,42,27,"-8e+01 -8e+01 -8e+01","1 0 0","0.073 0.048 0.023",1,1,0.01,0.00,0,0,3,0
1.900,6,1.000,1.000,0.000,3,0,-78.473,"-76.6 -81.5 -77.3","1.000 1.000 1.000",-93.966,-100.820,"-100.8 -100.8 -100.8 -100.8 -100.8 -100.8 -100.8 -100.8",0.073,18,0,45,29,"-8e+01 -8e+01 -8e+01","1 0 0","0.073 0.048 0.023",1,1,0.02,0.00,0,0,3,0
2.000,6,1.000,1.000,0.000,3,0,-78.473,"-76.6 -81.5 -77.3","1.000 1.000 1.000",-93.966,-100.820,"-100.8 -100.8 -100.8 -100.8 -100.8 -100.8 -100.8 -100.8",0.073,20,0,48,31,"-8e+01 -8e+01 -8e+01","1 0 0","0.073 0.048 0.023",1,1,0.00,0.00,0,0,3,0
2.100,6,1.000,1.000,0.000,3,0,-78.473,"-76.6 -81.5 -77.3","1.000 1.000 1.000",-93.966,-100.820,"-100.8 -100.8 -100.8 -100.8 -100.8 -100.8 -100.8 -100.8",0.073,22,0,51,34,"-8e+01 -8e+01 -8e+01","1 0 0","0.073 0.048 0.023",2,2,0.79,0.00,0,0,3,0
2.200,6,1.000,1.000,0.000,3,0,-78.473,"-76.6 -81.5 -77.3","1.000 1.000 1.000",-93.966,-100.820,"-100.8 -100.8 -100.8 -100.8 -100.8 -100.8 -100.8 -100.8",0.073,24,0,54,36,"-8e+01 -8e+01 -8e+01","1 0 0","0.073 0.048 0.023",1,1,0.01,0.00,0,0,3,0
2.300,6,1.000,1.000,0.000,3,0,-78.473,"-76.6 -81.5 -77.3","1.000 1.000 1.000",-93.966,-100.820,"-100.8 -100.8 -100.8 -100.8 -100.8 -100.8 -100.8 -100.8",0.073,26,0,59,38,"-8e+01 -8e+01 -8e+01","1 0 0","0.073 0.048 0.023",1,1,0.01,0.00,0,0,3,0
2.400,6,1.000,1.000,0.000,3,0,-78.473,"-76.6 -81.5 -77.3","1.000 1.000 1.000",-93.966,-100.820,"-100.8 -100.8 -100.8 -100.8 -100.8 -100.8 -100.8 -100.8",0.073,28,0,62,41,"-8e+01 -8e+01 -8e+01","1 0 0","0.073 0.048 0.023",1,1,0.00,0.00,0,0,3,0
2.500,6,1.000,1.000,0.000,3,0,-78.473,"-76.6 -81.5 -77.3","1.000 1.000 1.000",-93.966,-100.820,"-100.8 -100.8 -100.8 -100.8 -100.8 -100.8 -100.8 -100.8",0.073,30,0,66,43,"-8e+01 -8e+01 -8e+01","1 0 0","0.073 0.048 0.023",1,1,0.00,0.00,0,0,3,0
2.600,6,1.000,1.000,0.000,3,0,-78.473,"-76.6 -81.5 -77.3","1.000 1.000 1.000",-93.966,-100.820,"-100.8 -100.8 -100.8 -100.8 -100.8 -100.8 -100.8 -100.8",0.073,32,0,69,45,"-8e+01 -8e+01 -8e+01","1 0 0","0.073 0.048 0.023",1,1,0.01,0.00,0,0,3,0
2.700,6,1.000,1.000,0.000,3,0,-78.353,"-76.3 -81.5 -77.3","1.000 1.000 1.000",-93.966,-100.820,"-100.8 -100.8 -100.8 -100.8 -100.8 -100.8 -100.8 -100.8",0.073,34,0,77,47,"-8e+01 -8e+01 -8e+01","1 0 0","0.073 0.048 0.023",1,1,0.01,0.00,0,0,3,0
2.800,6,1.000,1.000,0.000,3,0,-78.473,"-76.6 -81.5 -77.3","1.000 1.000 1.000",-93.966,-100.820,"-100.8 -100.8 -100.8 -100.8 -100.8 -100.8 -100.8 -100.8",0.073,36,0,80,49,"-8e+01 -8e+01 -8e+01","1 0 0","0.073 0.048 0.023",1,1,0.02,0.00,0,0,3,0
2.900,6,1.000,1.000,0.000,3,0,-78.353,"-76.3 -81.5 -77.3","1.000 1.000 1.000",-93.966,-100.820,"-100.8 -100.8 -100.8 -100.8 -100.8 -100.8 -100.8 -100.8",0.073,38,0,85,51,"-8e+01 -8e+01 -8e+01","1 0 0","0.073 0.048 0.023",1,1,0.02,0.00,0,0,3,0
3.000,6,1.000,1.000,0.000,3,0,-78.473,"-76.6 -81.5 -77.3","1.000 1.000 1.000",-93.966,-100.820,"-100.8 -100.8 -100.8 -100.8 -100.8 -100.8 -100.8 -100.8",0.073,40,0,88,53,"-8e+01 -8e+01 -8e+01","1 0 0","0.073 0.048 0.023",1,1,0.00,0.00,0,0,3,0
3.100,6,1.000,1.000,0.000,3,0,-78.353,"-76.3 -81.5 -77.3","1.000 1.000 1.000",-93.966,-100.820,"-100.8 -100.8 -100.8 -100.8 -100.8 -100.8 -100.8 -100.8",0.073,42,0,93,55,"-8e+01 -8e+01 -8e+01","1 0 0","0.073 0.048 0.023",1,1,0.01,0.00,0,0,3,0
3.200,6,1.000,1.000,0.000,3,0,-78.473,"-76.6 -81.5 -77.3","1.000 1.000 1.000",-93.966,-100.820,"-100.8 -100.8 -100.8 -100.8 -100.8 -100.8 -100.8 -100.8",0.073,44,0,96,57,"-8e+01 -8e+01 -8e+01","1 0 0","0.073 0.048 0.023",1,1,0.01,0.00,0,0,3,0
3.300,6,1.000,1.000,0.000,3,0,-78.353,"-76.3 -81.5 -77.3","1.000 1.000 1.000",-93.966,-100.820,"-100.8 -100.8 -100.8 -100.8 -100.8 -100.8 -100.8 -100.8",0.073,46,0,101,59,"-8e+01 -8e+01 -8e+01","1 0 0","0.073 0.048 0.023",1,1,0.02,0.00,0,0,3,0
3.400,6,1.000,1.000,0.000,3,0,-78.473,"-76.6 -81.5 -77.3","1.000 1.000 1.000",-93.966,-100.820,"-100.8 -100.8 -100.8 -100.8 -100.8 -100.8 -100.8 -100.8",0.073,48,0,104,61,"-8e+01 -8e+01 -8e+01","1 0 0","0.073 0.048 0.023",1,1,0.02,0.00,0,0,3,0
3.500,6,1.000,1.000,0.000,3,0,-78.353,"-76.3 -81.5 -77.3","1.000 1.000 1.000",-93.966,-100.820,"-100.8 -100.8 -100.8 -100.8 -100.8 -100.8 -100.8 -100.8",0.073,50,0,109,63,"-8e+01 -8e+01 -8e+01","1 0 0","0.073 0.048 0.023",1,1,0.00,0.00,0,0,3,0
3.600,6,1.000,1.000,0.000,3,0,-78.473,"-76.6 -81.5 -77.3","1.000 1.000 1.000",-93.966,-100.820,"-100.8 -100.8 -100.8 -100.8 -100.8 -100.8 -100.8 -100.8",0.073,52,0,112,65,"-8e+01 -8e+01 -8e+01","1 0 0","0.073 0.048 0.023",1,1,0.01,0.00,0,0,3,0
3.700,6,1.000,1.000,0.000,3,0,-78.353,"-76.3 -81.5 -77.3","1.000 1.000 1.000",-93.966,-100.820,"-100.8 -100.8 -100.8 -100.8 -100.8 -100.8 -100.8 -100.8",0.073,54,0,117,67,"-8e+01 -8e+01 -8e+01","1 0 0","0.073 0.048 0.023",1,1,0.01,0.00,0,0,3,0
3.800,6,1.000,1.000,0.000,3,0,-78.473,"-76.6 -81.5 -77.3","1.000 1.000 1.000",-93.966,-100.820,"-100.8 -100.8 -100.8 -100.8 -100.8 -100.8 -100.8 -100.8",0.073,56,0,120,69,"-8e+01 -8e+01 -8e+01","1 0 0","0.073 0.048 0.023",1,1,0.01,0.00,0,0,3,0
3.900,6,1.000,1.000,0.000,3,0,-78.353,"-76.3 -81.5 -77.3","1.000 1.000 1.000",-93.966,-100.820,"-100.8 -100.8 -100.8 -100.8 -100.8 -100.8 -100.8 -100.8",0.073,58,0,125,71,"-8e+01 -8e+01 -8e+01","1 0 0","0.073 0.048 0.023",1,1,0.02,0.00,0,0,3,0
4.000,6,1.000,1.000,0.000,3,0,-78.473,"-76.6 -81.5 -77.3","1.000 1.000 1.000",-93.966,-100.820,"-100.8 -100.8 -100.8 -100.8 -100.8 -100.8 -100.8 -100.8",0.073,60,0,128,73,"-8e+01 -8e+01 -8e+01","1 0 0","0.073 0.048 0.023",1,1,0.00,0.00,0,0,3,0
4.100,6,1.000,1.000,0.000,3,0,-78.353,"-76.3 -81.5 -77.3","1.000 1.000 1.000",-93.966,-100.820,"-100.8 -100.8 -100.8 -100.8 -100.8 -100.8 -100.8 -100.8",0.073,62,0,134,75,"-8e+01 -8e+01 -8e+01","1 0 0","0.073 0.048 0.023",2,2,36.46,0.00,0,0,3,0
4.200,6,1.000,1.000,0.000,3,0,-78.473,"-76.6 -81.5 -77.3","1.000 1.000 1.000",-93.966,-100.820,"-100.8 -100.8 -100.8 -100.8 -100.8 -100.8 -100.8 -100.8",0.073,64,0,137,77,"-8e+01 -8e+01 -8e+01","1 0 0","0.073 0.048 0.023",1,1,0.01,0.00,0,0,3,0
4.300,6,1.000,1.000,0.000,3,0,-78.353,"-76.3 -81.5 -77.3","1.000 1.000 1.000",-93.966,-100.820,"-100.8 -100.8 -100.8 -100.8 -100.8 -100.8 -100.8 -100.8",0.073,66,0,142,79,"-8e+01 -8e+01 -8e+01","1 0 0","0.073 0.048 0.023",1,1,0.01,0.00,0,0,3,0
4.400,6,1.000,1.000,0.000,3,0,-78.473,"-76.6 -81.5 -77.3","1.000 1.000 1.000",-93.966,-100.820,"-100.8 -100.8 -100.8 -100.8 -100.8 -100.8 -100.8 -100.8",0.073,68,0,152,85,"-8e+01 -8e+01 -8e+01","1 0 0","0.073 0.048 0.023",4,4,1.52,0.00,1,0,2,0
4.500,6,1.000,1.000,0.000,3,0,-78.353,"-76.3 -81.5 -77.3","1.000 1.000 1.000",-93.966,-100.820,"-100.8 -100.8 -100.8 -100.8 -100.8 -100.8 -100.8 -100.8",0.073,70,0,164,90,"-8e+01 -8e+01 -8e+01","1 0 0","0.073 0.048 0.023",5,5,0.01,0.00,0,0,3,0
4.600,6,1.000,1.000,0.000,3,0,-78.473,"-76.6 -81.5 -77.3","1.000 1.000 1.000",-93.966,-100.820,"-100.8 -100.8 -100.8 -100.8 -100.8 -100.8 -100.8 -100.8",0.073,72,0,171,94,"-8e+01 -8e+01 -8e+01","1 0 0","0.073 0.048 0.023",3,3,0.00,0.00,0,0,3,0
4.700,6,1.000,1.000,0.000,3,0,-78.353,"-76.3 -81.5 -77.3","1.000 1.000 1.000",-93.966,-100.820,"-100.8 -100.8 -100.8 -100.8 -100.8 -100.8 -100.8 -100.8",0.073,74,0,180,98,"-8e+01 -8e+01 -8e+01","1 0 0","0.073 0.048 0.023",3,3,0.01,0.00,0,0,3,0
4.800,6,1.000,1.000,0.000,3,0,-78.473,"-76.6 -81.5 -77.3","1.000 1.000 1.000",-93.966,-100.820,"-100.8 -100.8 -100.8 -100.8 -100.8 -100.8 -100.8 -100.8",0.073,76,0,187,102,"-8e+01 -8e+01 -8e+01","1 0 0","0.073 0.048 0.023",3,3,0.01,0.00,0,0,3,0
4.900,6,1.000,1.000,0.000,3,0,-78.353,"-76.3 -81.5 -77.3","1.000 1.000 1.000",-93.966,-100.820,"-100.8 -100.8 -100.8 -100.8 -100.8 -100.8 -100.8 -100.8",0.073,78,0,196,106,"-8e+01 -8e+01 -8e+01","1 0 0","0.073 0.048 0.023",3,3,0.00,0.00,0,0,3,0
5.000,6,1.000,1.000,0.000,3,0,-78.473,"-76.6 -81.5 -77.3","1.000 1.000 1.000",-93.966,-100.820,"-100.8 -100.8 -100.8 -100.8 -100.8 -100.8 -100.8 -100.8",0.073,80,0,203,110,"-8e+01 -8e+01 -8e+01","1 0 0","0.073 0.048 0.023",3,3,0.01,0.00,0,0,3,0
5.100,6,1.000,1.000,0.000,3,0,-78.353,"-76.3 -81.5 -77.3","1.000 1.000 1.000",-93.966,-100.820,"-100.8 -100.8 -100.8 -100.8 -100.8 -100.8 -100.8 -100.8",0.073,82,0,212,114,"-8e+01 -8e+01 -8e+01","1 0 0","0.073 0.048 0.023",3,3,0.01,0.00,0,0,3,0
5.200,6,1.000,1.000,0.000,3,0,-78.473,"-76.6 -81.5 -77.3","1.000 1.000 1.000",-93.966,-100.820,"-100.8 -100.8 -100.8 -100.8 -100.8 -100.8 -100.8 -100.8",0.073,84,0,219,118,"-8e+01 -8e+01 -8e+01","1 0 0","0.073 0.048 0.023",3,3,0.01,0.00,0,0,3,0
5.300,6,1.000,1.000,0.000,3,0,-78.473,"-76.6 -81.5 -77.3","1.000 1.000 1.000",-93.966,-100.820,"-100.8 -100.8 -100.8 -100.8 -100.8 -100.8 -100.8 -100.8",0.073,86,0,226,122,"-8e+01 -8e+01 -8e+01","1 0 0","0.073 0.048 0.023",3,3,0.01,0.00,0,0,3,0
5.400,6,1.000,1.000,0.000,3,0,-78.473,"-76.6 -81.5 -77.3","1.000 1.000 1.000",-93.966,-100.820,"-100.8 -100.8 -100.8 -100.8 -100.8 -100.8 -100.8 -100.8",0.073,88,0,235,126,"-8e+01 -8e+01 -8e+01","1 0 0","0.073 0.048 0.023",3,3,0.01,0.00,0,0,3,0
5.500,6,1.000,1.000,0.000,3,0,-78.473,"-76.6 -81.5 -77.3","1.000 1.000 1.000",-93.966,-100.820,"-100.8 -100.8 -100.8 -100.8 -100.8 -100.8 -100.8 -100.8",0.073,90,0,242,130,"-8e+01 -8e+01 -8e+01","1 0 0","0.073 0.048 0.023",3,3,0.01,0.00,0,0,3,0
5.600,6,1.000,1.000,0.000,3,0,-78.473,"-76.6 -81.5 -77.3","1.000 1.000 1.000",-93.966,-100.820,"-100.8 -100.8 -100.8 -100.8 -100.8 -100.8 -100.8 -100.8",0.073,92,0,251,134,"-8e+01 -8e+01 -8e+01","1 0 0","0.073 0.048 0.023",3,3,0.01,0.00,0,0,3,0
5.700,6,1.000,1.000,0.000,3,0,-78.473,"-76.6 -81.5 -77.3","1.000 1.000 1.000",-93.966,-100.820,"-100.8 -100.8 -100.8 -100.8 -100.8 -100.8 -100.8 -100.8",0.073,94,0,258,138,"-8e+01 -8e+01 -8e+01","1 0 0","0.073 0.048 0.023",3,3,0.01,0.00,0,0,3,0
5.800,6,1.000,1.000,0.000,3,0,-78.473,"-76.6 -81.5 -77.3","1.000 1.000 1.000",-93.966,-100.820,"-100.8 -100.8 -100.8 -100.8 -100.8 -100.8 -100.8 -100.8",0.073,96,0,267,142,"-8e+01 -8e+01 -8e+01","1 0 0","0.073 0.048 0.023",3,3,0.01,0.00,0,0,3,0
5.900,6,1.000,1.000,0.000,3,0,-78.473,"-76.6 -81.5 -77.3","1.000 1.000 1.000",-93.966,-100.820,"-100.8 -100.8 -100.8 -100.8 -100.8 -100.8 -100.8 -100.8",0.073,98,0,274,146,"-8e+01 -8e+01 -8e+01","1 0 0","0.073 0.048 0.023",3,3,0.02,0.00,0,0,3,0
6.000,6,1.000,1.000,0.000,3,0,-78.473,"-76.6 -81.5 -77.3","1.000 1.000 1.000",-93.966,-100.820,"-100.8 -100.8 -100.8 -100.8 -100.8 -100.8 -100.8 -100.8",0.073,100,0,283,150,"-8e+01 -8e+01 -8e+01","1 0 0","0.073 0.048 0.023",3,3,0.00,0.00,0,0,3,0
6.100,6,1.000,1.000,0.000,3,0,-78.473,"-76.6 -81.5 -77.3","1.000 1.000 1.000",-93.966,-100.820,"-100.8 -100.8 -100.8 -100.8 -100.8 -100.8 -100.8 -100.8",0.073,102,0,291,154,"-8e+01 -8e+01 -8e+01","1 0 0","0.073 0.048 0.023",3,3,0.01,0.00,0,0,3,0
6.200,6,1.000,1.000,0.000,3,0,-78.473,"-76.6 -81.5 -77.3","1.000 1.000 1.000",-93.966,-100.820,"-100.8 -100.8 -100.8 -100.8 -100.8 -100.8 -100.8 -100.8",0.073,104,0,300,159,"-8e+01 -8e+01 -8e+01","1 0 0","0.073 0.048 0.023",3,3,0.24,0.00,0,0,3,0
6.300,6,1.000,1.000,0.000,3,0,-78.473,"-76.6 -81.5 -77.3","1.000 1.000 1.000",-93.966,-100.820,"-100.8 -100.8 -100.8 -100.8 -100.8 -100.8 -100.8 -100.8",0.073,106,0,308,163,"-8e+01 -8e+01 -8e+01","1 0 0","0.073 0.048 0.023",3,3,0.00,0.00,0,0,3,0
6.400,6,1.000,1.000,0.000,3,0,-78.353,"-76.3 -81.5 -77.3","1.000 1.000 1.000",-93.966,-100.820,"-100.8 -100.8 -100.8 -100.8 -100.8 -100.8 -100.8 -100.8",0.073,108,0,317,167,"-8e+01 -8e+01 -8e+01","1 0 0","0.073 0.048 0.023",4,4,0.01,0.00,0,0,3,0
6.500,6,1.000,1.000,0.000,3,0,-78.473,"-76.6 -81.5 -77.3","1.000 1.000 1.000",-93.966,-100.820,"-100.8 -100.8 -100.8 -100.8 -100.8 -100.8 -100.8 -100.8",0.073,110,0,325,172,"-8e+01 -8e+01 -8e+01","1 0 0","0.073 0.048 0.023",3,3,0.01,0.00,0,0,3,0
6.600,6,1.000,1.000,0.000,3,0,-78.353,"-76.3 -81.5 -77.3","1.000 1.000 1.000",-93.966,-100.820,"-100.8 -100.8 -100.8 -100.8 -100.8 -100.8 -100.8 -100.8",0.073,112,0,334,176,"-8e+01 -8e+01 -8e+01","1 0 0","0.073 0.048 0.023",3,3,0.01,0.00,0,0,3,0
6.700,6,1.000,1.000,0.000,3,0,-78.473,"-76.6 -81.5 -77.3","1.000 1.000 1.000",-93.966,-100.820,"-100.8 -100.8 -100.8 -100.8 -100.8 -100.8 -100.8 -100.8",0.073,114,0,341,180,"-8e+01 -8e+01 -8e+01","1 0 0","0.073 0.048 0.023",3,3,0.01,0.00,0,0,3,0
6.800,6,1.000,1.000,0.000,3,0,-78.353,"-76.3 -81.5 -77.3","1.000 1.000 1.000",-93.966,-100.820,"-100.8 -100.8 -100.8 -100.8 -100.8 -100.8 -100.8 -100.8",0.073,116,0,350,184,"-8e+01 -8e+01 -8e+01","1 0 0","0.073 0.048 0.023",3,3,0.01,0.00,0,0,3,0
6.900,6,1.000,1.000,0.000,3,0,-78.473,"-76.6 -81.5 -77.3","1.000 1.000 1.000",-93.966,-100.820,"-100.8 -100.8 -100.8 -100.8 -100.8 -100.8 -100.8 -100.8",0.073,118,0,357,188,"-8e+01 -8e+01 -8e+01","1 0 0","0.073 0.048 0.023",3,3,0.01,0.00,0,0,3,0
7.000,6,1.000,1.000,0.000,3,0,-78.353,"-76.3 -81.5 -77.3","1.000 1.000 1.000",-93.966,-100.820,"-100.8 -100.8 -100.8 -100.8 -100.8 -100.8 -100.8 -100.8",0.073,120,0,366,192,"-8e+01 -8e+01 -8e+01","1 0 0","0.073 0.048 0.023",3,3,0.01,0.00,0,0,3,0
7.100,6,1.000,1.000,0.000,3,0,-78.473,"-76.6 -81.5 -77.3","1.000 1.000 1.000",-93.966,-100.820,"-100.8 -100.8 -100.8 -100.8 -100.8 -100.8 -100.8 -100.8",0.073,122,0,373,196,"-8e+01 -8e+01 -8e+01","1 0 0","0.073 0.048 0.023",3,3,0.01,0.00,0,0,3,0
7.200,6,1.000,1.000,0.000,3,0,-78.353,"-76.3 -81.5 -77.3","1.000 1.000 1.000",-93.966,-100.820,"-100.8 -100.8 -100.8 -100.8 -100.8 -100.8 -100.8 -100.8",0.073,124,0,382,200,"-8e+01 -8e+01 -8e+01","1 0 0","0.073 0.048 0.023",3,3,0.01,0.00,0,0,3,0
7.300,6,1.000,1.000,0.000,3,0,-78.473,"-76.6 -81.5 -77.3","1.000 1.000 1.000",-93.966,-100.820,"-100.8 -100.8 -100.8 -100.8 -100.8 -100.8 -100.8 -100.8",0.073,126,0,389,204,"-8e+01 -8e+01 -8e+01","1 0 0","0.073 0.048 0.023",3,3,0.01,0.00,0,0,3,0
7.400,6,1.000,1.000,0.000,3,0,-78.353,"-76.3 -81.5 -77.3","1.000 1.000 1.000",-93.966,-100.820,"-100.8 -100.8 -100.8 -100.8 -100.8 -100.8 -100.8 -100.8",0.073,128,0,398,208,"-8e+01 -8e+01 -8e+01","1 0 0","0.073 0.048 0.023",3,3,0.01,0.00,0,0,3,0
7.500,6,1.000,1.000,0.000,3,0,-78.473,"-76.6 -81.5 -77.3","1.000 1.000 1.000",-93.966,-100.820,"-100.8 -100.8 -100.8 -100.8 -100.8 -100.8 -100.8 -100.8",0.073,130,0,405,212,"-8e+01 -8e+01 -8e+01","1 0 0","0.073 0.048 0.023",3,3,0.01,0.00,0,0,3,0
7.600,6,1.000,1.000,0.000,3,0,-78.353,"-76.3 -81.5 -77.3","1.000 1.000 1.000",-93.966,-100.820,"-100.8 -100.8 -100.8 -100.8 -100.8 -100.8 -100.8 -100.8",0.073,132,0,414,216,"-8e+01 -8e+01 -8e+01","1 0 0","0.073 0.048 0.023",3,3,0.01,0.00,0,0,3,0
7.700,6,1.000,1.000,0.000,3,0,-78.473,"-76.6 -81.5 -77.3","1.000 1.000 1.000",-93.966,-100.820,"-100.8 -100.8 -100.8 -100.8 -100.8 -100.8 -100.8 -100.8",0.073,134,0,421,220,"-8e+01 -8e+01 -8e+01","1 0 0","0.073 0.048 0.023",3,3,0.01,0.00,0,0,3,0
7.800,6,1.000,1.000,0.000,3,0,-78.353,"-76.3 -81.5 -77.3","1.000 1.000 1.000",-93.966,-100.820,"-100.8 -100.8 -100.8 -100.8 -100.8 -100.8 -100.8 -100.8",0.073,136,0,430,224,"-8e+01 -8e+01 -8e+01","1 0 0","0.073 0.048 0.023",3,3,0.01,0.00,0,0,3,0
7.900,6,1.000,1.000,0.000,3,0,-78.473,"-76.6 -81.5 -77.3","1.000 1.000 1.000",-93.966,-100.820,"-100.8 -100.8 -100.8 -100.8 -100.8 -100.8 -100.8 -100.8",0.073,138,0,437,228,"-8e+01 -8e+01 -8e+01","1 0 0","0.073 0.048 0.023",3,3,0.01,0.00,0,0,3,0
8.000,6,1.000,1.000,0.000,3,0,-78.353,"-76.3 -81.5 -77.3","1.000 1.000 1.000",-93.966,-100.820,"-100.8 -100.8 -100.8 -100.8 -100.8 -100.8 -100.8 -100.8",0.073,140,0,446,232,"-8e+01 -8e+01 -8e+01","1 0 0","0.073 0.048 0.023",3,3,0.01,0.00,0,0,3,0
8.100,6,1.000,1.000,0.000,3,0,-78.473,"-76.6 -81.5 -77.3","1.000 1.000 1.000",-93.966,-100.820,"-100.8 -100.8 -100.8 -100.8 -100.8 -100.8 -100.8 -100.8",0.073,142,0,454,237,"-8e+01 -8e+01 -8e+01","1 0 0","0.073 0.048 0.023",3,3,0.01,0.00,0,0,3,0
8.200,6,1.000,1.000,0.000,3,0,-78.353,"-76.3 -81.5 -77.3","1.000 1.000 1.000",-93.966,-100.820,"-100.8 -100.8 -100.8 -100.8 -100.8 -100.8 -100.8 -100.8",0.073,144,0,463,241,"-8e+01 -8e+01 -8e+01","1 0 0","0.073 0.048 0.023",4,4,0.00,0.00,0,0,3,0
8.300,6,1.000,1.000,0.000,3,0,-78.473,"-76.6 -81.5 -77.3","1.000 1.000 1.000",-93.966,-100.820,"-100.8 -100.8 -100.8 -100.8 -100.8 -100.8 -100.8 -100.8",0.073,146,0,470,246,"-8e+01 -8e+01 -8e+01","1 0 0","0.073 0.048 0.023",3,3,0.01,0.00,0,0,3,0
8.400,6,1.000,1.000,0.000,3,0,-78.353,"-76.3 -81.5 -77.3","1.000 1.000 1.000",-93.966,-100.820,"-100.8 -100.8 -100.8 -100.8 -100.8 -100.8 -100.8 -100.8",0.073,148,0,479,251,"-8e+01 -8e+01 -8e+01","1 0 0","0.073 0.048 0.023",3,3,0.02,0.00,0,0,3,0
8.500,6,1.000,1.000,0.000,3,0,-78.473,"-76.6 -81.5 -77.3","1.000 1.000 1.000",-93.966,-100.820,"-100.8 -100.8 -100.8 -100.8 -100.8 -100.8 -100.8 -100.8",0.073,150,0,486,255,"-8e+01 -8e+01 -8e+01","1 0 0","0.073 0.048 0.023",3,3,0.00,0.00,0,0,3,0
8.600,6,1.000,1.000,0.000,3,0,-78.353,"-76.3 -81.5 -77.3","1.000 1.000 1.000",-93.966,-100.820,"-100.8 -100.8 -100.8 -100.8 -100.8 -100.8 -100.8 -100.8",0.073,152,0,496,259,"-8e+01 -8e+01 -8e+01","1 0 0","0.073 0.048 0.023",3,3,0.51,0.00,0,0,3,0
8.700,6,1.000,1.000,0.000,3,0,-78.473,"-76.6 -81.5 -77.3","1.000 1.000 1.000",-93.966,-100.820,"-100.8 -100.8 -100.8 -100.8 -100.8 -100.8 -100.8 -100.8",0.073,154,0,503,263,"-8e+01 -8e+01 -8e+01","1 0 0","0.073 0.048 0.023",3,3,0.02,0.00,0,0,3,0
8.800,6,1.000,1.000,0.000,3,0,-78.353,"-76.3 -81.5 -77.3","1.000 1.000 1.000",-93.966,-100.820,"-100.8 -100.8 -100.8 -100.8 -100.8 -100.8 -100.8 -100.8",0.073,156,0,512,267,"-8e+01 -8e+01 -8e+01","1 0 0","0.073 0.048 0.023",3,3,0.01,0.00,0,0,3,0
8.900,6,1.000,1.000,0.000,3,0,-78.473,"-76.6 -81.5 -77.3","1.000 1.000 1.000",-93.966,-100.820,"-100.8 -100.8 -100.8 -100.8 -100.8 -100.8 -100.8 -100.8",0.073,158,0,519,271,"-8e+01 -8e+01 -8e+01","1 0 0","0.073 0.048 0.023",3,3,0.01,0.00,0,0,3,0
9.000,6,1.000,1.000,0.000,3,0,-78.353,"-76.3 -81.5 -77.3","1.000 1.000 1.000",-93.966,-100.820,"-100.8 -100.8 -100.8 -100.8 -100.8 -100.8 -100.8 -100.8",0.073,160,0,528,275,"-8e+01 -8e+01 -8e+01","1 0 0","0.073 0.048 0.023",3,3,0.02,0.00,0,0,3,0
9.100,6,1.000,1.000,0.000,3,0,-78.473,"-76.6 -81.5 -77.3","1.000 1.000 1.000",-93.966,-100.820,"-100.8 -100.8 -100.8 -100.8 -100.8 -100.8 -100.8 -100.8",0.073,162,0,535,279,"-8e+01 -8e+01 -8e+01","1 0 0","0.073 0.048 0.023",3,3,0.00,0.00,0,0,3,0
9.200,6,1.000,1.000,0.000,3,0,-78.353,"-76.3 -81.5 -77.3","1.000 1.000 1.000",-93.966,-100.820,"-100.8 -100.8 -100.8 -100.8 -100.8 -100.8 -100.8 -100.8",0.073,164,0,544,283,"-8e+01 -8e+01 -8e+01","1 0 0","0.073 0.048 0.023",3,3,0.01,0.00,0,0,3,0
9.300,6,1.000,1.000,0.000,3,0,-78.473,"-76.6 -81.5 -77.3","1.000 1.000 1.000",-93.966,-100.820,"-100.8 -100.8 -100.8 -100.8 -100.8 -100.8 -100.8 -100.8",0.073,166,0,551,287,"-8e+01 -8e+01 -8e+01","1 0 0","0.073 0.048 0.023",3,3,0.02,0.00,0,0,3,0
9.400,6,1.000,1.000,0.000,3,0,-78.353,"-76.3 -81.5 -77.3","1.000 1.000 1.000",-93.966,-100.820,"-100.8 -100.8 -100.8 -100.8 -100.8 -100.8 -100.8 -100.8",0.073,168,0,560,291,"-8e+01 -8e+01 -8e+01","1 0 0","0.073 0.048 0.023",3,3,0.00,0.00,0,0,3,0
9.500,6,1.000,1.000,0.000,3,0,-78.473,"-76.6 -81.5 -77.3","1.000 1.000 1.000",-93.966,-100.820,"-100.8 -100.8 -100.8 -100.8 -100.8 -100.8 -100.8 -100.8",0.073,170,0,567,295,"-8e+01 -8e+01 -8e+01","1 0 0","0.073 0.048 0.023",3,3,0.01,0.00,0,0,3,0
9.600,6,1.000,1.000,0.000,3,0,-78.473,"-76.6 -81.5 -77.3","1.000 1.000 1.000",-93.966,-100.820,"-100.8 -100.8 -100.8 -100.8 -100.8 -100.8 -100.8 -100.8",0.073,172,0,574,299,"-8e+01 -8e+01 -8e+01","1 0 0","0.073 0.048 0.023",3,3,0.02,0.00,0,0,3,0
9.700,6,1.000,1.000,0.000,3,0,-78.473,"-76.6 -81.5 -77.3","1.000 1.000 1.000",-93.966,-100.820,"-100.8 -100.8 -100.8 -100.8 -100.8 -100.8 -100.8 -100.8",0.073,174,0,583,303,"-8e+01 -8e+01 -8e+01","1 0 0","0.073 0.048 0.023",3,3,0.00,0.00,0,0,3,0
9.800,6,1.000,1.000,0.000,3,0,-78.473,"-76.6 -81.5 -77.3","1.000 1.000 1.000",-93.966,-100.820,"-100.8 -100.8 -100.8 -100.8 -100.8 -100.8 -100.8 -100.8",0.073,176,0,590,307,"-8e+01 -8e+01 -8e+01","1 0 0","0.073 0.048 0.023",3,3,0.01,0.00,0,0,3,0
9.900,6,1.000,1.000,0.000,3,0,-78.473,"-76.6 -81.5 -77.3","1.000 1.000 1.000",-93.966,-100.820,"-100.8 -100.8 -100.8 -100.8 -100.8 -100.8 -100.8 -100.8",0.073,178,0,599,311,"-8e+01 -8e+01 -8e+01","1 0 0","0.073 0.048 0.023",3,3,0.01,0.00,0,0,3,0
10.000,6,1.000,1.000,0.000,3,0,-78.473,"-76.6 -81.5 -77.3","1.000 1.000 1.000",-93.966,-100.820,"-100.8 -100.8 -100.8 -100.8 -100.8 -100.8 -100.8 -100.8",0.073,180,0,606,315,"-8e+01 -8e+01 -8e+01","1 0 0","0.073 0.048 0.023",3,3,0.01,0.00,0,0,3,0
10.100,6,1.000,1.000,0.000,3,0,-78.473,"-76.6 -81.5 -77.3","1.000 1.000 1.000",-93.966,-100.820,"-100.8 -100.8 -100.8 -100.8 -100.8 -100.8 -100.8 -100.8",0.073,182,0,616,319,"-8e+01 -8e+01 -8e+01","1 0 0","0.073 0.048 0.023",3,3,0.01,0.00,0,0,3,0
10.200,6,1.000,1.000,0.000,3,0,-78.473,"-76.6 -81.5 -77.3","1.000 1.000 1.000",-93.966,-100.820,"-100.8 -100.8 -100.8 -100.8 -100.8 -100.8 -100.8 -100.8",0.073,184,0,625,323,"-8e+01 -8e+01 -8e+01","1 0 0","0.073 0.048 0.023",3,3,0.01,0.00,0,0,3,0
10.300,6,1.000,1.000,0.000,3,0,-78.473,"-76.6 -81.5 -77.3","1.000 1.000 1.000",-93.966,-100.820,"-100.8 -100.8 -100.8 -100.8 -100.8 -100.8 -100.8 -100.8",0.073,186,0,634,328,"-8e+01 -8e+01 -8e+01","1 0 0","0.073 0.048 0.023",3,3,0.01,0.00,0,0,3,0
10.400,6,1.000,1.000,0.000,3,0,-78.473,"-76.6 -81.5 -77.3","1.000 1.000 1.000",-93.966,-100.820,"-100.8 -100.8 -100.8 -100.8 -100.8 -100.8 -100.8 -100.8",0.073,188,0,641,333,"-8e+01 -8e+01 -8e+01","1 0 0","0.073 0.048 0.023",4,4,0.01,0.00,0,0,3,0
10.500,6,1.000,1.000,0.000,3,0,-78.473,"-76.6 -81.5 -77.3","1.000 1.000 1.000",-93.966,-100.820,"-100.8 -100.8 -100.8 -100.8 -100.8 -100.8 -100.8 -100.8",0.073,190,0,650,337,"-8e+01 -8e+01 -8e+01","1 0 0","0.073 0.048 0.023",3,3,0.01,0.00,0,0,3,0
10.600,6,1.000,1.000,0.000,3,0,-78.473,"-76.6 -81.5 -77.3","1.000 1.000 1.000",-93.966,-100.820,"-100.8 -100.8 -100.8 -100.8 -100.8 -100.8 -100.8 -100.8",0.073,192,0,658,341,"-8e+01 -8e+01 -8e+01","1 0 0","0.073 0.048 0.023",3,3,0.01,0.00,0,0,3,0
10.700,6,1.000,1.000,0.000,3,0,-78.353,"-76.3 -81.5 -77.3","1.000 1.000 1.000",-93.966,-100.820,"-100.8 -100.8 -100.8 -100.8 -100.8 -100.8 -100.8 -100.8",0.073,194,0,668,345,"-8e+01 -8e+01 -8e+01","1 0 0","0.073 0.048 0.023",3,3,0.01,0.00,0,0,3,0
10.800,6,1.000,1.000,0.000,3,0,-78.473,"-76.6 -81.5 -77.3","1.000 1.000 1.000",-93.966,-100.820,"-100.8 -100.8 -100.8 -100.8 -100.8 -100.8 -100.8 -100.8",0.073,196,0,675,349,"-8e+01 -8e+01 -8e+01","1 0 0","0.073 0.048 0.023",3,3,0.01,0.00,0,0,3,0
10.900,6,1.000,1.000,0.000,3,0,-78.353,"-76.3 -81.5 -77.3","1.000 1.000 1.000",-93.966,-100.820,"-100.8 -100.8 -100.8 -100.8 -100.8 -100.8 -100.8 -100.8",0.073,198,0,684,353,"-8e+01 -8e+01 -8e+01","1 0 0","0.073 0.048 0.023",3,3,0.01,0.00,0,0,3,0
11.000,6,1.000,1.000,0.000,3,0,-78.473,"-76.6 -81.5 -77.3","1.000 1.000 1.000",-93.966,-100.820,"-100.8 -100.8 -100.8 -100.8 -100.8 -100.8 -100.8 -100.8",0.073,200,0,691,357,"-8e+01 -8e+01 -8e+01","1 0 0","0.073 0.048 0.023",3,3,0.01,0.00,0,0,3,0
11.100,6,1.000,1.000,0.000,3,0,-78.353,"-76.3 -81.5 -77.3","1.000 1.000 1.000",-93.966,-100.820,"-100.8 -100.8 -100.8 -100.8 -100.8 -100.8 -100.8 -100.8",0.073,202,0,700,361,"-8e+01 -8e+01 -8e+01","1 0 0","0.073 0.048 0.023",3,3,0.01,0.00,0,0,3,0
11.200,6,1.000,1.000,0.000,3,0,-78.473,"-76.6 -81.5 -77.3","1.000 1.000 1.000",-93.966,-100.820,"-100.8 -100.8 -100.8 -100.8 -100.8 -100.8 -100.8 -100.8",0.073,204,0,707,365,"-8e+01 -8e+01 -8e+01","1 0 0","0.073 0.048 0.023",3,3,0.01,0.00,0,0,3,0
11.300,6,1.000,1.000,0.000,3,0,-78.353,"-76.3 -81.5 -77.3","1.000 1.000 1.000",-93.966,-100.820,"-100.8 -100.8 -100.8 -100.8 -100.8 -100.8 -100.8 -100.8",0.073,206,0,716,369,"-8e+01 -8e+01 -8e+01","1 0 0","0.073 0.048 0.023",3,3,0.01,0.00,0,0,3,0
11.400,6,1.000,1.000,0.000,3,0,-78.473,"-76.6 -81.5 -77.3","1.000 1.000 1.000",-93.966,-100.820,"-100.8 -100.8 -100.8 -100.8 -100.8 -100.8 -100.8 -100.8",0.073,208,0,723,373,"-8e+01 -8e+01 -8e+01","1 0 0","0.073 0.048 0.023",3,3,0.01,0.00,0,0,3,0
11.500,6,1.000,1.000,0.000,3,0,-78.353,"-76.3 -81.5 -77.3","1.000 1.000 1.000",-93.966,-100.820,"-100.8 -100.8 -100.8 -100.8 -100.8 -100.8 -100.8 -100.8",0.073,210,0,732,377,"-8e+01 -8e+01 -8e+01","1 0 0","0.073 0.048 0.023",3,3,0.01,0.00,0,0,3,0
11.600,6,1.000,1.000,0.000,3,0,-78.473,"-76.6 -81.5 -77.3","1.000 1.000 1.000",-93.966,-100.820,"-100.8 -100.8 -100.8 -100.8 -100.8 -100.8 -100.8 -100.8",0.073,212,0,739,381,"-8e+01 -8e+01 -8e+01","1 0 0","0.073 0.048 0.023",3,3,0.01,0.00,0,0,3,0
11.700,6,1.000,1.000,0.000,3,0,-78.353,"-76.3 -81.5 -77.3","1.000 1.000 1.000",-93.966,-100.820,"-100.8 -100.8 -100.8 -100.8 -100.8 -100.8 -100.8 -100.8",0.073,214,0,748,385,"-8e+01 -8e+01 -8e+01","1 0 0","0.073 0.048 0.023",3,3,0.01,0.00,0,0,3,0
11.800,6,1.000,1.000,0.000,3,0,-78.473,"-76.6 -81.5 -77.3","1.000 1.000 1.000",-93.966,-100.820,"-100.8 -100.8 -100.8 -100.8 -100.8 -100.8 -100.8 -100.8",0.073,216,0,755,389,"-8e+01 -8e+01 -8e+01","1 0 0","0.073 0.048 0.023",3,3,0.01,0.00,0,0,3,0
11.900,6,1.000,1.000,0.000,3,0,-78.353,"-76.3 -81.5 -77.3","1.000 1.000 1.000",-93.966,-100.820,"-100.8 -100.8 -100.8 -100.8 -100.8 -100.8 -100.8 -100.8",0.073,218,0,764,393,"-8e+01 -8e+01 -8e+01","1 0 0","0.073 0.048 0.023",3,3,0.00,0.00,0,0,3,0
12.000,6,1.000,1.000,0.000,3,0,-78.473,"-76.6 -81.5 -77.3","1.000 1.000 1.000",-93.966,-100.820,"-100.8 -100.8 -100.8 -100.8 -100.8 -100.8 -100.8 -100.8",0.073,220,0,771,397,"-8e+01 -8e+01 -8e+01","1 0 0","0.073 0.048 0.023",3,3,0.01,0.00,0,0,3,0
12.100,6,1.000,1.000,0.000,3,0,-78.353,"-76.3 -81.5 -77.3","1.000 1.000 1.000",-93.966,-100.820,"-100.8 -100.8 -100.8 -100.8 -100.8 -100.8 -100.8 -100.8",0.073,222,0,781,401,"-8e+01 -8e+01 -8e+01","1 0 0","0.073 0.048 0.023",3,3,0.01,0.00,0,0,3,0
12.200,6,1.000,1.000,0.000,3,0,-78.473,"-76.6 -81.5 -77.3","1.000 1.000 1.000",-93.966,-100.820,"-100.8 -100.8 -100.8 -100.8 -100.8 -100.8 -100.8 -100.8",0.073,224,0,788,405,"-8e+01 -8e+01 -8e+01","1 0 0","0.073 0.048 0.023",3,3,0.01,0.00,0,0,3,0
12.300,6,1.000,1.000,0.000,3,0,-78.353,"-76.3 -81.5 -77.3","1.000 1.000 1.000",-93.966,-100.820,"-100.8 -100.8 -100.8 -100.8 -100.8 -100.8 -100.8 -100.8",0.073,226,0,798,410,"-8e+01 -8e+01 -8e+01","1 0 0","0.073 0.048 0.023",3,3,0.01,0.00,0,0,3,0
12.400,6,0.970,0.909,0.043,3,0,-78.353,"-76.6 -81.2 -77.3","1.000 0.909 1.000",-93.966,-100.820,"-100.8 -100.8 -100.8 -100.8 -100.8 -100.8 -100.8 -100.8",0.148,228,0,805,416,"-8e+01 -8e+01 -8e+01","1 0 0","0.073 0.15 0.023",4,4,0.00,0.00,0,0,2,0
12.500,6,0.970,0.909,0.043,3,0,-78.353,"-76.3 -81.5 -77.3","1.000 0.909 1.000",-93.966,-100.820,"-100.8 -100.8 -100.8 -100.8 -100.8 -100.8 -100.8 -100.8",0.073,230,0,814,420,"-8e+01 -8e+01 -8e+01","1 0 0","0.073 0.048 0.023",3,3,0.01,0.00,1,1,3,0
12.600,6,0.970,0.909,0.043,3,0,-78.473,"-76.6 -81.5 -77.3","1.000 0.909 1.000",-93.966,-100.820,"-100.8 -100.8 -100.8 -100.8 -100.8 -100.8 -100.8 -100.8",0.073,232,0,821,424,"-8e+01 -8e+01 -8e+01","1 0 0","0.073 0.048 0.023",3,3,0.01,0.00,0,0,3,0
12.700,6,0.970,0.909,0.043,3,0,-78.353,"-76.3 -81.5 -77.3","1.000 0.909 1.000",-93.966,-100.820,"-100.8 -100.8 -100.8 -100.8 -100.8 -100.8 -100.8 -100.8",0.073,234,0,830,428,"-8e+01 -8e+01 -8e+01","1 0 0","0.073 0.048 0.023",3,3,0.01,0.00,0,0,3,0
12.800,6,0.970,0.909,0.043,3,0,-78.473,"-76.6 -81.5 -77.3","1.000 0.909 1.000",-93.966,-100.820,"-100.8 -100.8 -100.8 -100.8 -100.8 -100.8 -100.8 -100.8",0.073,236,0,837,432,"-8e+01 -8e+01 -8e+01","1 0 0","0.073 0.048 0.023",3,3,0.01,0.00,0,0,3,0
12.900,6,0.970,0.909,0.043,3,0,-78.353,"-76.3 -81.5 -77.3","1.000 0.909 1.000",-93.966,-100.820,"-100.8 -100.8 -100.8 -100.8 -100.8 -100.8 -100.8 -100.8",0.073,238,0,846,436,"-8e+01 -8e+01 -8e+01","1 0 0","0.073 0.048 0.023",3,3,0.01,0.00,0,0,3,0
13.000,6,0.970,0.909,0.043,3,0,-78.473,"-76.6 -81.5 -77.3","1.000 0.909 1.000",-93.966,-100.820,"-100.8 -100.8 -100.8 -100.8 -100.8 -100.8 -100.8 -100.8",0.073,240,0,853,440,"-8e+01 -8e+01 -8e+01","1 0 0","0.073 0.048 0.023",3,3,0.01,0.00,0,0,3,0
13.100,6,0.970,0.909,0.043,3,0,-78.353,"-76.3 -81.5 -77.3","1.000 0.909 1.000",-93.966,-100.820,"-100.8 -100.8 -100.8 -100.8 -100.8 -100.8 -100.8 -100.8",0.073,242,0,862,444,"-8e+01 -8e+01 -8e+01","1 0 0","0.073 0.048 0.023",3,3,0.01,0.00,0,0,3,0
13.200,6,0.970,0.909,0.043,3,0,-78.473,"-76.6 -81.5 -77.3","1.000 0.909 1.000",-93.966,-100.820,"-100.8 -100.8 -100.8 -100.8 -100.8 -100.8 -100.8 -100.8",0.073,244,0,869,448,"-8e+01 -8e+01 -8e+01","1 0 0","0.073 0.048 0.023",3,3,0.01,0.00,0,0,3,0
13.300,6,0.970,0.909,0.043,3,0,-78.353,"-76.3 -81.5 -77.3","1.000 0.909 1.000",-93.966,-100.820,"-100.8 -100.8 -100.8 -100.8 -100.8 -100.8 -100.8 -100.8",0.073,246,0,878,452,"-8e+01 -8e+01 -8e+01","1 0 0","0.073 0.048 0.023",3,3,0.01,0.00,0,0,3,0
13.400,6,0.970,0.909,0.043,3,0,-78.473,"-76.6 -81.5 -77.3","1.000 0.909 1.000",-93.966,-100.820,"-100.8 -100.8 -100.8 -100.8 -100.8 -100.8 -100.8 -100.8",0.073,248,0,885,456,"-8e+01 -8e+01 -8e+01","1 0 0","0.073 0.048 0.023",3,3,0.01,0.00,0,0,3,0
13.500,6,1.000,1.000,0.000,3,0,-78.353,"-76.3 -81.5 -77.3","1.000 1.000 1.000",-93.966,-100.820,"-100.8 -100.8 -100.8 -100.8 -100.8 -100.8 -100.8 -100.8",0.073,250,0,894,460,"-8e+01 -8e+01 -8e+01","1 0 0","0.073 0.048 0.023",3,3,0.01,0.00,0,0,3,0
13.600,6,1.000,1.000,0.000,3,0,-78.473,"-76.6 -81.5 -77.3","1.000 1.000 1.000",-93.966,-100.820,"-100.8 -100.8 -100.8 -100.8 -100.8 -100.8 -100.8 -100.8",0.073,252,0,901,464,"-8e+01 -8e+01 -8e+01","1 0 0","0.073 0.048 0.023",3,3,0.01,0.00,0,0,3,0
13.700,6,1.000,1.000,0.000,3,0,-78.353,"-76.3 -81.5 -77.3","1.000 1.000 1.000",-93.966,-100.820,"-100.8 -100.8 -100.8 -100.8 -100.8 -100.8 -100.8 -100.8",0.073,254,0,910,468,"-8e+01 -8e+01 -8e+01","1 0 0","0.073 0.048 0.023",3,3,0.01,0.00,0,0,3,0
13.800,6,1.000,1.000,0.000,3,0,-78.473,"-76.6 -81.5 -77.3","1.000 1.000 1.000",-93.966,-100.820,"-100.8 -100.8 -100.8 -100.8 -100.8 -100.8 -100.8 -100.8",0.073,256,0,917,472,"-8e+01 -8e+01 -8e+01","1 0 0","0.073 0.048 0.023",3,3,0.01,0.00,0,0,3,0
13.900,6,1.000,1.000,0.000,3,0,-78.473,"-76.6 -81.5 -77.3","1.000 1.000 1.000",-93.966,-100.820,"-100.8 -100.8 -100.8 -100.8 -100.8 -100.8 -100.8 -100.8",0.073,258,0,924,476,"-8e+01 -8e+01 -8e+01","1 0 0","0.073 0.048 0.023",3,3,0.01,0.00,0,0,3,0
14.000,6,1.000,1.000,0.000,3,0,-78.473,"-76.6 -81.5 -77.3","1.000 1.000 1.000",-93.966,-100.820,"-100.8 -100.8 -100.8 -100.8 -100.8 -100.8 -100.8 -100.8",0.073,260,0,933,480,"-8e+01 -8e+01 -8e+01","1 0 0","0.073 0.048 0.023",3,3,0.01,0.00,0,0,3,0
14.100,6,1.000,1.000,0.000,3,0,-78.473,"-76.6 -81.5 -77.3","1.000 1.000 1.000",-93.966,-100.820,"-100.8 -100.8 -100.8 -100.8 -100.8 -100.8 -100.8 -100.8",0.073,262,0,941,484,"-8e+01 -8e+01 -8e+01","1 0 0","0.073 0.048 0.023",3,3,0.02,0.00,0,0,3,0
14.200,6,1.000,1.000,0.000,3,0,-78.473,"-76.6 -81.5 -77.3","1.000 1.000 1.000",-93.966,-100.820,"-100.8 -100.8 -100.8 -100.8 -100.8 -100.8 -100.8 -100.8",0.073,264,0,950,489,"-8e+01 -8e+01 -8e+01","1 0 0","0.073 0.048 0.023",3,3,0.01,0.00,0,0,3,0
14.300,6,1.000,1.000,0.000,3,0,-78.473,"-76.6 -81.5 -77.3","1.000 1.000 1.000",-93.966,-100.820,"-100.8 -100.8 -100.8 -100.8 -100.8 -100.8 -100.8 -100.8",0.073,266,0,958,494,"-8e+01 -8e+01 -8e+01","1 0 0","0.073 0.048 0.023",3,3,0.01,0.00,0,0,3,0
14.400,6,1.000,1.000,0.000,3,0,-78.473,"-76.6 -81.5 -77.3","1.000 1.000 1.000",-93.966,-100.820,"-100.8 -100.8 -100.8 -100.8 -100.8 -100.8 -100.8 -100.8",0.073,268,0,968,498,"-8e+01 -8e+01 -8e+01","1 0 0","0.073 0.048 0.023",3,3,0.01,0.00,0,0,3,0
14.500,6,1.000,1.000,0.000,3,0,-78.473,"-76.6 -81.5 -77.3","1.000 1.000 1.000",-93.966,-100.820,"-100.8 -100.8 -100.8 -100.8 -100.8 -100.8 -100.8 -100.8",0.073,270,0,975,502,"-8e+01 -8e+01 -8e+01","1 0 0","0.073 0.048 0.023",4,4,0.00,0.00,0,0,3,0
14.600,6,1.000,1.000,0.000,3,0,-78.473,"-76.6 -81.5 -77.3","1.000 1.000 1.000",-93.966,-100.820,"-100.8 -100.8 -100.8 -100.8 -100.8 -100.8 -100.8 -100.8",0.073,272,0,984,506,"-8e+01 -8e+01 -8e+01","1 0 0","0.073 0.048 0.023",3,3,0.01,0.00,0,0,3,0
14.700,6,1.000,1.000,0.000,3,0,-78.473,"-76.6 -81.5 -77.3","1.000 1.000 1.000",-93.966,-100.820,"-100.8 -100.8 -100.8 -100.8 -100.8 -100.8 -100.8 -100.8",0.073,274,0,991,510,"-8e+01 -8e+01 -8e+01","1 0 0","0.073 0.048 0.023",3,3,0.01,0.00,0,0,3,0
14.800,6,1.000,1.000,0.000,3,0,-78.473,"-76.6 -81.5 -77.3","1.000 1.000 1.000",-93.966,-100.820,"-100.8 -100.8 -100.8 -100.8 -100.8 -100.8 -100.8 -100.8",0.073,276,0,1000,514,"-8e+01 -8e+01 -8e+01","1 0 0","0.073 0.048 0.023",3,3,0.01,0.00,0,0,3,0
14.900,6,1.000,1.000,0.000,3,0,-78.473,"-76.6 -81.5 -77.3","1.000 1.000 1.000",-93.966,-100.820,"-100.8 -100.8 -100.8 -100.8 -100.8 -100.8 -100.8 -100.8",0.073,278,0,1007,518,"-8e+01 -8e+01 -8e+01","1 0 0","0.073 0.048 0.023",3,3,0.01,0.00,0,0,3,0
15.000,6,1.000,1.000,0.000,3,0,-78.353,"-76.3 -81.5 -77.3","1.000 1.000 1.000",-93.966,-100.820,"-100.8 -100.8 -100.8 -100.8 -100.8 -100.8 -100.8 -100.8",0.073,280,0,1016,522,"-8e+01 -8e+01 -8e+01","1 0 0","0.073 0.048 0.023",3,3,0.01,0.00,0,0,3,0
15.100,6,0.909,0.909,0.000,3,0,-78.353,"-76.3 -81.5 -77.3","0.909 0.909 0.909",-93.966,-100.820,"-100.8 -100.8 -100.8 -100.8 -100.8 -100.8 -100.8 -100.8",0.173,282,0,1016,526,"-8e+01 -8e+01 -8e+01","1 0 0","0.17 0.15 0.12",0,0,0.00,0.00,0,0,0,0
15.200,6,0.818,0.818,0.000,3,0,-78.353,"-76.3 -81.5 -77.3","0.818 0.818 0.818",-93.966,-61.600,"-63.4 -62.2 -61.6 -61.3 -61.3 -61.6 -62.2 -63.4",0.273,284,0,1016,538,"-8e+01 -8e+01 -8e+01","1 0 0","0.27 0.25 0.22",0,0,0.00,0.00,0,0,0,0
15.300,6,0.727,0.727,0.000,3,0,-78.353,"-76.3 -81.5 -77.3","0.727 0.727 0.727",-93.966,-61.600,"-63.4 -62.2 -61.6 -61.3 -61.3 -61.6 -62.2 -63.4",0.373,286,0,1016,542,"-8e+01 -8e+01 -8e+01","1 0 0","0.37 0.35 0.32",0,0,0.00,0.00,0,0,0,0
15.400,6,0.636,0.636,0.000,3,0,-78.353,"-76.3 -81.5 -77.3","0.636 0.636 0.636",-93.966,-61.600,"-63.4 -62.2 -61.6 -61.3 -61.3 -61.6 -62.2 -63.4",0.473,288,0,1016,554,"-8e+01 -8e+01 -8e+01","1 0 0","0.47 0.45 0.42",0,0,0.00,0.00,0,0,0,0
15.500,6,0.545,0.545,0.000,3,3,-78.353,"-76.3 -81.5 -77.3","0.545 0.545 0.545",-93.966,-61.600,"-63.4 -62.2 -61.6 -61.3 -61.3 -61.6 -62.2 -63.4",0.573,290,0,1016,558,"-8e+01 -8e+01 -8e+01","1 0 0","0.57 0.55 0.52",0,0,0.00,0.00,0,0,0,0
15.600,6,0.455,0.455,0.000,3,3,-78.353,"-76.3 -81.5 -77.3","0.455 0.455 0.455",-93.966,-61.600,"-63.4 -62.2 -61.6 -61.3 -61.3 -61.6 -62.2 -63.4",0.673,292,0,1016,569,"-8e+01 -8e+01 -8e+01","1 0 0","0.67 0.65 0.62",0,0,0.00,0.00,0,0,0,0
15.700,6,0.364,0.364,0.000,3,3,-78.353,"-76.3 -81.5 -77.3","0.364 0.364 0.364",-93.966,-61.600,"-63.4 -62.2 -61.6 -61.3 -61.3 -61.6 -62.2 -63.4",0.773,294,0,1016,573,"-8e+01 -8e+01 -8e+01","1 0 0","0.77 0.75 0.72",0,0,0.00,0.00,0,0,0,0
15.800,6,0.273,0.273,0.000,3,3,-78.353,"-76.3 -81.5 -77.3","0.273 0.273 0.273",-93.966,-61.600,"-63.4 -62.2 -61.6 -61.3 -61.3 -61.6 -62.2 -63.4",0.873,296,0,1016,584,"-8e+01 -8e+01 -8e+01","1 0 0","0.87 0.85 0.82",0,0,0.00,0.00,0,0,0,0
15.900,6,0.182,0.182,0.000,3,3,-78.353,"-76.3 -81.5 -77.3","0.182 0.182 0.182",-93.966,-61.600,"-63.4 -62.2 -61.6 -61.3 -61.3 -61.6 -62.2 -63.4",0.973,298,0,1016,588,"-8e+01 -8e+01 -8e+01","1 0 0","0.97 0.95 0.92",0,0,0.00,0.00,0,0,0,0
16.000,6,0.091,0.091,0.000,3,3,-78.353,"-76.3 -81.5 -77.3","0.091 0.091 0.091",-93.966,-61.600,"-63.4 -62.2 -61.6 -61.3 -61.3 -61.6 -62.2 -63.4",1.073,300,0,1016,599,"-8e+01 -8e+01 -8e+01","1 0 0","1.1 1 1",0,0,0.00,0.00,0,0,0,0
16.100,6,0.000,0.000,0.000,3,3,-78.353,"-76.3 -81.5 -77.3","0.000 0.000 0.000",-93.966,-61.600,"-63.4 -62.2 -61.6 -61.3 -61.3 -61.6 -62.2 -63.4",1.173,302,0,1016,604,"-8e+01 -8e+01 -8e+01","1 0 0","1.2 1.1 1.1",0,0,0.00,0.00,0,0,0,0
16.200,6,0.000,0.000,0.000,3,3,-78.353,"-76.3 -81.5 -77.3","0.000 0.000 0.000",-93.966,-61.600,"-63.4 -62.2 -61.6 -61.3 -61.3 -61.6 -62.2 -63.4",1.273,304,0,1016,613,"-8e+01 -8e+01 -8e+01","1 0 0","1.3 1.2 1.2",0,0,0.00,0.00,0,0,0,0
16.300,6,0.000,0.000,0.000,3,3,-78.353,"-76.3 -81.5 -77.3","0.000 0.000 0.000",-93.966,-61.600,"-63.4 -62.2 -61.6 -61.3 -61.3 -61.6 -62.2 -63.4",1.373,306,0,1016,621,"-8e+01 -8e+01 -8e+01","1 0 0","1.4 1.3 1.3",0,0,0.00,0.00,0,0,0,0
16.400,6,0.000,0.000,0.000,3,3,-78.353,"-76.3 -81.5 -77.3","0.000 0.000 0.000",-93.966,-61.600,"-63.4 -62.2 -61.6 -61.3 -61.3 -61.6 -62.2 -63.4",1.473,308,0,1016,630,"-8e+01 -8e+01 -8e+01","1 0 0","1.5 1.4 1.4",0,0,0.00,0.00,0,0,0,0
16.500,6,0.000,0.000,0.000,3,3,-78.353,"-76.3 -81.5 -77.3","0.000 0.000 0.000",-93.966,-61.600,"-63.4 -62.2 -61.6 -61.3 -61.3 -61.6 -62.2 -63.4",1.573,310,0,1016,637,"-8e+01 -8e+01 -8e+01","1 0 0","1.6 1.5 1.5",0,0,0.00,0.00,0,0,0,0
16.600,6,0.000,0.000,0.000,3,3,-78.353,"-76.3 -81.5 -77.3","0.000 0.000 0.000",-93.966,-61.600,"-63.4 -62.2 -61.6 -61.3 -61.3 -61.6 -62.2 -63.4",1.673,312,0,1016,646,"-8e+01 -8e+01 -8e+01","1 0 0","1.7 1.6 1.6",0,0,0.00,0.00,0,0,0,0
16.700,6,0.000,0.000,0.000,3,3,-78.353,"-76.3 -81.5 -77.3","0.000 0.000 0.000",-93.966,-61.600,"-63.4 -62.2 -61.6 -61.3 -61.3 -61.6 -62.2 -63.4",1.773,314,0,1016,652,"-8e+01 -8e+01 -8e+01","1 0 0","1.8 1.7 1.7",0,0,0.00,0.00,0,0,0,0
16.800,6,0.000,0.000,0.000,3,3,-78.353,"-76.3 -81.5 -77.3","0.000 0.000 0.000",-93.966,-61.600,"-63.4 -62.2 -61.6 -61.3 -61.3 -61.6 -62.2 -63.4",1.873,316,0,1016,662,"-8e+01 -8e+01 -8e+01","1 0 0","1.9 1.8 1.8",0,0,0.00,0.00,0,0,0,0
16.900,6,0.000,0.000,0.000,3,3,-78.353,"-76.3 -81.5 -77.3","0.000 0.000 0.000",-93.966,-61.600,"-63.4 -62.2 -61.6 -61.3 -61.3 -61.6 -62.2 -63.4",1.973,318,0,1016,667,"-8e+01 -8e+01 -8e+01","1 0 0","2 1.9 1.9",0,0,0.00,0.00,0,0,0,0
17.000,6,0.000,0.000,0.000,3,3,-78.353,"-76.3 -81.5 -77.3","0.000 0.000 0.000",-93.966,-61.600,"-63.4 -62.2 -61.6 -61.3 -61.3 -61.6 -62.2 -63.4",2.073,320,0,1016,677,"-8e+01 -8e+01 -8e+01","1 0 0","2.1 2 2",0,0,0.00,0.00,0,0,0,0
17.100,6,0.000,0.000,0.000,3,3,-78.353,"-76.3 -81.5 -77.3","0.000 0.000 0.000",-93.966,-61.600,"-63.4 -62.2 -61.6 -61.3 -61.3 -61.6 -62.2 -63.4",2.173,322,0,1016,682,"-8e+01 -8e+01 -8e+01","1 0 0","2.2 2.1 2.1",0,0,0.00,0.00,0,0,0,0
17.200,6,0.000,0.000,0.000,3,3,-78.353,"-76.3 -81.5 -77.3","0.000 0.000 0.000",-93.966,-61.600,"-63.4 -62.2 -61.6 -61.3 -61.3 -61.6 -62.2 -63.4",2.273,324,0,1016,687,"-8e+01 -8e+01 -8e+01","1 0 0","2.3 2.2 2.2",0,0,0.00,0.00,0,0,0,0
17.300,6,0.000,0.000,0.000,3,3,-78.353,"-76.3 -81.5 -77.3","0.000 0.000 0.000",-93.966,-61.600,"-63.4 -62.2 -61.6 -61.3 -61.3 -61.6 -62.2 -63.4",2.373,326,0,1016,697,"-8e+01 -8e+01 -8e+01","1 0 0","2.4 2.3 2.3",0,0,0.00,0.00,0,0,0,0
17.400,6,0.000,0.000,0.000,3,3,-78.353,"-76.3 -81.5 -77.3","0.000 0.000 0.000",-93.966,-61.600,"-63.4 -62.2 -61.6 -61.3 -61.3 -61.6 -62.2 -63.4",2.473,328,0,1016,705,"-8e+01 -8e+01 -8e+01","1 0 0","2.5 2.4 2.4",0,0,0.00,0.00,0,0,0,0
17.500,6,0.000,0.000,0.000,3,3,-78.353,"-76.3 -81.5 -77.3","0.000 0.000 0.000",-93.966,-61.600,"-63.4 -62.2 -61.6 -61.3 -61.3 -61.6 -62.2 -63.4",2.573,330,0,1016,712,"-8e+01 -8e+01 -8e+01","1 0 0","2.6 2.5 2.5",0,0,0.00,0.00,0,0,0,0
17.600,6,0.000,0.000,0.000,3,3,-78.353,"-76.3 -81.5 -77.3","0.000 0.000 0.000",-93.966,-61.600,"-63.4 -62.2 -61.6 -61.3 -61.3 -61.6 -62.2 -63.4",2.673,332,0,1016,718,"-8e+01 -8e+01 -8e+01","1 0 0","2.7 2.6 2.6",0,0,0.00,0.00,0,0,0,0
17.700,6,0.000,0.000,0.000,3,3,-78.353,"-76.3 -81.5 -77.3","0.000 0.000 0.000",-93.966,-61.600,"-63.4 -62.2 -61.6 -61.3 -61.3 -61.6 -62.2 -63.4",2.773,334,0,1016,727,"-8e+01 -8e+01 -8e+01","1 0 0","2.8 2.7 2.7",0,0,0.00,0.00,0,0,0,0
17.800,6,0.000,0.000,0.000,3,3,-78.353,"-76.3 -81.5 -77.3","0.000 0.000 0.000",-93.966,-61.600,"-63.4 -62.2 -61.6 -61.3 -61.3 -61.6 -62.2 -63.4",2.873,336,0,1016,733,"-8e+01 -8e+01 -8e+01","1 0 0","2.9 2.8 2.8",0,0,0.00,0.00,0,0,0,0
17.900,6,0.000,0.000,0.000,3,3,-78.353,"-76.3 -81.5 -77.3","0.000 0.000 0.000",-93.966,-61.600,"-63.4 -62.2 -61.6 -61.3 -61.3 -61.6 -62.2 -63.4",2.973,338,0,1016,742,"-8e+01 -8e+01 -8e+01","1 0 0","3 2.9 2.9",0,0,0.00,0.00,0,0,0,0
18.000,6,0.000,0.000,0.000,3,3,-78.353,"-76.3 -81.5 -77.3","0.000 0.000 0.000",-93.966,-61.600,"-63.4 -62.2 -61.6 -61.3 -61.3 -61.6 -62.2 -63.4",3.073,340,0,1016,748,"-8e+01 -8e+01 -8e+01","1 0 0","3.1 3 3",0,0,0.00,0.00,0,0,0,0
18.100,6,0.000,0.000,0.000,3,3,-78.353,"-76.3 -81.5 -77.3","0.000 0.000 0.000",-93.966,-61.600,"-63.4 -62.2 -61.6 -61.3 -61.3 -61.6 -62.2 -63.4",3.173,342,0,1016,757,"-8e+01 -8e+01 -8e+01","1 0 0","3.2 3.1 3.1",0,0,0.00,0.00,0,0,0,0
18.200,6,0.000,0.000,0.000,3,3,-78.353,"-76.3 -81.5 -77.3","0.000 0.000 0.000",-93.966,-61.600,"-63.4 -62.2 -61.6 -61.3 -61.3 -61.6 -62.2 -63.4",3.273,344,0,1016,763,"-8e+01 -8e+01 -8e+01","1 0 0","3.3 3.2 3.2",0,0,0.00,0.00,0,0,0,0
18.300,6,0.000,0.000,0.000,3,3,-78.353,"-76.3 -81.5 -77.3","0.000 0.000 0.000",-93.966,-61.600,"-63.4 -62.2 -61.6 -61.3 -61.3 -61.6 -62.2 -63.4",3.373,346,0,1016,775,"-8e+01 -8e+01 -8e+01","1 0 0","3.4 3.3 3.3",0,0,0.00,0.00,0,0,0,0
18.400,6,0.000,0.000,0.000,3,3,-78.353,"-76.3 -81.5 -77.3","0.000 0.000 0.000",-93.966,-61.600,"-63.4 -62.2 -61.6 -61.3 -61.3 -61.6 -62.2 -63.4",3.473,348,0,1016,780,"-8e+01 -8e+01 -8e+01","1 0 0","3.5 3.4 3.4",0,0,0.00,0.00,0,0,0,0
18.500,6,0.000,0.000,0.000,3,3,-78.353,"-76.3 -81.5 -77.3","0.000 0.000 0.000",-93.966,-61.600,"-63.4 -62.2 -61.6 -61.3 -61.3 -61.6 -62.2 -63.4",3.573,350,0,1016,791,"-8e+01 -8e+01 -8e+01","1 0 0","3.6 3.5 3.5",0,0,0.00,0.00,0,0,0,0
18.600,6,0.000,0.000,0.000,3,3,-78.353,"-76.3 -81.5 -77.3","0.000 0.000 0.000",-93.966,-61.600,"-63.4 -62.2 -61.6 -61.3 -61.3 -61.6 -62.2 -63.4",3.673,352,0,1016,795,"-8e+01 -8e+01 -8e+01","1 0 0","3.7 3.6 3.6",0,0,0.00,0.00,0,0,0,0
18.700,6,0.000,0.000,0.000,3,3,-78.353,"-76.3 -81.5 -77.3","0.000 0.000 0.000",-93.966,-61.600,"-63.4 -62.2 -61.6 -61.3 -61.3 -61.6 -62.2 -63.4",3.773,354,0,1016,806,"-8e+01 -8e+01 -8e+01","1 0 0","3.8 3.7 3.7",0,0,0.00,0.00,0,0,0,0
18.800,6,0.000,0.000,0.000,3,3,-78.353,"-76.3 -81.5 -77.3","0.000 0.000 0.000",-93.966,-61.600,"-63.4 -62.2 -61.6 -61.3 -61.3 -61.6 -62.2 -63.4",3.873,356,0,1016,810,"-8e+01 -8e+01 -8e+01","1 0 0","3.9 3.8 3.8",0,0,0.00,0.00,0,0,0,0
18.900,6,0.000,0.000,0.000,3,3,-78.353,"-76.3 -81.5 -77.3","0.000 0.000 0.000",-93.966,-61.600,"-63.4 -62.2 -61.6 -61.3 -61.3 -61.6 -62.2 -63.4",3.973,358,0,1016,821,"-8e+01 -8e+01 -8e+01","1 0 0","4 3.9 3.9",0,0,0.00,0.00,0,0,0,0
19.000,6,0.000,0.000,0.000,3,3,-78.353,"-76.3 -81.5 -77.3","0.000 0.000 0.000",-93.966,-61.600,"-63.4 -62.2 -61.6 -61.3 -61.3 -61.6 -62.2 -63.4",4.073,360,0,1016,825,"-8e+01 -8e+01 -8e+01","1 0 0","4.1 4 4",0,0,0.00,0.00,0,0,0,0
19.100,6,0.000,0.000,0.000,3,3,-78.353,"-76.3 -81.5 -77.3","0.000 0.000 0.000",-93.966,-61.600,"-63.4 -62.2 -61.6 -61.3 -61.3 -61.6 -62.2 -63.4",4.173,362,0,1016,836,"-8e+01 -8e+01 -8e+01","1 0 0","4.2 4.1 4.1",0,0,0.00,0.00,0,0,0,0
19.200,6,0.000,0.000,0.000,3,3,-78.353,"-76.3 -81.5 -77.3","0.000 0.000 0.000",-93.966,-61.600,"-63.4 -62.2 -61.6 -61.3 -61.3 -61.6 -62.2 -63.4",4.273,364,0,1016,840,"-8e+01 -8e+01 -8e+01","1 0 0","4.3 4.2 4.2",0,0,0.00,0.00,0,0,0,0
19.300,6,0.000,0.000,0.000,3,3,-78.353,"-76.3 -81.5 -77.3","0.000 0.000 0.000",-93.966,-61.600,"-63.4 -62.2 -61.6 -61.3 -61.3 -61.6 -62.2 -63.4",4.373,366,0,1016,851,"-8e+01 -8e+01 -8e+01","1 0 0","4.4 4.3 4.3",0,0,0.00,0.00,0,0,0,0
19.400,6,0.000,0.000,0.000,3,3,-78.353,"-76.3 -81.5 -77.3","0.000 0.000 0.000",-93.966,-61.600,"-63.4 -62.2 -61.6 -61.3 -61.3 -61.6 -62.2 -63.4",4.473,368,0,1016,855,"-8e+01 -8e+01 -8e+01","1 0 0","4.5 4.4 4.4",0,0,0.00,0.00,0,0,0,0
19.500,6,0.000,0.000,0.000,3,3,-78.353,"-76.3 -81.5 -77.3","0.000 0.000 0.000",-93.966,-61.600,"-63.4 -62.2 -61.6 -61.3 -61.3 -61.6 -62.2 -63.4",4.573,370,0,1016,866,"-8e+01 -8e+01 -8e+01","1 0 0","4.6 4.5 4.5",0,0,0.00,0.00,0,0,0,0
19.600,6,0.000,0.000,0.000,3,3,-78.353,"-76.3 -81.5 -77.3","0.000 0.000 0.000",-93.966,-61.600,"-63.4 -62.2 -61.6 -61.3 -61.3 -61.6 -62.2 -63.4",4.673,372,0,1016,870,"-8e+01 -8e+01 -8e+01","1 0 0","4.7 4.6 4.6",0,0,0.00,0.00,0,0,0,0
19.700,6,0.000,0.000,0.000,3,3,-78.353,"-76.3 -81.5 -77.3","0.000 0.000 0.000",-93.966,-61.600,"-63.4 -62.2 -61.6 -61.3 -61.3 -61.6 -62.2 -63.4",4.773,374,0,1016,881,"-8e+01 -8e+01 -8e+01","1 0 0","4.8 4.7 4.7",0,0,0.00,0.00,0,0,0,0
19.800,6,0.000,0.000,0.000,3,3,-78.353,"-76.3 -81.5 -77.3","0.000 0.000 0.000",-93.966,-61.600,"-63.4 -62.2 -61.6 -61.3 -61.3 -61.6 -62.2 -63.4",4.873,376,0,1016,885,"-8e+01 -8e+01 -8e+01","1 0 0","4.9 4.8 4.8",0,0,0.00,0.00,0,0,0,0
19.900,6,0.000,0.000,0.000,3,3,-78.353,"-76.3 -81.5 -77.3","0.000 0.000 0.000",-93.966,-61.600,"-63.4 -62.2 -61.6 -61.3 -61.3 -61.6 -62.2 -63.4",4.973,378,0,1016,896,"-8e+01 -8e+01 -8e+01","1 0 0","5 4.9 4.9",0,0,0.00,0.00,0,0,0,0
20.000,6,0.000,0.000,0.000,3,3,-78.353,"-76.3 -81.5 -77.3","0.000 0.000 0.000",-93.966,-61.600,"-63.4 -62.2 -61.6 -61.3 -61.3 -61.6 -62.2 -63.4",5.073,380,0,1016,900,"-8e+01 -8e+01 -8e+01","1 0 0","5.1 5 5",0,0,0.00,0.00,0,0,0,0
20.100,6,0.000,0.000,0.000,3,3,-78.353,"-76.3 -81.5 -77.3","0.000 0.000 0.000",-93.966,-61.600,"-63.4 -62.2 -61.6 -61.3 -61.3 -61.6 -62.2 -63.4",5.173,382,0,1016,911,"-8e+01 -8e+01 -8e+01","1 0 0","5.2 5.1 5.1",0,0,0.00,0.00,0,0,0,0
20.200,6,0.000,0.000,0.000,3,3,-78.353,"-76.3 -81.5 -77.3","0.000 0.000 0.000",-93.966,-61.600,"-63.4 -62.2 -61.6 -61.3 -61.3 -61.6 -62.2 -63.4",5.273,384,0,1016,916,"-8e+01 -8e+01 -8e+01","1 0 0","5.3 5.2 5.2",0,0,0.00,0.00,0,0,0,0
20.300,6,0.000,0.000,0.000,3,3,-78.353,"-76.3 -81.5 -77.3","0.000 0.000 0.000",-93.966,-61.600,"-63.4 -62.2 -61.6 -61.3 -61.3 -61.6 -62.2 -63.4",5.373,386,0,1016,927,"-8e+01 -8e+01 -8e+01","1 0 0","5.4 5.3 5.3",0,0,0.00,0.00,0,0,0,0
20.400,6,0.000,0.000,0.000,3,3,-78.353,"-76.3 -81.5 -77.3","0.000 0.000 0.000",-93.966,-61.600,"-63.4 -62.2 -61.6 -61.3 -61.3 -61.6 -62.2 -63.4",5.473,388,0,1016,934,"-8e+01 -8e+01 -8e+01","1 0 0","5.5 5.4 5.4",0,0,0.00,0.00,0,0,0,0
20.500,6,0.000,0.000,0.000,3,3,-78.353,"-76.3 -81.5 -77.3","0.000 0.000 0.000",-93.966,-61.600,"-63.4 -62.2 -61.6 -61.3 -61.3 -61.6 -62.2 -63.4",5.573,390,0,1016,938,"-8e+01 -8e+01 -8e+01","1 0 0","5.6 5.5 5.5",0,0,0.00,0.00,0,0,0,0
20.600,6,0.000,0.000,0.000,3,3,-78.353,"-76.3 -81.5 -77.3","0.000 0.000 0.000",-93.966,-61.600,"-63.4 -62.2 -61.6 -61.3 -61.3 -61.6 -62.2 -63.4",5.673,392,0,1016,942,"-8e+01 -8e+01 -8e+01","1 0 0","5.7 5.6 5.6",0,0,0.00,0.00,0,0,0,0
20.700,6,0.000,0.000,0.000,3,3,-78.353,"-76.3 -81.5 -77.3","0.000 0.000 0.000",-93.966,-61.600,"-63.4 -62.2 -61.6 -61.3 -61.3 -61.6 -62.2 -63.4",5.773,394,0,1016,946,"-8e+01 -8e+01 -8e+01","1 0 0","5.8 5.7 5.7",0,0,0.00,0.00,0,0,0,0
20.800,6,0.000,0.000,0.000,3,3,-78.353,"-76.3 -81.5 -77.3","0.000 0.000 0.000",-93.966,-61.600,"-63.4 -62.2 -61.6 -61.3 -61.3 -61.6 -62.2 -63.4",5.873,396,0,1016,950,"-8e+01 -8e+01 -8e+01","1 0 0","5.9 5.8 5.8",0,0,0.00,0.00,0,0,0,0
20.900,6,0.000,0.000,0.000,3,3,-78.353,"-76.3 -81.5 -77.3","0.000 0.000 0.000",-93.966,-61.600,"-63.4 -62.2 -61.6 -61.3 -61.3 -61.6 -62.2 -63.4",5.973,398,0,1016,954,"-8e+01 -8e+01 -8e+01","1 0 0","6 5.9 5.9",0,0,0.00,0.00,0,0,0,0
21.000,6,0.000,0.000,0.000,3,3,-78.353,"-76.3 -81.5 -77.3","0.000 0.000 0.000",-93.966,-61.600,"-63.4 -62.2 -61.6 -61.3 -61.3 -61.6 -62.2 -63.4",6.073,400,0,1016,958,"-8e+01 -8e+01 -8e+01","1 0 0","6.1 6 6",0,0,0.00,0.00,0,0,0,0
21.100,6,0.000,0.000,0.000,3,3,-78.353,"-76.3 -81.5 -77.3","0.000 0.000 0.000",-93.966,-61.600,"-63.4 -62.2 -61.6 -61.3 -61.3 -61.6 -62.2 -63.4",6.173,402,0,1016,962,"-8e+01 -8e+01 -8e+01","1 0 0","6.2 6.1 6.1",0,0,0.00,0.00,0,0,0,0
21.200,6,0.000,0.000,0.000,3,3,-78.353,"-76.3 -81.5 -77.3","0.000 0.000 0.000",-93.966,-61.600,"-63.4 -62.2 -61.6 -61.3 -61.3 -61.6 -62.2 -63.4",6.273,404,0,1016,966,"-8e+01 -8e+01 -8e+01","1 0 0","6.3 6.2 6.2",0,0,0.00,0.00,0,0,0,0
21.300,6,0.000,0.000,0.000,3,3,-78.353,"-76.3 -81.5 -77.3","0.000 0.000 0.000",-93.966,-61.600,"-63.4 -62.2 -61.6 -61.3 -61.3 -61.6 -62.2 -63.4",6.373,406,0,1016,970,"-8e+01 -8e+01 -8e+01","1 0 0","6.4 6.3 6.3",0,0,0.00,0.00,0,0,0,0
21.400,6,0.000,0.000,0.000,3,3,-78.353,"-76.3 -81.5 -77.3","0.000 0.000 0.000",-93.966,-61.600,"-63.4 -62.2 -61.6 -61.3 -61.3 -61.6 -62.2 -63.4",6.473,408,0,1016,974,"-8e+01 -8e+01 -8e+01","1 0 0","6.5 6.4 6.4",0,0,0.00,0.00,0,0,0,0
21.500,6,0.000,0.000,0.000,3,3,-78.353,"-76.3 -81.5 -77.3","0.000 0.000 0.000",-93.966,-61.600,"-63.4 -62.2 -61.6 -61.3 -61.3 -61.6 -62.2 -63.4",6.573,410,0,1016,978,"-8e+01 -8e+01 -8e+01","1 0 0","6.6 6.5 6.5",0,0,0.00,0.00,0,0,0,0
21.600,6,0.000,0.000,0.000,3,3,-78.353,"-76.3 -81.5 -77.3","0.000 0.000 0.000",-93.966,-61.600,"-63.4 -62.2 -61.6 -61.3 -61.3 -61.6 -62.2 -63.4",6.673,412,0,1016,982,"-8e+01 -8e+01 -8e+01","1 0 0","6.7 6.6 6.6",0,0,0.00,0.00,0,0,0,0
21.700,6,0.000,0.000,0.000,3,3,-78.353,"-76.3 -81.5 -77.3","0.000 0.000 0.000",-93.966,-61.600,"-63.4 -62.2 -61.6 -61.3 -61.3 -61.6 -62.2 -63.4",6.773,414,0,1016,986,"-8e+01 -8e+01 -8e+01","1 0 0","6.8 6.7 6.7",0,0,0.00,0.00,0,0,0,0
21.800,6,0.000,0.000,0.000,3,3,-78.353,"-76.3 -81.5 -77.3","0.000 0.000 0.000",-93.966,-61.600,"-63.4 -62.2 -61.6 -61.3 -61.3 -61.6 -62.2 -63.4",6.873,416,0,1016,990,"-8e+01 -8e+01 -8e+01","1 0 0","6.9 6.8 6.8",0,0,0.00,0.00,0,0,0,0
21.900,6,0.000,0.000,0.000,3,3,-78.353,"-76.3 -81.5 -77.3","0.000 0.000 0.000",-93.966,-61.600,"-63.4 -62.2 -61.6 -61.3 -61.3 -61.6 -62.2 -63.4",6.973,418,0,1016,994,"-8e+01 -8e+01 -8e+01","1 0 0","7 6.9 6.9",0,0,0.00,0.00,0,0,0,0
22.000,6,0.000,0.000,0.000,3,3,-78.353,"-76.3 -81.5 -77.3","0.000 0.000 0.000",-93.966,-61.600,"-63.4 -62.2 -61.6 -61.3 -61.3 -61.6 -62.2 -63.4",7.073,420,0,1016,998,"-8e+01 -8e+01 -8e+01","1 0 0","7.1 7 7",0,0,0.00,0.00,0,0,0,0
22.100,6,0.000,0.000,0.000,3,3,-78.353,"-76.3 -81.5 -77.3","0.000 0.000 0.000",-93.966,-61.600,"-63.4 -62.2 -61.6 -61.3 -61.3 -61.6 -62.2 -63.4",7.173,422,0,1016,1002,"-8e+01 -8e+01 -8e+01","1 0 0","7.2 7.1 7.1",0,0,0.00,0.00,0,0,0,0
22.200,6,0.000,0.000,0.000,3,3,-78.353,"-76.3 -81.5 -77.3","0.000 0.000 0.000",-93.966,-61.600,"-63.4 -62.2 -61.6 -61.3 -61.3 -61.6 -62.2 -63.4",7.273,424,0,1016,1007,"-8e+01 -8e+01 -8e+01","1 0 0","7.3 7.2 7.2",0,0,0.00,0.00,0,0,0,0
22.300,6,0.000,0.000,0.000,3,3,-78.353,"-76.3 -81.5 -77.3","0.000 0.000 0.000",-93.966,-61.600,"-63.4 -62.2 -61.6 -61.3 -61.3 -61.6 -62.2 -63.4",7.373,426,0,1016,1011,"-8e+01 -8e+01 -8e+01","1 0 0","7.4 7.3 7.3",0,0,0.00,0.00,0,0,0,0
22.400,6,0.000,0.000,0.000,3,3,-78.353,"-76.3 -81.5 -77.3","0.000 0.000 0.000",-93.966,-61.600,"-63.4 -62.2 -61.6 -61.3 -61.3 -61.6 -62.2 -63.4",7.473,428,0,1016,1015,"-8e+01 -8e+01 -8e+01","1 0 0","7.5 7.4 7.4",0,0,0.00,0.00,0,0,0,0
22.500,6,0.000,0.000,0.000,3,3,-78.353,"-76.3 -81.5 -77.3","0.000 0.000 0.000",-93.966,-61.600,"-63.4 -62.2 -61.6 -61.3 -61.3 -61.6 -62.2 -63.4",7.573,430,0,1016,1022,"-8e+01 -8e+01 -8e+01","1 0 0","7.6 7.5 7.5",0,0,0.00,0.00,0,0,0,0
22.600,6,0.000,0.000,0.000,3,3,-78.353,"-76.3 -81.5 -77.3","0.000 0.000 0.000",-93.966,-61.600,"-63.4 -62.2 -61.6 -61.3 -61.3 -61.6 -62.2 -63.4",7.673,432,0,1016,1026,"-8e+01 -8e+01 -8e+01","1 0 0","7.7 7.6 7.6",0,0,0.00,0.00,0,0,0,0
22.700,6,0.000,0.000,0.000,3,3,-78.353,"-76.3 -81.5 -77.3","0.000 0.000 0.000",-93.966,-61.600,"-63.4 -62.2 -61.6 -61.3 -61.3 -61.6 -62.2 -63.4",7.773,434,0,1016,1030,"-8e+01 -8e+01 -8e+01","1 0 0","7.8 7.7 7.7",0,0,0.00,0.00,0,0,0,0
22.800,6,0.000,0.000,0.000,3,3,-78.353,"-76.3 -81.5 -77.3","0.000 0.000 0.000",-93.966,-61.600,"-63.4 -62.2 -61.6 -61.3 -61.3 -61.6 -62.2 -63.4",7.873,436,0,1016,1034,"-8e+01 -8e+01 -8e+01","1 0 0","7.9 7.8 7.8",0,0,0.00,0.00,0,0,0,0
22.900,6,0.000,0.000,0.000,3,3,-78.353,"-76.3 -81.5 -77.3","0.000 0.000 0.000",-93.966,-61.600,"-63.4 -62.2 -61.6 -61.3 -61.3 -61.6 -62.2 -63.4",7.973,438,0,1016,1038,"-8e+01 -8e+01 -8e+01","1 0 0","8 7.9 7.9",0,0,0.00,0.00,0,0,0,0
23.000,6,0.000,0.000,0.000,3,3,-78.353,"-76.3 -81.5 -77.3","0.000 0.000 0.000",-93.966,-61.600,"-63.4 -62.2 -61.6 -61.3 -61.3 -61.6 -62.2 -63.4",8.073,440,0,1016,1042,"-8e+01 -8e+01 -8e+01","1 0 0","8.1 8 8",0,0,0.00,0.00,0,0,0,0
23.100,6,0.000,0.000,0.000,3,3,-78.353,"-76.3 -81.5 -77.3","0.000 0.000 0.000",-93.966,-61.600,"-63.4 -62.2 -61.6 -61.3 -61.3 -61.6 -62.2 -63.4",8.173,442,0,1016,1046,"-8e+01 -8e+01 -8e+01","1 0 0","8.2 8.1 8.1",0,0,0.00,0.00,0,0,0,0
23.200,6,0.000,0.000,0.000,3,3,-78.353,"-76.3 -81.5 -77.3","0.000 0.000 0.000",-93.966,-61.600,"-63.4 -62.2 -61.6 -61.3 -61.3 -61.6 -62.2 -63.4",8.273,444,0,1016,1050,"-8e+01 -8e+01 -8e+01","1 0 0","8.3 8.2 8.2",0,0,0.00,0.00,0,0,0,0
23.300,6,0.000,0.000,0.000,3,3,-78.353,"-76.3 -81.5 -77.3","0.000 0.000 0.000",-93.966,-61.600,"-63.4 -62.2 -61.6 -61.3 -61.3 -61.6 -62.2 -63.4",8.373,446,0,1016,1054,"-8e+01 -8e+01 -8e+01","1 0 0","8.4 8.3 8.3",0,0,0.00,0.00,0,0,0,0
23.400,6,0.000,0.000,0.000,3,3,-78.353,"-76.3 -81.5 -77.3","0.000 0.000 0.000",-93.966,-61.600,"-63.4 -62.2 -61.6 -61.3 -61.3 -61.6 -62.2 -63.4",8.473,448,0,1016,1058,"-8e+01 -8e+01 -8e+01","1 0 0","8.5 8.4 8.4",0,0,0.00,0.00,0,0,0,0
23.500,6,0.000,0.000,0.000,3,3,-78.353,"-76.3 -81.5 -77.3","0.000 0.000 0.000",-93.966,-61.600,"-63.4 -62.2 -61.6 -61.3 -61.3 -61.6 -62.2 -63.4",8.573,450,0,1016,1062,"-8e+01 -8e+01 -8e+01","1 0 0","8.6 8.5 8.5",0,0,0.00,0.00,0,0,0,0
23.600,6,0.000,0.000,0.000,3,3,-78.353,"-76.3 -81.5 -77.3","0.000 0.000 0.000",-93.966,-61.600,"-63.4 -62.2 -61.6 -61.3 -61.3 -61.6 -62.2 -63.4",8.673,452,0,1016,1066,"-8e+01 -8e+01 -8e+01","1 0 0","8.7 8.6 8.6",0,0,0.00,0.00,0,0,0,0
23.700,6,0.000,0.000,0.000,3,3,-78.353,"-76.3 -81.5 -77.3","0.000 0.000 0.000",-93.966,-61.600,"-63.4 -62.2 -61.6 -61.3 -61.3 -61.6 -62.2 -63.4",8.773,454,0,1016,1070,"-8e+01 -8e+01 -8e+01","1 0 0","8.8 8.7 8.7",0,0,0.00,0.00,0,0,0,0
23.800,6,0.000,0.000,0.000,3,3,-78.353,"-76.3 -81.5 -77.3","0.000 0.000 0.000",-93.966,-61.600,"-63.4 -62.2 -61.6 -61.3 -61.3 -61.6 -62.2 -63.4",8.873,456,0,1016,1074,"-8e+01 -8e+01 -8e+01","1 0 0","8.9 8.8 8.8",0,0,0.00,0.00,0,0,0,0
23.900,6,0.000,0.000,0.000,3,3,-78.353,"-76.3 -81.5 -77.3","0.000 0.000 0.000",-93.966,-61.600,"-63.4 -62.2 -61.6 -61.3 -61.3 -61.6 -62.2 -63.4",8.973,458,0,1016,1078,"-8e+01 -8e+01 -8e+01","1 0 0","9 8.9 8.9",0,0,0.00,0.00,0,0,0,0
24.000,6,0.000,0.000,0.000,3,3,-78.353,"-76.3 -81.5 -77.3","0.000 0.000 0.000",-93.966,-61.600,"-63.4 -62.2 -61.6 -61.3 -61.3 -61.6 -62.2 -63.4",9.073,460,0,1016,1082,"-8e+01 -8e+01 -8e+01","1 0 0","9.1 9 9",0,0,0.00,0.00,0,0,0,0
24.100,6,0.000,0.000,0.000,3,3,-78.353,"-76.3 -81.5 -77.3","0.000 0.000 0.000",-93.966,-61.600,"-63.4 -62.2 -61.6 -61.3 -61.3 -61.6 -62.2 -63.4",9.173,462,0,1016,1087,"-8e+01 -8e+01 -8e+01","1 0 0","9.2 9.1 9.1",0,0,0.00,0.00,0,0,0,0
24.200,6,0.000,0.000,0.000,3,3,-78.353,"-76.3 -81.5 -77.3","0.000 0.000 0.000",-93.966,-61.600,"-63.4 -62.2 -61.6 -61.3 -61.3 -61.6 -62.2 -63.4",9.273,464,0,1016,1093,"-8e+01 -8e+01 -8e+01","1 0 0","9.3 9.2 9.2",0,0,0.00,0.00,0,0,0,0
24.300,6,0.000,0.000,0.000,3,3,-78.353,"-76.3 -81.5 -77.3","0.000 0.000 0.000",-93.966,-61.600,"-63.4 -62.2 -61.6 -61.3 -61.3 -61.6 -62.2 -63.4",9.373,466,0,1016,1097,"-8e+01 -8e+01 -8e+01","1 0 0","9.4 9.3 9.3",0,0,0.00,0.00,0,0,0,0
24.400,6,0.000,0.000,0.000,3,3,-78.353,"-76.3 -81.5 -77.3","0.000 0.000 0.000",-93.966,-61.600,"-63.4 -62.2 -61.6 -61.3 -61.3 -61.6 -62.2 -63.4",9.473,468,0,1016,1101,"-8e+01 -8e+01 -8e+01","1 0 0","9.5 9.4 9.4",0,0,0.00,0.00,0,0,0,0
24.500,6,0.000,0.000,0.000,3,3,-78.353,"-76.3 -81.5 -77.3","0.000 0.000 0.000",-93.966,-61.600,"-63.4 -62.2 -61.6 -61.3 -61.3 -61.6 -62.2 -63.4",9.573,470,0,1016,1106,"-8e+01 -8e+01 -8e+01","1 0 0","9.6 9.5 9.5",0,0,0.00,0.00,0,0,0,0
24.600,6,0.000,0.000,0.000,3,3,-78.353,"-76.3 -81.5 -77.3","0.000 0.000 0.000",-93.966,-61.600,"-63.4 -62.2 -61.6 -61.3 -61.3 -61.6 -62.2 -63.4",9.673,472,0,1016,1110,"-8e+01 -8e+01 -8e+01","1 0 0","9.7 9.6 9.6",0,0,0.00,0.00,0,0,0,0
24.700,6,0.000,0.000,0.000,3,3,-78.353,"-76.3 -81.5 -77.3","0.000 0.000 0.000",-93.966,-61.600,"-63.4 -62.2 -61.6 -61.3 -61.3 -61.6 -62.2 -63.4",9.773,474,0,1016,1114,"-8e+01 -8e+01 -8e+01","1 0 0","9.8 9.7 9.7",0,0,0.00,0.00,0,0,0,0
24.800,6,0.000,0.000,0.000,3,3,-78.353,"-76.3 -81.5 -77.3","0.000 0.000 0.000",-93.966,-61.600,"-63.4 -62.2 -61.6 -61.3 -61.3 -61.6 -62.2 -63.4",9.873,476,0,1016,1118,"-8e+01 -8e+01 -8e+01","1 0 0","9.9 9.8 9.8",0,0,0.00,0.00,0,0,0,0
24.900,6,0.000,0.000,0.000,3,3,-78.353,"-76.3 -81.5 -77.3","0.000 0.000 0.000",-93.966,-61.600,"-63.4 -62.2 -61.6 -61.3 -61.3 -61.6 -62.2 -63.4",9.973,478,0,1016,1122,"-8e+01 -8e+01 -8e+01","1 0 0","10 9.9 9.9",0,0,0.00,0.00,0,0,0,0
25.000,6,0.000,0.000,0.000,3,3,-78.353,"-76.3 -81.5 -77.3","0.000 0.000 0.000",-93.966,-61.600,"-63.4 -62.2 -61.6 -61.3 -61.3 -61.6 -62.2 -63.4",10.073,480,0,1016,1126,"-8e+01 -8e+01 -8e+01","1 0 0","10 10 10",0,0,0.00,0.00,0,0,0,0
25.100,6,0.000,0.000,0.000,3,3,-78.353,"-76.3 -81.5 -77.3","0.000 0.000 0.000",-93.966,-61.600,"-63.4 -62.2 -61.6 -61.3 -61.3 -61.6 -62.2 -63.4",10.173,482,0,1016,1130,"-8e+01 -8e+01 -8e+01","1 0 0","10 10 10",0,0,0.00,0.00,0,0,0,0
25.200,6,0.000,0.000,0.000,3,3,-78.353,"-76.3 -81.5 -77.3","0.000 0.000 0.000",-93.966,-61.600,"-63.4 -62.2 -61.6 -61.3 -61.3 -61.6 -62.2 -63.4",10.273,484,0,1016,1134,"-8e+01 -8e+01 -8e+01","1 0 0","10 10 10",0,0,0.00,0.00,0,0,0,0
25.300,6,0.000,0.000,0.000,3,3,-78.353,"-76.3 -81.5 -77.3","0.000 0.000 0.000",-93.966,-61.600,"-63.4 -62.2 -61.6 -61.3 -61.3 -61.6 -62.2 -63.4",10.373,486,0,1016,1138,"-8e+01 -8e+01 -8e+01","1 0 0","10 10 10",0,0,0.00,0.00,0,0,0,0
25.400,6,0.000,0.000,0.000,3,3,-78.353,"-76.3 -81.5 -77.3","0.000 0.000 0.000",-93.966,-61.600,"-63.4 -62.2 -61.6 -61.3 -61.3 -61.6 -62.2 -63.4",10.473,488,0,1016,1142,"-8e+01 -8e+01 -8e+01","1 0 0","10 10 10",0,0,0.00,0.00,0,0,0,0
25.500,6,0.000,0.000,0.000,3,3,-78.353,"-76.3 -81.5 -77.3","0.000 0.000 0.000",-93.966,-61.600,"-63.4 -62.2 -61.6 -61.3 -61.3 -61.6 -62.2 -63.4",10.573,490,0,1016,1146,"-8e+01 -8e+01 -8e+01","1 0 0","11 11 11",0,0,0.00,0.00,0,0,0,0
25.600,6,0.000,0.000,0.000,3,3,-78.353,"-76.3 -81.5 -77.3","0.000 0.000 0.000",-93.966,-61.600,"-63.4 -62.2 -61.6 -61.3 -61.3 -61.6 -62.2 -63.4",10.673,492,0,1016,1150,"-8e+01 -8e+01 -8e+01","1 0 0","11 11 11",0,0,0.00,0.00,0,0,0,0
25.700,6,0.000,0.000,0.000,3,3,-78.353,"-76.3 -81.5 -77.3","0.000 0.000 0.000",-93.966,-61.600,"-63.4 -62.2 -61.6 -61.3 -61.3 -61.6 -62.2 -63.4",10.773,494,0,1016,1154,"-8e+01 -8e+01 -8e+01","1 0 0","11 11 11",0,0,0.00,0.00,0,0,0,0
25.800,6,0.000,0.000,0.000,3,3,-78.353,"-76.3 -81.5 -77.3","0.000 0.000 0.000",-93.966,-61.600,"-63.4 -62.2 -61.6 -61.3 -61.3 -61.6 -62.2 -63.4",10.873,496,0,1016,1158,"-8e+01 -8e+01 -8e+01","1 0 0","11 11 11",0,0,0.00,0.00,0,0,0,0
25.900,6,0.000,0.000,0.000,3,3,-78.353,"-76.3 -81.5 -77.3","0.000 0.000 0.000",-93.966,-61.600,"-63.4 -62.2 -61.6 -61.3 -61.3 -61.6 -62.2 -63.4",10.973,498,0,1016,1162,"-8e+01 -8e+01 -8e+01","1 0 0","11 11 11",0,0,0.00,0.00,0,0,0,0
26.000,6,0.000,0.000,0.000,3,3,-78.353,"-76.3 -81.5 -77.3","0.000 0.000 0.000",-93.966,-61.600,"-63.4 -62.2 -61.6 -61.3 -61.3 -61.6 -62.2 -63.4",11.073,500,0,1016,1166,"-8e+01 -8e+01 -8e+01","1 0 0","11 11 11",0,0,0.00,0.00,0,0,0,0
26.100,6,0.000,0.000,0.000,3,3,-78.353,"-76.3 -81.5 -77.3","0.000 0.000 0.000",-93.966,-61.600,"-63.4 -62.2 -61.6 -61.3 -61.3 -61.6 -62.2 -63.4",11.173,502,0,1016,1171,"-8e+01 -8e+01 -8e+01","1 0 0","11 11 11",0,0,0.00,0.00,0,0,0,0
26.200,6,0.000,0.000,0.000,3,3,-78.353,"-76.3 -81.5 -77.3","0.000 0.000 0.000",-93.966,-61.600,"-63.4 -62.2 -61.6 -61.3 -61.3 -61.6 -62.2 -63.4",11.273,504,0,1016,1175,"-8e+01 -8e+01 -8e+01","1 0 0","11 11 11",0,0,0.00,0.00,0,0,0,0
26.300,6,0.000,0.000,0.000,3,3,-78.353,"-76.3 -81.5 -77.3","0.000 0.000 0.000",-93.966,-61.600,"-63.4 -62.2 -61.6 -61.3 -61.3 -61.6 -62.2 -63.4",11.373,506,0,1016,1180,"-8e+01 -8e+01 -8e+01","1 0 0","11 11 11",0,0,0.00,0.00,0,0,0,0
26.400,6,0.000,0.000,0.000,3,3,-78.353,"-76.3 -81.5 -77.3","0.000 0.000 0.000",-93.966,-61.600,"-63.4 -62.2 -61.6 -61.3 -61.3 -61.6 -62.2 -63.4",11.473,508,0,1016,1184,"-8e+01 -8e+01 -8e+01","1 0 0","11 11 11",0,0,0.00,0.00,0,0,0,0
26.500,6,0.000,0.000,0.000,3,3,-78.353,"-76.3 -81.5 -77.3","0.000 0.000 0.000",-93.966,-61.600,"-63.4 -62.2 -61.6 -61.3 -61.3 -61.6 -62.2 -63.4",11.573,510,0,1016,1190,"-8e+01 -8e+01 -8e+01","1 0 0","12 12 12",0,0,0.00,0.00,0,0,0,0
26.600,6,0.000,0.000,0.000,3,3,-78.353,"-76.3 -81.5 -77.3","0.000 0.000 0.000",-93.966,-61.600,"-63.4 -62.2 -61.6 -61.3 -61.3 -61.6 -62.2 -63.4",11.673,512,0,1016,1194,"-8e+01 -8e+01 -8e+01","1 0 0","12 12 12",0,0,0.00,0.00,0,0,0,0
26.700,6,0.000,0.000,0.000,3,3,-78.353,"-76.3 -81.5 -77.3","0.000 0.000 0.000",-93.966,-61.600,"-63.4 -62.2 -61.6 -61.3 -61.3 -61.6 -62.2 -63.4",11.773,514,0,1016,1198,"-8e+01 -8e+01 -8e+01","1 0 0","12 12 12",0,0,0.00,0.00,0,0,0,0
26.800,6,0.000,0.000,0.000,3,3,-78.353,"-76.3 -81.5 -77.3","0.000 0.000 0.000",-93.966,-61.600,"-63.4 -62.2 -61.6 -61.3 -61.3 -61.6 -62.2 -63.4",11.873,516,0,1016,1202,"-8e+01 -8e+01 -8e+01","1 0 0","12 12 12",0,0,0.00,0.00,0,0,0,0
26.900,6,0.000,0.000,0.000,3,3,-78.353,"-76.3 -81.5 -77.3","0.000 0.000 0.000",-93.966,-61.600,"-63.4 -62.2 -61.6 -61.3 -61.3 -61.6 -62.2 -63.4",11.973,518,0,1016,1206,"-8e+01 -8e+01 -8e+01","1 0 0","12 12 12",0,0,0.00,0.00,0,0,0,0
27.000,6,0.000,0.000,0.000,3,3,-78.353,"-76.3 -81.5 -77.3","0.000 0.000 0.000",-93.966,-61.600,"-63.4 -62.2 -61.6 -61.3 -61.3 -61.6 -62.2 -63.4",12.073,520,0,1016,1210,"-8e+01 -8e+01 -8e+01","1 0 0","12 12 12",0,0,0.00,0.00,0,0,0,0
27.100,6,0.000,0.000,0.000,3,3,-78.353,"-76.3 -81.5 -77.3","0.000 0.000 0.000",-93.966,-61.600,"-63.4 -62.2 -61.6 -61.3 -61.3 -61.6 -62.2 -63.4",12.173,522,0,1016,1214,"-8e+01 -8e+01 -8e+01","1 0 0","12 12 12",0,0,0.00,0.00,0,0,0,0
27.200,6,0.000,0.000,0.000,3,3,-78.353,"-76.3 -81.5 -77.3","0.000 0.000 0.000",-93.966,-61.600,"-63.4 -62.2 -61.6 -61.3 -61.3 -61.6 -62.2 -63.4",12.273,524,0,1016,1218,"-8e+01 -8e+01 -8e+01","1 0 0","12 12 12",0,0,0.00,0.00,0,0,0,0
27.300,6,0.000,0.000,0.000,3,3,-78.353,"-76.3 -81.5 -77.3","0.000 0.000 0.000",-93.966,-61.600,"-63.4 -62.2 -61.6 -61.3 -61.3 -61.6 -62.2 -63.4",12.373,526,0,1016,1222,"-8e+01 -8e+01 -8e+01","1 0 0","12 12 12",0,0,0.00,0.00,0,0,0,0
27.400,6,0.000,0.000,0.000,3,3,-78.353,"-76.3 -81.5 -77.3","0.000 0.000 0.000",-93.966,-61.600,"-63.4 -62.2 -61.6 -61.3 -61.3 -61.6 -62.2 -63.4",12.473,528,0,1016,1226,"-8e+01 -8e+01 -8e+01","1 0 0","12 12 12",0,0,0.00,0.00,0,0,0,0
27.500,6,0.000,0.000,0.000,3,3,-78.353,"-76.3 -81.5 -77.3","0.000 0.000 0.000",-93.966,-61.600,"-63.4 -62.2 -61.6 -61.3 -61.3 -61.6 -62.2 -63.4",12.573,530,0,1016,1230,"-8e+01 -8e+01 -8e+01","1 0 0","13 13 13",0,0,0.00,0.00,0,0,0,0
27.600,6,0.000,0.000,0.000,3,3,-78.353,"-76.3 -81.5 -77.3","0.000 0.000 0.000",-93.966,-61.600,"-63.4 -62.2 -61.6 -61.3 -61.3 -61.6 -62.2 -63.4",12.673,532,0,1016,1234,"-8e+01 -8e+01 -8e+01","1 0 0","13 13 13",0,0,0.00,0.00,0,0,0,0
27.700,6,0.000,0.000,0.000,3,3,-78.353,"-76.3 -81.5 -77.3","0.000 0.000 0.000",-93.966,-61.600,"-63.4 -62.2 -61.6 -61.3 -61.3 -61.6 -62.2 -63.4",12.773,534,0,1016,1238,"-8e+01 -8e+01 -8e+01","1 0 0","13 13 13",0,0,0.00,0.00,0,0,0,0
27.800,6,0.000,0.000,0.000,3,3,-78.353,"-76.3 -81.5 -77.3","0.000 0.000 0.000",-93.966,-61.600,"-63.4 -62.2 -61.6 -61.3 -61.3 -61.6 -62.2 -63.4",12.873,536,0,1016,1242,"-8e+01 -8e+01 -8e+01","1 0 0","13 13 13",0,0,0.00,0.00,0,0,0,0
27.900,6,0.000,0.000,0.000,3,3,-78.353,"-76.3 -81.5 -77.3","0.000 0.000 0.000",-93.966,-61.600,"-63.4 -62.2 -61.6 -61.3 -61.3 -61.6 -62.2 -63.4",12.973,538,0,1016,1246,"-8e+01 -8e+01 -8e+01","1 0 0","13 13 13",0,0,0.00,0.00,0,0,0,0
28.000,6,0.000,0.000,0.000,3,3,-78.353,"-76.3 -81.5 -77.3","0.000 0.000 0.000",-93.966,-61.600,"-63.4 -62.2 -61.6 -61.3 -61.3 -61.6 -62.2 -63.4",13.073,540,0,1016,1250,"-8e+01 -8e+01 -8e+01","1 0 0","13 13 13",0,0,0.00,0.00,0,0,0,0
28.100,6,0.000,0.000,0.000,3,3,-78.353,"-76.3 -81.5 -77.3","0.000 0.000 0.000",-93.966,-61.600,"-63.4 -62.2 -61.6 -61.3 -61.3 -61.6 -62.2 -63.4",13.173,542,0,1016,1254,"-8e+01 -8e+01 -8e+01","1 0 0","13 13 13",0,0,0.00,0.00,0,0,0,0
28.200,6,0.000,0.000,0.000,3,3,-78.353,"-76.3 -81.5 -77.3","0.000 0.000 0.000",-93.966,-61.600,"-63.4 -62.2 -61.6 -61.3 -61.3 -61.6 -62.2 -63.4",13.273,544,0,1016,1261,"-8e+01 -8e+01 -8e+01","1 0 0","13 13 13",0,0,0.00,0.00,0,0,0,0
28.300,6,0.000,0.000,0.000,3,3,-78.353,"-76.3 -81.5 -77.3","0.000 0.000 0.000",-93.966,-61.600,"-63.4 -62.2 -61.6 -61.3 -61.3 -61.6 -62.2 -63.4",13.373,546,0,1016,1265,"-8e+01 -8e+01 -8e+01","1 0 0","13 13 13",0,0,0.00,0.00,0,0,0,0
28.400,6,0.000,0.000,0.000,3,3,-78.353,"-76.3 -81.5 -77.3","0.000 0.000 0.000",-93.966,-61.600,"-63.4 -62.2 -61.6 -61.3 -61.3 -61.6 -62.2 -63.4",13.473,548,0,1016,1269,"-8e+01 -8e+01 -8e+01","1 0 0","13 13 13",0,0,0.00,0.00,0,0,0,0
28.500,6,0.000,0.000,0.000,3,3,-78.353,"-76.3 -81.5 -77.3","0.000 0.000 0.000",-93.966,-61.600,"-63.4 -62.2 -61.6 -61.3 -61.3 -61.6 -62.2 -63.4",13.573,550,0,1016,1274,"-8e+01 -8e+01 -8e+01","1 0 0","14 14 14",0,0,0.00,0.00,0,0,0,0
28.600,6,0.000,0.000,0.000,3,3,-78.353,"-76.3 -81.5 -77.3","0.000 0.000 0.000",-93.966,-61.600,"-63.4 -62.2 -61.6 -61.3 -61.3 -61.6 -62.2 -63.4",13.673,552,0,1016,1278,"-8e+01 -8e+01 -8e+01","1 0 0","14 14 14",0,0,0.00,0.00,0,0,0,0
28.700,6,0.000,0.000,0.000,3,3,-78.353,"-76.3 -81.5 -77.3","0.000 0.000 0.000",-93.966,-61.600,"-63.4 -62.2 -61.6 -61.3 -61.3 -61.6 -62.2 -63.4",13.773,554,0,1016,1282,"-8e+01 -8e+01 -8e+01","1 0 0","14 14 14",0,0,0.00,0.00,0,0,0,0
28.800,6,0.000,0.000,0.000,3,3,-78.353,"-76.3 -81.5 -77.3","0.000 0.000 0.000",-93.966,-61.600,"-63.4 -62.2 -61.6 -61.3 -61.3 -61.6 -62.2 -63.4",13.873,556,0,1016,1286,"-8e+01 -8e+01 -8e+01","1 0 0","14 14 14",0,0,0.00,0.00,0,0,0,0
28.900,6,0.000,0.000,0.000,3,3,-78.353,"-76.3 -81.5 -77.3","0.000 0.000 0.000",-93.966,-61.600,"-63.4 -62.2 -61.6 -61.3 -61.3 -61.6 -62.2 -63.4",13.973,558,0,1016,1290,"-8e+01 -8e+01 -8e+01","1 0 0","14 14 14",0,0,0.00,0.00,0,0,0,0
29.000,6,0.000,0.000,0.000,3,3,-78.353,"-76.3 -81.5 -77.3","0.000 0.000 0.000",-93.966,-61.600,"-63.4 -62.2 -61.6 -61.3 -61.3 -61.6 -62.2 -63.4",14.073,560,0,1016,1294,"-8e+01 -8e+01 -8e+01","1 0 0","14 14 14",0,0,0.00,0.00,0,0,0,0
29.100,6,0.000,0.000,0.000,3,3,-78.353,"-76.3 -81.5 -77.3","0.000 0.000 0.000",-93.966,-61.600,"-63.4 -62.2 -61.6 -61.3 -61.3 -61.6 -62.2 -63.4",14.173,562,0,1016,1298,"-8e+01 -8e+01 -8e+01","1 0 0","14 14 14",0,0,0.00,0.00,0,0,0,0
29.200,6,0.000,0.000,0.000,3,3,-78.353,"-76.3 -81.5 -77.3","0.000 0.000 0.000",-93.966,-61.600,"-63.4 -62.2 -61.6 -61.3 -61.3 -61.6 -62.2 -63.4",14.273,564,0,1016,1302,"-8e+01 -8e+01 -8e+01","1 0 0","14 14 14",0,0,0.00,0.00,0,0,0,0
29.300,6,0.000,0.000,0.000,3,3,-78.353,"-76.3 -81.5 -77.3","0.000 0.000 0.000",-93.966,-61.600,"-63.4 -62.2 -61.6 -61.3 -61.3 -61.6 -62.2 -63.4",14.373,566,0,1016,1306,"-8e+01 -8e+01 -8e+01","1 0 0","14 14 14",0,0,0.00,0.00,0,0,0,0
29.400,6,0.000,0.000,0.000,3,3,-78.353,"-76.3 -81.5 -77.3","0.000 0.000 0.000",-93.966,-61.600,"-63.4 -62.2 -61.6 -61.3 -61.3 -61.6 -62.2 -63.4",14.473,568,0,1016,1310,"-8e+01 -8e+01 -8e+01","1 0 0","14 14 14",0,0,0.00,0.00,0,0,0,0
29.500,6,0.000,0.000,0.000,3,3,-78.353,"-76.3 -81.5 -77.3","0.000 0.000 0.000",-93.966,-61.600,"-63.4 -62.2 -61.6 -61.3 -61.3 -61.6 -62.2 -63.4",14.573,570,0,1016,1314,"-8e+01 -8e+01 -8e+01","1 0 0","15 15 15",0,0,0.00,0.00,0,0,0,0
29.600,6,0.000,0.000,0.000,3,3,-78.353,"-76.3 -81.5 -77.3","0.000 0.000 0.000",-93.966,-61.600,"-63.4 -62.2 -61.6 -61.3 -61.3 -61.6 -62.2 -63.4",14.673,572,0,1016,1318,"-8e+01 -8e+01 -8e+01","1 0 0","15 15 15",0,0,0.00,0.00,0,0,0,0
29.700,6,0.000,0.000,0.000,3,3,-78.353,"-76.3 -81.5 -77.3","0.000 0.000 0.000",-93.966,-61.600,"-63.4 -62.2 -61.6 -61.3 -61.3 -61.6 -62.2 -63.4",14.773,574,0,1016,1322,"-8e+01 -8e+01 -8e+01","1 0 0","15 15 15",0,0,0.00,0.00,0,0,0,0
29.800,6,0.000,0.000,0.000,3,3,-78.353,"-76.3 -81.5 -77.3","0.000 0.000 0.000",-93.966,-61.600,"-63.4 -62.2 -61.6 -61.3 -61.3 -61.6 -62.2 -63.4",14.873,576,0,1016,1326,"-8e+01 -8e+01 -8e+01","1 0 0","15 15 15",0,0,0.00,0.00,0,0,0,0
29.900,6,0.000,0.000,0.000,3,3,-78.353,"-76.3 -81.5 -77.3","0.000 0.000 0.000",-93.966,-61.600,"-63.4 -62.2 -61.6 -61.3 -61.3 -61.6 -62.2 -63.4",14.973,578,0,1016,1330,"-8e+01 -8e+01 -8e+01","1 0 0","15 15 15",0,0,0.00,0.00,0,0,0,0
30.000,6,0.000,0.000,0.000,3,3,-78.353,"-76.3 -81.5 -77.3","0.000 0.000 0.000",-93.966,-61.600,"-63.4 -62.2 -61.6 -61.3 -61.3 -61.6 -62.2 -63.4",15.073,580,0,1016,1334,"-8e+01 -8e+01 -8e+01","1 0 0","15 15 15",0,0,0.00,0.00,0,0,0,0
30.100,6,0.000,0.000,0.000,3,3,-78.353,"-76.3 -81.5 -77.3","0.000 0.000 0.000",-93.966,-61.600,"-63.4 -62.2 -61.6 -61.3 -61.3 -61.6 -62.2 -63.4",15.173,582,0,1016,1338,"-8e+01 -8e+01 -8e+01","1 0 0","15 15 15",0,0,0.00,0.00,0,0,0,0
30.200,6,0.000,0.000,0.000,3,3,-78.353,"-76.3 -81.5 -77.3","0.000 0.000 0.000",-93.966,-61.600,"-63.4 -62.2 -61.6 -61.3 -61.3 -61.6 -62.2 -63.4",15.273,584,0,1016,1344,"-8e+01 -8e+01 -8e+01","1 0 0","15 15 15",0,0,0.00,0.00,0,0,0,0
30.300,6,0.000,0.000,0.000,3,3,-78.353,"-76.3 -81.5 -77.3","0.000 0.000 0.000",-93.966,-61.600,"-63.4 -62.2 -61.6 -61.3 -61.3 -61.6 -62.2 -63.4",15.373,586,0,1016,1348,"-8e+01 -8e+01 -8e+01","1 0 0","15 15 15",0,0,0.00,0.00,0,0,0,0
30.400,6,0.000,0.000,0.000,3,3,-78.353,"-76.3 -81.5 -77.3","0.000 0.000 0.000",-93.966,-61.600,"-63.4 -62.2 -61.6 -61.3 -61.3 -61.6 -62.2 -63.4",15.473,588,0,1016,1353,"-8e+01 -8e+01 -8e+01","1 0 0","15 15 15",0,0,0.00,0.00,0,0,0,0
30.500,6,0.000,0.000,0.000,3,3,-78.353,"-76.3 -81.5 -77.3","0.000 0.000 0.000",-93.966,-61.600,"-63.4 -62.2 -61.6 -61.3 -61.3 -61.6 -62.2 -63.4",15.573,590,0,1016,1358,"-8e+01 -8e+01 -8e+01","1 0 0","16 16 16",0,0,0.00,0.00,0,0,0,0
30.600,6,0.000,0.000,0.000,3,3,-78.353,"-76.3 -81.5 -77.3","0.000 0.000 0.000",-93.966,-61.600,"-63.4 -62.2 -61.6 -61.3 -61.3 -61.6 -62.2 -63.4",15.673,592,0,1016,1362,"-8e+01 -8e+01 -8e+01","1 0 0","16 16 16",0,0,0.00,0.00,0,0,0,0
30.700,6,0.000,0.000,0.000,3,3,-78.353,"-76.3 -81.5 -77.3","0.000 0.000 0.000",-93.966,-61.600,"-63.4 -62.2 -61.6 -61.3 -61.3 -61.6 -62.2 -63.4",15.773,594,0,1016,1366,"-8e+01 -8e+01 -8e+01","1 0 0","16 16 16",0,0,0.00,0.00,0,0,0,0
30.800,6,0.000,0.000,0.000,3,3,-78.353,"-76.3 -81.5 -77.3","0.000 0.000 0.000",-93.966,-61.600,"-63.4 -62.2 -61.6 -61.3 -61.3 -61.6 -62.2 -63.4",15.873,596,0,1016,1370,"-8e+01 -8e+01 -8e+01","1 0 0","16 16 16",0,0,0.00,0.00,0,0,0,0
30.900,6,0.000,0.000,0.000,3,3,-78.353,"-76.3 -81.5 -77.3","0.000 0.000 0.000",-93.966,-61.600,"-63.4 -62.2 -61.6 -61.3 -61.3 -61.6 -62.2 -63.4",15.973,598,0,1016,1374,"-8e+01 -8e+01 -8e+01","1 0 0","16 16 16",0,0,0.00,0.00,0,0,0,0
31.000,6,0.000,0.000,0.000,3,3,-78.353,"-76.3 -81.5 -77.3","0.000 0.000 0.000",-93.966,-61.600,"-63.4 -62.2 -61.6 -61.3 -61.3 -61.6 -62.2 -63.4",16.073,600,0,1016,1378,"-8e+01 -8e+01 -8e+01","1 0 0","16 16 16",0,0,0.00,0.00,0,0,0,0
31.100,6,0.000,0.000,0.000,3,3,-78.353,"-76.3 -81.5 -77.3","0.000 0.000 0.000",-93.966,-61.600,"-63.4 -62.2 -61.6 -61.3 -61.3 -61.6 -62.2 -63.4",16.173,602,0,1016,1382,"-8e+01 -8e+01 -8e+01","1 0 0","16 16 16",0,0,0.00,0.00,0,0,0,0
31.200,6,0.000,0.000,0.000,3,3,-78.353,"-76.3 -81.5 -77.3","0.000 0.000 0.000",-93.966,-61.600,"-63.4 -62.2 -61.6 -61.3 -61.3 -61.6 -62.2 -63.4",16.273,604,0,1016,1386,"-8e+01 -8e+01 -8e+01","1 0 0","16 16 16",0,0,0.00,0.00,0,0,0,0
31.300,6,0.000,0.000,0.000,3,3,-78.353,"-76.3 -81.5 -77.3","0.000 0.000 0.000",-93.966,-61.600,"-63.4 -62.2 -61.6 -61.3 -61.3 -61.6 -62.2 -63.4",16.373,606,0,1016,1390,"-8e+01 -8e+01 -8e+01","1 0 0","16 16 16",0,0,0.00,0.00,0,0,0,0
31.400,6,0.000,0.000,0.000,3,3,-78.353,"-76.3 -81.5 -77.3","0.000 0.000 0.000",-93.966,-61.600,"-63.4 -62.2 -61.6 -61.3 -61.3 -61.6 -62.2 -63.4",16.473,608,0,1016,1394,"-8e+01 -8e+01 -8e+01","1 0 0","16 16 16",0,0,0.00,0.00,0,0,0,0
31.500,6,0.000,0.000,0.000,3,3,-78.353,"-76.3 -81.5 -77.3","0.000 0.000 0.000",-93.966,-61.600,"-63.4 -62.2 -61.6 -61.3 -61.3 -61.6 -62.2 -63.4",16.573,610,0,1016,1398,"-8e+01 -8e+01 -8e+01","1 0 0","17 17 17",0,0,0.00,0.00,0,0,0,0
31.600,6,0.000,0.000,0.000,3,3,-78.353,"-76.3 -81.5 -77.3","0.000 0.000 0.000",-93.966,-61.600,"-63.4 -62.2 -61.6 -61.3 -61.3 -61.6 -62.2 -63.4",16.673,612,0,1016,1402,"-8e+01 -8e+01 -8e+01","1 0 0","17 17 17",0,0,0.00,0.00,0,0,0,0
31.700,6,0.000,0.000,0.000,3,3,-78.353,"-76.3 -81.5 -77.3","0.000 0.000 0.000",-93.966,-61.600,"-63.4 -62.2 -61.6 -61.3 -61.3 -61.6 -62.2 -63.4",16.773,614,0,1016,1406,"-8e+01 -8e+01 -8e+01","1 0 0","17 17 17",0,0,0.00,0.00,0,0,0,0
31.800,6,0.000,0.000,0.000,3,3,-78.353,"-76.3 -81.5 -77.3","0.000 0.000 0.000",-93.966,-61.600,"-63.4 -62.2 -61.6 -61.3 -61.3 -61.6 -62.2 -63.4",16.873,616,0,1016,1410,"-8e+01 -8e+01 -8e+01","1 0 0","17 17 17",0,0,0.00,0.00,0,0,0,0
31.900,6,0.000,0.000,0.000,3,3,-78.353,"-76.3 -81.5 -77.3","0.000 0.000 0.000",-93.966,-61.600,"-63.4 -62.2 -61.6 -61.3 -61.3 -61.6 -62.2 -63.4",16.973,618,0,1016,1414,"-8e+01 -8e+01 -8e+01","1 0 0","17 17 17",0,0,0.00,0.00,0,0,0,0
32.000,6,0.000,0.000,0.000,3,3,-78.353,"-76.3 -81.5 -77.3","0.000 0.000 0.000",-93.966,-61.600,"-63.4 -62.2 -61.6 -61.3 -61.3 -61.6 -62.2 -63.4",17.073,620,0,1016,1418,"-8e+01 -8e+01 -8e+01","1 0 0","17 17 17",0,0,0.00,0.00,0,0,0,0
32.100,6,0.000,0.000,0.000,3,3,-78.353,"-76.3 -81.5 -77.3","0.000 0.000 0.000",-93.966,-61.600,"-63.4 -62.2 -61.6 -61.3 -61.3 -61.6 -62.2 -63.4",17.173,622,0,1016,1422,"-8e+01 -8e+01 -8e+01","1 0 0","17 17 17",0,0,0.00,0.00,0,0,0,0
32.200,6,0.000,0.000,0.000,3,3,-78.353,"-76.3 -81.5 -77.3","0.000 0.000 0.000",-93.966,-61.600,"-63.4 -62.2 -61.6 -61.3 -61.3 -61.6 -62.2 -63.4",17.273,624,0,1016,1428,"-8e+01 -8e+01 -8e+01","1 0 0","17 17 17",0,0,0.00,0.00,0,0,0,0
32.300,6,0.000,0.000,0.000,3,3,-78.353,"-76.3 -81.5 -77.3","0.000 0.000 0.000",-93.966,-61.600,"-63.4 -62.2 -61.6 -61.3 -61.3 -61.6 -62.2 -63.4",17.373,626,0,1016,1433,"-8e+01 -8e+01 -8e+01","1 0 0","17 17 17",0,0,0.00,0.00,0,0,0,0
32.400,6,0.000,0.000,0.000,3,3,-78.353,"-76.3 -81.5 -77.3","0.000 0.000 0.000",-93.966,-61.600,"-63.4 -62.2 -61.6 -61.3 -61.3 -61.6 -62.2 -63.4",17.473,628,0,1016,1437,"-8e+01 -8e+01 -8e+01","1 0 0","17 17 17",0,0,0.00,0.00,0,0,0,0
32.500,6,0.000,0.000,0.000,3,3,-78.353,"-76.3 -81.5 -77.3","0.000 0.000 0.000",-93.966,-61.600,"-63.4 -62.2 -61.6 -61.3 -61.3 -61.6 -62.2 -63.4",17.573,630,0,1016,1442,"-8e+01 -8e+01 -8e+01","1 0 0","18 18 18",0,0,0.00,0.00,0,0,0,0
32.600,6,0.000,0.000,0.000,3,3,-78.353,"-76.3 -81.5 -77.3","0.000 0.000 0.000",-93.966,-61.600,"-63.4 -62.2 -61.6 -61.3 -61.3 -61.6 -62.2 -63.4",17.673,632,0,1016,1446,"-8e+01 -8e+01 -8e+01","1 0 0","18 18 18",0,0,0.00,0.00,0,0,0,0
32.700,6,0.000,0.000,0.000,3,3,-78.353,"-76.3 -81.5 -77.3","0.000 0.000 0.000",-93.966,-61.600,"-63.4 -62.2 -61.6 -61.3 -61.3 -61.6 -62.2 -63.4",17.773,634,0,1016,1450,"-8e+01 -8e+01 -8e+01","1 0 0","18 18 18",0,0,0.00,0.00,0,0,0,0
32.800,6,0.000,0.000,0.000,3,3,-78.353,"-76.3 -81.5 -77.3","0.000 0.000 0.000",-93.966,-61.600,"-63.4 -62.2 -61.6 -61.3 -61.3 -61.6 -62.2 -63.4",17.873,636,0,1016,1454,"-8e+01 -8e+01 -8e+01","1 0 0","18 18 18",0,0,0.00,0.00,0,0,0,0
32.900,6,0.000,0.000,0.000,3,3,-78.353,"-76.3 -81.5 -77.3","0.000 0.000 0.000",-93.966,-61.600,"-63.4 -62.2 -61.6 -61.3 -61.3 -61.6 -62.2 -63.4",17.973,638,0,1016,1458,"-8e+01 -8e+01 -8e+01","1 0 0","18 18 18",0,0,0.00,0.00,0,0,0,0
33.000,6,0.000,0.000,0.000,3,3,-78.353,"-76.3 -81.5 -77.3","0.000 0.000 0.000",-93.966,-61.600,"-63.4 -62.2 -61.6 -61.3 -61.3 -61.6 -62.2 -63.4",18.073,640,0,1016,1462,"-8e+01 -8e+01 -8e+01","1 0 0","18 18 18",0,0,0.00,0.00,0,0,0,0
33.100,6,0.000,0.000,0.000,3,3,-78.353,"-76.3 -81.5 -77.3","0.000 0.000 0.000",-93.966,-61.600,"-63.4 -62.2 -61.6 -61.3 -61.3 -61.6 -62.2 -63.4",18.173,642,0,1016,1466,"-8e+01 -8e+01 -8e+01","1 0 0","18 18 18",0,0,0.00,0.00,0,0,0,0
33.200,6,0.000,0.000,0.000,3,3,-78.353,"-76.3 -81.5 -77.3","0.000 0.000 0.000",-93.966,-61.600,"-63.4 -62.2 -61.6 -61.3 -61.3 -61.6 -62.2 -63.4",18.273,644,0,1016,1470,"-8e+01 -8e+01 -8e+01","1 0 0","18 18 18",0,0,0.00,0.00,0,0,0,0
33.300,6,0.000,0.000,0.000,3,3,-78.353,"-76.3 -81.5 -77.3","0.000 0.000 0.000",-93.966,-61.600,"-63.4 -62.2 -61.6 -61.3 -61.3 -61.6 -62.2 -63.4",18.373,646,0,1016,1474,"-8e+01 -8e+01 -8e+01","1 0 0","18 18 18",0,0,0.00,0.00,0,0,0,0
33.400,6,0.000,0.000,0.000,3,3,-78.353,"-76.3 -81.5 -77.3","0.000 0.000 0.000",-93.966,-61.600,"-63.4 -62.2 -61.6 -61.3 -61.3 -61.6 -62.2 -63.4",18.473,648,0,1016,1478,"-8e+01 -8e+01 -8e+01","1 0 0","18 18 18",0,0,0.00,0.00,0,0,0,0
33.500,6,0.000,0.000,0.000,3,3,-78.353,"-76.3 -81.5 -77.3","0.000 0.000 0.000",-93.966,-61.600,"-63.4 -62.2 -61.6 -61.3 -61.3 -61.6 -62.2 -63.4",18.573,650,0,1016,1482,"-8e+01 -8e+01 -8e+01","1 0 0","19 19 19",0,0,0.00,0.00,0,0,0,0
33.600,6,0.000,0.000,0.000,3,3,-78.353,"-76.3 -81.5 -77.3","0.000 0.000 0.000",-93.966,-61.600,"-63.4 -62.2 -61.6 -61.3 -61.3 -61.6 -62.2 -63.4",18.673,652,0,1016,1486,"-8e+01 -8e+01 -8e+01","1 0 0","19 19 19",0,0,0.00,0.00,0,0,0,0
33.700,6,0.000,0.000,0.000,3,3,-78.353,"-76.3 -81.5 -77.3","0.000 0.000 0.000",-93.966,-61.600,"-63.4 -62.2 -61.6 -61.3 -61.3 -61.6 -62.2 -63.4",18.773,654,0,1016,1490,"-8e+01 -8e+01 -8e+01","1 0 0","19 19 19",0,0,0.00,0.00,0,0,0,0
33.800,6,0.000,0.000,0.000,3,3,-78.353,"-76.3 -81.5 -77.3","0.000 0.000 0.000",-93.966,-61.600,"-63.4 -62.2 -61.6 -61.3 -61.3 -61.6 -62.2 -63.4",18.873,656,0,1016,1494,"-8e+01 -8e+01 -8e+01","1 0 0","19 19 19",0,0,0.00,0.00,0,0,0,0
33.900,6,0.000,0.000,0.000,3,3,-78.353,"-76.3 -81.5 -77.3","0.000 0.000 0.000",-93.966,-61.600,"-63.4 -62.2 -61.6 -61.3 -61.3 -61.6 -62.2 -63.4",18.973,658,0,1016,1498,"-8e+01 -8e+01 -8e+01","1 0 0","19 19 19",0,0,0.00,0.00,0,0,0,0
34.000,6,0.000,0.000,0.000,3,3,-78.353,"-76.3 -81.5 -77.3","0.000 0.000 0.000",-93.966,-61.600,"-63.4 -62.2 -61.6 -61.3 -61.3 -61.6 -62.2 -63.4",19.073,660,0,1016,1502,"-8e+01 -8e+01 -8e+01","1 0 0","19 19 19",0,0,0.00,0.00,0,0,0,0
34.100,6,0.000,0.000,0.000,3,3,-78.353,"-76.3 -81.5 -77.3","0.000 0.000 0.000",-93.966,-61.600,"-63.4 -62.2 -61.6 -61.3 -61.3 -61.6 -62.2 -63.4",19.173,662,0,1016,1506,"-8e+01 -8e+01 -8e+01","1 0 0","19 19 19",0,0,0.00,0.00,0,0,0,0
34.200,6,0.000,0.000,0.000,3,3,-78.353,"-76.3 -81.5 -77.3","0.000 0.000 0.000",-93.966,-61.600,"-63.4 -62.2 -61.6 -61.3 -61.3 -61.6 -62.2 -63.4",19.273,664,0,1016,1512,"-8e+01 -8e+01 -8e+01","1 0 0","19 19 19",0,0,0.00,0.00,0,0,0,0
34.300,6,0.000,0.000,0.000,3,3,-78.353,"-76.3 -81.5 -77.3","0.000 0.000 0.000",-93.966,-61.600,"-63.4 -62.2 -61.6 -61.3 -61.3 -61.6 -62.2 -63.4",19.373,666,0,1016,1516,"-8e+01 -8e+01 -8e+01","1 0 0","19 19 19",0,0,0.00,0.00,0,0,0,0
34.400,6,0.000,0.000,0.000,3,3,-78.353,"-76.3 -81.5 -77.3","0.000 0.000 0.000",-93.966,-61.600,"-63.4 -62.2 -61.6 -61.3 -61.3 -61.6 -62.2 -63.4",19.473,668,0,1016,1520,"-8e+01 -8e+01 -8e+01","1 0 0","19 19 19",0,0,0.00,0.00,0,0,0,0
34.500,6,0.000,0.000,0.000,3,3,-78.353,"-76.3 -81.5 -77.3","0.000 0.000 0.000",-93.966,-61.600,"-63.4 -62.2 -61.6 -61.3 -61.3 -61.6 -62.2 -63.4",19.573,670,0,1016,1526,"-8e+01 -8e+01 -8e+01","1 0 0","20 20 20",0,0,0.00,0.00,0,0,0,0
34.600,6,0.000,0.000,0.000,3,3,-78.353,"-76.3 -81.5 -77.3","0.000 0.000 0.000",-93.966,-61.600,"-63.4 -62.2 -61.6 -61.3 -61.3 -61.6 -62.2 -63.4",19.673,672,0,1016,1530,"-8e+01 -8e+01 -8e+01","1 0 0","20 20 20",0,0,0.00,0.00,0,0,0,0
34.700,6,0.000,0.000,0.000,3,3,-78.353,"-76.3 -81.5 -77.3","0.000 0.000 0.000",-93.966,-61.600,"-63.4 -62.2 -61.6 -61.3 -61.3 -61.6 -62.2 -63.4",19.773,674,0,1016,1534,"-8e+01 -8e+01 -8e+01","1 0 0","20 20 20",0,0,0.00,0.00,0,0,0,0
34.800,6,0.000,0.000,0.000,3,3,-78.353,"-76.3 -81.5 -77.3","0.000 0.000 0.000",-93.966,-61.600,"-63.4 -62.2 -61.6 -61.3 -61.3 -61.6 -62.2 -63.4",19.873,676,0,1016,1538,"-8e+01 -8e+01 -8e+01","1 0 0","20 20 20",0,0,0.00,0.00,0,0,0,0
34.900,6,0.000,0.000,0.000,3,3,-78.353,"-76.3 -81.5 -77.3","0.000 0.000 0.000",-93.966,-61.600,"-63.4 -62.2 -61.6 -61.3 -61.3 -61.6 -62.2 -63.4",19.973,678,0,1016,1542,"-8e+01 -8e+01 -8e+01","1 0 0","20 20 20",0,0,0.00,0.00,0,0,0,0
35.000,6,0.000,0.000,0.000,3,3,-78.353,"-76.3 -81.5 -77.3","0.000 0.000 0.000",-93.966,-61.600,"-63.4 -62.2 -61.6 -61.3 -61.3 -61.6 -62.2 -63.4",20.073,680,0,1016,1546,"-8e+01 -8e+01 -8e+01","1 0 0","20 20 20",0,0,0.00,0.00,0,0,0,0
35.100,6,0.000,0.000,0.000,3,3,-78.353,"-76.3 -81.5 -77.3","0.000 0.000 0.000",-93.966,-61.600,"-63.4 -62.2 -61.6 -61.3 -61.3 -61.6 -62.2 -63.4",20.173,682,0,1016,1550,"-8e+01 -8e+01 -8e+01","1 0 0","20 20 20",0,0,0.00,0.00,0,0,0,0
35.200,6,0.000,0.000,0.000,3,3,-78.353,"-76.3 -81.5 -77.3","0.000 0.000 0.000",-93.966,-61.600,"-63.4 -62.2 -61.6 -61.3 -61.3 -61.6 -62.2 -63.4",20.273,684,0,1016,1554,"-8e+01 -8e+01 -8e+01","1 0 0","20 20 20",0,0,0.00,0.00,0,0,0,0
35.300,6,0.000,0.000,0.000,3,3,-78.353,"-76.3 -81.5 -77.3","0.000 0.000 0.000",-93.966,-61.600,"-63.4 -62.2 -61.6 -61.3 -61.3 -61.6 -62.2 -63.4",20.373,686,0,1016,1558,"-8e+01 -8e+01 -8e+01","1 0 0","20 20 20",0,0,0.00,0.00,0,0,0,0
35.400,6,0.000,0.000,0.000,3,3,-78.353,"-76.3 -81.5 -77.3","0.000 0.000 0.000",-93.966,-61.600,"-63.4 -62.2 -61.6 -61.3 -61.3 -61.6 -62.2 -63.4",20.473,688,0,1016,1562,"-8e+01 -8e+01 -8e+01","1 0 0","20 20 20",0,0,0.00,0.00,0,0,0,0
35.500,6,0.000,0.000,0.000,3,3,-78.353,"-76.3 -81.5 -77.3","0.000 0.000 0.000",-93.966,-61.600,"-63.4 -62.2 -61.6 -61.3 -61.3 -61.6 -62.2 -63.4",20.573,690,0,1016,1566,"-8e+01 -8e+01 -8e+01","1 0 0","21 21 21",0,0,0.00,0.00,0,0,0,0
35.600,6,0.000,0.000,0.000,3,3,-78.353,"-76.3 -81.5 -77.3","0.000 0.000 0.000",-93.966,-61.600,"-63.4 -62.2 -61.6 -61.3 -61.3 -61.6 -62.2 -63.4",20.673,692,0,1016,1570,"-8e+01 -8e+01 -8e+01","1 0 0","21 21 21",0,0,0.00,0.00,0,0,0,0
35.700,6,0.000,0.000,0.000,3,3,-78.353,"-76.3 -81.5 -77.3","0.000 0.000 0.000",-93.966,-61.600,"-63.4 -62.2 -61.6 -61.3 -61.3 -61.6 -62.2 -63.4",20.773,694,0,1016,1574,"-8e+01 -8e+01 -8e+01","1 0 0","21 21 21",0,0,0.00,0.00,0,0,0,0
35.800,6,0.000,0.000,0.000,3,3,-78.353,"-76.3 -81.5 -77.3","0.000 0.000 0.000",-93.966,-61.600,"-63.4 -62.2 -61.6 -61.3 -61.3 -61.6 -62.2 -63.4",20.873,696,0,1016,1578,"-8e+01 -8e+01 -8e+01","1 0 0","21 21 21",0,0,0.00,0.00,0,0,0,0
35.900,6,0.000,0.000,0.000,3,3,-78.353,"-76.3 -81.5 -77.3","0.000 0.000 0.000",-93.966,-61.600,"-63.4 -62.2 -61.6 -61.3 -61.3 -61.6 -62.2 -63.4",20.973,698,0,1016,1582,"-8e+01 -8e+01 -8e+01","1 0 0","21 21 21",0,0,0.00,0.00,0,0,0,0
36.000,6,0.000,0.000,0.000,3,3,-78.353,"-76.3 -81.5 -77.3","0.000 0.000 0.000",-93.966,-61.600,"-63.4 -62.2 -61.6 -61.3 -61.3 -61.6 -62.2 -63.4",21.073,700,0,1016,1586,"-8e+01 -8e+01 -8e+01","1 0 0","21 21 21",0,0,0.00,0.00,0,0,0,0
36.100,6,0.000,0.000,0.000,3,3,-78.353,"-76.3 -81.5 -77.3","0.000 0.000 0.000",-93.966,-61.600,"-63.4 -62.2 -61.6 -61.3 -61.3 -61.6 -62.2 -63.4",21.173,702,0,1016,1591,"-8e+01 -8e+01 -8e+01","1 0 0","21 21 21",0,0,0.00,0.00,0,0,0,0
36.200,6,0.000,0.000,0.000,3,3,-78.353,"-76.3 -81.5 -77.3","0.000 0.000 0.000",-93.966,-61.600,"-63.4 -62.2 -61.6 -61.3 -61.3 -61.6 -62.2 -63.4",21.273,704,0,1016,1596,"-8e+01 -8e+01 -8e+01","1 0 0","21 21 21",0,0,0.00,0.00,0,0,0,0
36.300,6,0.000,0.000,0.000,3,3,-78.353,"-76.3 -81.5 -77.3","0.000 0.000 0.000",-93.966,-61.600,"-63.4 -62.2 -61.6 -61.3 -61.3 -61.6 -62.2 -63.4",21.373,706,0,1016,1601,"-8e+01 -8e+01 -8e+01","1 0 0","21 21 21",0,0,0.00,0.00,0,0,0,0
36.400,6,0.000,0.000,0.000,3,3,-78.353,"-76.3 -81.5 -77.3","0.000 0.000 0.000",-93.966,-61.600,"-63.4 -62.2 -61.6 -61.3 -61.3 -61.6 -62.2 -63.4",21.473,708,0,1016,1606,"-8e+01 -8e+01 -8e+01","1 0 0","21 21 21",0,0,0.00,0.00,0,0,0,0
36.500,6,0.000,0.000,0.000,3,3,-78.353,"-76.3 -81.5 -77.3","0.000 0.000 0.000",-93.966,-61.600,"-63.4 -62.2 -61.6 -61.3 -61.3 -61.6 -62.2 -63.4",21.573,710,0,1016,1610,"-8e+01 -8e+01 -8e+01","1 0 0","22 22 22",0,0,0.00,0.00,0,0,0,0
36.600,6,0.000,0.000,0.000,3,3,-78.353,"-76.3 -81.5 -77.3","0.000 0.000 0.000",-93.966,-61.600,"-63.4 -62.2 -61.6 -61.3 -61.3 -61.6 -62.2 -63.4",21.673,712,0,1016,1614,"-8e+01 -8e+01 -8e+01","1 0 0","22 22 22",0,0,0.00,0.00,0,0,0,0
36.700,6,0.000,0.000,0.000,3,3,-78.353,"-76.3 -81.5 -77.3","0.000 0.000 0.000",-93.966,-61.600,"-63.4 -62.2 -61.6 -61.3 -61.3 -61.6 -62.2 -63.4",21.773,714,0,1016,1618,"-8e+01 -8e+01 -8e+01","1 0 0","22 22 22",0,0,0.00,0.00,0,0,0,0
36.800,6,0.000,0.000,0.000,3,3,-78.353,"-76.3 -81.5 -77.3","0.000 0.000 0.000",-93.966,-61.600,"-63.4 -62.2 -61.6 -61.3 -61.3 -61.6 -62.2 -63.4",21.873,716,0,1016,1622,"-8e+01 -8e+01 -8e+01","1 0 0","22 22 22",0,0,0.00,0.00,0,0,0,0
36.900,6,0.000,0.000,0.000,3,3,-78.353,"-76.3 -81.5 -77.3","0.000 0.000 0.000",-93.966,-61.600,"-63.4 -62.2 -61.6 -61.3 -61.3 -61.6 -62.2 -63.4",21.973,718,0,1016,1626,"-8e+01 -8e+01 -8e+01","1 0 0","22 22 22",0,0,0.00,0.00,0,0,0,0
37.000,6,0.000,0.000,0.000,3,3,-78.353,"-76.3 -81.5 -77.3","0.000 0.000 0.000",-93.966,-61.600,"-63.4 -62.2 -61.6 -61.3 -61.3 -61.6 -62.2 -63.4",22.073,720,0,1016,1630,"-8e+01 -8e+01 -8e+01","1 0 0","22 22 22",0,0,0.00,0.00,0,0,0,0
37.100,6,0.000,0.000,0.000,3,3,-78.353,"-76.3 -81.5 -77.3","0.000 0.000 0.000",-93.966,-61.600,"-63.4 -62.2 -61.6 -61.3 -61.3 -61.6 -62.2 -63.4",22.173,722,0,1016,1634,"-8e+01 -8e+01 -8e+01","1 0 0","22 22 22",0,0,0.00,0.00,0,0,0,0
37.200,6,0.000,0.000,0.000,3,3,-78.353,"-76.3 -81.5 -77.3","0.000 0.000 0.000",-93.966,-61.600,"-63.4 -62.2 -61.6 -61.3 -61.3 -61.6 -62.2 -63.4",22.273,724,0,1016,1638,"-8e+01 -8e+01 -8e+01","1 0 0","22 22 22",0,0,0.00,0.00,0,0,0,0
37.300,6,0.000,0.000,0.000,3,3,-78.353,"-76.3 -81.5 -77.3","0.000 0.000 0.000",-93.966,-61.600,"-63.4 -62.2 -61.6 -61.3 -61.3 -61.6 -62.2 -63.4",22.373,726,0,1016,1642,"-8e+01 -8e+01 -8e+01","1 0 0","22 22 22",0,0,0.00,0.00,0,0,0,0
37.400,6,0.000,0.000,0.000,3,3,-78.353,"-76.3 -81.5 -77.3","0.000 0.000 0.000",-93.966,-61.600,"-63.4 -62.2 -61.6 -61.3 -61.3 -61.6 -62.2 -63.4",22.473,728,0,1016,1646,"-8e+01 -8e+01 -8e+01","1 0 0","22 22 22",0,0,0.00,0.00,0,0,0,0
37.500,6,0.000,0.000,0.000,3,3,-78.353,"-76.3 -81.5 -77.3","0.000 0.000 0.000",-93.966,-61.600,"-63.4 -62.2 -61.6 -61.3 -61.3 -61.6 -62.2 -63.4",22.573,730,0,1016,1650,"-8e+01 -8e+01 -8e+01","1 0 0","23 23 23",0,0,0.00,0.00,0,0,0,0
37.600,6,0.000,0.000,0.000,3,3,-78.353,"-76.3 -81.5 -77.3","0.000 0.000 0.000",-93.966,-61.600,"-63.4 -62.2 -61.6 -61.3 -61.3 -61.6 -62.2 -63.4",22.673,732,0,1016,1654,"-8e+01 -8e+01 -8e+01","1 0 0","23 23 23",0,0,0.00,0.00,0,0,0,0
37.700,6,0.000,0.000,0.000,3,3,-78.353,"-76.3 -81.5 -77.3","0.000 0.000 0.000",-93.966,-61.600,"-63.4 -62.2 -61.6 -61.3 -61.3 -61.6 -62.2 -63.4",22.773,734,0,1016,1658,"-8e+01 -8e+01 -8e+01","1 0 0","23 23 23",0,0,0.00,0.00,0,0,0,0
37.800,6,0.000,0.000,0.000,3,3,-78.353,"-76.3 -81.5 -77.3","0.000 0.000 0.000",-93.966,-61.600,"-63.4 -62.2 -61.6 -61.3 -61.3 -61.6 -62.2 -63.4",22.873,736,0,1016,1662,"-8e+01 -8e+01 -8e+01","1 0 0","23 23 23",0,0,0.00,0.00,0,0,0,0
37.900,6,0.000,0.000,0.000,3,3,-78.353,"-76.3 -81.5 -77.3","0.000 0.000 0.000",-93.966,-61.600,"-63.4 -62.2 -61.6 -61.3 -61.3 -61.6 -62.2 -63.4",22.973,738,0,1016,1666,"-8e+01 -8e+01 -8e+01","1 0 0","23 23 23",0,0,0.00,0.00,0,0,0,0
38.000,6,0.000,0.000,0.000,3,3,-78.353,"-76.3 -81.5 -77.3","0.000 0.000 0.000",-93.966,-61.600,"-63.4 -62.2 -61.6 -61.3 -61.3 -61.6 -62.2 -63.4",23.073,740,0,1016,1670,"-8e+01 -8e+01 -8e+01","1 0 0","23 23 23",0,0,0.00,0.00,0,0,0,0
38.100,6,0.000,0.000,0.000,3,3,-78.353,"-76.3 -81.5 -77.3","0.000 0.000 0.000",-93.966,-61.600,"-63.4 -62.2 -61.6 -61.3 -61.3 -61.6 -62.2 -63.4",23.173,742,0,1016,1675,"-8e+01 -8e+01 -8e+01","1 0 0","23 23 23",0,0,0.00,0.00,0,0,0,0
38.200,6,0.000,0.000,0.000,3,3,-78.353,"-76.3 -81.5 -77.3","0.000 0.000 0.000",-93.966,-61.600,"-63.4 -62.2 -61.6 -61.3 -61.3 -61.6 -62.2 -63.4",23.273,744,0,1016,1680,"-8e+01 -8e+01 -8e+01","1 0 0","23 23 23",0,0,0.00,0.00,0,0,0,0
38.300,6,0.000,0.000,0.000,3,3,-78.353,"-76.3 -81.5 -77.3","0.000 0.000 0.000",-93.966,-61.600,"-63.4 -62.2 -61.6 -61.3 -61.3 -61.6 -62.2 -63.4",23.373,746,0,1016,1684,"-8e+01 -8e+01 -8e+01","1 0 0","23 23 23",0,0,0.00,0.00,0,0,0,0
38.400,6,0.000,0.000,0.000,3,3,-78.353,"-76.3 -81.5 -77.3","0.000 0.000 0.000",-93.966,-61.600,"-63.4 -62.2 -61.6 -61.3 -61.3 -61.6 -62.2 -63.4",23.473,748,0,1016,1689,"-8e+01 -8e+01 -8e+01","1 0 0","23 23 23",0,0,0.00,0.00,0,0,0,0
38.500,6,0.000,0.000,0.000,3,3,-78.353,"-76.3 -81.5 -77.3","0.000 0.000 0.000",-93.966,-61.600,"-63.4 -62.2 -61.6 -61.3 -61.3 -61.6 -62.2 -63.4",23.573,750,0,1016,1694,"-8e+01 -8e+01 -8e+01","1 0 0","24 24 24",0,0,0.00,0.00,0,0,0,0
38.600,6,0.000,0.000,0.000,3,3,-78.353,"-76.3 -81.5 -77.3","0.000 0.000 0.000",-93.966,-61.600,"-63.4 -62.2 -61.6 -61.3 -61.3 -61.6 -62.2 -63.4",23.673,752,0,1016,1698,"-8e+01 -8e+01 -8e+01","1 0 0","24 24 24",0,0,0.00,0.00,0,0,0,0
38.700,6,0.000,0.000,0.000,3,3,-78.353,"-76.3 -81.5 -77.3","0.000 0.000 0.000",-93.966,-61.600,"-63.4 -62.2 -61.6 -61.3 -61.3 -61.6 -62.2 -63.4",23.773,754,0,1016,1702,"-8e+01 -8e+01 -8e+01","1 0 0","24 24 24",0,0,0.00,0.00,0,0,0,0
38.800,6,0.000,0.000,0.000,3,3,-78.353,"-76.3 -81.5 -77.3","0.000 0.000 0.000",-93.966,-61.600,"-63.4 -62.2 -61.6 -61.3 -61.3 -61.6 -62.2 -63.4",23.873,756,0,1016,1706,"-8e+01 -8e+01 -8e+01","1 0 0","24 24 24",0,0,0.00,0.00,0,0,0,0
38.900,6,0.000,0.000,0.000,3,3,-78.353,"-76.3 -81.5 -77.3","0.000 0.000 0.000",-93.966,-61.600,"-63.4 -62.2 -61.6 -61.3 -61.3 -61.6 -62.2 -63.4",23.973,758,0,1016,1710,"-8e+01 -8e+01 -8e+01","1 0 0","24 24 24",0,0,0.00,0.00,0,0,0,0
39.000,6,0.000,0.000,0.000,3,3,-78.353,"-76.3 -81.5 -77.3","0.000 0.000 0.000",-93.966,-61.600,"-63.4 -62.2 -61.6 -61.3 -61.3 -61.6 -62.2 -63.4",24.073,760,0,1016,1714,"-8e+01 -8e+01 -8e+01","1 0 0","24 24 24",0,0,0.00,0.00,0,0,0,0
39.100,6,0.000,0.000,0.000,3,3,-78.353,"-76.3 -81.5 -77.3","0.000 0.000 0.000",-93.966,-61.600,"-63.4 -62.2 -61.6 -61.3 -61.3 -61.6 -62.2 -63.4",24.173,762,0,1016,1718,"-8e+01 -8e+01 -8e+01","1 0 0","24 24 24",0,0,0.00,0.00,0,0,0,0
39.200,6,0.000,0.000,0.000,3,3,-78.353,"-76.3 -81.5 -77.3","0.000 0.000 0.000",-93.966,-61.600,"-63.4 -62.2 -61.6 -61.3 -61.3 -61.6 -62.2 -63.4",24.273,764,0,1016,1722,"-8e+01 -8e+01 -8e+01","1 0 0","24 24 24",0,0,0.00,0.00,0,0,0,0
39.300,6,0.000,0.000,0.000,3,3,-78.353,"-76.3 -81.5 -77.3","0.000 0.000 0.000",-93.966,-61.600,"-63.4 -62.2 -61.6 -61.3 -61.3 -61.6 -62.2 -63.4",24.373,766,0,1016,1726,"-8e+01 -8e+01 -8e+01","1 0 0","24 24 24",0,0,0.00,0.00,0,0,0,0
39.400,6,0.000,0.000,0.000,3,3,-78.353,"-76.3 -81.5 -77.3","0.000 0.000 0.000",-93.966,-61.600,"-63.4 -62.2 -61.6 -61.3 -61.3 -61.6 -62.2 -63.4",24.473,768,0,1016,1730,"-8e+01 -8e+01 -8e+01","1 0 0","24 24 24",0,0,0.00,0.00,0,0,0,0
39.500,6,0.000,0.000,0.000,3,3,-78.353,"-76.3 -81.5 -77.3","0.000 0.000 0.000",-93.966,-61.600,"-63.4 -62.2 -61.6 -61.3 -61.3 -61.6 -62.2 -63.4",24.573,770,0,1016,1734,"-8e+01 -8e+01 -8e+01","1 0 0","25 25 25",0,0,0.00,0.00,0,0,0,0
39.600,6,0.000,0.000,0.000,3,3,-78.353,"-76.3 -81.5 -77.3","0.000 0.000 0.000",-93.966,-61.600,"-63.4 -62.2 -61.6 -61.3 -61.3 -61.6 -62.2 -63.4",24.673,772,0,1016,1738,"-8e+01 -8e+01 -8e+01","1 0 0","25 25 25",0,0,0.00,0.00,0,0,0,0
39.700,6,0.000,0.000,0.000,3,3,-78.353,"-76.3 -81.5 -77.3","0.000 0.000 0.000",-93.966,-61.600,"-63.4 -62.2 -61.6 -61.3 -61.3 -61.6 -62.2 -63.4",24.773,774,0,1016,1742,"-8e+01 -8e+01 -8e+01","1 0 0","25 25 25",0,0,0.00,0.00,0,0,0,0
39.800,6,0.000,0.000,0.000,3,3,-78.353,"-76.3 -81.5 -77.3","0.000 0.000 0.000",-93.966,-61.600,"-63.4 -62.2 -61.6 -61.3 -61.3 -61.6 -62.2 -63.4",24.873,776,0,1016,1746,"-8e+01 -8e+01 -8e+01","1 0 0","25 25 25",0,0,0.00,0.00,0,0,0,0
39.900,6,0.000,0.000,0.000,3,3,-78.353,"-76.3 -81.5 -77.3","0.000 0.000 0.000",-93.966,-61.600,"-63.4 -62.2 -61.6 -61.3 -61.3 -61.6 -62.2 -63.4",24.973,778,0,1016,1750,"-8e+01 -8e+01 -8e+01","1 0 0","25 25 25",0,0,0.00,0.00,0,0,0,0
40.000,6,0.000,0.000,0.000,3,3,-78.353,"-76.3 -81.5 -77.3","0.000 0.000 0.000",-93.966,-61.600,"-63.4 -62.2 -61.6 -61.3 -61.3 -61.6 -62.2 -63.4",25.073,780,0,1016,1754,"-8e+01 -8e+01 -8e+01","1 0 0","25 25 25",0,0,0.00,0.00,0,0,0,0
40.100,6,0.000,0.000,0.000,3,3,-78.353,"-76.3 -81.5 -77.3","0.000 0.000 0.000",-93.966,-61.600,"-63.4 -62.2 -61.6 -61.3 -61.3 -61.6 -62.2 -63.4",25.173,782,0,1016,1758,"-8e+01 -8e+01 -8e+01","1 0 0","25 25 25",0,0,0.00,0.00,0,0,0,0
40.200,6,0.000,0.000,0.000,3,3,-78.353,"-76.3 -81.5 -77.3","0.000 0.000 0.000",-93.966,-61.600,"-63.4 -62.2 -61.6 -61.3 -61.3 -61.6 -62.2 -63.4",25.273,784,0,1016,1764,"-8e+01 -8e+01 -8e+01","1 0 0","25 25 25",0,0,0.00,0.00,0,0,0,0
40.300,6,0.000,0.000,0.000,3,3,-78.353,"-76.3 -81.5 -77.3","0.000 0.000 0.000",-93.966,-61.600,"-63.4 -62.2 -61.6 -61.3 -61.3 -61.6 -62.2 -63.4",25.373,786,0,1016,1768,"-8e+01 -8e+01 -8e+01","1 0 0","25 25 25",0,0,0.00,0.00,0,0,0,0
40.400,6,0.000,0.000,0.000,3,3,-78.353,"-76.3 -81.5 -77.3","0.000 0.000 0.000",-93.966,-61.600,"-63.4 -62.2 -61.6 -61.3 -61.3 -61.6 -62.2 -63.4",25.473,788,0,1016,1773,"-8e+01 -8e+01 -8e+01","1 0 0","25 25 25",0,0,0.00,0.00,0,0,0,0
40.500,6,0.000,0.000,0.000,3,3,-78.353,"-76.3 -81.5 -77.3","0.000 0.000 0.000",-93.966,-61.600,"-63.4 -62.2 -61.6 -61.3 -61.3 -61.6 -62.2 -63.4",25.573,790,0,1016,1778,"-8e+01 -8e+01 -8e+01","1 0 0","26 26 26",0,0,0.00,0.00,0,0,0,0
40.600,6,0.000,0.000,0.000,3,3,-78.353,"-76.3 -81.5 -77.3","0.000 0.000 0.000",-93.966,-61.600,"-63.4 -62.2 -61.6 -61.3 -61.3 -61.6 -62.2 -63.4",25.673,792,0,1016,1782,"-8e+01 -8e+01 -8e+01","1 0 0","26 26 26",0,0,0.00,0.00,0,0,0,0
40.700,6,0.000,0.000,0.000,3,3,-78.353,"-76.3 -81.5 -77.3","0.000 0.000 0.000",-93.966,-61.600,"-63.4 -62.2 -61.6 -61.3 -61.3 -61.6 -62.2 -63.4",25.773,794,0,1016,1786,"-8e+01 -8e+01 -8e+01","1 0 0","26 26 26",0,0,0.00,0.00,0,0,0,0
40.800,6,0.000,0.000,0.000,3,3,-78.353,"-76.3 -81.5 -77.3","0.000 0.000 0.000",-93.966,-61.600,"-63.4 -62.2 -61.6 -61.3 -61.3 -61.6 -62.2 -63.4",25.873,796,0,1016,1790,"-8e+01 -8e+01 -8e+01","1 0 0","26 26 26",0,0,0.00,0.00,0,0,0,0
40.900,6,0.000,0.000,0.000,3,3,-78.353,"-76.3 -81.5 -77.3","0.000 0.000 0.000",-93.966,-61.600,"-63.4 -62.2 -61.6 -61.3 -61.3 -61.6 -62.2 -63.4",25.973,798,0,1016,1794,"-8e+01 -8e+01 -8e+01","1 0 0","26 26 26",0,0,0.00,0.00,0,0,0,0
41.000,6,0.000,0.000,0.000,3,3,-78.353,"-76.3 -81.5 -77.3","0.000 0.000 0.000",-93.966,-61.600,"-63.4 -62.2 -61.6 -61.3 -61.3 -61.6 -62.2 -63.4",26.073,800,0,1016,1798,"-8e+01 -8e+01 -8e+01","1 0 0","26 26 26",0,0,0.00,0.00,0,0,0,0
41.100,6,0.000,0.000,0.000,3,3,-78.353,"-76.3 -81.5 -77.3","0.000 0.000 0.000",-93.966,-61.600,"-63.4 -62.2 -61.6 -61.3 -61.3 -61.6 -62.2 -63.4",26.173,802,0,1016,1802,"-8e+01 -8e+01 -8e+01","1 0 0","26 26 26",0,0,0.00,0.00,0,0,0,0
41.200,6,0.000,0.000,0.000,3,3,-78.353,"-76.3 -81.5 -77.3","0.000 0.000 0.000",-93.966,-61.600,"-63.4 -62.2 -61.6 -61.3 -61.3 -61.6 -62.2 -63.4",26.273,804,0,1016,1806,"-8e+01 -8e+01 -8e+01","1 0 0","26 26 26",0,0,0.00,0.00,0,0,0,0
41.300,6,0.000,0.000,0.000,3,3,-78.353,"-76.3 -81.5 -77.3","0.000 0.000 0.000",-93.966,-61.600,"-63.4 -62.2 -61.6 -61.3 -61.3 -61.6 -62.2 -63.4",26.373,806,0,1016,1810,"-8e+01 -8e+01 -8e+01","1 0 0","26 26 26",0,0,0.00,0.00,0,0,0,0
41.400,6,0.000,0.000,0.000,3,3,-78.353,"-76.3 -81.5 -77.3","0.000 0.000 0.000",-93.966,-61.600,"-63.4 -62.2 -61.6 -61.3 -61.3 -61.6 -62.2 -63.4",26.473,808,0,1016,1814,"-8e+01 -8e+01 -8e+01","1 0 0","26 26 26",0,0,0.00,0.00,0,0,0,0
41.500,6,0.000,0.000,0.000,3,3,-78.353,"-76.3 -81.5 -77.3","0.000 0.000 0.000",-93.966,-61.600,"-63.4 -62.2 -61.6 -61.3 -61.3 -61.6 -62.2 -63.4",26.573,810,0,1016,1818,"-8e+01 -8e+01 -8e+01","1 0 0","27 27 27",0,0,0.00,0.00,0,0,0,0
41.600,6,0.000,0.000,0.000,3,3,-78.353,"-76.3 -81.5 -77.3","0.000 0.000 0.000",-93.966,-61.600,"-63.4 -62.2 -61.6 -61.3 -61.3 -61.6 -62.2 -63.4",26.673,812,0,1016,1822,"-8e+01 -8e+01 -8e+01","1 0 0","27 27 27",0,0,0.00,0.00,0,0,0,0
41.700,6,0.000,0.000,0.000,3,3,-78.353,"-76.3 -81.5 -77.3","0.000 0.000 0.000",-93.966,-61.600,"-63.4 -62.2 -61.6 -61.3 -61.3 -61.6 -62.2 -63.4",26.773,814,0,1016,1826,"-8e+01 -8e+01 -8e+01","1 0 0","27 27 27",0,0,0.00,0.00,0,0,0,0
41.800,6,0.000,0.000,0.000,3,3,-78.353,"-76.3 -81.5 -77.3","0.000 0.000 0.000",-93.966,-61.600,"-63.4 -62.2 -61.6 -61.3 -61.3 -61.6 -62.2 -63.4",26.873,816,0,1016,1830,"-8e+01 -8e+01 -8e+01","1 0 0","27 27 27",0,0,0.00,0.00,0,0,0,0
41.900,6,0.000,0.000,0.000,3,3,-78.353,"-76.3 -81.5 -77.3","0.000 0.000 0.000",-93.966,-61.600,"-63.4 -62.2 -61.6 -61.3 -61.3 -61.6 -62.2 -63.4",26.973,818,0,1016,1834,"-8e+01 -8e+01 -8e+01","1 0 0","27 27 27",0,0,0.00,0.00,0,0,0,0
42.000,6,0.000,0.000,0.000,3,3,-78.353,"-76.3 -81.5 -77.3","0.000 0.000 0.000",-93.966,-61.600,"-63.4 -62.2 -61.6 -61.3 -61.3 -61.6 -62.2 -63.4",27.073,820,0,1016,1838,"-8e+01 -8e+01 -8e+01","1 0 0","27 27 27",0,0,0.00,0.00,0,0,0,0
42.100,6,0.000,0.000,0.000,3,3,-78.353,"-76.3 -81.5 -77.3","0.000 0.000 0.000",-93.966,-61.600,"-63.4 -62.2 -61.6 -61.3 -61.3 -61.6 -62.2 -63.4",27.173,822,0,1016,1842,"-8e+01 -8e+01 -8e+01","1 0 0","27 27 27",0,0,0.00,0.00,0,0,0,0
42.200,6,0.000,0.000,0.000,3,3,-78.353,"-76.3 -81.5 -77.3","0.000 0.000 0.000",-93.966,-61.600,"-63.4 -62.2 -61.6 -61.3 -61.3 -61.6 -62.2 -63.4",27.273,824,0,1016,1847,"-8e+01 -8e+01 -8e+01","1 0 0","27 27 27",0,0,0.00,0.00,0,0,0,0
42.300,6,0.000,0.000,0.000,3,3,-78.353,"-76.3 -81.5 -77.3","0.000 0.000 0.000",-93.966,-61.600,"-63.4 -62.2 -61.6 -61.3 -61.3 -61.6 -62.2 -63.4",27.373,826,0,1016,1851,"-8e+01 -8e+01 -8e+01","1 0 0","27 27 27",0,0,0.00,0.00,0,0,0,0
42.400,6,0.000,0.000,0.000,3,3,-78.353,"-76.3 -81.5 -77.3","0.000 0.000 0.000",-93.966,-61.600,"-63.4 -62.2 -61.6 -61.3 -61.3 -61.6 -62.2 -63.4",27.473,828,0,1016,1855,"-8e+01 -8e+01 -8e+01","1 0 0","27 27 27",0,0,0.00,0.00,0,0,0,0
42.500,6,0.000,0.000,0.000,3,3,-78.353,"-76.3 -81.5 -77.3","0.000 0.000 0.000",-93.966,-61.600,"-63.4 -62.2 -61.6 -61.3 -61.3 -61.6 -62.2 -63.4",27.573,830,0,1016,1862,"-8e+01 -8e+01 -8e+01","1 0 0","28 28 28",0,0,0.00,0.00,0,0,0,0
42.600,6,0.000,0.000,0.000,3,3,-78.353,"-76.3 -81.5 -77.3","0.000 0.000 0.000",-93.966,-61.600,"-63.4 -62.2 -61.6 -61.3 -61.3 -61.6 -62.2 -63.4",27.673,832,0,1016,1866,"-8e+01 -8e+01 -8e+01","1 0 0","28 28 28",0,0,0.00,0.00,0,0,0,0
42.700,6,0.000,0.000,0.000,3,3,-78.353,"-76.3 -81.5 -77.3","0.000 0.000 0.000",-93.966,-61.600,"-63.4 -62.2 -61.6 -61.3 -61.3 -61.6 -62.2 -63.4",27.773,834,0,1016,1870,"-8e+01 -8e+01 -8e+01","1 0 0","28 28 28",0,0,0.00,0.00,0,0,0,0
42.800,6,0.000,0.000,0.000,3,3,-78.353,"-76.3 -81.5 -77.3","0.000 0.000 0.000",-93.966,-61.600,"-63.4 -62.2 -61.6 -61.3 -61.3 -61.6 -62.2 -63.4",27.873,836,0,1016,1874,"-8e+01 -8e+01 -8e+01","1 0 0","28 28 28",0,0,0.00,0.00,0,0,0,0
42.900,6,0.000,0.000,0.000,3,3,-78.353,"-76.3 -81.5 -77.3","0.000 0.000 0.000",-93.966,-61.600,"-63.4 -62.2 -61.6 -61.3 -61.3 -61.6 -62.2 -63.4",27.973,838,0,1016,1878,"-8e+01 -8e+01 -8e+01","1 0 0","28 28 28",0,0,0.00,0.00,0,0,0,0
43.000,6,0.000,0.000,0.000,3,3,-78.353,"-76.3 -81.5 -77.3","0.000 0.000 0.000",-93.966,-61.600,"-63.4 -62.2 -61.6 -61.3 -61.3 -61.6 -62.2 -63.4",28.073,840,0,1016,1882,"-8e+01 -8e+01 -8e+01","1 0 0","28 28 28",0,0,0.00,0.00,0,0,0,0
43.100,6,0.000,0.000,0.000,3,3,-78.353,"-76.3 -81.5 -77.3","0.000 0.000 0.000",-93.966,-61.600,"-63.4 -62.2 -61.6 -61.3 -61.3 -61.6 -62.2 -63.4",28.173,842,0,1016,1886,"-8e+01 -8e+01 -8e+01","1 0 0","28 28 28",0,0,0.00,0.00,0,0,0,0
43.200,6,0.000,0.000,0.000,3,3,-78.353,"-76.3 -81.5 -77.3","0.000 0.000 0.000",-93.966,-61.600,"-63.4 -62.2 -61.6 -61.3 -61.3 -61.6 -62.2 -63.4",28.273,844,0,1016,1890,"-8e+01 -8e+01 -8e+01","1 0 0","28 28 28",0,0,0.00,0.00,0,0,0,0
43.300,6,0.000,0.000,0.000,3,3,-78.353,"-76.3 -81.5 -77.3","0.000 0.000 0.000",-93.966,-61.600,"-63.4 -62.2 -61.6 -61.3 -61.3 -61.6 -62.2 -63.4",28.373,846,0,1016,1894,"-8e+01 -8e+01 -8e+01","1 0 0","28 28 28",0,0,0.00,0.00,0,0,0,0
43.400,6,0.000,0.000,0.000,3,3,-78.353,"-76.3 -81.5 -77.3","0.000 0.000 0.000",-93.966,-61.600,"-63.4 -62.2 -61.6 -61.3 -61.3 -61.6 -62.2 -63.4",28.473,848,0,1016,1898,"-8e+01 -8e+01 -8e+01","1 0 0","28 28 28",0,0,0.00,0.00,0,0,0,0
43.500,6,0.000,0.000,0.000,3,3,-78.353,"-76.3 -81.5 -77.3","0.000 0.000 0.000",-93.966,-61.600,"-63.4 -62.2 -61.6 -61.3 -61.3 -61.6 -62.2 -63.4",28.573,850,0,1016,1902,"-8e+01 -8e+01 -8e+01","1 0 0","29 29 29",0,0,0.00,0.00,0,0,0,0
43.600,6,0.000,0.000,0.000,3,3,-78.353,"-76.3 -81.5 -77.3","0.000 0.000 0.000",-93.966,-61.600,"-63.4 -62.2 -61.6 -61.3 -61.3 -61.6 -62.2 -63.4",28.673,852,0,1016,1906,"-8e+01 -8e+01 -8e+01","1 0 0","29 29 29",0,0,0.00,0.00,0,0,0,0
43.700,6,0.000,0.000,0.000,3,3,-78.353,"-76.3 -81.5 -77.3","0.000 0.000 0.000",-93.966,-61.600,"-63.4 -62.2 -61.6 -61.3 -61.3 -61.6 -62.2 -63.4",28.773,854,0,1016,1910,"-8e+01 -8e+01 -8e+01","1 0 0","29 29 29",0,0,0.00,0.00,0,0,0,0
43.800,6,0.000,0.000,0.000,3,3,-78.353,"-76.3 -81.5 -77.3","0.000 0.000 0.000",-93.966,-61.600,"-63.4 -62.2 -61.6 -61.3 -61.3 -61.6 -62.2 -63.4",28.873,856,0,1016,1914,"-8e+01 -8e+01 -8e+01","1 0 0","29 29 29",0,0,0.00,0.00,0,0,0,0
43.900,6,0.000,0.000,0.000,3,3,-78.353,"-76.3 -81.5 -77.3","0.000 0.000 0.000",-93.966,-61.600,"-63.4 -62.2 -61.6 -61.3 -61.3 -61.6 -62.2 -63.4",28.973,858,0,1016,1918,"-8e+01 -8e+01 -8e+01","1 0 0","29 29 29",0,0,0.00,0.00,0,0,0,0
44.000,6,0.000,0.000,0.000,3,3,-78.353,"-76.3 -81.5 -77.3","0.000 0.000 0.000",-93.966,-61.600,"-63.4 -62.2 -61.6 -61.3 -61.3 -61.6 -62.2 -63.4",29.073,860,0,1016,1922,"-8e+01 -8e+01 -8e+01","1 0 0","29 29 29",0,0,0.00,0.00,0,0,0,0
44.100,6,0.000,0.000,0.000,3,3,-78.353,"-76.3 -81.5 -77.3","0.000 0.000 0.000",-93.966,-61.600,"-63.4 -62.2 -61.6 -61.3 -61.3 -61.6 -62.2 -63.4",29.173,862,0,1016,1926,"-8e+01 -8e+01 -8e+01","1 0 0","29 29 29",0,0,0.00,0.00,0,0,0,0
44.200,6,0.000,0.000,0.000,3,3,-78.353,"-76.3 -81.5 -77.3","0.000 0.000 0.000",-93.966,-61.600,"-63.4 -62.2 -61.6 -61.3 -61.3 -61.6 -62.2 -63.4",29.273,864,0,1016,1932,"-8e+01 -8e+01 -8e+01","1 0 0","29 29 29",0,0,0.00,0.00,0,0,0,0
44.300,6,0.000,0.000,0.000,3,3,-78.353,"-76.3 -81.5 -77.3","0.000 0.000 0.000",-93.966,-61.600,"-63.4 -62.2 -61.6 -61.3 -61.3 -61.6 -62.2 -63.4",29.373,866,0,1016,1936,"-8e+01 -8e+01 -8e+01","1 0 0","29 29 29",0,0,0.00,0.00,0,0,0,0
44.400,6,0.000,0.000,0.000,3,3,-78.353,"-76.3 -81.5 -77.3","0.000 0.000 0.000",-93.966,-61.600,"-63.4 -62.2 -61.6 -61.3 -61.3 -61.6 -62.2 -63.4",29.473,868,0,1016,1942,"-8e+01 -8e+01 -8e+01","1 0 0","29 29 29",0,0,0.00,0.00,0,0,0,0
44.500,6,0.000,0.000,0.000,3,3,-78.353,"-76.3 -81.5 -77.3","0.000 0.000 0.000",-93.966,-61.600,"-63.4 -62.2 -61.6 -61.3 -61.3 -61.6 -62.2 -63.4",29.573,870,0,1016,1946,"-8e+01 -8e+01 -8e+01","1 0 0","30 30 30",0,0,0.00,0.00,0,0,0,0
44.600,6,0.000,0.000,0.000,3,3,-78.353,"-76.3 -81.5 -77.3","0.000 0.000 0.000",-93.966,-61.600,"-63.4 -62.2 -61.6 -61.3 -61.3 -61.6 -62.2 -63.4",29.673,872,0,1016,1950,"-8e+01 -8e+01 -8e+01","1 0 0","30 30 30",0,0,0.00,0.00,0,0,0,0
44.700,6,0.000,0.000,0.000,3,3,-78.353,"-76.3 -81.5 -77.3","0.000 0.000 0.000",-93.966,-61.600,"-63.4 -62.2 -61.6 -61.3 -61.3 -61.6 -62.2 -63.4",29.773,874,0,1016,1954,"-8e+01 -8e+01 -8e+01","1 0 0","30 30 30",0,0,0.00,0.00,0,0,0,0
44.800,6,0.000,0.000,0.000,3,3,-78.353,"-76.3 -81.5 -77.3","0.000 0.000 0.000",-93.966,-61.600,"-63.4 -62.2 -61.6 -61.3 -61.3 -61.6 -62.2 -63.4",29.873,876,0,1016,1958,"-8e+01 -8e+01 -8e+01","1 0 0","30 30 30",0,0,0.00,0.00,0,0,0,0
44.900,6,0.000,0.000,0.000,3,3,-78.353,"-76.3 -81.5 -77.3","0.000 0.000 0.000",-93.966,-61.600,"-63.4 -62.2 -61.6 -61.3 -61.3 -61.6 -62.2 -63.4",29.973,878,0,1016,1962,"-8e+01 -8e+01 -8e+01","1 0 0","30 30 30",0,0,0.00,0.00,0,0,0,0
45.000,6,0.000,0.000,0.000,3,3,-78.353,"-76.3 -81.5 -77.3","0.000 0.000 0.000",-93.966,-61.600,"-63.4 -62.2 -61.6 -61.3 -61.3 -61.6 -62.2 -63.4",30.073,880,0,1016,1966,"-8e+01 -8e+01 -8e+01","1 0 0","30 30 30",0,0,0.00,0.00,0,0,0,0
45.100,6,0.000,0.000,0.000,3,3,-78.353,"-76.3 -81.5 -77.3","0.000 0.000 0.000",-93.966,-61.600,"-63.4 -62.2 -61.6 -61.3 -61.3 -61.6 -62.2 -63.4",30.173,882,0,1016,1970,"-8e+01 -8e+01 -8e+01","1 0 0","30 30 30",0,0,0.00,0.00,0,0,0,0
45.200,6,0.000,0.000,0.000,3,3,-78.353,"-76.3 -81.5 -77.3","0.000 0.000 0.000",-93.966,-61.600,"-63.4 -62.2 -61.6 -61.3 -61.3 -61.6 -62.2 -63.4",30.273,884,0,1016,1974,"-8e+01 -8e+01 -8e+01","1 0 0","30 30 30",0,0,0.00,0.00,0,0,0,0
45.300,6,0.000,0.000,0.000,3,3,-78.353,"-76.3 -81.5 -77.3","0.000 0.000 0.000",-93.966,-61.600,"-63.4 -62.2 -61.6 -61.3 -61.3 -61.6 -62.2 -63.4",30.373,886,0,1016,1978,"-8e+01 -8e+01 -8e+01","1 0 0","30 30 30",0,0,0.00,0.00,0,0,0,0
45.400,6,0.000,0.000,0.000,3,3,-78.353,"-76.3 -81.5 -77.3","0.000 0.000 0.000",-93.966,-61.600,"-63.4 -62.2 -61.6 -61.3 -61.3 -61.6 -62.2 -63.4",30.473,888,0,1016,1982,"-8e+01 -8e+01 -8e+01","1 0 0","30 30 30",0,0,0.00,0.00,0,0,0,0
45.500,6,0.000,0.000,0.000,3,3,-78.353,"-76.3 -81.5 -77.3","0.000 0.000 0.000",-93.966,-61.600,"-63.4 -62.2 -61.6 -61.3 -61.3 -61.6 -62.2 -63.4",30.573,890,0,1016,1986,"-8e+01 -8e+01 -8e+01","1 0 0","31 31 31",0,0,0.00,0.00,0,0,0,0
45.600,6,0.000,0.000,0.000,3,3,-78.353,"-76.3 -81.5 -77.3","0.000 0.000 0.000",-93.966,-61.600,"-63.4 -62.2 -61.6 -61.3 -61.3 -61.6 -62.2 -63.4",30.673,892,0,1016,1990,"-8e+01 -8e+01 -8e+01","1 0 0","31 31 31",0,0,0.00,0.00,0,0,0,0
45.700,6,0.000,0.000,0.000,3,3,-78.353,"-76.3 -81.5 -77.3","0.000 0.000 0.000",-93.966,-61.600,"-63.4 -62.2 -61.6 -61.3 -61.3 -61.6 -62.2 -63.4",30.773,894,0,1016,1994,"-8e+01 -8e+01 -8e+01","1 0 0","31 31 31",0,0,0.00,0.00,0,0,0,0
45.800,6,0.000,0.000,0.000,3,3,-78.353,"-76.3 -81.5 -77.3","0.000 0.000 0.000",-93.966,-61.600,"-63.4 -62.2 -61.6 -61.3 -61.3 -61.6 -62.2 -63.4",30.873,896,0,1016,1998,"-8e+01 -8e+01 -8e+01","1 0 0","31 31 31",0,0,0.00,0.00,0,0,0,0
45.900,6,0.000,0.000,0.000,3,3,-78.353,"-76.3 -81.5 -77.3","0.000 0.000 0.000",-93.966,-61.600,"-63.4 -62.2 -61.6 -61.3 -61.3 -61.6 -62.2 -63.4",30.973,898,0,1016,2002,"-8e+01 -8e+01 -8e+01","1 0 0","31 31 31",0,0,0.00,0.00,0,0,0,0
46.000,6,0.000,0.000,0.000,3,3,-78.353,"-76.3 -81.5 -77.3","0.000 0.000 0.000",-93.966,-61.600,"-63.4 -62.2 -61.6 -61.3 -61.3 -61.6 -62.2 -63.4",31.073,900,0,1016,2006,"-8e+01 -8e+01 -8e+01","1 0 0","31 31 31",0,0,0.00,0.00,0,0,0,0
46.100,6,0.000,0.000,0.000,3,3,-78.353,"-76.3 -81.5 -77.3","0.000 0.000 0.000",-93.966,-61.600,"-63.4 -62.2 -61.6 -61.3 -61.3 -61.6 -62.2 -63.4",31.173,902,0,1016,2010,"-8e+01 -8e+01 -8e+01","1 0 0","31 31 31",0,0,0.00,0.00,0,0,0,0
46.200,6,0.000,0.000,0.000,3,3,-78.353,"-76.3 -81.5 -77.3","0.000 0.000 0.000",-93.966,-61.600,"-63.4 -62.2 -61.6 -61.3 -61.3 -61.6 -62.2 -63.4",31.273,904,0,1016,2016,"-8e+01 -8e+01 -8e+01","1 0 0","31 31 31",0,0,0.00,0.00,0,0,0,0
46.300,6,0.000,0.000,0.000,3,3,-78.353,"-76.3 -81.5 -77.3","0.000 0.000 0.000",-93.966,-61.600,"-63.4 -62.2 -61.6 -61.3 -61.3 -61.6 -62.2 -63.4",31.373,906,0,1016,2020,"-8e+01 -8e+01 -8e+01","1 0 0","31 31 31",0,0,0.00,0.00,0,0,0,0
46.400,6,0.000,0.000,0.000,3,3,-78.353,"-76.3 -81.5 -77.3","0.000 0.000 0.000",-93.966,-61.600,"-63.4 -62.2 -61.6 -61.3 -61.3 -61.6 -62.2 -63.4",31.473,908,0,1016,2024,"-8e+01 -8e+01 -8e+01","1 0 0","31 31 31",0,0,0.00,0.00,0,0,0,0
46.500,6,0.000,0.000,0.000,3,3,-78.353,"-76.3 -81.5 -77.3","0.000 0.000 0.000",-93.966,-61.600,"-63.4 -62.2 -61.6 -61.3 -61.3 -61.6 -62.2 -63.4",31.573,910,0,1016,2030,"-8e+01 -8e+01 -8e+01","1 0 0","32 32 32",0,0,0.00,0.00,0,0,0,0
46.600,6,0.000,0.000,0.000,3,3,-78.353,"-76.3 -81.5 -77.3","0.000 0.000 0.000",-93.966,-61.600,"-63.4 -62.2 -61.6 -61.3 -61.3 -61.6 -62.2 -63.4",31.673,912,0,1016,2034,"-8e+01 -8e+01 -8e+01","1 0 0","32 32 32",0,0,0.00,0.00,0,0,0,0
46.700,6,0.000,0.000,0.000,3,3,-78.353,"-76.3 -81.5 -77.3","0.000 0.000 0.000",-93.966,-61.600,"-63.4 -62.2 -61.6 -61.3 -61.3 -61.6 -62.2 -63.4",31.773,914,0,1016,2038,"-8e+01 -8e+01 -8e+01","1 0 0","32 32 32",0,0,0.00,0.00,0,0,0,0
46.800,6,0.000,0.000,0.000,3,3,-78.353,"-76.3 -81.5 -77.3","0.000 0.000 0.000",-93.966,-61.600,"-63.4 -62.2 -61.6 -61.3 -61.3 -61.6 -62.2 -63.4",31.873,916,0,1016,2042,"-8e+01 -8e+01 -8e+01","1 0 0","32 32 32",0,0,0.00,0.00,0,0,0,0
46.900,6,0.000,0.000,0.000,3,3,-78.353,"-76.3 -81.5 -77.3","0.000 0.000 0.000",-93.966,-61.600,"-63.4 -62.2 -61.6 -61.3 -61.3 -61.6 -62.2 -63.4",31.973,918,0,1016,2046,"-8e+01 -8e+01 -8e+01","1 0 0","32 32 32",0,0,0.00,0.00,0,0,0,0
47.000,6,0.000,0.000,0.000,3,3,-78.353,"-76.3 -81.5 -77.3","0.000 0.000 0.000",-93.966,-61.600,"-63.4 -62.2 -61.6 -61.3 -61.3 -61.6 -62.2 -63.4",32.073,920,0,1016,2050,"-8e+01 -8e+01 -8e+01","1 0 0","32 32 32",0,0,0.00,0.00,0,0,0,0
47.100,6,0.000,0.000,0.000,3,3,-78.353,"-76.3 -81.5 -77.3","0.000 0.000 0.000",-93.966,-61.600,"-63.4 -62.2 -61.6 -61.3 -61.3 -61.6 -62.2 -63.4",32.173,922,0,1016,2054,"-8e+01 -8e+01 -8e+01","1 0 0","32 32 32",0,0,0.00,0.00,0,0,0,0
47.200,6,0.000,0.000,0.000,3,3,-78.353,"-76.3 -81.5 -77.3","0.000 0.000 0.000",-93.966,-61.600,"-63.4 -62.2 -61.6 -61.3 -61.3 -61.6 -62.2 -63.4",32.273,924,0,1016,2058,"-8e+01 -8e+01 -8e+01","1 0 0","32 32 32",0,0,0.00,0.00,0,0,0,0
47.300,6,0.000,0.000,0.000,3,3,-78.353,"-76.3 -81.5 -77.3","0.000 0.000 0.000",-93.966,-61.600,"-63.4 -62.2 -61.6 -61.3 -61.3 -61.6 -62.2 -63.4",32.373,926,0,1016,2062,"-8e+01 -8e+01 -8e+01","1 0 0","32 32 32",0,0,0.00,0.00,0,0,0,0
47.400,6,0.000,0.000,0.000,3,3,-78.353,"-76.3 -81.5 -77.3","0.000 0.000 0.000",-93.966,-61.600,"-63.4 -62.2 -61.6 -61.3 -61.3 -61.6 -62.2 -63.4",32.473,928,0,1016,2066,"-8e+01 -8e+01 -8e+01","1 0 0","32 32 32",0,0,0.00,0.00,0,0,0,0
47.500,6,0.000,0.000,0.000,3,3,-78.353,"-76.3 -81.5 -77.3","0.000 0.000 0.000",-93.966,-61.600,"-63.4 -62.2 -61.6 -61.3 -61.3 -61.6 -62.2 -63.4",32.573,930,0,1016,2070,"-8e+01 -8e+01 -8e+01","1 0 0","33 33 33",0,0,0.00,0.00,0,0,0,0
47.600,6,0.000,0.000,0.000,3,3,-78.353,"-76.3 -81.5 -77.3","0.000 0.000 0.000",-93.966,-61.600,"-63.4 -62.2 -61.6 -61.3 -61.3 -61.6 -62.2 -63.4",32.673,932,0,1016,2074,"-8e+01 -8e+01 -8e+01","1 0 0","33 33 33",0,0,0.00,0.00,0,0,0,0
47.700,6,0.000,0.000,0.000,3,3,-78.353,"-76.3 -81.5 -77.3","0.000 0.000 0.000",-93.966,-61.600,"-63.4 -62.2 -61.6 -61.3 -61.3 -61.6 -62.2 -63.4",32.773,934,0,1016,2078,"-8e+01 -8e+01 -8e+01","1 0 0","33 33 33",0,0,0.00,0.00,0,0,0,0
47.800,6,0.000,0.000,0.000,3,3,-78.353,"-76.3 -81.5 -77.3","0.000 0.000 0.000",-93.966,-61.600,"-63.4 -62.2 -61.6 -61.3 -61.3 -61.6 -62.2 -63.4",32.873,936,0,1016,2082,"-8e+01 -8e+01 -8e+01","1 0 0","33 33 33",0,0,0.00,0.00,0,0,0,0
47.900,6,0.000,0.000,0.000,3,3,-78.353,"-76.3 -81.5 -77.3","0.000 0.000 0.000",-93.966,-61.600,"-63.4 -62.2 -61.6 -61.3 -61.3 -61.6 -62.2 -63.4",32.973,938,0,1016,2086,"-8e+01 -8e+01 -8e+01","1 0 0","33 33 33",0,0,0.00,0.00,0,0,0,0
48.000,6,0.000,0.000,0.000,3,3,-78.353,"-76.3 -81.5 -77.3","0.000 0.000 0.000",-93.966,-61.600,"-63.4 -62.2 -61.6 -61.3 -61.3 -61.6 -62.2 -63.4",33.073,940,0,1016,2090,"-8e+01 -8e+01 -8e+01","1 0 0","33 33 33",0,0,0.00,0.00,0,0,0,0
48.100,6,0.000,0.000,0.000,3,3,-78.353,"-76.3 -81.5 -77.3","0.000 0.000 0.000",-93.966,-61.600,"-63.4 -62.2 -61.6 -61.3 -61.3 -61.6 -62.2 -63.4",33.173,942,0,1016,2095,"-8e+01 -8e+01 -8e+01","1 0 0","33 33 33",0,0,0.00,0.00,0,0,0,0
48.200,6,0.000,0.000,0.000,3,3,-78.353,"-76.3 -81.5 -77.3","0.000 0.000 0.000",-93.966,-61.600,"-63.4 -62.2 -61.6 -61.3 -61.3 -61.6 -62.2 -63.4",33.273,944,0,1016,2099,"-8e+01 -8e+01 -8e+01","1 0 0","33 33 33",0,0,0.00,0.00,0,0,0,0
48.300,6,0.000,0.000,0.000,3,3,-78.353,"-76.3 -81.5 -77.3","0.000 0.000 0.000",-93.966,-61.600,"-63.4 -62.2 -61.6 -61.3 -61.3 -61.6 -62.2 -63.4",33.373,946,0,1016,2104,"-8e+01 -8e+01 -8e+01","1 0 0","33 33 33",0,0,0.00,0.00,0,0,0,0
48.400,6,0.000,0.000,0.000,3,3,-78.353,"-76.3 -81.5 -77.3","0.000 0.000 0.000",-93.966,-61.600,"-63.4 -62.2 -61.6 -61.3 -61.3 -61.6 -62.2 -63.4",33.473,948,0,1016,2110,"-8e+01 -8e+01 -8e+01","1 0 0","33 33 33",0,0,0.00,0.00,0,0,0,0
48.500,6,0.000,0.000,0.000,3,3,-78.353,"-76.3 -81.5 -77.3","0.000 0.000 0.000",-93.966,-61.600,"-63.4 -62.2 -61.6 -61.3 -61.3 -61.6 -62.2 -63.4",33.573,950,0,1016,2114,"-8e+01 -8e+01 -8e+01","1 0 0","34 34 34",0,0,0.00,0.00,0,0,0,0
48.600,6,0.000,0.000,0.000,3,3,-78.353,"-76.3 -81.5 -77.3","0.000 0.000 0.000",-93.966,-61.600,"-63.4 -62.2 -61.6 -61.3 -61.3 -61.6 -62.2 -63.4",33.673,952,0,1016,2118,"-8e+01 -8e+01 -8e+01","1 0 0","34 34 34",0,0,0.00,0.00,0,0,0,0
48.700,6,0.000,0.000,0.000,3,3,-78.353,"-76.3 -81.5 -77.3","0.000 0.000 0.000",-93.966,-61.600,"-63.4 -62.2 -61.6 -61.3 -61.3 -61.6 -62.2 -63.4",33.773,954,0,1016,2122,"-8e+01 -8e+01 -8e+01","1 0 0","34 34 34",0,0,0.00,0.00,0,0,0,0
48.800,6,0.000,0.000,0.000,3,3,-78.353,"-76.3 -81.5 -77.3","0.000 0.000 0.000",-93.966,-61.600,"-63.4 -62.2 -61.6 -61.3 -61.3 -61.6 -62.2 -63.4",33.873,956,0,1016,2126,"-8e+01 -8e+01 -8e+01","1 0 0","34 34 34",0,0,0.00,0.00,0,0,0,0
48.900,6,0.000,0.000,0.000,3,3,-78.353,"-76.3 -81.5 -77.3","0.000 0.000 0.000",-93.966,-61.600,"-63.4 -62.2 -61.6 -61.3 -61.3 -61.6 -62.2 -63.4",33.973,958,0,1016,2130,"-8e+01 -8e+01 -8e+01","1 0 0","34 34 34",0,0,0.00,0.00,0,0,0,0
49.000,6,0.000,0.000,0.000,3,3,-78.353,"-76.3 -81.5 -77.3","0.000 0.000 0.000",-93.966,-61.600,"-63.4 -62.2 -61.6 -61.3 -61.3 -61.6 -62.2 -63.4",34.073,960,0,1016,2134,"-8e+01 -8e+01 -8e+01","1 0 0","34 34 34",0,0,0.00,0.00,0,0,0,0
49.100,6,0.000,0.000,0.000,3,3,-78.353,"-76.3 -81.5 -77.3","0.000 0.000 0.000",-93.966,-61.600,"-63.4 -62.2 -61.6 -61.3 -61.3 -61.6 -62.2 -63.4",34.173,962,0,1016,2138,"-8e+01 -8e+01 -8e+01","1 0 0","34 34 34",0,0,0.00,0.00,0,0,0,0
49.200,6,0.000,0.000,0.000,3,3,-78.353,"-76.3 -81.5 -77.3","0.000 0.000 0.000",-93.966,-61.600,"-63.4 -62.2 -61.6 -61.3 -61.3 -61.6 -62.2 -63.4",34.273,964,0,1016,2142,"-8e+01 -8e+01 -8e+01","1 0 0","34 34 34",0,0,0.00,0.00,0,0,0,0
49.300,6,0.000,0.000,0.000,3,3,-78.353,"-76.3 -81.5 -77.3","0.000 0.000 0.000",-93.966,-61.600,"-63.4 -62.2 -61.6 -61.3 -61.3 -61.6 -62.2 -63.4",34.373,966,0,1016,2146,"-8e+01 -8e+01 -8e+01","1 0 0","34 34 34",0,0,0.00,0.00,0,0,0,0
49.400,6,0.000,0.000,0.000,3,3,-78.353,"-76.3 -81.5 -77.3","0.000 0.000 0.000",-93.966,-61.600,"-63.4 -62.2 -61.6 -61.3 -61.3 -61.6 -62.2 -63.4",34.473,968,0,1016,2150,"-8e+01 -8e+01 -8e+01","1 0 0","34 34 34",0,0,0.00,0.00,0,0,0,0
49.500,6,0.000,0.000,0.000,3,3,-78.353,"-76.3 -81.5 -77.3","0.000 0.000 0.000",-93.966,-61.600,"-63.4 -62.2 -61.6 -61.3 -61.3 -61.6 -62.2 -63.4",34.573,970,0,1016,2154,"-8e+01 -8e+01 -8e+01","1 0 0","35 35 35",0,0,0.00,0.00,0,0,0,0
49.600,6,0.000,0.000,0.000,3,3,-78.353,"-76.3 -81.5 -77.3","0.000 0.000 0.000",-93.966,-61.600,"-63.4 -62.2 -61.6 -61.3 -61.3 -61.6 -62.2 -63.4",34.673,972,0,1016,2158,"-8e+01 -8e+01 -8e+01","1 0 0","35 35 35",0,0,0.00,0.00,0,0,0,0
49.700,6,0.000,0.000,0.000,3,3,-78.353,"-76.3 -81.5 -77.3","0.000 0.000 0.000",-93.966,-61.600,"-63.4 -62.2 -61.6 -61.3 -61.3 -61.6 -62.2 -63.4",34.773,974,0,1016,2162,"-8e+01 -8e+01 -8e+01","1 0 0","35 35 35",0,0,0.00,0.00,0,0,0,0
49.800,6,0.000,0.000,0.000,3,3,-78.353,"-76.3 -81.5 -77.3","0.000 0.000 0.000",-93.966,-61.600,"-63.4 -62.2 -61.6 -61.3 -61.3 -61.6 -62.2 -63.4",34.873,976,0,1016,2166,"-8e+01 -8e+01 -8e+01","1 0 0","35 35 35",0,0,0.00,0.00,0,0,0,0
49.900,6,0.000,0.000,0.000,3,3,-78.353,"-76.3 -81.5 -77.3","0.000 0.000 0.000",-93.966,-61.600,"-63.4 -62.2 -61.6 -61.3 -61.3 -61.6 -62.2 -63.4",34.973,978,0,1016,2170,"-8e+01 -8e+01 -8e+01","1 0 0","35 35 35",0,0,0.00,0.00,0,0,0,0
50.000,6,0.000,0.000,0.000,3,3,-78.353,"-76.3 -81.5 -77.3","0.000 0.000 0.000",-93.966,-61.600,"-63.4 -62.2 -61.6 -61.3 -61.3 -61.6 -62.2 -63.4",35.073,980,0,1016,2174,"-8e+01 -8e+01 -8e+01","1 0 0","35 35 35",0,0,0.00,0.00,0,0,0,0
50.100,6,0.000,0.000,0.000,3,3,-78.353,"-76.3 -81.5 -77.3","0.000 0.000 0.000",-93.966,-61.600,"-63.4 -62.2 -61.6 -61.3 -61.3 -61.6 -62.2 -63.4",35.173,982,0,1016,2180,"-8e+01 -8e+01 -8e+01","1 0 0","35 35 35",0,0,0.00,0.00,0,0,0,0
50.200,6,0.000,0.000,0.000,3,3,-78.353,"-76.3 -81.5 -77.3","0.000 0.000 0.000",-93.966,-61.600,"-63.4 -62.2 -61.6 -61.3 -61.3 -61.6 -62.2 -63.4",35.273,984,0,1016,2184,"-8e+01 -8e+01 -8e+01","1 0 0","35 35 35",0,0,0.00,0.00,0,0,0,0
50.300,6,0.000,0.000,0.000,3,3,-78.353,"-76.3 -81.5 -77.3","0.000 0.000 0.000",-93.966,-61.600,"-63.4 -62.2 -61.6 -61.3 -61.3 -61.6 -62.2 -63.4",35.373,986,0,1016,2189,"-8e+01 -8e+01 -8e+01","1 0 0","35 35 35",0,0,0.00,0.00,0,0,0,0
50.400,6,0.000,0.000,0.000,3,3,-78.353,"-76.3 -81.5 -77.3","0.000 0.000 0.000",-93.966,-61.600,"-63.4 -62.2 -61.6 -61.3 -61.3 -61.6 -62.2 -63.4",35.473,988,0,1016,2194,"-8e+01 -8e+01 -8e+01","1 0 0","35 35 35",0,0,0.00,0.00,0,0,0,0
50.500,6,0.000,0.000,0.000,3,3,-78.353,"-76.3 -81.5 -77.3","0.000 0.000 0.000",-93.966,-61.600,"-63.4 -62.2 -61.6 -61.3 -61.3 -61.6 -62.2 -63.4",35.573,990,0,1016,2198,"-8e+01 -8e+01 -8e+01","1 0 0","36 36 36",0,0,0.00,0.00,0,0,0,0
50.600,6,0.000,0.000,0.000,3,3,-78.353,"-76.3 -81.5 -77.3","0.000 0.000 0.000",-93.966,-61.600,"-63.4 -62.2 -61.6 -61.3 -61.3 -61.6 -62.2 -63.4",35.673,992,0,1016,2202,"-8e+01 -8e+01 -8e+01","1 0 0","36 36 36",0,0,0.00,0.00,0,0,0,0
50.700,6,0.000,0.000,0.000,3,3,-78.353,"-76.3 -81.5 -77.3","0.000 0.000 0.000",-93.966,-61.600,"-63.4 -62.2 -61.6 -61.3 -61.3 -61.6 -62.2 -63.4",35.773,994,0,1016,2206,"-8e+01 -8e+01 -8e+01","1 0 0","36 36 36",0,0,0.00,0.00,0,0,0,0
50.800,6,0.000,0.000,0.000,3,3,-78.353,"-76.3 -81.5 -77.3","0.000 0.000 0.000",-93.966,-61.600,"-63.4 -62.2 -61.6 -61.3 -61.3 -61.6 -62.2 -63.4",35.873,996,0,1016,2210,"-8e+01 -8e+01 -8e+01","1 0 0","36 36 36",0,0,0.00,0.00,0,0,0,0
50.900,6,0.000,0.000,0.000,3,3,-78.353,"-76.3 -81.5 -77.3","0.000 0.000 0.000",-93.966,-61.600,"-63.4 -62.2 -61.6 -61.3 -61.3 -61.6 -62.2 -63.4",35.973,998,0,1016,2214,"-8e+01 -8e+01 -8e+01","1 0 0","36 36 36",0,0,0.00,0.00,0,0,0,0
51.000,6,0.000,0.000,0.000,3,3,-78.353,"-76.3 -81.5 -77.3","0.000 0.000 0.000",-93.966,-61.600,"-63.4 -62.2 -61.6 -61.3 -61.3 -61.6 -62.2 -63.4",36.073,1000,0,1016,2218,"-8e+01 -8e+01 -8e+01","1 0 0","36 36 36",0,0,0.00,0.00,0,0,0,0
51.100,6,0.000,0.000,0.000,3,3,-78.353,"-76.3 -81.5 -77.3","0.000 0.000 0.000",-93.966,-61.600,"-63.4 -62.2 -61.6 -61.3 -61.3 -61.6 -62.2 -63.4",36.173,1002,0,1016,2222,"-8e+01 -8e+01 -8e+01","1 0 0","36 36 36",0,0,0.00,0.00,0,0,0,0
51.200,6,0.000,0.000,0.000,3,3,-78.353,"-76.3 -81.5 -77.3","0.000 0.000 0.000",-93.966,-61.600,"-63.4 -62.2 -61.6 -61.3 -61.3 -61.6 -62.2 -63.4",36.273,1004,0,1016,2226,"-8e+01 -8e+01 -8e+01","1 0 0","36 36 36",0,0,0.00,0.00,0,0,0,0
51.300,6,0.000,0.000,0.000,3,3,-78.353,"-76.3 -81.5 -77.3","0.000 0.000 0.000",-93.966,-61.600,"-63.4 -62.2 -61.6 -61.3 -61.3 -61.6 -62.2 -63.4",36.373,1006,0,1016,2230,"-8e+01 -8e+01 -8e+01","1 0 0","36 36 36",0,0,0.00,0.00,0,0,0,0
51.400,6,0.000,0.000,0.000,3,3,-78.353,"-76.3 -81.5 -77.3","0.000 0.000 0.000",-93.966,-61.600,"-63.4 -62.2 -61.6 -61.3 -61.3 -61.6 -62.2 -63.4",36.473,1008,0,1016,2234,"-8e+01 -8e+01 -8e+01","1 0 0","36 36 36",0,0,0.00,0.00,0,0,0,0
51.500,6,0.000,0.000,0.000,3,3,-78.353,"-76.3 -81.5 -77.3","0.000 0.000 0.000",-93.966,-61.600,"-63.4 -62.2 -61.6 -61.3 -61.3 -61.6 -62.2 -63.4",36.573,1010,0,1016,2238,"-8e+01 -8e+01 -8e+01","1 0 0","37 37 37",0,0,0.00,0.00,0,0,0,0
51.600,6,0.000,0.000,0.000,3,3,-78.353,"-76.3 -81.5 -77.3","0.000 0.000 0.000",-93.966,-61.600,"-63.4 -62.2 -61.6 -61.3 -61.3 -61.6 -62.2 -63.4",36.673,1012,0,1016,2242,"-8e+01 -8e+01 -8e+01","1 0 0","37 37 37",0,0,0.00,0.00,0,0,0,0
51.700,6,0.000,0.000,0.000,3,3,-78.353,"-76.3 -81.5 -77.3","0.000 0.000 0.000",-93.966,-61.600,"-63.4 -62.2 -61.6 -61.3 -61.3 -61.6 -62.2 -63.4",36.773,1014,0,1016,2246,"-8e+01 -8e+01 -8e+01","1 0 0","37 37 37",0,0,0.00,0.00,0,0,0,0
51.800,6,0.000,0.000,0.000,3,3,-78.353,"-76.3 -81.5 -77.3","0.000 0.000 0.000",-93.966,-61.600,"-63.4 -62.2 -61.6 -61.3 -61.3 -61.6 -62.2 -63.4",36.873,1016,0,1016,2250,"-8e+01 -8e+01 -8e+01","1 0 0","37 37 37",0,0,0.00,0.00,0,0,0,0
51.900,6,0.000,0.000,0.000,3,3,-78.353,"-76.3 -81.5 -77.3","0.000 0.000 0.000",-93.966,-61.600,"-63.4 -62.2 -61.6 -61.3 -61.3 -61.6 -62.2 -63.4",36.973,1018,0,1016,2254,"-8e+01 -8e+01 -8e+01","1 0 0","37 37 37",0,0,0.00,0.00,0,0,0,0
52.000,6,0.000,0.000,0.000,3,3,-78.353,"-76.3 -81.5 -77.3","0.000 0.000 0.000",-93.966,-61.600,"-63.4 -62.2 -61.6 -61.3 -61.3 -61.6 -62.2 -63.4",37.073,1020,0,1016,2258,"-8e+01 -8e+01 -8e+01","1 0 0","37 37 37",0,0,0.00,0.00,0,0,0,0
52.100,6,0.000,0.000,0.000,3,3,-78.353,"-76.3 -81.5 -77.3","0.000 0.000 0.000",-93.966,-61.600,"-63.4 -62.2 -61.6 -61.3 -61.3 -61.6 -62.2 -63.4",37.173,1022,0,1016,2265,"-8e+01 -8e+01 -8e+01","1 0 0","37 37 37",0,0,0.00,0.00,0,0,0,0
52.200,6,0.000,0.000,0.000,3,3,-78.353,"-76.3 -81.5 -77.3","0.000 0.000 0.000",-93.966,-61.600,"-63.4 -62.2 -61.6 -61.3 -61.3 -61.6 -62.2 -63.4",37.273,1024,0,1016,2269,"-8e+01 -8e+01 -8e+01","1 0 0","37 37 37",0,0,0.00,0.00,0,0,0,0
52.300,6,0.000,0.000,0.000,3,3,-78.353,"-76.3 -81.5 -77.3","0.000 0.000 0.000",-93.966,-61.600,"-63.4 -62.2 -61.6 -61.3 -61.3 -61.6 -62.2 -63.4",37.373,1026,0,1016,2273,"-8e+01 -8e+01 -8e+01","1 0 0","37 37 37",0,0,0.00,0.00,0,0,0,0
52.400,6,0.000,0.000,0.000,3,3,-78.353,"-76.3 -81.5 -77.3","0.000 0.000 0.000",-93.966,-61.600,"-63.4 -62.2 -61.6 -61.3 -61.3 -61.6 -62.2 -63.4",37.473,1028,0,1016,2277,"-8e+01 -8e+01 -8e+01","1 0 0","37 37 37",0,0,0.00,0.00,0,0,0,0
52.500,6,0.000,0.000,0.000,3,3,-78.353,"-76.3 -81.5 -77.3","0.000 0.000 0.000",-93.966,-61.600,"-63.4 -62.2 -61.6 -61.3 -61.3 -61.6 -62.2 -63.4",37.573,1030,0,1016,2282,"-8e+01 -8e+01 -8e+01","1 0 0","38 38 38",0,0,0.00,0.00,0,0,0,0
52.600,6,0.000,0.000,0.000,3,3,-78.353,"-76.3 -81.5 -77.3","0.000 0.000 0.000",-93.966,-61.600,"-63.4 -62.2 -61.6 -61.3 -61.3 -61.6 -62.2 -63.4",37.673,1032,0,1016,2286,"-8e+01 -8e+01 -8e+01","1 0 0","38 38 38",0,0,0.00,0.00,0,0,0,0
52.700,6,0.000,0.000,0.000,3,3,-78.353,"-76.3 -81.5 -77.3","0.000 0.000 0.000",-93.966,-61.600,"-63.4 -62.2 -61.6 -61.3 -61.3 -61.6 -62.2 -63.4",37.773,1034,0,1016,2290,"-8e+01 -8e+01 -8e+01","1 0 0","38 38 38",0,0,0.00,0.00,0,0,0,0
52.800,6,0.000,0.000,0.000,3,3,-78.353,"-76.3 -81.5 -77.3","0.000 0.000 0.000",-93.966,-61.600,"-63.4 -62.2 -61.6 -61.3 -61.3 -61.6 -62.2 -63.4",37.873,1036,0,1016,2294,"-8e+01 -8e+01 -8e+01","1 0 0","38 38 38",0,0,0.00,0.00,0,0,0,0
52.900,6,0.000,0.000,0.000,3,3,-78.353,"-76.3 -81.5 -77.3","0.000 0.000 0.000",-93.966,-61.600,"-63.4 -62.2 -61.6 -61.3 -61.3 -61.6 -62.2 -63.4",37.973,1038,0,1016,2298,"-8e+01 -8e+01 -8e+01","1 0 0","38 38 38",0,0,0.00,0.00,0,0,0,0
53.000,6,0.000,0.000,0.000,3,3,-78.353,"-76.3 -81.5 -77.3","0.000 0.000 0.000",-93.966,-61.600,"-63.4 -62.2 -61.6 -61.3 -61.3 -61.6 -62.2 -63.4",38.073,1040,0,1016,2302,"-8e+01 -8e+01 -8e+01","1 0 0","38 38 38",0,0,0.00,0.00,0,0,0,0
53.100,6,0.000,0.000,0.000,3,3,-78.353,"-76.3 -81.5 -77.3","0.000 0.000 0.000",-93.966,-61.600,"-63.4 -62.2 -61.6 -61.3 -61.3 -61.6 -62.2 -63.4",38.173,1042,0,1016,2306,"-8e+01 -8e+01 -8e+01","1 0 0","38 38 38",0,0,0.00,0.00,0,0,0,0
53.200,6,0.000,0.000,0.000,3,3,-78.353,"-76.3 -81.5 -77.3","0.000 0.000 0.000",-93.966,-61.600,"-63.4 -62.2 -61.6 -61.3 -61.3 -61.6 -62.2 -63.4",38.273,1044,0,1016,2310,"-8e+01 -8e+01 -8e+01","1 0 0","38 38 38",0,0,0.00,0.00,0,0,0,0
53.300,6,0.000,0.000,0.000,3,3,-78.353,"-76.3 -81.5 -77.3","0.000 0.000 0.000",-93.966,-61.600,"-63.4 -62.2 -61.6 -61.3 -61.3 -61.6 -62.2 -63.4",38.373,1046,0,1016,2314,"-8e+01 -8e+01 -8e+01","1 0 0","38 38 38",0,0,0.00,0.00,0,0,0,0
53.400,6,0.000,0.000,0.000,3,3,-78.353,"-76.3 -81.5 -77.3","0.000 0.000 0.000",-93.966,-61.600,"-63.4 -62.2 -61.6 -61.3 -61.3 -61.6 -62.2 -63.4",38.473,1048,0,1016,2318,"-8e+01 -8e+01 -8e+01","1 0 0","38 38 38",0,0,0.00,0.00,0,0,0,0
53.500,6,0.000,0.000,0.000,3,3,-78.353,"-76.3 -81.5 -77.3","0.000 0.000 0.000",-93.966,-61.600,"-63.4 -62.2 -61.6 -61.3 -61.3 -61.6 -62.2 -63.4",38.573,1050,0,1016,2322,"-8e+01 -8e+01 -8e+01","1 0 0","39 39 39",0,0,0.00,0.00,0,0,0,0
53.600,6,0.000,0.000,0.000,3,3,-78.353,"-76.3 -81.5 -77.3","0.000 0.000 0.000",-93.966,-61.600,"-63.4 -62.2 -61.6 -61.3 -61.3 -61.6 -62.2 -63.4",38.673,1052,0,1016,2326,"-8e+01 -8e+01 -8e+01","1 0 0","39 39 39",0,0,0.00,0.00,0,0,0,0
53.700,6,0.000,0.000,0.000,3,3,-78.353,"-76.3 -81.5 -77.3","0.000 0.000 0.000",-93.966,-61.600,"-63.4 -62.2 -61.6 -61.3 -61.3 -61.6 -62.2 -63.4",38.773,1054,0,1016,2330,"-8e+01 -8e+01 -8e+01","1 0 0","39 39 39",0,0,0.00,0.00,0,0,0,0
53.800,6,0.000,0.000,0.000,3,3,-78.353,"-76.3 -81.5 -77.3","0.000 0.000 0.000",-93.966,-61.600,"-63.4 -62.2 -61.6 -61.3 -61.3 -61.6 -62.2 -63.4",38.873,1056,0,1016,2334,"-8e+01 -8e+01 -8e+01","1 0 0","39 39 39",0,0,0.00,0.00,0,0,0,0
53.900,6,0.000,0.000,0.000,3,3,-78.353,"-76.3 -81.5 -77.3","0.000 0.000 0.000",-93.966,-61.600,"-63.4 -62.2 -61.6 -61.3 -61.3 -61.6 -62.2 -63.4",38.973,1058,0,1016,2338,"-8e+01 -8e+01 -8e+01","1 0 0","39 39 39",0,0,0.00,0.00,0,0,0,0
54.000,6,0.000,0.000,0.000,3,3,-78.353,"-76.3 -81.5 -77.3","0.000 0.000 0.000",-93.966,-61.600,"-63.4 -62.2 -61.6 -61.3 -61.3 -61.6 -62.2 -63.4",39.073,1060,0,1016,2342,"-8e+01 -8e+01 -8e+01","1 0 0","39 39 39",0,0,0.00,0.00,0,0,0,0
54.100,6,0.000,0.000,0.000,3,3,-78.353,"-76.3 -81.5 -77.3","0.000 0.000 0.000",-93.966,-61.600,"-63.4 -62.2 -61.6 -61.3 -61.3 -61.6 -62.2 -63.4",39.173,1062,0,1016,2346,"-8e+01 -8e+01 -8e+01","1 0 0","39 39 39",0,0,0.00,0.00,0,0,0,0
54.200,6,0.000,0.000,0.000,3,3,-78.353,"-76.3 -81.5 -77.3","0.000 0.000 0.000",-93.966,-61.600,"-63.4 -62.2 -61.6 -61.3 -61.3 -61.6 -62.2 -63.4",39.273,1064,0,1016,2352,"-8e+01 -8e+01 -8e+01","1 0 0","39 39 39",0,0,0.00,0.00,0,0,0,0
54.300,6,0.000,0.000,0.000,3,3,-78.353,"-76.3 -81.5 -77.3","0.000 0.000 0.000",-93.966,-61.600,"-63.4 -62.2 -61.6 -61.3 -61.3 -61.6 -62.2 -63.4",39.373,1066,0,1016,2357,"-8e+01 -8e+01 -8e+01","1 0 0","39 39 39",0,0,0.00,0.00,0,0,0,0
54.400,6,0.000,0.000,0.000,3,3,-78.353,"-76.3 -81.5 -77.3","0.000 0.000 0.000",-93.966,-61.600,"-63.4 -62.2 -61.6 -61.3 -61.3 -61.6 -62.2 -63.4",39.473,1068,0,1016,2361,"-8e+01 -8e+01 -8e+01","1 0 0","39 39 39",0,0,0.00,0.00,0,0,0,0
54.500,6,0.000,0.000,0.000,3,3,-78.353,"-76.3 -81.5 -77.3","0.000 0.000 0.000",-93.966,-61.600,"-63.4 -62.2 -61.6 -61.3 -61.3 -61.6 -62.2 -63.4",39.573,1070,0,1016,2366,"-8e+01 -8e+01 -8e+01","1 0 0","40 40 40",0,0,0.00,0.00,0,0,0,0
54.600,6,0.000,0.000,0.000,3,3,-78.353,"-76.3 -81.5 -77.3","0.000 0.000 0.000",-93.966,-61.600,"-63.4 -62.2 -61.6 -61.3 -61.3 -61.6 -62.2 -63.4",39.673,1072,0,1016,2370,"-8e+01 -8e+01 -8e+01","1 0 0","40 40 40",0,0,0.00,0.00,0,0,0,0
54.700,6,0.000,0.000,0.000,3,3,-78.353,"-76.3 -81.5 -77.3","0.000 0.000 0.000",-93.966,-61.600,"-63.4 -62.2 -61.6 -61.3 -61.3 -61.6 -62.2 -63.4",39.773,1074,0,1016,2374,"-8e+01 -8e+01 -8e+01","1 0 0","40 40 40",0,0,0.00,0.00,0,0,0,0
54.800,6,0.000,0.000,0.000,3,3,-78.353,"-76.3 -81.5 -77.3","0.000 0.000 0.000",-93.966,-61.600,"-63.4 -62.2 -61.6 -61.3 -61.3 -61.6 -62.2 -63.4",39.873,1076,0,1016,2378,"-8e+01 -8e+01 -8e+01","1 0 0","40 40 40",0,0,0.00,0.00,0,0,0,0
54.900,6,0.000,0.000,0.000,3,3,-78.353,"-76.3 -81.5 -77.3","0.000 0.000 0.000",-93.966,-61.600,"-63.4 -62.2 -61.6 -61.3 -61.3 -61.6 -62.2 -63.4",39.973,1078,0,1016,2382,"-8e+01 -8e+01 -8e+01","1 0 0","40 40 40",0,0,0.00,0.00,0,0,0,0
55.000,6,0.000,0.000,0.000,3,3,-78.353,"-76.3 -81.5 -77.3","0.000 0.000 0.000",-93.966,-61.600,"-63.4 -62.2 -61.6 -61.3 -61.3 -61.6 -62.2 -63.4",40.073,1080,0,1016,2386,"-8e+01 -8e+01 -8e+01","1 0 0","40 40 40",0,0,0.00,0.00,0,0,0,0
55.100,6,0.000,0.000,0.000,3,3,-78.353,"-76.3 -81.5 -77.3","0.000 0.000 0.000",-93.966,-61.600,"-63.4 -62.2 -61.6 -61.3 -61.3 -61.6 -62.2 -63.4",40.173,1082,0,1016,2390,"-8e+01 -8e+01 -8e+01","1 0 0","40 40 40",0,0,0.00,0.00,0,0,0,0
55.200,6,0.000,0.000,0.000,3,3,-78.353,"-76.3 -81.5 -77.3","0.000 0.000 0.000",-93.966,-61.600,"-63.4 -62.2 -61.6 -61.3 -61.3 -61.6 -62.2 -63.4",40.273,1084,0,1016,2394,"-8e+01 -8e+01 -8e+01","1 0 0","40 40 40",0,0,0.00,0.00,0,0,0,0
55.300,6,0.000,0.000,0.000,3,3,-78.353,"-76.3 -81.5 -77.3","0.000 0.000 0.000",-93.966,-61.600,"-63.4 -62.2 -61.6 -61.3 -61.3 -61.6 -62.2 -63.4",40.373,1086,0,1016,2398,"-8e+01 -8e+01 -8e+01","1 0 0","40 40 40",0,0,0.00,0.00,0,0,0,0
55.400,6,0.000,0.000,0.000,3,3,-78.353,"-76.3 -81.5 -77.3","0.000 0.000 0.000",-93.966,-61.600,"-63.4 -62.2 -61.6 -61.3 -61.3 -61.6 -62.2 -63.4",40.473,1088,0,1016,2402,"-8e+01 -8e+01 -8e+01","1 0 0","40 40 40",0,0,0.00,0.00,0,0,0,0
55.500,6,0.000,0.000,0.000,3,3,-78.353,"-76.3 -81.5 -77.3","0.000 0.000 0.000",-93.966,-61.600,"-63.4 -62.2 -61.6 -61.3 -61.3 -61.6 -62.2 -63.4",40.573,1090,0,1016,2406,"-8e+01 -8e+01 -8e+01","1 0 0","41 41 41",0,0,0.00,0.00,0,0,0,0
55.600,6,0.000,0.000,0.000,3,3,-78.353,"-76.3 -81.5 -77.3","0.000 0.000 0.000",-93.966,-61.600,"-63.4 -62.2 -61.6 -61.3 -61.3 -61.6 -62.2 -63.4",40.673,1092,0,1016,2410,"-8e+01 -8e+01 -8e+01","1 0 0","41 41 41",0,0,0.00,0.00,0,0,0,0
55.700,6,0.000,0.000,0.000,3,3,-78.353,"-76.3 -81.5 -77.3","0.000 0.000 0.000",-93.966,-61.600,"-63.4 -62.2 -61.6 -61.3 -61.3 -61.6 -62.2 -63.4",40.773,1094,0,1016,2414,"-8e+01 -8e+01 -8e+01","1 0 0","41 41 41",0,0,0.00,0.00,0,0,0,0
55.800,6,0.000,0.000,0.000,3,3,-78.353,"-76.3 -81.5 -77.3","0.000 0.000 0.000",-93.966,-61.600,"-63.4 -62.2 -61.6 -61.3 -61.3 -61.6 -62.2 -63.4",40.873,1096,0,1016,2418,"-8e+01 -8e+01 -8e+01","1 0 0","41 41 41",0,0,0.00,0.00,0,0,0,0
55.900,6,0.000,0.000,0.000,3,3,-78.353,"-76.3 -81.5 -77.3","0.000 0.000 0.000",-93.966,-61.600,"-63.4 -62.2 -61.6 -61.3 -61.3 -61.6 -62.2 -63.4",40.973,1098,0,1016,2422,"-8e+01 -8e+01 -8e+01","1 0 0","41 41 41",0,0,0.00,0.00,0,0,0,0
56.000,6,0.000,0.000,0.000,3,3,-78.353,"-76.3 -81.5 -77.3","0.000 0.000 0.000",-93.966,-61.600,"-63.4 -62.2 -61.6 -61.3 -61.3 -61.6 -62.2 -63.4",41.073,1100,0,1016,2426,"-8e+01 -8e+01 -8e+01","1 0 0","41 41 41",0,0,0.00,0.00,0,0,0,0
56.100,6,0.000,0.000,0.000,3,3,-78.353,"-76.3 -81.5 -77.3","0.000 0.000 0.000",-93.966,-61.600,"-63.4 -62.2 -61.6 -61.3 -61.3 -61.6 -62.2 -63.4",41.173,1102,0,1016,2430,"-8e+01 -8e+01 -8e+01","1 0 0","41 41 41",0,0,0.00,0.00,0,0,0,0
56.200,6,0.000,0.000,0.000,3,3,-78.353,"-76.3 -81.5 -77.3","0.000 0.000 0.000",-93.966,-61.600,"-63.4 -62.2 -61.6 -61.3 -61.3 -61.6 -62.2 -63.4",41.273,1104,0,1016,2435,"-8e+01 -8e+01 -8e+01","1 0 0","41 41 41",0,0,0.00,0.00,0,0,0,0
56.300,6,0.000,0.000,0.000,3,3,-78.353,"-76.3 -81.5 -77.3","0.000 0.000 0.000",-93.966,-61.600,"-63.4 -62.2 -61.6 -61.3 -61.3 -61.6 -62.2 -63.4",41.373,1106,0,1016,2439,"-8e+01 -8e+01 -8e+01","1 0 0","41 41 41",0,0,0.00,0.00,0,0,0,0
56.400,6,0.000,0.000,0.000,3,3,-78.353,"-76.3 -81.5 -77.3","0.000 0.000 0.000",-93.966,-61.600,"-63.4 -62.2 -61.6 -61.3 -61.3 -61.6 -62.2 -63.4",41.473,1108,0,1016,2446,"-8e+01 -8e+01 -8e+01","1 0 0","41 41 41",0,0,0.00,0.00,0,0,0,0
56.500,6,0.000,0.000,0.000,3,3,-78.353,"-76.3 -81.5 -77.3","0.000 0.000 0.000",-93.966,-61.600,"-63.4 -62.2 -61.6 -61.3 -61.3 -61.6 -62.2 -63.4",41.573,1110,0,1016,2450,"-8e+01 -8e+01 -8e+01","1 0 0","42 42 42",0,0,0.00,0.00,0,0,0,0
56.600,6,0.000,0.000,0.000,3,3,-78.353,"-76.3 -81.5 -77.3","0.000 0.000 0.000",-93.966,-61.600,"-63.4 -62.2 -61.6 -61.3 -61.3 -61.6 -62.2 -63.4",41.673,1112,0,1016,2454,"-8e+01 -8e+01 -8e+01","1 0 0","42 42 42",0,0,0.00,0.00,0,0,0,0
56.700,6,0.000,0.000,0.000,3,3,-78.353,"-76.3 -81.5 -77.3","0.000 0.000 0.000",-93.966,-61.600,"-63.4 -62.2 -61.6 -61.3 -61.3 -61.6 -62.2 -63.4",41.773,1114,0,1016,2458,"-8e+01 -8e+01 -8e+01","1 0 0","42 42 42",0,0,0.00,0.00,0,0,0,0
56.800,6,0.000,0.000,0.000,3,3,-78.353,"-76.3 -81.5 -77.3","0.000 0.000 0.000",-93.966,-61.600,"-63.4 -62.2 -61.6 -61.3 -61.3 -61.6 -62.2 -63.4",41.873,1116,0,1016,2462,"-8e+01 -8e+01 -8e+01","1 0 0","42 42 42",0,0,0.00,0.00,0,0,0,0
56.900,6,0.000,0.000,0.000,3,3,-78.353,"-76.3 -81.5 -77.3","0.000 0.000 0.000",-93.966,-61.600,"-63.4 -62.2 -61.6 -61.3 -61.3 -61.6 -62.2 -63.4",41.973,1118,0,1016,2466,"-8e+01 -8e+01 -8e+01","1 0 0","42 42 42",0,0,0.00,0.00,0,0,0,0
57.000,6,0.000,0.000,0.000,3,3,-78.353,"-76.3 -81.5 -77.3","0.000 0.000 0.000",-93.966,-61.600,"-63.4 -62.2 -61.6 -61.3 -61.3 -61.6 -62.2 -63.4",42.073,1120,0,1016,2470,"-8e+01 -8e+01 -8e+01","1 0 0","42 42 42",0,0,0.00,0.00,0,0,0,0
57.100,6,0.000,0.000,0.000,3,3,-78.353,"-76.3 -81.5 -77.3","0.000 0.000 0.000",-93.966,-61.600,"-63.4 -62.2 -61.6 -61.3 -61.3 -61.6 -62.2 -63.4",42.173,1122,0,1016,2474,"-8e+01 -8e+01 -8e+01","1 0 0","42 42 42",0,0,0.00,0.00,0,0,0,0
57.200,6,0.000,0.000,0.000,3,3,-78.353,"-76.3 -81.5 -77.3","0.000 0.000 0.000",-93.966,-61.600,"-63.4 -62.2 -61.6 -61.3 -61.3 -61.6 -62.2 -63.4",42.273,1124,0,1016,2478,"-8e+01 -8e+01 -8e+01","1 0 0","42 42 42",0,0,0.00,0.00,0,0,0,0
57.300,6,0.000,0.000,0.000,3,3,-78.353,"-76.3 -81.5 -77.3","0.000 0.000 0.000",-93.966,-61.600,"-63.4 -62.2 -61.6 -61.3 -61.3 -61.6 -62.2 -63.4",42.373,1126,0,1016,2482,"-8e+01 -8e+01 -8e+01","1 0 0","42 42 42",0,0,0.00,0.00,0,0,0,0
57.400,6,0.000,0.000,0.000,3,3,-78.353,"-76.3 -81.5 -77.3","0.000 0.000 0.000",-93.966,-61.600,"-63.4 -62.2 -61.6 -61.3 -61.3 -61.6 -62.2 -63.4",42.473,1128,0,1016,2486,"-8e+01 -8e+01 -8e+01","1 0 0","42 42 42",0,0,0.00,0.00,0,0,0,0
57.500,6,0.000,0.000,0.000,3,3,-78.353,"-76.3 -81.5 -77.3","0.000 0.000 0.000",-93.966,-61.600,"-63.4 -62.2 -61.6 -61.3 -61.3 -61.6 -62.2 -63.4",42.573,1130,0,1016,2490,"-8e+01 -8e+01 -8e+01","1 0 0","43 43 43",0,0,0.00,0.00,0,0,0,0
57.600,6,0.000,0.000,0.000,3,3,-78.353,"-76.3 -81.5 -77.3","0.000 0.000 0.000",-93.966,-61.600,"-63.4 -62.2 -61.6 -61.3 -61.3 -61.6 -62.2 -63.4",42.673,1132,0,1016,2494,"-8e+01 -8e+01 -8e+01","1 0 0","43 43 43",0,0,0.00,0.00,0,0,0,0
57.700,6,0.000,0.000,0.000,3,3,-78.353,"-76.3 -81.5 -77.3","0.000 0.000 0.000",-93.966,-61.600,"-63.4 -62.2 -61.6 -61.3 -61.3 -61.6 -62.2 -63.4",42.773,1134,0,1016,2498,"-8e+01 -8e+01 -8e+01","1 0 0","43 43 43",0,0,0.00,0.00,0,0,0,0
57.800,6,0.000,0.000,0.000,3,3,-78.353,"-76.3 -81.5 -77.3","0.000 0.000 0.000",-93.966,-61.600,"-63.4 -62.2 -61.6 -61.3 -61.3 -61.6 -62.2 -63.4",42.873,1136,0,1016,2502,"-8e+01 -8e+01 -8e+01","1 0 0","43 43 43",0,0,0.00,0.00,0,0,0,0
57.900,6,0.000,0.000,0.000,3,3,-78.353,"-76.3 -81.5 -77.3","0.000 0.000 0.000",-93.966,-61.600,"-63.4 -62.2 -61.6 -61.3 -61.3 -61.6 -62.2 -63.4",42.973,1138,0,1016,2506,"-8e+01 -8e+01 -8e+01","1 0 0","43 43 43",0,0,0.00,0.00,0,0,0,0
58.000,6,0.000,0.000,0.000,3,3,-78.353,"-76.3 -81.5 -77.3","0.000 0.000 0.000",-93.966,-61.600,"-63.4 -62.2 -61.6 -61.3 -61.3 -61.6 -62.2 -63.4",43.073,1140,0,1016,2510,"-8e+01 -8e+01 -8e+01","1 0 0","43 43 43",0,0,0.00,0.00,0,0,0,0
58.100,6,0.000,0.000,0.000,3,3,-78.353,"-76.3 -81.5 -77.3","0.000 0.000 0.000",-93.966,-61.600,"-63.4 -62.2 -61.6 -61.3 -61.3 -61.6 -62.2 -63.4",43.173,1142,0,1016,2515,"-8e+01 -8e+01 -8e+01","1 0 0","43 43 43",0,0,0.00,0.00,0,0,0,0
58.200,6,0.000,0.000,0.000,3,3,-78.353,"-76.3 -81.5 -77.3","0.000 0.000 0.000",-93.966,-61.600,"-63.4 -62.2 -61.6 -61.3 -61.3 -61.6 -62.2 -63.4",43.273,1144,0,1016,2519,"-8e+01 -8e+01 -8e+01","1 0 0","43 43 43",0,0,0.00,0.00,0,0,0,0
58.300,6,0.000,0.000,0.000,3,3,-78.353,"-76.3 -81.5 -77.3","0.000 0.000 0.000",-93.966,-61.600,"-63.4 -62.2 -61.6 -61.3 -61.3 -61.6 -62.2 -63.4",43.373,1146,0,1016,2523,"-8e+01 -8e+01 -8e+01","1 0 0","43 43 43",0,0,0.00,0.00,0,0,0,0
58.400,6,0.000,0.000,0.000,3,3,-78.353,"-76.3 -81.5 -77.3","0.000 0.000 0.000",-93.966,-61.600,"-63.4 -62.2 -61.6 -61.3 -61.3 -61.6 -62.2 -63.4",43.473,1148,0,1016,2528,"-8e+01 -8e+01 -8e+01","1 0 0","43 43 43",0,0,0.00,0.00,0,0,0,0
58.500,6,0.000,0.000,0.000,3,3,-78.353,"-76.3 -81.5 -77.3","0.000 0.000 0.000",-93.966,-61.600,"-63.4 -62.2 -61.6 -61.3 -61.3 -61.6 -62.2 -63.4",43.573,1150,0,1016,2534,"-8e+01 -8e+01 -8e+01","1 0 0","44 44 44",0,0,0.00,0.00,0,0,0,0
58.600,6,0.000,0.000,0.000,3,3,-78.353,"-76.3 -81.5 -77.3","0.000 0.000 0.000",-93.966,-61.600,"-63.4 -62.2 -61.6 -61.3 -61.3 -61.6 -62.2 -63.4",43.673,1152,0,1016,2538,"-8e+01 -8e+01 -8e+01","1 0 0","44 44 44",0,0,0.00,0.00,0,0,0,0
58.700,6,0.000,0.000,0.000,3,3,-78.353,"-76.3 -81.5 -77.3","0.000 0.000 0.000",-93.966,-61.600,"-63.4 -62.2 -61.6 -61.3 -61.3 -61.6 -62.2 -63.4",43.773,1154,0,1016,2542,"-8e+01 -8e+01 -8e+01","1 0 0","44 44 44",0,0,0.00,0.00,0,0,0,0
58.800,6,0.000,0.000,0.000,3,3,-78.353,"-76.3 -81.5 -77.3","0.000 0.000 0.000",-93.966,-61.600,"-63.4 -62.2 -61.6 -61.3 -61.3 -61.6 -62.2 -63.4",43.873,1156,0,1016,2546,"-8e+01 -8e+01 -8e+01","1 0 0","44 44 44",0,0,0.00,0.00,0,0,0,0
58.900,6,0.000,0.000,0.000,3,3,-78.353,"-76.3 -81.5 -77.3","0.000 0.000 0.000",-93.966,-61.600,"-63.4 -62.2 -61.6 -61.3 -61.3 -61.6 -62.2 -63.4",43.973,1158,0,1016,2550,"-8e+01 -8e+01 -8e+01","1 0 0","44 44 44",0,0,0.00,0.00,0,0,0,0
59.000,6,0.000,0.000,0.000,3,3,-78.353,"-76.3 -81.5 -77.3","0.000 0.000 0.000",-93.966,-61.600,"-63.4 -62.2 -61.6 -61.3 -61.3 -61.6 -62.2 -63.4",44.073,1160,0,1016,2554,"-8e+01 -8e+01 -8e+01","1 0 0","44 44 44",0,0,0.00,0.00,0,0,0,0
59.100,6,0.000,0.000,0.000,3,3,-78.353,"-76.3 -81.5 -77.3","0.000 0.000 0.000",-93.966,-61.600,"-63.4 -62.2 -61.6 -61.3 -61.3 -61.6 -62.2 -63.4",44.173,1162,0,1016,2558,"-8e+01 -8e+01 -8e+01","1 0 0","44 44 44",0,0,0.00,0.00,0,0,0,0
59.200,6,0.000,0.000,0.000,3,3,-78.353,"-76.3 -81.5 -77.3","0.000 0.000 0.000",-93.966,-61.600,"-63.4 -62.2 -61.6 -61.3 -61.3 -61.6 -62.2 -63.4",44.273,1164,0,1016,2562,"-8e+01 -8e+01 -8e+01","1 0 0","44 44 44",0,0,0.00,0.00,0,0,0,0
59.300,6,0.000,0.000,0.000,3,3,-78.353,"-76.3 -81.5 -77.3","0.000 0.000 0.000",-93.966,-61.600,"-63.4 -62.2 -61.6 -61.3 -61.3 -61.6 -62.2 -63.4",44.373,1166,0,1016,2566,"-8e+01 -8e+01 -8e+01","1 0 0","44 44 44",0,0,0.00,0.00,0,0,0,0
59.400,6,0.000,0.000,0.000,3,3,-78.353,"-76.3 -81.5 -77.3","0.000 0.000 0.000",-93.966,-61.600,"-63.4 -62.2 -61.6 -61.3 -61.3 -61.6 -62.2 -63.4",44.473,1168,0,1016,2570,"-8e+01 -8e+01 -8e+01","1 0 0","44 44 44",0,0,0.00,0.00,0,0,0,0
59.500,6,0.000,0.000,0.000,3,3,-78.353,"-76.3 -81.5 -77.3","0.000 0.000 0.000",-93.966,-61.600,"-63.4 -62.2 -61.6 -61.3 -61.3 -61.6 -62.2 -63.4",44.573,1170,0,1016,2574,"-8e+01 -8e+01 -8e+01","1 0 0","45 45 45",0,0,0.00,0.00,0,0,0,0
59.600,6,0.000,0.000,0.000,3,3,-78.353,"-76.3 -81.5 -77.3","0.000 0.000 0.000",-93.966,-61.600,"-63.4 -62.2 -61.6 -61.3 -61.3 -61.6 -62.2 -63.4",44.673,1172,0,1016,2578,"-8e+01 -8e+01 -8e+01","1 0 0","45 45 45",0,0,0.00,0.00,0,0,0,0
59.700,6,0.000,0.000,0.000,3,3,-78.353,"-76.3 -81.5 -77.3","0.000 0.000 0.000",-93.966,-61.600,"-63.4 -62.2 -61.6 -61.3 -61.3 -61.6 -62.2 -63.4",44.773,1174,0,1016,2582,"-8e+01 -8e+01 -8e+01","1 0 0","45 45 45",0,0,0.00,0.00,0,0,0,0
59.800,6,0.000,0.000,0.000,3,3,-78.353,"-76.3 -81.5 -77.3","0.000 0.000 0.000",-93.966,-61.600,"-63.4 -62.2 -61.6 -61.3 -61.3 -61.6 -62.2 -63.4",44.873,1176,0,1016,2586,"-8e+01 -8e+01 -8e+01","1 0 0","45 45 45",0,0,0.00,0.00,0,0,0,0
59.900,6,0.000,0.000,0.000,3,3,-78.353,"-76.3 -81.5 -77.3","0.000 0.000 0.000",-93.966,-61.600,"-63.4 -62.2 -61.6 -61.3 -61.3 -61.6 -62.2 -63.4",44.973,1178,0,1016,2590,"-8e+01 -8e+01 -8e+01","1 0 0","45 45 45",0,0,0.00,0.00,0,0,0,0
