t,channel,pdr_mean,pdr_worst,pdr_spread,n_links,links_degraded,rssi_mean,rssi_per_link,pdr_per_link,noise_dbm,meas_floor_dbm,band_power,hb_gap_max,data_tx,data_rx,rx_ok,rx_err,rev_rssi_per_link,rev_pdr_per_link,rev_age_per_link,tx_attempts,tx_acked,tx_defer_ms,tx_retry_depth,shadow_exp,shadow_miss,silent_exp,silent_miss
1.000,6,0.500,0.500,0.000,3,3,-78.473,"-76.6 -81.5 -77.3","0.500 0.500 0.500",-93.966,-100.820,"-100.8 -100.8 -100.8 -100.8 -100.8 -100.8 -100.8 -100.8",0.073,0,0,18,11,"-8e+01 -8e+01 -8e+01","1 0 0","0.073 0.048 0.023",5,5,0.01,0.00,0,0,12,0
1.100,6,1.000,1.000,0.000,3,0,-78.473,"-76.6 -81.5 -77.3","1.000 1.000 1.000",-93.966,-100.820,"-100.8 -100.8 -100.8 -100.8 -100.8 -100.8 -100.8 -100.8",0.073,2,0,21,13,"-8e+01 -8e+01 -8e+01","1 0 0","0.073 0.048 0.023",1,1,0.01,0.00,0,0,3,0
1.200,6,1.000,1.000,0.000,3,0,-78.473,"-76.6 -81.5 -77.3","1.000 1.000 1.000",-93.966,-100.820,"-100.8 -100.8 -100.8 -100.8 -100.8 -100.8 -100.8 -100.8",0.073,4,0,24,15,"-8e+01 -8e+01 -8e+01","1 0 0","0.073 0.048 0.023",1,1,0.01,0.00,0,0,3,0
1.300,6,1.000,1.000,0.000,3,0,-78.473,"-76.6 -81.5 -77.3","1.000 1.000 1.000",-93.966,-100.820,"-100.8 -100.8 -100.8 -100.8 -100.8 -100.8 -100.8 -100.8",0.073,6,0,27,17,"-8e+01 -8e+01 -8e+01","1 0 0","0.073 0.048 0.023",1,1,0.01,0.00,0,0,3,0
1.400,6,1.000,1.000,0.000,3,0,-78.473,"-76.6 -81.5 -77.3","1.000 1.000 1.000",-93.966,-100.820,"-100.8 -100.8 -100.8 -100.8 -100.8 -100.8 -100.8 -100.8",0.073,8,0,30,19,"-8e+01 -8e+01 -8e+01","1 0 0","0.073 0.048 0.023",1,1,0.02,0.00,0,0,3,0
1.500,6,1.000,1.000,0.000,3,0,-78.473,"-76.6 -81.5 -77.3","1.000 1.000 1.000",-93.966,-100.820,"-100.8 -100.8 -100.8 -100.8 -100.8 -100.8 -100.8 -100.8",0.073,10,0,33,21,"-8e+01 -8e+01 -8e+01","1 0 0","0.073 0.048 0.023",1,1,0.00,0.00,0,0,3,0
1.600,6,1.000,1.000,0.000,3,0,-78.473,"-76.6 -81.5 -77.3","1.000 1.000 1.000",-93.966,-100.820,"-100.8 -100.8 -100.8 -100.8 -100.8 -100.8 -100.8 -100.8",0.073,12,0,36,23,"-8e+01 -8e+01 -8e+01","1 0 0","0.073 0.048 0.023",1,1,0.01,0.00,0,0,3,0
1.700,6,1.000,1.000,0.000,3,0,-78.473,"-76.6 -81.5 -77.3","1.000 1.000 1.000",-93.966,-100.820,"-100.8 -100.8 -100.8 -100.8 -100.8 -100.8 -100.8 -100.8",0.073,14,0,39,25,"-8e+01 -8e+01 -8e+01","1 0 0","0.073 0.048 0.023",1,1,0.01,0.00,0,0,3,0
1.800,6,1.000,1.000,0.000,3,0,-78.473,"-76.6 -81.5 -77.3","1.000 1.000 1.000",-93.966,-100.820,"-100.8 -100.8 -100.8 -100.8 -100.8 -100.8 -100.8 -100.8",0.073,16,0,42,27,"-8e+01 -8e+01 -8e+01","1 0 0","0.073 0.048 0.023",1,1,0.01,0.00,0,0,3,0
1.900,6,1.000,1.000,0.000,3,0,-78.473,"-76.6 -81.5 -77.3","1.000 1.000 1.000",-93.966,-100.820,"-100.8 -100.8 -100.8 -100.8 -100.8 -100.8 -100.8 -100.8",0.073,18,0,45,29,"-8e+01 -8e+01 -8e+01","1 0 0","0.073 0.048 0.023",1,1,0.02,0.00,0,0,3,0
2.000,6,1.000,1.000,0.000,3,0,-78.473,"-76.6 -81.5 -77.3","1.000 1.000 1.000",-93.966,-100.820,"-100.8 -100.8 -100.8 -100.8 -100.8 -100.8 -100.8 -100.8",0.073,20,0,48,31,"-8e+01 -8e+01 -8e+01","1 0 0","0.073 0.048 0.023",1,1,0.00,0.00,0,0,3,0
2.100,6,1.000,1.000,0.000,3,0,-78.473,"-76.6 -81.5 -77.3","1.000 1.000 1.000",-93.966,-100.820,"-100.8 -100.8 -100.8 -100.8 -100.8 -100.8 -100.8 -100.8",0.073,22,0,51,34,"-8e+01 -8e+01 -8e+01","1 0 0","0.073 0.048 0.023",2,2,0.79,0.00,0,0,3,0
2.200,6,1.000,1.000,0.000,3,0,-78.473,"-76.6 -81.5 -77.3","1.000 1.000 1.000",-93.966,-100.820,"-100.8 -100.8 -100.8 -100.8 -100.8 -100.8 -100.8 -100.8",0.073,24,0,54,36,"-8e+01 -8e+01 -8e+01","1 0 0","0.073 0.048 0.023",1,1,0.01,0.00,0,0,3,0
2.300,6,1.000,1.000,0.000,3,0,-78.473,"-76.6 -81.5 -77.3","1.000 1.000 1.000",-93.966,-100.820,"-100.8 -100.8 -100.8 -100.8 -100.8 -100.8 -100.8 -100.8",0.073,26,0,59,38,"-8e+01 -8e+01 -8e+01","1 0 0","0.073 0.048 0.023",1,1,0.01,0.00,0,0,3,0
2.400,6,1.000,1.000,0.000,3,0,-78.473,"-76.6 -81.5 -77.3","1.000 1.000 1.000",-93.966,-100.820,"-100.8 -100.8 -100.8 -100.8 -100.8 -100.8 -100.8 -100.8",0.073,28,0,62,41,"-8e+01 -8e+01 -8e+01","1 0 0","0.073 0.048 0.023",1,1,0.00,0.00,0,0,3,0
2.500,6,1.000,1.000,0.000,3,0,-78.473,"-76.6 -81.5 -77.3","1.000 1.000 1.000",-93.966,-100.820,"-100.8 -100.8 -100.8 -100.8 -100.8 -100.8 -100.8 -100.8",0.073,30,0,66,43,"-8e+01 -8e+01 -8e+01","1 0 0","0.073 0.048 0.023",1,1,0.00,0.00,0,0,3,0
2.600,6,1.000,1.000,0.000,3,0,-78.473,"-76.6 -81.5 -77.3","1.000 1.000 1.000",-93.966,-100.820,"-100.8 -100.8 -100.8 -100.8 -100.8 -100.8 -100.8 -100.8",0.073,32,0,69,45,"-8e+01 -8e+01 -8e+01","1 0 0","0.073 0.048 0.023",1,1,0.01,0.00,0,0,3,0
2.700,6,1.000,1.000,0.000,3,0,-78.353,"-76.3 -81.5 -77.3","1.000 1.000 1.000",-93.966,-100.820,"-100.8 -100.8 -100.8 -100.8 -100.8 -100.8 -100.8 -100.8",0.073,34,0,77,47,"-8e+01 -8e+01 -8e+01","1 0 0","0.073 0.048 0.023",1,1,0.01,0.00,0,0,3,0
2.800,6,1.000,1.000,0.000,3,0,-78.473,"-76.6 -81.5 -77.3","1.000 1.000 1.000",-93.966,-100.820,"-100.8 -100.8 -100.8 -100.8 -100.8 -100.8 -100.8 -100.8",0.073,36,0,80,49,"-8e+01 -8e+01 -8e+01","1 0 0","0.073 0.048 0.023",1,1,0.02,0.00,0,0,3,0
2.900,6,1.000,1.000,0.000,3,0,-78.353,"-76.3 -81.5 -77.3","1.000 1.000 1.000",-93.966,-100.820,"-100.8 -100.8 -100.8 -100.8 -100.8 -100.8 -100.8 -100.8",0.073,38,0,85,51,"-8e+01 -8e+01 -8e+01","1 0 0","0.073 0.048 0.023",1,1,0.02,0.00,0,0,3,0
3.000,6,1.000,1.000,0.000,3,0,-78.473,"-76.6 -81.5 -77.3","1.000 1.000 1.000",-93.966,-100.820,"-100.8 -100.8 -100.8 -100.8 -100.8 -100.8 -100.8 -100.8",0.073,40,0,88,53,"-8e+01 -8e+01 -8e+01","1 0 0","0.073 0.048 0.023",1,1,0.00,0.00,0,0,3,0
3.100,6,1.000,1.000,0.000,3,0,-78.353,"-76.3 -81.5 -77.3","1.000 1.000 1.000",-93.966,-100.820,"-100.8 -100.8 -100.8 -100.8 -100.8 -100.8 -100.8 -100.8",0.073,42,0,93,55,"-8e+01 -8e+01 -8e+01","1 0 0","0.073 0.048 0.023",1,1,0.01,0.00,0,0,3,0
3.200,6,1.000,1.000,0.000,3,0,-78.473,"-76.6 -81.5 -77.3","1.000 1.000 1.000",-93.966,-100.820,"-100.8 -100.8 -100.8 -100.8 -100.8 -100.8 -100.8 -100.8",0.073,44,0,96,57,"-8e+01 -8e+01 -8e+01","1 0 0","0.073 0.048 0.023",1,1,0.01,0.00,0,0,3,0
3.300,6,1.000,1.000,0.000,3,0,-78.353,"-76.3 -81.5 -77.3","1.000 1.000 1.000",-93.966,-100.820,"-100.8 -100.8 -100.8 -100.8 -100.8 -100.8 -100.8 -100.8",0.073,46,0,101,59,"-8e+01 -8e+01 -8e+01","1 0 0","0.073 0.048 0.023",1,1,0.02,0.00,0,0,3,0
3.400,6,1.000,1.000,0.000,3,0,-78.473,"-76.6 -81.5 -77.3","1.000 1.000 1.000",-93.966,-100.820,"-100.8 -100.8 -100.8 -100.8 -100.8 -100.8 -100.8 -100.8",0.073,48,0,104,61,"-8e+01 -8e+01 -8e+01","1 0 0","0.073 0.048 0.023",1,1,0.02,0.00,0,0,3,0
3.500,6,1.000,1.000,0.000,3,0,-78.353,"-76.3 -81.5 -77.3","1.000 1.000 1.000",-93.966,-100.820,"-100.8 -100.8 -100.8 -100.8 -100.8 -100.8 -100.8 -100.8",0.073,50,0,109,63,"-8e+01 -8e+01 -8e+01","1 0 0","0.073 0.048 0.023",1,1,0.00,0.00,0,0,3,0
3.600,6,1.000,1.000,0.000,3,0,-78.473,"-76.6 -81.5 -77.3","1.000 1.000 1.000",-93.966,-100.820,"-100.8 -100.8 -100.8 -100.8 -100.8 -100.8 -100.8 -100.8",0.073,52,0,112,65,"-8e+01 -8e+01 -8e+01","1 0 0","0.073 0.048 0.023",1,1,0.01,0.00,0,0,3,0
3.700,6,1.000,1.000,0.000,3,0,-78.353,"-76.3 -81.5 -77.3","1.000 1.000 1.000",-93.966,-100.820,"-100.8 -100.8 -100.8 -100.8 -100.8 -100.8 -100.8 -100.8",0.073,54,0,117,67,"-8e+01 -8e+01 -8e+01","1 0 0","0.073 0.048 0.023",1,1,0.01,0.00,0,0,3,0
3.800,6,1.000,1.000,0.000,3,0,-78.473,"-76.6 -81.5 -77.3","1.000 1.000 1.000",-93.966,-100.820,"-100.8 -100.8 -100.8 -100.8 -100.8 -100.8 -100.8 -100.8",0.073,56,0,120,69,"-8e+01 -8e+01 -8e+01","1 0 0","0.073 0.048 0.023",1,1,0.01,0.00,0,0,3,0
3.900,6,1.000,1.000,0.000,3,0,-78.353,"-76.3 -81.5 -77.3","1.000 1.000 1.000",-93.966,-100.820,"-100.8 -100.8 -100.8 -100.8 -100.8 -100.8 -100.8 -100.8",0.073,58,0,125,71,"-8e+01 -8e+01 -8e+01","1 0 0","0.073 0.048 0.023",1,1,0.02,0.00,0,0,3,0
4.000,6,1.000,1.000,0.000,3,0,-78.473,"-76.6 -81.5 -77.3","1.000 1.000 1.000",-93.966,-100.820,"-100.8 -100.8 -100.8 -100.8 -100.8 -100.8 -100.8 -100.8",0.073,60,0,128,73,"-8e+01 -8e+01 -8e+01","1 0 0","0.073 0.048 0.023",1,1,0.00,0.00,0,0,3,0
4.100,6,1.000,1.000,0.000,3,0,-78.353,"-76.3 -81.5 -77.3","1.000 1.000 1.000",-93.966,-100.820,"-100.8 -100.8 -100.8 -100.8 -100.8 -100.8 -100.8 -100.8",0.073,62,0,134,75,"-8e+01 -8e+01 -8e+01","1 0 0","0.073 0.048 0.023",2,2,36.46,0.00,0,0,3,0
4.200,6,1.000,1.000,0.000,3,0,-78.473,"-76.6 -81.5 -77.3","1.000 1.000 1.000",-93.966,-100.820,"-100.8 -100.8 -100.8 -100.8 -100.8 -100.8 -100.8 -100.8",0.073,64,0,137,77,"-8e+01 -8e+01 -8e+01","1 0 0","0.073 0.048 0.023",1,1,0.01,0.00,0,0,3,0
4.300,6,1.000,1.000,0.000,3,0,-78.353,"-76.3 -81.5 -77.3","1.000 1.000 1.000",-93.966,-100.820,"-100.8 -100.8 -100.8 -100.8 -100.8 -100.8 -100.8 -100.8",0.073,66,0,142,79,"-8e+01 -8e+01 -8e+01","1 0 0","0.073 0.048 0.023",1,1,0.01,0.00,0,0,3,0
4.400,6,1.000,1.000,0.000,3,0,-78.473,"-76.6 -81.5 -77.3","1.000 1.000 1.000",-93.966,-100.820,"-100.8 -100.8 -100.8 -100.8 -100.8 -100.8 -100.8 -100.8",0.073,68,0,152,85,"-8e+01 -8e+01 -8e+01","1 0 0","0.073 0.048 0.023",4,4,1.52,0.00,1,0,2,0
4.500,6,1.000,1.000,0.000,3,0,-78.353,"-76.3 -81.5 -77.3","1.000 1.000 1.000",-93.966,-100.820,"-100.8 -100.8 -100.8 -100.8 -100.8 -100.8 -100.8 -100.8",0.073,70,0,164,90,"-8e+01 -8e+01 -8e+01","1 0 0","0.073 0.048 0.023",5,5,0.01,0.00,0,0,3,0
4.600,6,1.000,1.000,0.000,3,0,-78.473,"-76.6 -81.5 -77.3","1.000 1.000 1.000",-93.966,-100.820,"-100.8 -100.8 -100.8 -100.8 -100.8 -100.8 -100.8 -100.8",0.073,72,0,171,94,"-8e+01 -8e+01 -8e+01","1 0 0","0.073 0.048 0.023",3,3,0.00,0.00,0,0,3,0
4.700,6,1.000,1.000,0.000,3,0,-78.353,"-76.3 -81.5 -77.3","1.000 1.000 1.000",-93.966,-100.820,"-100.8 -100.8 -100.8 -100.8 -100.8 -100.8 -100.8 -100.8",0.073,74,0,180,98,"-8e+01 -8e+01 -8e+01","1 0 0","0.073 0.048 0.023",3,3,0.01,0.00,0,0,3,0
4.800,6,1.000,1.000,0.000,3,0,-78.473,"-76.6 -81.5 -77.3","1.000 1.000 1.000",-93.966,-100.820,"-100.8 -100.8 -100.8 -100.8 -100.8 -100.8 -100.8 -100.8",0.073,76,0,187,102,"-8e+01 -8e+01 -8e+01","1 0 0","0.073 0.048 0.023",3,3,0.01,0.00,0,0,3,0
4.900,6,1.000,1.000,0.000,3,0,-78.353,"-76.3 -81.5 -77.3","1.000 1.000 1.000",-93.966,-100.820,"-100.8 -100.8 -100.8 -100.8 -100.8 -100.8 -100.8 -100.8",0.073,78,0,196,106,"-8e+01 -8e+01 -8e+01","1 0 0","0.073 0.048 0.023",3,3,0.00,0.00,0,0,3,0
5.000,6,1.000,1.000,0.000,3,0,-78.473,"-76.6 -81.5 -77.3","1.000 1.000 1.000",-93.966,-100.820,"-100.8 -100.8 -100.8 -100.8 -100.8 -100.8 -100.8 -100.8",0.073,80,0,203,110,"-8e+01 -8e+01 -8e+01","1 0 0","0.073 0.048 0.023",3,3,0.01,0.00,0,0,3,0
5.100,6,1.000,1.000,0.000,3,0,-78.353,"-76.3 -81.5 -77.3","1.000 1.000 1.000",-93.966,-100.820,"-100.8 -100.8 -100.8 -100.8 -100.8 -100.8 -100.8 -100.8",0.073,82,0,212,114,"-8e+01 -8e+01 -8e+01","1 0 0","0.073 0.048 0.023",3,3,0.01,0.00,0,0,3,0
5.200,6,1.000,1.000,0.000,3,0,-78.473,"-76.6 -81.5 -77.3","1.000 1.000 1.000",-93.966,-100.820,"-100.8 -100.8 -100.8 -100.8 -100.8 -100.8 -100.8 -100.8",0.073,84,0,219,118,"-8e+01 -8e+01 -8e+01","1 0 0","0.073 0.048 0.023",3,3,0.01,0.00,0,0,3,0
5.300,6,1.000,1.000,0.000,3,0,-78.473,"-76.6 -81.5 -77.3","1.000 1.000 1.000",-93.966,-100.820,"-100.8 -100.8 -100.8 -100.8 -100.8 -100.8 -100.8 -100.8",0.073,86,0,226,122,"-8e+01 -8e+01 -8e+01","1 0 0","0.073 0.048 0.023",3,3,0.01,0.00,0,0,3,0
5.400,6,1.000,1.000,0.000,3,0,-78.473,"-76.6 -81.5 -77.3","1.000 1.000 1.000",-93.966,-100.820,"-100.8 -100.8 -100.8 -100.8 -100.8 -100.8 -100.8 -100.8",0.073,88,0,235,126,"-8e+01 -8e+01 -8e+01","1 0 0","0.073 0.048 0.023",3,3,0.01,0.00,0,0,3,0
5.500,6,1.000,1.000,0.000,3,0,-78.473,"-76.6 -81.5 -77.3","1.000 1.000 1.000",-93.966,-100.820,"-100.8 -100.8 -100.8 -100.8 -100.8 -100.8 -100.8 -100.8",0.073,90,0,242,130,"-8e+01 -8e+01 -8e+01","1 0 0","0.073 0.048 0.023",3,3,0.01,0.00,0,0,3,0
5.600,6,1.000,1.000,0.000,3,0,-78.473,"-76.6 -81.5 -77.3","1.000 1.000 1.000",-93.966,-100.820,"-100.8 -100.8 -100.8 -100.8 -100.8 -100.8 -100.8 -100.8",0.073,92,0,251,134,"-8e+01 -8e+01 -8e+01","1 0 0","0.073 0.048 0.023",3,3,0.01,0.00,0,0,3,0
5.700,6,1.000,1.000,0.000,3,0,-78.473,"-76.6 -81.5 -77.3","1.000 1.000 1.000",-93.966,-100.820,"-100.8 -100.8 -100.8 -100.8 -100.8 -100.8 -100.8 -100.8",0.073,94,0,258,138,"-8e+01 -8e+01 -8e+01","1 0 0","0.073 0.048 0.023",3,3,0.01,0.00,0,0,3,0
5.800,6,1.000,1.000,0.000,3,0,-78.473,"-76.6 -81.5 -77.3","1.000 1.000 1.000",-93.966,-100.820,"-100.8 -100.8 -100.8 -100.8 -100.8 -100.8 -100.8 -100.8",0.073,96,0,267,142,"-8e+01 -8e+01 -8e+01","1 0 0","0.073 0.048 0.023",3,3,0.01,0.00,0,0,3,0
5.900,6,1.000,1.000,0.000,3,0,-78.473,"-76.6 -81.5 -77.3","1.000 1.000 1.000",-93.966,-100.820,"-100.8 -100.8 -100.8 -100.8 -100.8 -100.8 -100.8 -100.8",0.073,98,0,274,146,"-8e+01 -8e+01 -8e+01","1 0 0","0.073 0.048 0.023",3,3,0.02,0.00,0,0,3,0
6.000,6,1.000,1.000,0.000,3,0,-78.473,"-76.6 -81.5 -77.3","1.000 1.000 1.000",-93.966,-100.820,"-100.8 -100.8 -100.8 -100.8 -100.8 -100.8 -100.8 -100.8",0.073,100,0,283,150,"-8e+01 -8e+01 -8e+01","1 0 0","0.073 0.048 0.023",3,3,0.00,0.00,0,0,3,0
6.100,6,1.000,1.000,0.000,3,0,-78.473,"-76.6 -81.5 -77.3","1.000 1.000 1.000",-93.966,-100.820,"-100.8 -100.8 -100.8 -100.8 -100.8 -100.8 -100.8 -100.8",0.073,102,0,291,154,"-8e+01 -8e+01 -8e+01","1 0 0","0.073 0.048 0.023",3,3,0.01,0.00,0,0,3,0
6.200,6,1.000,1.000,0.000,3,0,-78.473,"-76.6 -81.5 -77.3","1.000 1.000 1.000",-93.966,-100.820,"-100.8 -100.8 -100.8 -100.8 -100.8 -100.8 -100.8 -100.8",0.073,104,0,300,159,"-8e+01 -8e+01 -8e+01","1 0 0","0.073 0.048 0.023",3,3,0.24,0.00,0,0,3,0
6.300,6,1.000,1.000,0.000,3,0,-78.473,"-76.6 -81.5 -77.3","1.000 1.000 1.000",-93.966,-100.820,"-100.8 -100.8 -100.8 -100.8 -100.8 -100.8 -100.8 -100.8",0.073,106,0,308,163,"-8e+01 -8e+01 -8e+01","1 0 0","0.073 0.048 0.023",3,3,0.00,0.00,0,0,3,0
6.400,6,1.000,1.000,0.000,3,0,-78.353,"-76.3 -81.5 -77.3","1.000 1.000 1.000",-93.966,-100.820,"-100.8 -100.8 -100.8 -100.8 -100.8 -100.8 -100.8 -100.8",0.073,108,0,317,167,"-8e+01 -8e+01 -8e+01","1 0 0","0.073 0.048 0.023",4,4,0.01,0.00,0,0,3,0
6.500,6,1.000,1.000,0.000,3,0,-78.473,"-76.6 -81.5 -77.3","1.000 1.000 1.000",-93.966,-100.820,"-100.8 -100.8 -100.8 -100.8 -100.8 -100.8 -100.8 -100.8",0.073,110,0,325,172,"-8e+01 -8e+01 -8e+01","1 0 0","0.073 0.048 0.023",3,3,0.01,0.00,0,0,3,0
6.600,6,1.000,1.000,0.000,3,0,-78.353,"-76.3 -81.5 -77.3","1.000 1.000 1.000",-93.966,-100.820,"-100.8 -100.8 -100.8 -100.8 -100.8 -100.8 -100.8 -100.8",0.073,112,0,334,176,"-8e+01 -8e+01 -8e+01","1 0 0","0.073 0.048 0.023",3,3,0.01,0.00,0,0,3,0
6.700,6,1.000,1.000,0.000,3,0,-78.473,"-76.6 -81.5 -77.3","1.000 1.000 1.000",-93.966,-100.820,"-100.8 -100.8 -100.8 -100.8 -100.8 -100.8 -100.8 -100.8",0.073,114,0,341,180,"-8e+01 -8e+01 -8e+01","1 0 0","0.073 0.048 0.023",3,3,0.01,0.00,0,0,3,0
6.800,6,1.000,1.000,0.000,3,0,-78.353,"-76.3 -81.5 -77.3","1.000 1.000 1.000",-93.966,-100.820,"-100.8 -100.8 -100.8 -100.8 -100.8 -100.8 -100.8 -100.8",0.073,116,0,350,184,"-8e+01 -8e+01 -8e+01","1 0 0","0.073 0.048 0.023",3,3,0.01,0.00,0,0,3,0
6.900,6,1.000,1.000,0.000,3,0,-78.473,"-76.6 -81.5 -77.3","1.000 1.000 1.000",-93.966,-100.820,"-100.8 -100.8 -100.8 -100.8 -100.8 -100.8 -100.8 -100.8",0.073,118,0,357,188,"-8e+01 -8e+01 -8e+01","1 0 0","0.073 0.048 0.023",3,3,0.01,0.00,0,0,3,0
7.000,6,1.000,1.000,0.000,3,0,-78.353,"-76.3 -81.5 -77.3","1.000 1.000 1.000",-93.966,-100.820,"-100.8 -100.8 -100.8 -100.8 -100.8 -100.8 -100.8 -100.8",0.073,120,0,366,192,"-8e+01 -8e+01 -8e+01","1 0 0","0.073 0.048 0.023",3,3,0.01,0.00,0,0,3,0
7.100,6,1.000,1.000,0.000,3,0,-78.473,"-76.6 -81.5 -77.3","1.000 1.000 1.000",-93.966,-100.820,"-100.8 -100.8 -100.8 -100.8 -100.8 -100.8 -100.8 -100.8",0.073,122,0,373,196,"-8e+01 -8e+01 -8e+01","1 0 0","0.073 0.048 0.023",3,3,0.01,0.00,0,0,3,0
7.200,6,1.000,1.000,0.000,3,0,-78.353,"-76.3 -81.5 -77.3","1.000 1.000 1.000",-93.966,-100.820,"-100.8 -100.8 -100.8 -100.8 -100.8 -100.8 -100.8 -100.8",0.073,124,0,382,200,"-8e+01 -8e+01 -8e+01","1 0 0","0.073 0.048 0.023",3,3,0.01,0.00,0,0,3,0
7.300,6,1.000,1.000,0.000,3,0,-78.473,"-76.6 -81.5 -77.3","1.000 1.000 1.000",-93.966,-100.820,"-100.8 -100.8 -100.8 -100.8 -100.8 -100.8 -100.8 -100.8",0.073,126,0,389,204,"-8e+01 -8e+01 -8e+01","1 0 0","0.073 0.048 0.023",3,3,0.01,0.00,0,0,3,0
7.400,6,1.000,1.000,0.000,3,0,-78.353,"-76.3 -81.5 -77.3","1.000 1.000 1.000",-93.966,-100.820,"-100.8 -100.8 -100.8 -100.8 -100.8 -100.8 -100.8 -100.8",0.073,128,0,398,208,"-8e+01 -8e+01 -8e+01","1 0 0","0.073 0.048 0.023",3,3,0.01,0.00,0,0,3,0
7.500,6,1.000,1.000,0.000,3,0,-78.473,"-76.6 -81.5 -77.3","1.000 1.000 1.000",-93.966,-100.820,"-100.8 -100.8 -100.8 -100.8 -100.8 -100.8 -100.8 -100.8",0.073,130,0,405,212,"-8e+01 -8e+01 -8e+01","1 0 0","0.073 0.048 0.023",3,3,0.01,0.00,0,0,3,0
7.600,6,1.000,1.000,0.000,3,0,-78.353,"-76.3 -81.5 -77.3","1.000 1.000 1.000",-93.966,-100.820,"-100.8 -100.8 -100.8 -100.8 -100.8 -100.8 -100.8 -100.8",0.073,132,0,414,216,"-8e+01 -8e+01 -8e+01","1 0 0","0.073 0.048 0.023",3,3,0.01,0.00,0,0,3,0
7.700,6,1.000,1.000,0.000,3,0,-78.473,"-76.6 -81.5 -77.3","1.000 1.000 1.000",-93.966,-100.820,"-100.8 -100.8 -100.8 -100.8 -100.8 -100.8 -100.8 -100.8",0.073,134,0,421,220,"-8e+01 -8e+01 -8e+01","1 0 0","0.073 0.048 0.023",3,3,0.01,0.00,0,0,3,0
7.800,6,1.000,1.000,0.000,3,0,-78.353,"-76.3 -81.5 -77.3","1.000 1.000 1.000",-93.966,-100.820,"-100.8 -100.8 -100.8 -100.8 -100.8 -100.8 -100.8 -100.8",0.073,136,0,430,224,"-8e+01 -8e+01 -8e+01","1 0 0","0.073 0.048 0.023",3,3,0.01,0.00,0,0,3,0
7.900,6,1.000,1.000,0.000,3,0,-78.473,"-76.6 -81.5 -77.3","1.000 1.000 1.000",-93.966,-100.820,"-100.8 -100.8 -100.8 -100.8 -100.8 -100.8 -100.8 -100.8",0.073,138,0,437,228,"-8e+01 -8e+01 -8e+01","1 0 0","0.073 0.048 0.023",3,3,0.01,0.00,0,0,3,0
8.000,6,1.000,1.000,0.000,3,0,-78.353,"-76.3 -81.5 -77.3","1.000 1.000 1.000",-93.966,-100.820,"-100.8 -100.8 -100.8 -100.8 -100.8 -100.8 -100.8 -100.8",0.073,140,0,446,232,"-8e+01 -8e+01 -8e+01","1 0 0","0.073 0.048 0.023",3,3,0.01,0.00,0,0,3,0
8.100,6,1.000,1.000,0.000,3,0,-78.473,"-76.6 -81.5 -77.3","1.000 1.000 1.000",-93.966,-100.820,"-100.8 -100.8 -100.8 -100.8 -100.8 -100.8 -100.8 -100.8",0.073,142,0,454,237,"-8e+01 -8e+01 -8e+01","1 0 0","0.073 0.048 0.023",3,3,0.01,0.00,0,0,3,0
8.200,6,1.000,1.000,0.000,3,0,-78.353,"-76.3 -81.5 -77.3","1.000 1.000 1.000",-93.966,-100.820,"-100.8 -100.8 -100.8 -100.8 -100.8 -100.8 -100.8 -100.8",0.073,144,0,463,241,"-8e+01 -8e+01 -8e+01","1 0 0","0.073 0.048 0.023",4,4,0.00,0.00,0,0,3,0
8.300,6,1.000,1.000,0.000,3,0,-78.473,"-76.6 -81.5 -77.3","1.000 1.000 1.000",-93.966,-100.820,"-100.8 -100.8 -100.8 -100.8 -100.8 -100.8 -100.8 -100.8",0.073,146,0,470,246,"-8e+01 -8e+01 -8e+01","1 0 0","0.073 0.048 0.023",3,3,0.01,0.00,0,0,3,0
8.400,6,1.000,1.000,0.000,3,0,-78.353,"-76.3 -81.5 -77.3","1.000 1.000 1.000",-93.966,-100.820,"-100.8 -100.8 -100.8 -100.8 -100.8 -100.8 -100.8 -100.8",0.073,148,0,479,251,"-8e+01 -8e+01 -8e+01","1 0 0","0.073 0.048 0.023",3,3,0.02,0.00,0,0,3,0
8.500,6,1.000,1.000,0.000,3,0,-78.473,"-76.6 -81.5 -77.3","1.000 1.000 1.000",-93.966,-100.820,"-100.8 -100.8 -100.8 -100.8 -100.8 -100.8 -100.8 -100.8",0.073,150,0,486,255,"-8e+01 -8e+01 -8e+01","1 0 0","0.073 0.048 0.023",3,3,0.00,0.00,0,0,3,0
8.600,6,1.000,1.000,0.000,3,0,-78.353,"-76.3 -81.5 -77.3","1.000 1.000 1.000",-93.966,-100.820,"-100.8 -100.8 -100.8 -100.8 -100.8 -100.8 -100.8 -100.8",0.073,152,0,496,259,"-8e+01 -8e+01 -8e+01","1 0 0","0.073 0.048 0.023",3,3,0.51,0.00,0,0,3,0
8.700,6,1.000,1.000,0.000,3,0,-78.473,"-76.6 -81.5 -77.3","1.000 1.000 1.000",-93.966,-100.820,"-100.8 -100.8 -100.8 -100.8 -100.8 -100.8 -100.8 -100.8",0.073,154,0,503,263,"-8e+01 -8e+01 -8e+01","1 0 0","0.073 0.048 0.023",3,3,0.02,0.00,0,0,3,0
8.800,6,1.000,1.000,0.000,3,0,-78.353,"-76.3 -81.5 -77.3","1.000 1.000 1.000",-93.966,-100.820,"-100.8 -100.8 -100.8 -100.8 -100.8 -100.8 -100.8 -100.8",0.073,156,0,512,267,"-8e+01 -8e+01 -8e+01","1 0 0","0.073 0.048 0.023",3,3,0.01,0.00,0,0,3,0
8.900,6,1.000,1.000,0.000,3,0,-78.473,"-76.6 -81.5 -77.3","1.000 1.000 1.000",-93.966,-100.820,"-100.8 -100.8 -100.8 -100.8 -100.8 -100.8 -100.8 -100.8",0.073,158,0,519,271,"-8e+01 -8e+01 -8e+01","1 0 0","0.073 0.048 0.023",3,3,0.01,0.00,0,0,3,0
9.000,6,1.000,1.000,0.000,3,0,-78.353,"-76.3 -81.5 -77.3","1.000 1.000 1.000",-93.966,-100.820,"-100.8 -100.8 -100.8 -100.8 -100.8 -100.8 -100.8 -100.8",0.073,160,0,528,275,"-8e+01 -8e+01 -8e+01","1 0 0","0.073 0.048 0.023",3,3,0.02,0.00,0,0,3,0
9.100,6,1.000,1.000,0.000,3,0,-78.473,"-76.6 -81.5 -77.3","1.000 1.000 1.000",-93.966,-100.820,"-100.8 -100.8 -100.8 -100.8 -100.8 -100.8 -100.8 -100.8",0.073,162,0,535,279,"-8e+01 -8e+01 -8e+01","1 0 0","0.073 0.048 0.023",3,3,0.00,0.00,0,0,3,0
9.200,6,1.000,1.000,0.000,3,0,-78.353,"-76.3 -81.5 -77.3","1.000 1.000 1.000",-93.966,-100.820,"-100.8 -100.8 -100.8 -100.8 -100.8 -100.8 -100.8 -100.8",0.073,164,0,544,283,"-8e+01 -8e+01 -8e+01","1 0 0","0.073 0.048 0.023",3,3,0.01,0.00,0,0,3,0
9.300,6,1.000,1.000,0.000,3,0,-78.473,"-76.6 -81.5 -77.3","1.000 1.000 1.000",-93.966,-100.820,"-100.8 -100.8 -100.8 -100.8 -100.8 -100.8 -100.8 -100.8",0.073,166,0,551,287,"-8e+01 -8e+01 -8e+01","1 0 0","0.073 0.048 0.023",3,3,0.02,0.00,0,0,3,0
9.400,6,1.000,1.000,0.000,3,0,-78.353,"-76.3 -81.5 -77.3","1.000 1.000 1.000",-93.966,-100.820,"-100.8 -100.8 -100.8 -100.8 -100.8 -100.8 -100.8 -100.8",0.073,168,0,560,291,"-8e+01 -8e+01 -8e+01","1 0 0","0.073 0.048 0.023",3,3,0.00,0.00,0,0,3,0
9.500,6,1.000,1.000,0.000,3,0,-78.473,"-76.6 -81.5 -77.3","1.000 1.000 1.000",-93.966,-100.820,"-100.8 -100.8 -100.8 -100.8 -100.8 -100.8 -100.8 -100.8",0.073,170,0,567,295,"-8e+01 -8e+01 -8e+01","1 0 0","0.073 0.048 0.023",3,3,0.01,0.00,0,0,3,0
9.600,6,1.000,1.000,0.000,3,0,-78.473,"-76.6 -81.5 -77.3","1.000 1.000 1.000",-93.966,-100.820,"-100.8 -100.8 -100.8 -100.8 -100.8 -100.8 -100.8 -100.8",0.073,172,0,574,299,"-8e+01 -8e+01 -8e+01","1 0 0","0.073 0.048 0.023",3,3,0.02,0.00,0,0,3,0
9.700,6,1.000,1.000,0.000,3,0,-78.473,"-76.6 -81.5 -77.3","1.000 1.000 1.000",-93.966,-100.820,"-100.8 -100.8 -100.8 -100.8 -100.8 -100.8 -100.8 -100.8",0.073,174,0,583,303,"-8e+01 -8e+01 -8e+01","1 0 0","0.073 0.048 0.023",3,3,0.00,0.00,0,0,3,0
9.800,6,1.000,1.000,0.000,3,0,-78.473,"-76.6 -81.5 -77.3","1.000 1.000 1.000",-93.966,-100.820,"-100.8 -100.8 -100.8 -100.8 -100.8 -100.8 -100.8 -100.8",0.073,176,0,590,307,"-8e+01 -8e+01 -8e+01","1 0 0","0.073 0.048 0.023",3,3,0.01,0.00,0,0,3,0
9.900,6,1.000,1.000,0.000,3,0,-78.473,"-76.6 -81.5 -77.3","1.000 1.000 1.000",-93.966,-100.820,"-100.8 -100.8 -100.8 -100.8 -100.8 -100.8 -100.8 -100.8",0.073,178,0,599,311,"-8e+01 -8e+01 -8e+01","1 0 0","0.073 0.048 0.023",3,3,0.01,0.00,0,0,3,0
10.000,6,1.000,1.000,0.000,3,0,-78.473,"-76.6 -81.5 -77.3","1.000 1.000 1.000",-93.966,-100.820,"-100.8 -100.8 -100.8 -100.8 -100.8 -100.8 -100.8 -100.8",0.073,180,0,606,315,"-8e+01 -8e+01 -8e+01","1 0 0","0.073 0.048 0.023",3,3,0.01,0.00,0,0,3,0
10.100,6,1.000,1.000,0.000,3,0,-78.473,"-76.6 -81.5 -77.3","1.000 1.000 1.000",-93.966,-100.820,"-100.8 -100.8 -100.8 -100.8 -100.8 -100.8 -100.8 -100.8",0.073,182,0,616,319,"-8e+01 -8e+01 -8e+01","1 0 0","0.073 0.048 0.023",3,3,0.01,0.00,0,0,3,0
10.200,6,1.000,1.000,0.000,3,0,-78.473,"-76.6 -81.5 -77.3","1.000 1.000 1.000",-93.966,-100.820,"-100.8 -100.8 -100.8 -100.8 -100.8 -100.8 -100.8 -100.8",0.073,184,0,625,323,"-8e+01 -8e+01 -8e+01","1 0 0","0.073 0.048 0.023",3,3,0.01,0.00,0,0,3,0
10.300,6,1.000,1.000,0.000,3,0,-78.473,"-76.6 -81.5 -77.3","1.000 1.000 1.000",-93.966,-100.820,"-100.8 -100.8 -100.8 -100.8 -100.8 -100.8 -100.8 -100.8",0.073,186,0,634,328,"-8e+01 -8e+01 -8e+01","1 0 0","0.073 0.048 0.023",3,3,0.01,0.00,0,0,3,0
10.400,6,1.000,1.000,0.000,3,0,-78.473,"-76.6 -81.5 -77.3","1.000 1.000 1.000",-93.966,-100.820,"-100.8 -100.8 -100.8 -100.8 -100.8 -100.8 -100.8 -100.8",0.073,188,0,641,333,"-8e+01 -8e+01 -8e+01","1 0 0","0.073 0.048 0.023",4,4,0.01,0.00,0,0,3,0
10.500,6,1.000,1.000,0.000,3,0,-78.473,"-76.6 -81.5 -77.3","1.000 1.000 1.000",-93.966,-100.820,"-100.8 -100.8 -100.8 -100.8 -100.8 -100.8 -100.8 -100.8",0.073,190,0,650,337,"-8e+01 -8e+01 -8e+01","1 0 0","0.073 0.048 0.023",3,3,0.01,0.00,0,0,3,0
10.600,6,1.000,1.000,0.000,3,0,-78.473,"-76.6 -81.5 -77.3","1.000 1.000 1.000",-93.966,-100.820,"-100.8 -100.8 -100.8 -100.8 -100.8 -100.8 -100.8 -100.8",0.073,192,0,658,341,"-8e+01 -8e+01 -8e+01","1 0 0","0.073 0.048 0.023",3,3,0.01,0.00,0,0,3,0
10.700,6,1.000,1.000,0.000,3,0,-78.353,"-76.3 -81.5 -77.3","1.000 1.000 1.000",-93.966,-100.820,"-100.8 -100.8 -100.8 -100.8 -100.8 -100.8 -100.8 -100.8",0.073,194,0,668,345,"-8e+01 -8e+01 -8e+01","1 0 0","0.073 0.048 0.023",3,3,0.01,0.00,0,0,3,0
10.800,6,1.000,1.000,0.000,3,0,-78.473,"-76.6 -81.5 -77.3","1.000 1.000 1.000",-93.966,-100.820,"-100.8 -100.8 -100.8 -100.8 -100.8 -100.8 -100.8 -100.8",0.073,196,0,675,349,"-8e+01 -8e+01 -8e+01","1 0 0","0.073 0.048 0.023",3,3,0.01,0.00,0,0,3,0
10.900,6,1.000,1.000,0.000,3,0,-78.353,"-76.3 -81.5 -77.3","1.000 1.000 1.000",-93.966,-100.820,"-100.8 -100.8 -100.8 -100.8 -100.8 -100.8 -100.8 -100.8",0.073,198,0,684,353,"-8e+01 -8e+01 -8e+01","1 0 0","0.073 0.048 0.023",3,3,0.01,0.00,0,0,3,0
11.000,6,1.000,1.000,0.000,3,0,-78.473,"-76.6 -81.5 -77.3","1.000 1.000 1.000",-93.966,-100.820,"-100.8 -100.8 -100.8 -100.8 -100.8 -100.8 -100.8 -100.8",0.073,200,0,691,357,"-8e+01 -8e+01 -8e+01","1 0 0","0.073 0.048 0.023",3,3,0.01,0.00,0,0,3,0
11.100,6,1.000,1.000,0.000,3,0,-78.353,"-76.3 -81.5 -77.3","1.000 1.000 1.000",-93.966,-100.820,"-100.8 -100.8 -100.8 -100.8 -100.8 -100.8 -100.8 -100.8",0.073,202,0,700,361,"-8e+01 -8e+01 -8e+01","1 0 0","0.073 0.048 0.023",3,3,0.01,0.00,0,0,3,0
11.200,6,1.000,1.000,0.000,3,0,-78.473,"-76.6 -81.5 -77.3","1.000 1.000 1.000",-93.966,-100.820,"-100.8 -100.8 -100.8 -100.8 -100.8 -100.8 -100.8 -100.8",0.073,204,0,707,365,"-8e+01 -8e+01 -8e+01","1 0 0","0.073 0.048 0.023",3,3,0.01,0.00,0,0,3,0
11.300,6,1.000,1.000,0.000,3,0,-78.353,"-76.3 -81.5 -77.3","1.000 1.000 1.000",-93.966,-100.820,"-100.8 -100.8 -100.8 -100.8 -100.8 -100.8 -100.8 -100.8",0.073,206,0,716,369,"-8e+01 -8e+01 -8e+01","1 0 0","0.073 0.048 0.023",3,3,0.01,0.00,0,0,3,0
11.400,6,1.000,1.000,0.000,3,0,-78.473,"-76.6 -81.5 -77.3","1.000 1.000 1.000",-93.966,-100.820,"-100.8 -100.8 -100.8 -100.8 -100.8 -100.8 -100.8 -100.8",0.073,208,0,723,373,"-8e+01 -8e+01 -8e+01","1 0 0","0.073 0.048 0.023",3,3,0.01,0.00,0,0,3,0
11.500,6,1.000,1.000,0.000,3,0,-78.353,"-76.3 -81.5 -77.3","1.000 1.000 1.000",-93.966,-100.820,"-100.8 -100.8 -100.8 -100.8 -100.8 -100.8 -100.8 -100.8",0.073,210,0,732,377,"-8e+01 -8e+01 -8e+01","1 0 0","0.073 0.048 0.023",3,3,0.01,0.00,0,0,3,0
11.600,6,1.000,1.000,0.000,3,0,-78.473,"-76.6 -81.5 -77.3","1.000 1.000 1.000",-93.966,-100.820,"-100.8 -100.8 -100.8 -100.8 -100.8 -100.8 -100.8 -100.8",0.073,212,0,739,381,"-8e+01 -8e+01 -8e+01","1 0 0","0.073 0.048 0.023",3,3,0.01,0.00,0,0,3,0
11.700,6,1.000,1.000,0.000,3,0,-78.353,"-76.3 -81.5 -77.3","1.000 1.000 1.000",-93.966,-100.820,"-100.8 -100.8 -100.8 -100.8 -100.8 -100.8 -100.8 -100.8",0.073,214,0,748,385,"-8e+01 -8e+01 -8e+01","1 0 0","0.073 0.048 0.023",3,3,0.01,0.00,0,0,3,0
11.800,6,1.000,1.000,0.000,3,0,-78.473,"-76.6 -81.5 -77.3","1.000 1.000 1.000",-93.966,-100.820,"-100.8 -100.8 -100.8 -100.8 -100.8 -100.8 -100.8 -100.8",0.073,216,0,755,389,"-8e+01 -8e+01 -8e+01","1 0 0","0.073 0.048 0.023",3,3,0.01,0.00,0,0,3,0
11.900,6,1.000,1.000,0.000,3,0,-78.353,"-76.3 -81.5 -77.3","1.000 1.000 1.000",-93.966,-100.820,"-100.8 -100.8 -100.8 -100.8 -100.8 -100.8 -100.8 -100.8",0.073,218,0,764,393,"-8e+01 -8e+01 -8e+01","1 0 0","0.073 0.048 0.023",3,3,0.00,0.00,0,0,3,0
12.000,6,1.000,1.000,0.000,3,0,-78.473,"-76.6 -81.5 -77.3","1.000 1.000 1.000",-93.966,-100.820,"-100.8 -100.8 -100.8 -100.8 -100.8 -100.8 -100.8 -100.8",0.073,220,0,771,397,"-8e+01 -8e+01 -8e+01","1 0 0","0.073 0.048 0.023",3,3,0.01,0.00,0,0,3,0
12.100,6,1.000,1.000,0.000,3,0,-78.353,"-76.3 -81.5 -77.3","1.000 1.000 1.000",-93.966,-100.820,"-100.8 -100.8 -100.8 -100.8 -100.8 -100.8 -100.8 -100.8",0.073,222,0,781,401,"-8e+01 -8e+01 -8e+01","1 0 0","0.073 0.048 0.023",3,3,0.01,0.00,0,0,3,0
12.200,6,1.000,1.000,0.000,3,0,-78.473,"-76.6 -81.5 -77.3","1.000 1.000 1.000",-93.966,-100.820,"-100.8 -100.8 -100.8 -100.8 -100.8 -100.8 -100.8 -100.8",0.073,224,0,788,405,"-8e+01 -8e+01 -8e+01","1 0 0","0.073 0.048 0.023",3,3,0.01,0.00,0,0,3,0
12.300,6,1.000,1.000,0.000,3,0,-78.353,"-76.3 -81.5 -77.3","1.000 1.000 1.000",-93.966,-100.820,"-100.8 -100.8 -100.8 -100.8 -100.8 -100.8 -100.8 -100.8",0.073,226,0,798,410,"-8e+01 -8e+01 -8e+01","1 0 0","0.073 0.048 0.023",3,3,0.01,0.00,0,0,3,0
12.400,6,0.970,0.909,0.043,3,0,-78.353,"-76.6 -81.2 -77.3","1.000 0.909 1.000",-93.966,-100.820,"-100.8 -100.8 -100.8 -100.8 -100.8 -100.8 -100.8 -100.8",0.148,228,0,805,416,"-8e+01 -8e+01 -8e+01","1 0 0","0.073 0.15 0.023",4,4,0.00,0.00,0,0,2,0
12.500,6,0.970,0.909,0.043,3,0,-78.353,"-76.3 -81.5 -77.3","1.000 0.909 1.000",-93.966,-100.820,"-100.8 -100.8 -100.8 -100.8 -100.8 -100.8 -100.8 -100.8",0.073,230,0,814,420,"-8e+01 -8e+01 -8e+01","1 0 0","0.073 0.048 0.023",3,3,0.01,0.00,1,1,3,0
12.600,6,0.970,0.909,0.043,3,0,-78.473,"-76.6 -81.5 -77.3","1.000 0.909 1.000",-93.966,-100.820,"-100.8 -100.8 -100.8 -100.8 -100.8 -100.8 -100.8 -100.8",0.073,232,0,821,424,"-8e+01 -8e+01 -8e+01","1 0 0","0.073 0.048 0.023",3,3,0.01,0.00,0,0,3,0
12.700,6,0.970,0.909,0.043,3,0,-78.353,"-76.3 -81.5 -77.3","1.000 0.909 1.000",-93.966,-100.820,"-100.8 -100.8 -100.8 -100.8 -100.8 -100.8 -100.8 -100.8",0.073,234,0,830,428,"-8e+01 -8e+01 -8e+01","1 0 0","0.073 0.048 0.023",3,3,0.01,0.00,0,0,3,0
12.800,6,0.970,0.909,0.043,3,0,-78.473,"-76.6 -81.5 -77.3","1.000 0.909 1.000",-93.966,-100.820,"-100.8 -100.8 -100.8 -100.8 -100.8 -100.8 -100.8 -100.8",0.073,236,0,837,432,"-8e+01 -8e+01 -8e+01","1 0 0","0.073 0.048 0.023",3,3,0.01,0.00,0,0,3,0
12.900,6,0.970,0.909,0.043,3,0,-78.353,"-76.3 -81.5 -77.3","1.000 0.909 1.000",-93.966,-100.820,"-100.8 -100.8 -100.8 -100.8 -100.8 -100.8 -100.8 -100.8",0.073,238,0,846,436,"-8e+01 -8e+01 -8e+01","1 0 0","0.073 0.048 0.023",3,3,0.01,0.00,0,0,3,0
13.000,6,0.970,0.909,0.043,3,0,-78.473,"-76.6 -81.5 -77.3","1.000 0.909 1.000",-93.966,-100.820,"-100.8 -100.8 -100.8 -100.8 -100.8 -100.8 -100.8 -100.8",0.073,240,0,853,440,"-8e+01 -8e+01 -8e+01","1 0 0","0.073 0.048 0.023",3,3,0.01,0.00,0,0,3,0
13.100,6,0.970,0.909,0.043,3,0,-78.353,"-76.3 -81.5 -77.3","1.000 0.909 1.000",-93.966,-100.820,"-100.8 -100.8 -100.8 -100.8 -100.8 -100.8 -100.8 -100.8",0.073,242,0,862,444,"-8e+01 -8e+01 -8e+01","1 0 0","0.073 0.048 0.023",3,3,0.01,0.00,0,0,3,0
13.200,6,0.970,0.909,0.043,3,0,-78.473,"-76.6 -81.5 -77.3","1.000 0.909 1.000",-93.966,-100.820,"-100.8 -100.8 -100.8 -100.8 -100.8 -100.8 -100.8 -100.8",0.073,244,0,869,448,"-8e+01 -8e+01 -8e+01","1 0 0","0.073 0.048 0.023",3,3,0.01,0.00,0,0,3,0
13.300,6,0.970,0.909,0.043,3,0,-78.353,"-76.3 -81.5 -77.3","1.000 0.909 1.000",-93.966,-100.820,"-100.8 -100.8 -100.8 -100.8 -100.8 -100.8 -100.8 -100.8",0.073,246,0,878,452,"-8e+01 -8e+01 -8e+01","1 0 0","0.073 0.048 0.023",3,3,0.01,0.00,0,0,3,0
13.400,6,0.970,0.909,0.043,3,0,-78.473,"-76.6 -81.5 -77.3","1.000 0.909 1.000",-93.966,-100.820,"-100.8 -100.8 -100.8 -100.8 -100.8 -100.8 -100.8 -100.8",0.073,248,0,885,456,"-8e+01 -8e+01 -8e+01","1 0 0","0.073 0.048 0.023",3,3,0.01,0.00,0,0,3,0
13.500,6,1.000,1.000,0.000,3,0,-78.353,"-76.3 -81.5 -77.3","1.000 1.000 1.000",-93.966,-100.820,"-100.8 -100.8 -100.8 -100.8 -100.8 -100.8 -100.8 -100.8",0.073,250,0,894,460,"-8e+01 -8e+01 -8e+01","1 0 0","0.073 0.048 0.023",3,3,0.01,0.00,0,0,3,0
13.600,6,1.000,1.000,0.000,3,0,-78.473,"-76.6 -81.5 -77.3","1.000 1.000 1.000",-93.966,-100.820,"-100.8 -100.8 -100.8 -100.8 -100.8 -100.8 -100.8 -100.8",0.073,252,0,901,464,"-8e+01 -8e+01 -8e+01","1 0 0","0.073 0.048 0.023",3,3,0.01,0.00,0,0,3,0
13.700,6,1.000,1.000,0.000,3,0,-78.353,"-76.3 -81.5 -77.3","1.000 1.000 1.000",-93.966,-100.820,"-100.8 -100.8 -100.8 -100.8 -100.8 -100.8 -100.8 -100.8",0.073,254,0,910,468,"-8e+01 -8e+01 -8e+01","1 0 0","0.073 0.048 0.023",3,3,0.01,0.00,0,0,3,0
13.800,6,1.000,1.000,0.000,3,0,-78.473,"-76.6 -81.5 -77.3","1.000 1.000 1.000",-93.966,-100.820,"-100.8 -100.8 -100.8 -100.8 -100.8 -100.8 -100.8 -100.8",0.073,256,0,917,472,"-8e+01 -8e+01 -8e+01","1 0 0","0.073 0.048 0.023",3,3,0.01,0.00,0,0,3,0
13.900,6,1.000,1.000,0.000,3,0,-78.473,"-76.6 -81.5 -77.3","1.000 1.000 1.000",-93.966,-100.820,"-100.8 -100.8 -100.8 -100.8 -100.8 -100.8 -100.8 -100.8",0.073,258,0,924,476,"-8e+01 -8e+01 -8e+01","1 0 0","0.073 0.048 0.023",3,3,0.01,0.00,0,0,3,0
14.000,6,1.000,1.000,0.000,3,0,-78.473,"-76.6 -81.5 -77.3","1.000 1.000 1.000",-93.966,-100.820,"-100.8 -100.8 -100.8 -100.8 -100.8 -100.8 -100.8 -100.8",0.073,260,0,933,480,"-8e+01 -8e+01 -8e+01","1 0 0","0.073 0.048 0.023",3,3,0.01,0.00,0,0,3,0
14.100,6,1.000,1.000,0.000,3,0,-78.473,"-76.6 -81.5 -77.3","1.000 1.000 1.000",-93.966,-100.820,"-100.8 -100.8 -100.8 -100.8 -100.8 -100.8 -100.8 -100.8",0.073,262,0,941,484,"-8e+01 -8e+01 -8e+01","1 0 0","0.073 0.048 0.023",3,3,0.02,0.00,0,0,3,0
14.200,6,1.000,1.000,0.000,3,0,-78.473,"-76.6 -81.5 -77.3","1.000 1.000 1.000",-93.966,-100.820,"-100.8 -100.8 -100.8 -100.8 -100.8 -100.8 -100.8 -100.8",0.073,264,0,950,489,"-8e+01 -8e+01 -8e+01","1 0 0","0.073 0.048 0.023",3,3,0.01,0.00,0,0,3,0
14.300,6,1.000,1.000,0.000,3,0,-78.473,"-76.6 -81.5 -77.3","1.000 1.000 1.000",-93.966,-100.820,"-100.8 -100.8 -100.8 -100.8 -100.8 -100.8 -100.8 -100.8",0.073,266,0,958,494,"-8e+01 -8e+01 -8e+01","1 0 0","0.073 0.048 0.023",3,3,0.01,0.00,0,0,3,0
14.400,6,1.000,1.000,0.000,3,0,-78.473,"-76.6 -81.5 -77.3","1.000 1.000 1.000",-93.966,-100.820,"-100.8 -100.8 -100.8 -100.8 -100.8 -100.8 -100.8 -100.8",0.073,268,0,968,498,"-8e+01 -8e+01 -8e+01","1 0 0","0.073 0.048 0.023",3,3,0.01,0.00,0,0,3,0
14.500,6,1.000,1.000,0.000,3,0,-78.473,"-76.6 -81.5 -77.3","1.000 1.000 1.000",-93.966,-100.820,"-100.8 -100.8 -100.8 -100.8 -100.8 -100.8 -100.8 -100.8",0.073,270,0,975,502,"-8e+01 -8e+01 -8e+01","1 0 0","0.073 0.048 0.023",4,4,0.00,0.00,0,0,3,0
14.600,6,1.000,1.000,0.000,3,0,-78.473,"-76.6 -81.5 -77.3","1.000 1.000 1.000",-93.966,-100.820,"-100.8 -100.8 -100.8 -100.8 -100.8 -100.8 -100.8 -100.8",0.073,272,0,984,506,"-8e+01 -8e+01 -8e+01","1 0 0","0.073 0.048 0.023",3,3,0.01,0.00,0,0,3,0
14.700,6,1.000,1.000,0.000,3,0,-78.473,"-76.6 -81.5 -77.3","1.000 1.000 1.000",-93.966,-100.820,"-100.8 -100.8 -100.8 -100.8 -100.8 -100.8 -100.8 -100.8",0.073,274,0,991,510,"-8e+01 -8e+01 -8e+01","1 0 0","0.073 0.048 0.023",3,3,0.01,0.00,0,0,3,0
14.800,6,1.000,1.000,0.000,3,0,-78.473,"-76.6 -81.5 -77.3","1.000 1.000 1.000",-93.966,-100.820,"-100.8 -100.8 -100.8 -100.8 -100.8 -100.8 -100.8 -100.8",0.073,276,0,1000,514,"-8e+01 -8e+01 -8e+01","1 0 0","0.073 0.048 0.023",3,3,0.01,0.00,0,0,3,0
14.900,6,1.000,1.000,0.000,3,0,-78.473,"-76.6 -81.5 -77.3","1.000 1.000 1.000",-93.966,-100.820,"-100.8 -100.8 -100.8 -100.8 -100.8 -100.8 -100.8 -100.8",0.073,278,0,1007,518,"-8e+01 -8e+01 -8e+01","1 0 0","0.073 0.048 0.023",3,3,0.01,0.00,0,0,3,0
15.000,6,1.000,1.000,0.000,3,0,-78.353,"-76.3 -81.5 -77.3","1.000 1.000 1.000",-93.966,-100.820,"-100.8 -100.8 -100.8 -100.8 -100.8 -100.8 -100.8 -100.8",0.073,280,0,1016,522,"-8e+01 -8e+01 -8e+01","1 0 0","0.073 0.048 0.023",3,3,0.01,0.00,0,0,3,0
15.100,6,1.000,1.000,0.000,3,0,-78.473,"-76.6 -81.5 -77.3","1.000 1.000 1.000",-93.966,-100.820,"-100.8 -100.8 -100.8 -100.8 -100.8 -100.8 -100.8 -100.8",0.073,282,0,1023,526,"-8e+01 -8e+01 -8e+01","1 0 0","0.073 0.048 0.023",3,3,0.00,0.00,0,0,3,0
15.200,6,1.000,1.000,0.000,3,0,-78.353,"-76.3 -81.5 -77.3","1.000 1.000 1.000",-93.966,-100.820,"-100.8 -100.8 -100.8 -100.8 -100.8 -100.8 -100.8 -100.8",0.073,284,0,1033,530,"-8e+01 -8e+01 -8e+01","1 0 0","0.073 0.048 0.023",3,3,0.01,0.00,0,0,3,0
15.300,6,1.000,1.000,0.000,3,0,-78.473,"-76.6 -81.5 -77.3","1.000 1.000 1.000",-93.966,-100.820,"-100.8 -100.8 -100.8 -100.8 -100.8 -100.8 -100.8 -100.8",0.073,286,0,1040,534,"-8e+01 -8e+01 -8e+01","1 0 0","0.073 0.048 0.023",4,4,0.01,0.00,0,0,3,0
15.400,6,1.000,1.000,0.000,3,0,-78.353,"-76.3 -81.5 -77.3","1.000 1.000 1.000",-93.966,-100.820,"-100.8 -100.8 -100.8 -100.8 -100.8 -100.8 -100.8 -100.8",0.073,288,0,1051,538,"-8e+01 -8e+01 -8e+01","1 0 0","0.073 0.048 0.023",3,3,0.01,0.00,0,0,3,0
15.500,6,1.000,1.000,0.000,3,0,-78.473,"-76.6 -81.5 -77.3","1.000 1.000 1.000",-93.966,-100.820,"-100.8 -100.8 -100.8 -100.8 -100.8 -100.8 -100.8 -100.8",0.073,290,0,1059,543,"-8e+01 -8e+01 -8e+01","1 0 0","0.073 0.048 0.023",3,3,0.01,0.00,0,0,3,0
15.600,6,1.000,1.000,0.000,3,0,-78.353,"-76.3 -81.5 -77.3","1.000 1.000 1.000",-93.966,-100.820,"-100.8 -100.8 -100.8 -100.8 -100.8 -100.8 -100.8 -100.8",0.073,292,0,1068,547,"-8e+01 -8e+01 -8e+01","1 0 0","0.073 0.048 0.023",3,3,0.01,0.00,0,0,3,0
15.700,6,1.000,1.000,0.000,3,0,-78.473,"-76.6 -81.5 -77.3","1.000 1.000 1.000",-93.966,-100.820,"-100.8 -100.8 -100.8 -100.8 -100.8 -100.8 -100.8 -100.8",0.073,294,0,1075,551,"-8e+01 -8e+01 -8e+01","1 0 0","0.073 0.048 0.023",3,3,0.01,0.00,0,0,3,0
15.800,6,1.000,1.000,0.000,3,0,-78.353,"-76.3 -81.5 -77.3","1.000 1.000 1.000",-93.966,-100.820,"-100.8 -100.8 -100.8 -100.8 -100.8 -100.8 -100.8 -100.8",0.073,296,0,1084,555,"-8e+01 -8e+01 -8e+01","1 0 0","0.073 0.048 0.023",3,3,0.01,0.00,0,0,3,0
15.900,6,1.000,1.000,0.000,3,0,-78.473,"-76.6 -81.5 -77.3","1.000 1.000 1.000",-93.966,-100.820,"-100.8 -100.8 -100.8 -100.8 -100.8 -100.8 -100.8 -100.8",0.073,298,0,1091,559,"-8e+01 -8e+01 -8e+01","1 0 0","0.073 0.048 0.023",3,3,0.01,0.00,0,0,3,0
16.000,6,1.000,1.000,0.000,3,0,-78.353,"-76.3 -81.5 -77.3","1.000 1.000 1.000",-93.966,-100.820,"-100.8 -100.8 -100.8 -100.8 -100.8 -100.8 -100.8 -100.8",0.073,300,0,1100,563,"-8e+01 -8e+01 -8e+01","1 0 0","0.073 0.048 0.023",3,3,0.01,0.00,0,0,3,0
16.100,6,1.000,1.000,0.000,3,0,-78.473,"-76.6 -81.5 -77.3","1.000 1.000 1.000",-93.966,-100.820,"-100.8 -100.8 -100.8 -100.8 -100.8 -100.8 -100.8 -100.8",0.073,302,0,1107,567,"-8e+01 -8e+01 -8e+01","1 0 0","0.073 0.048 0.023",3,3,0.01,0.00,0,0,3,0
16.200,6,1.000,1.000,0.000,3,0,-78.353,"-76.3 -81.5 -77.3","1.000 1.000 1.000",-93.966,-100.820,"-100.8 -100.8 -100.8 -100.8 -100.8 -100.8 -100.8 -100.8",0.073,304,0,1117,571,"-8e+01 -8e+01 -8e+01","1 0 0","0.073 0.048 0.023",4,4,0.11,0.00,0,0,3,0
16.300,6,1.000,1.000,0.000,3,0,-78.473,"-76.6 -81.5 -77.3","1.000 1.000 1.000",-93.966,-100.820,"-100.8 -100.8 -100.8 -100.8 -100.8 -100.8 -100.8 -100.8",0.073,306,0,1125,577,"-8e+01 -8e+01 -8e+01","1 0 0","0.073 0.048 0.023",3,3,0.01,0.00,0,0,3,0
16.400,6,1.000,1.000,0.000,3,0,-78.353,"-76.3 -81.5 -77.3","1.000 1.000 1.000",-93.966,-100.819,"-100.8 -100.8 -100.8 -100.8 -100.8 -100.8 -100.8 -100.8",0.073,308,0,1134,581,"-8e+01 -8e+01 -8e+01","1 0 0","0.073 0.048 0.023",4,4,0.01,0.00,0,0,3,0
16.500,6,1.000,1.000,0.000,3,0,-78.473,"-76.6 -81.5 -77.3","1.000 1.000 1.000",-93.966,-100.819,"-100.8 -100.8 -100.8 -100.8 -100.8 -100.8 -100.8 -100.8",0.073,310,0,1142,585,"-8e+01 -8e+01 -8e+01","1 0 0","0.073 0.048 0.023",3,3,0.01,0.00,0,0,3,0
16.600,6,1.000,1.000,0.000,3,0,-78.353,"-76.3 -81.5 -77.3","1.000 1.000 1.000",-93.966,-100.819,"-100.8 -100.8 -100.8 -100.8 -100.8 -100.8 -100.8 -100.8",0.073,312,0,1151,589,"-8e+01 -8e+01 -8e+01","1 0 0","0.073 0.048 0.023",3,3,0.01,0.00,0,0,3,0
16.700,6,1.000,1.000,0.000,3,0,-78.473,"-76.6 -81.5 -77.3","1.000 1.000 1.000",-93.966,-100.819,"-100.8 -100.8 -100.8 -100.8 -100.8 -100.8 -100.8 -100.8",0.073,314,0,1158,593,"-8e+01 -8e+01 -8e+01","1 0 0","0.073 0.048 0.023",3,3,0.01,0.00,0,0,3,0
16.800,6,1.000,1.000,0.000,3,0,-78.353,"-76.3 -81.5 -77.3","1.000 1.000 1.000",-93.966,-100.819,"-100.8 -100.8 -100.8 -100.8 -100.8 -100.8 -100.8 -100.8",0.073,316,0,1167,597,"-8e+01 -8e+01 -8e+01","1 0 0","0.073 0.048 0.023",3,3,0.01,0.00,0,0,3,0
16.900,6,1.000,1.000,0.000,3,0,-78.473,"-76.6 -81.5 -77.3","1.000 1.000 1.000",-93.966,-100.819,"-100.8 -100.8 -100.8 -100.8 -100.8 -100.8 -100.8 -100.8",0.073,318,0,1174,601,"-8e+01 -8e+01 -8e+01","1 0 0","0.073 0.048 0.023",3,3,0.01,0.00,0,0,3,0
17.000,6,1.000,1.000,0.000,3,0,-78.473,"-76.6 -81.5 -77.3","1.000 1.000 1.000",-93.966,-100.819,"-100.8 -100.8 -100.8 -100.8 -100.8 -100.8 -100.8 -100.8",0.073,320,0,1181,607,"-8e+01 -8e+01 -8e+01","1 0 0","0.073 0.048 0.023",3,3,0.01,0.00,0,0,3,0
17.100,6,1.000,1.000,0.000,3,0,-78.473,"-76.6 -81.5 -77.3","1.000 1.000 1.000",-93.966,-100.819,"-100.8 -100.8 -100.8 -100.8 -100.8 -100.8 -100.8 -100.8",0.073,322,0,1188,611,"-8e+01 -8e+01 -8e+01","1 0 0","0.073 0.048 0.023",3,3,0.01,0.00,0,0,3,0
17.200,6,1.000,1.000,0.000,3,0,-78.353,"-76.3 -81.5 -77.3","1.000 1.000 1.000",-93.966,-100.819,"-100.8 -100.8 -100.8 -100.8 -100.8 -100.8 -100.8 -100.8",0.073,324,0,1197,615,"-8e+01 -8e+01 -8e+01","1 0 0","0.073 0.048 0.023",3,3,0.01,0.00,0,0,3,0
17.300,6,1.000,1.000,0.000,3,0,-78.473,"-76.6 -81.5 -77.3","1.000 1.000 1.000",-93.966,-100.819,"-100.8 -100.8 -100.8 -100.8 -100.8 -100.8 -100.8 -100.8",0.073,326,0,1204,619,"-8e+01 -8e+01 -8e+01","1 0 0","0.073 0.048 0.023",3,3,0.01,0.00,0,0,3,0
17.400,6,1.000,1.000,0.000,3,0,-78.353,"-76.3 -81.5 -77.3","1.000 1.000 1.000",-93.966,-100.819,"-100.8 -100.8 -100.8 -100.8 -100.8 -100.8 -100.8 -100.8",0.073,328,0,1213,623,"-8e+01 -8e+01 -8e+01","1 0 0","0.073 0.048 0.023",3,3,0.01,0.00,0,0,3,0
17.500,6,1.000,1.000,0.000,3,0,-78.473,"-76.6 -81.5 -77.3","1.000 1.000 1.000",-93.966,-100.819,"-100.8 -100.8 -100.8 -100.8 -100.8 -100.8 -100.8 -100.8",0.073,330,0,1220,627,"-8e+01 -8e+01 -8e+01","1 0 0","0.073 0.048 0.023",3,3,0.01,0.00,0,0,3,0
17.600,6,1.000,1.000,0.000,3,0,-78.353,"-76.3 -81.5 -77.3","1.000 1.000 1.000",-93.966,-100.819,"-100.8 -100.8 -100.8 -100.8 -100.8 -100.8 -100.8 -100.8",0.073,332,0,1229,631,"-8e+01 -8e+01 -8e+01","1 0 0","0.073 0.048 0.023",3,3,0.01,0.00,0,0,3,0
17.700,6,1.000,1.000,0.000,3,0,-78.473,"-76.6 -81.5 -77.3","1.000 1.000 1.000",-93.966,-100.819,"-100.8 -100.8 -100.8 -100.8 -100.8 -100.8 -100.8 -100.8",0.073,334,0,1236,635,"-8e+01 -8e+01 -8e+01","1 0 0","0.073 0.048 0.023",3,3,0.02,0.00,0,0,3,0
17.800,6,1.000,1.000,0.000,3,0,-78.353,"-76.3 -81.5 -77.3","1.000 1.000 1.000",-93.966,-100.819,"-100.8 -100.8 -100.8 -100.8 -100.8 -100.8 -100.8 -100.8",0.073,336,0,1245,639,"-8e+01 -8e+01 -8e+01","1 0 0","0.073 0.048 0.023",3,3,0.01,0.00,0,0,3,0
17.900,6,1.000,1.000,0.000,3,0,-78.473,"-76.6 -81.5 -77.3","1.000 1.000 1.000",-93.966,-100.819,"-100.8 -100.8 -100.8 -100.8 -100.8 -100.8 -100.8 -100.8",0.073,338,0,1252,643,"-8e+01 -8e+01 -8e+01","1 0 0","0.073 0.048 0.023",3,3,0.01,0.00,0,0,3,0
18.000,6,1.000,1.000,0.000,3,0,-78.353,"-76.3 -81.5 -77.3","1.000 1.000 1.000",-93.966,-100.819,"-100.8 -100.8 -100.8 -100.8 -100.8 -100.8 -100.8 -100.8",0.073,340,0,1261,647,"-8e+01 -8e+01 -8e+01","1 0 0","0.073 0.048 0.023",3,3,0.02,0.00,0,0,3,0
18.100,6,0.909,0.909,0.000,3,0,-78.353,"-76.3 -81.5 -77.3","0.909 0.909 0.909",-93.966,-92.097,"-100.8 -100.7 -97.0 -94.5 -93.0 -92.1 -93.0 -94.5",0.173,342,0,1261,652,"-8e+01 -8e+01 -8e+01","1 0 0","0.17 0.15 0.12",14,13,10.68,0.21,0,0,0,0
18.200,6,0.818,0.818,0.000,3,0,-78.353,"-76.3 -81.5 -77.3","0.818 0.818 0.818",-93.966,-73.814,"-99.9 -99.3 -79.8 -76.8 -75.1 -73.8 -75.1 -76.8",0.273,344,0,1261,658,"-8e+01 -8e+01 -8e+01","1 0 0","0.27 0.25 0.22",18,15,6.54,0.50,0,0,0,0
18.300,6,0.727,0.727,0.000,3,0,-78.353,"-76.3 -81.5 -77.3","0.727 0.727 0.727",-93.966,-73.814,"-99.9 -99.3 -79.8 -76.8 -75.1 -73.8 -75.1 -76.8",0.373,346,0,1261,670,"-8e+01 -8e+01 -8e+01","1 0 0","0.37 0.35 0.32",10,9,10.11,0.30,0,0,0,0
18.400,6,0.636,0.636,0.000,3,0,-78.353,"-76.3 -81.5 -77.3","0.636 0.636 0.636",-93.966,-73.814,"-99.9 -99.3 -79.8 -76.8 -75.1 -73.8 -75.1 -76.8",0.473,348,0,1261,678,"-8e+01 -8e+01 -8e+01","1 0 0","0.47 0.45 0.42",10,9,9.45,0.30,0,0,0,0
18.500,6,0.545,0.545,0.000,3,3,-78.353,"-76.3 -81.5 -77.3","0.545 0.545 0.545",-93.966,-73.814,"-99.9 -99.3 -79.8 -76.8 -75.1 -73.8 -75.1 -76.8",0.573,350,0,1261,690,"-8e+01 -8e+01 -8e+01","1 0 0","0.57 0.55 0.52",6,5,16.78,0.50,0,0,0,0
18.600,6,0.455,0.455,0.000,3,3,-78.353,"-76.3 -81.5 -77.3","0.455 0.455 0.455",-93.966,-73.814,"-99.9 -99.3 -79.8 -76.8 -75.1 -73.8 -75.1 -76.8",0.673,352,0,1261,696,"-8e+01 -8e+01 -8e+01","1 0 0","0.67 0.65 0.62",9,7,20.39,0.67,0,0,0,0
18.700,6,0.364,0.364,0.000,3,3,-78.353,"-76.3 -81.5 -77.3","0.364 0.364 0.364",-93.966,-73.814,"-99.9 -99.3 -79.8 -76.8 -75.1 -73.8 -75.1 -76.8",0.773,354,0,1261,707,"-8e+01 -8e+01 -8e+01","1 0 0","0.77 0.75 0.72",14,13,4.19,0.21,0,0,0,0
18.800,6,0.273,0.273,0.000,3,3,-78.353,"-76.3 -81.5 -77.3","0.273 0.273 0.273",-93.966,-73.814,"-99.9 -99.3 -79.8 -76.8 -75.1 -73.8 -75.1 -76.8",0.873,356,0,1261,713,"-8e+01 -8e+01 -8e+01","1 0 0","0.87 0.85 0.82",9,8,1.55,0.33,0,0,0,0
18.900,6,0.182,0.182,0.000,3,3,-78.353,"-76.3 -81.5 -77.3","0.182 0.182 0.182",-93.966,-73.814,"-99.9 -99.3 -79.8 -76.8 -75.1 -73.8 -75.1 -76.8",0.973,358,0,1261,720,"-8e+01 -8e+01 -8e+01","1 0 0","0.97 0.95 0.92",10,8,16.91,0.60,0,0,0,0
19.000,6,0.091,0.091,0.000,3,3,-78.353,"-76.3 -81.5 -77.3","0.091 0.091 0.091",-93.966,-73.814,"-99.9 -99.3 -79.8 -76.8 -75.1 -73.8 -75.1 -76.8",1.073,360,0,1261,730,"-8e+01 -8e+01 -8e+01","1 0 0","1.1 1 1",9,7,1.29,0.67,0,0,0,0
19.100,6,0.000,0.000,0.000,3,3,-78.353,"-76.3 -81.5 -77.3","0.000 0.000 0.000",-93.966,-73.814,"-99.9 -99.3 -79.8 -76.8 -75.1 -73.8 -75.1 -76.8",1.173,362,0,1261,737,"-8e+01 -8e+01 -8e+01","1 0 0","1.2 1.1 1.1",10,8,0.33,0.60,0,0,0,0
19.200,6,0.000,0.000,0.000,3,3,-78.353,"-76.3 -81.5 -77.3","0.000 0.000 0.000",-93.966,-73.814,"-99.9 -99.3 -79.8 -76.8 -75.1 -73.8 -75.1 -76.8",1.273,364,0,1261,747,"-8e+01 -8e+01 -8e+01","1 0 0","1.3 1.2 1.2",16,13,17.34,0.56,0,0,0,0
19.300,6,0.000,0.000,0.000,3,3,-78.353,"-76.3 -81.5 -77.3","0.000 0.000 0.000",-93.966,-73.814,"-99.9 -99.3 -79.8 -76.8 -75.1 -73.8 -75.1 -76.8",1.373,366,0,1261,759,"-8e+01 -8e+01 -8e+01","1 0 0","1.4 1.3 1.3",3,2,0.55,1.00,0,0,0,0
19.400,6,0.000,0.000,0.000,3,3,-78.353,"-76.3 -81.5 -77.3","0.000 0.000 0.000",-93.966,-73.814,"-99.9 -99.3 -79.8 -76.8 -75.1 -73.8 -75.1 -76.8",1.473,368,0,1261,764,"-8e+01 -8e+01 -8e+01","1 0 0","1.5 1.4 1.4",14,11,0.51,0.64,0,0,0,0
19.500,6,0.000,0.000,0.000,3,3,-78.353,"-76.3 -81.5 -77.3","0.000 0.000 0.000",-93.966,-73.814,"-99.9 -99.3 -79.8 -76.8 -75.1 -73.8 -75.1 -76.8",1.573,370,0,1261,773,"-8e+01 -8e+01 -8e+01","1 0 0","1.6 1.5 1.5",10,8,17.41,0.60,0,0,0,0
19.600,6,0.000,0.000,0.000,3,3,-78.353,"-76.3 -81.5 -77.3","0.000 0.000 0.000",-93.966,-73.814,"-99.9 -99.3 -79.8 -76.8 -75.1 -73.8 -75.1 -76.8",1.673,372,0,1261,781,"-8e+01 -8e+01 -8e+01","1 0 0","1.7 1.6 1.6",10,9,6.87,0.30,0,0,0,0
19.700,6,0.000,0.000,0.000,3,3,-78.353,"-76.3 -81.5 -77.3","0.000 0.000 0.000",-93.966,-73.814,"-99.9 -99.3 -79.8 -76.8 -75.1 -73.8 -75.1 -76.8",1.773,374,0,1261,791,"-8e+01 -8e+01 -8e+01","1 0 0","1.8 1.7 1.7",16,13,8.20,0.56,0,0,0,0
19.800,6,0.000,0.000,0.000,3,3,-78.353,"-76.3 -81.5 -77.3","0.000 0.000 0.000",-93.966,-73.814,"-99.9 -99.3 -79.8 -76.8 -75.1 -73.8 -75.1 -76.8",1.873,376,0,1261,798,"-8e+01 -8e+01 -8e+01","1 0 0","1.9 1.8 1.8",10,8,10.91,0.60,0,0,0,0
19.900,6,0.000,0.000,0.000,3,3,-78.353,"-76.3 -81.5 -77.3","0.000 0.000 0.000",-93.966,-73.814,"-99.9 -99.3 -79.8 -76.8 -75.1 -73.8 -75.1 -76.8",1.973,378,0,1261,810,"-8e+01 -8e+01 -8e+01","1 0 0","2 1.9 1.9",8,6,10.58,0.75,0,0,0,0
20.000,6,0.000,0.000,0.000,3,3,-78.353,"-76.3 -81.5 -77.3","0.000 0.000 0.000",-93.966,-73.814,"-99.9 -99.3 -79.8 -76.8 -75.1 -73.8 -75.1 -76.8",2.073,380,0,1261,815,"-8e+01 -8e+01 -8e+01","1 0 0","2.1 2 2",18,15,6.19,0.50,0,0,0,0
20.100,6,0.000,0.000,0.000,3,3,-78.353,"-76.3 -81.5 -77.3","0.000 0.000 0.000",-93.966,-73.814,"-99.9 -99.3 -79.8 -76.8 -75.1 -73.8 -75.1 -76.8",2.173,382,0,1261,829,"-8e+01 -8e+01 -8e+01","1 0 0","2.2 2.1 2.1",7,6,19.09,0.43,0,0,0,0
20.200,6,0.000,0.000,0.000,3,3,-78.353,"-76.3 -81.5 -77.3","0.000 0.000 0.000",-93.966,-73.814,"-99.9 -99.3 -79.8 -76.8 -75.1 -73.8 -75.1 -76.8",2.273,384,0,1261,835,"-8e+01 -8e+01 -8e+01","1 0 0","2.3 2.2 2.2",11,9,16.55,0.55,0,0,0,0
20.300,6,0.000,0.000,0.000,3,3,-78.353,"-76.3 -81.5 -77.3","0.000 0.000 0.000",-93.966,-73.814,"-99.9 -99.3 -79.8 -76.8 -75.1 -73.8 -75.1 -76.8",2.373,386,0,1261,847,"-8e+01 -8e+01 -8e+01","1 0 0","2.4 2.3 2.3",9,7,18.96,0.67,0,0,0,0
20.400,6,0.000,0.000,0.000,3,3,-78.353,"-76.3 -81.5 -77.3","0.000 0.000 0.000",-93.966,-73.814,"-99.9 -99.3 -79.8 -76.8 -75.1 -73.8 -75.1 -76.8",2.473,388,0,1261,854,"-8e+01 -8e+01 -8e+01","1 0 0","2.5 2.4 2.4",8,7,19.03,0.38,0,0,0,0
20.500,6,0.000,0.000,0.000,3,3,-78.353,"-76.3 -81.5 -77.3","0.000 0.000 0.000",-93.966,-73.814,"-99.9 -99.3 -79.8 -76.8 -75.1 -73.8 -75.1 -76.8",2.573,390,0,1261,861,"-8e+01 -8e+01 -8e+01","1 0 0","2.6 2.5 2.5",9,7,7.66,0.67,0,0,0,0
20.600,6,0.000,0.000,0.000,3,3,-78.353,"-76.3 -81.5 -77.3","0.000 0.000 0.000",-93.966,-73.814,"-99.9 -99.3 -79.8 -76.8 -75.1 -73.8 -75.1 -76.8",2.673,392,0,1261,871,"-8e+01 -8e+01 -8e+01","1 0 0","2.7 2.6 2.6",10,7,21.55,0.90,0,0,0,0
20.700,6,0.000,0.000,0.000,3,3,-78.353,"-76.3 -81.5 -77.3","0.000 0.000 0.000",-93.966,-73.814,"-99.9 -99.3 -79.8 -76.8 -75.1 -73.8 -75.1 -76.8",2.773,394,0,1261,879,"-8e+01 -8e+01 -8e+01","1 0 0","2.8 2.7 2.7",7,6,0.05,0.43,0,0,0,0
20.800,6,0.000,0.000,0.000,3,3,-78.353,"-76.3 -81.5 -77.3","0.000 0.000 0.000",-93.966,-73.814,"-99.9 -99.3 -79.8 -76.8 -75.1 -73.8 -75.1 -76.8",2.873,396,0,1261,888,"-8e+01 -8e+01 -8e+01","1 0 0","2.9 2.8 2.8",3,2,0.67,1.00,0,0,0,0
20.900,6,0.000,0.000,0.000,3,3,-78.353,"-76.3 -81.5 -77.3","0.000 0.000 0.000",-93.966,-73.814,"-99.9 -99.3 -79.8 -76.8 -75.1 -73.8 -75.1 -76.8",2.973,398,0,1261,896,"-8e+01 -8e+01 -8e+01","1 0 0","3 2.9 2.9",14,11,9.18,0.64,0,0,0,0
21.000,6,0.000,0.000,0.000,3,3,-78.353,"-76.3 -81.5 -77.3","0.000 0.000 0.000",-93.966,-73.814,"-99.9 -99.3 -79.8 -76.8 -75.1 -73.8 -75.1 -76.8",3.073,400,0,1261,901,"-8e+01 -8e+01 -8e+01","1 0 0","3.1 3 3",11,9,5.25,0.55,0,0,0,0
21.100,6,0.000,0.000,0.000,3,3,-78.353,"-76.3 -81.5 -77.3","0.000 0.000 0.000",-93.966,-73.814,"-99.9 -99.3 -79.8 -76.8 -75.1 -73.8 -75.1 -76.8",3.173,402,0,1261,913,"-8e+01 -8e+01 -8e+01","1 0 0","3.2 3.1 3.1",10,7,27.13,0.90,0,0,0,0
21.200,6,0.000,0.000,0.000,3,3,-78.353,"-76.3 -81.5 -77.3","0.000 0.000 0.000",-93.966,-73.814,"-99.9 -99.3 -79.8 -76.8 -75.1 -73.8 -75.1 -76.8",3.273,404,0,1261,922,"-8e+01 -8e+01 -8e+01","1 0 0","3.3 3.2 3.2",9,7,21.27,0.67,0,0,0,0
21.300,6,0.000,0.000,0.000,3,3,-78.353,"-76.3 -81.5 -77.3","0.000 0.000 0.000",-93.966,-73.814,"-99.9 -99.3 -79.8 -76.8 -75.1 -73.8 -75.1 -76.8",3.373,406,0,1261,932,"-8e+01 -8e+01 -8e+01","1 0 0","3.4 3.3 3.3",14,12,7.34,0.43,0,0,0,0
21.400,6,0.000,0.000,0.000,3,3,-78.353,"-76.3 -81.5 -77.3","0.000 0.000 0.000",-93.966,-73.814,"-99.9 -99.3 -79.8 -76.8 -75.1 -73.8 -75.1 -76.8",3.473,408,0,1261,939,"-8e+01 -8e+01 -8e+01","1 0 0","3.5 3.4 3.4",10,8,10.93,0.60,0,0,0,0
21.500,6,0.000,0.000,0.000,3,3,-78.353,"-76.3 -81.5 -77.3","0.000 0.000 0.000",-93.966,-73.814,"-99.9 -99.3 -79.8 -76.8 -75.1 -73.8 -75.1 -76.8",3.573,410,0,1261,949,"-8e+01 -8e+01 -8e+01","1 0 0","3.6 3.5 3.5",14,12,11.12,0.43,0,0,0,0
21.600,6,0.000,0.000,0.000,3,3,-78.353,"-76.3 -81.5 -77.3","0.000 0.000 0.000",-93.966,-73.814,"-99.9 -99.3 -79.8 -76.8 -75.1 -73.8 -75.1 -76.8",3.673,412,0,1261,955,"-8e+01 -8e+01 -8e+01","1 0 0","3.7 3.6 3.6",6,4,11.10,1.00,0,0,0,0
21.700,6,0.000,0.000,0.000,3,3,-78.353,"-76.3 -81.5 -77.3","0.000 0.000 0.000",-93.966,-73.814,"-99.9 -99.3 -79.8 -76.8 -75.1 -73.8 -75.1 -76.8",3.773,414,0,1261,966,"-8e+01 -8e+01 -8e+01","1 0 0","3.8 3.7 3.7",9,7,9.35,0.67,0,0,0,0
21.800,6,0.000,0.000,0.000,3,3,-78.353,"-76.3 -81.5 -77.3","0.000 0.000 0.000",-93.966,-73.814,"-99.9 -99.3 -79.8 -76.8 -75.1 -73.8 -75.1 -76.8",3.873,416,0,1261,973,"-8e+01 -8e+01 -8e+01","1 0 0","3.9 3.8 3.8",15,12,2.75,0.60,0,0,0,0
21.900,6,0.000,0.000,0.000,3,3,-78.353,"-76.3 -81.5 -77.3","0.000 0.000 0.000",-93.966,-73.814,"-99.9 -99.3 -79.8 -76.8 -75.1 -73.8 -75.1 -76.8",3.973,418,0,1261,978,"-8e+01 -8e+01 -8e+01","1 0 0","4 3.9 3.9",17,14,13.00,0.53,0,0,0,0
22.000,6,0.000,0.000,0.000,3,3,-78.353,"-76.3 -81.5 -77.3","0.000 0.000 0.000",-93.966,-73.814,"-99.9 -99.3 -79.8 -76.8 -75.1 -73.8 -75.1 -76.8",4.073,420,0,1261,990,"-8e+01 -8e+01 -8e+01","1 0 0","4.1 4 4",15,13,30.96,0.40,0,0,0,0
22.100,6,0.000,0.000,0.000,3,3,-78.353,"-76.3 -81.5 -77.3","0.000 0.000 0.000",-93.966,-73.814,"-99.9 -99.3 -79.8 -76.8 -75.1 -73.8 -75.1 -76.8",4.173,422,0,1261,995,"-8e+01 -8e+01 -8e+01","1 0 0","4.2 4.1 4.1",11,9,13.15,0.55,0,0,0,0
22.200,6,0.000,0.000,0.000,3,3,-78.353,"-76.3 -81.5 -77.3","0.000 0.000 0.000",-93.966,-73.814,"-99.9 -99.3 -79.8 -76.8 -75.1 -73.8 -75.1 -76.8",4.273,424,0,1261,1009,"-8e+01 -8e+01 -8e+01","1 0 0","4.3 4.2 4.2",3,3,0.47,0.00,0,0,0,0
22.300,6,0.000,0.000,0.000,3,3,-78.353,"-76.3 -81.5 -77.3","0.000 0.000 0.000",-93.966,-73.814,"-99.9 -99.3 -79.8 -76.8 -75.1 -73.8 -75.1 -76.8",4.373,426,0,1261,1014,"-8e+01 -8e+01 -8e+01","1 0 0","4.4 4.3 4.3",11,9,7.25,0.55,0,0,0,0
22.400,6,0.000,0.000,0.000,3,3,-78.353,"-76.3 -81.5 -77.3","0.000 0.000 0.000",-93.966,-73.814,"-99.9 -99.3 -79.8 -76.8 -75.1 -73.8 -75.1 -76.8",4.473,428,0,1261,1019,"-8e+01 -8e+01 -8e+01","1 0 0","4.5 4.4 4.4",14,11,6.91,0.64,0,0,0,0
22.500,6,0.000,0.000,0.000,3,3,-78.353,"-76.3 -81.5 -77.3","0.000 0.000 0.000",-93.966,-73.814,"-99.9 -99.3 -79.8 -76.8 -75.1 -73.8 -75.1 -76.8",4.573,430,0,1261,1027,"-8e+01 -8e+01 -8e+01","1 0 0","4.6 4.5 4.5",9,7,18.25,0.67,0,0,0,0
22.600,6,0.000,0.000,0.000,3,3,-78.353,"-76.3 -81.5 -77.3","0.000 0.000 0.000",-93.966,-73.814,"-99.9 -99.3 -79.8 -76.8 -75.1 -73.8 -75.1 -76.8",4.673,432,0,1261,1032,"-8e+01 -8e+01 -8e+01","1 0 0","4.7 4.6 4.6",17,14,11.07,0.53,0,0,0,0
22.700,6,0.000,0.000,0.000,3,3,-78.353,"-76.3 -81.5 -77.3","0.000 0.000 0.000",-93.966,-73.814,"-99.9 -99.3 -79.8 -76.8 -75.1 -73.8 -75.1 -76.8",4.773,434,0,1261,1037,"-8e+01 -8e+01 -8e+01","1 0 0","4.8 4.7 4.7",18,16,15.51,0.33,0,0,0,0
22.800,6,0.000,0.000,0.000,3,3,-78.353,"-76.3 -81.5 -77.3","0.000 0.000 0.000",-93.966,-73.814,"-99.9 -99.3 -79.8 -76.8 -75.1 -73.8 -75.1 -76.8",4.873,436,0,1261,1042,"-8e+01 -8e+01 -8e+01","1 0 0","4.9 4.8 4.8",4,3,13.27,0.75,0,0,0,0
22.900,6,0.000,0.000,0.000,3,3,-78.353,"-76.3 -81.5 -77.3","0.000 0.000 0.000",-93.966,-73.814,"-99.9 -99.3 -79.8 -76.8 -75.1 -73.8 -75.1 -76.8",4.973,438,0,1261,1047,"-8e+01 -8e+01 -8e+01","1 0 0","5 4.9 4.9",4,4,11.25,0.00,0,0,0,0
23.000,6,0.000,0.000,0.000,3,3,-78.353,"-76.3 -81.5 -77.3","0.000 0.000 0.000",-93.966,-73.814,"-99.9 -99.3 -79.8 -76.8 -75.1 -73.8 -75.1 -76.8",5.073,440,0,1261,1052,"-8e+01 -8e+01 -8e+01","1 0 0","5.1 5 5",1,1,0.01,0.00,0,0,0,0
23.100,6,0.000,0.000,0.000,3,3,-78.353,"-76.3 -81.5 -77.3","0.000 0.000 0.000",-93.966,-73.814,"-99.9 -99.3 -79.8 -76.8 -75.1 -73.8 -75.1 -76.8",5.173,442,0,1261,1057,"-8e+01 -8e+01 -8e+01","1 0 0","5.2 5.1 5.1",1,1,0.01,0.00,0,0,0,0
23.200,6,0.000,0.000,0.000,3,3,-78.353,"-76.3 -81.5 -77.3","0.000 0.000 0.000",-93.966,-73.814,"-99.9 -99.3 -79.8 -76.8 -75.1 -73.8 -75.1 -76.8",5.273,444,0,1261,1062,"-8e+01 -8e+01 -8e+01","1 0 0","5.3 5.2 5.2",1,1,0.01,0.00,0,0,0,0
23.300,6,0.000,0.000,0.000,3,3,-78.353,"-76.3 -81.5 -77.3","0.000 0.000 0.000",-93.966,-73.814,"-99.9 -99.3 -79.8 -76.8 -75.1 -73.8 -75.1 -76.8",5.373,446,0,1261,1067,"-8e+01 -8e+01 -8e+01","1 0 0","5.4 5.3 5.3",1,1,0.01,0.00,0,0,0,0
23.400,6,0.000,0.000,0.000,3,3,-78.353,"-76.3 -81.5 -77.3","0.000 0.000 0.000",-93.966,-73.814,"-99.9 -99.3 -79.8 -76.8 -75.1 -73.8 -75.1 -76.8",5.473,448,0,1261,1072,"-8e+01 -8e+01 -8e+01","1 0 0","5.5 5.4 5.4",2,2,5.56,0.00,0,0,0,0
23.500,6,0.000,0.000,0.000,3,3,-78.353,"-76.3 -81.5 -77.3","0.000 0.000 0.000",-93.966,-73.814,"-99.9 -99.3 -79.8 -76.8 -75.1 -73.8 -75.1 -76.8",5.573,450,0,1261,1077,"-8e+01 -8e+01 -8e+01","1 0 0","5.6 5.5 5.5",1,1,0.01,0.00,0,0,0,0
23.600,6,0.000,0.000,0.000,3,3,-78.353,"-76.3 -81.5 -77.3","0.000 0.000 0.000",-93.966,-73.814,"-99.9 -99.3 -79.8 -76.8 -75.1 -73.8 -75.1 -76.8",5.673,452,0,1261,1082,"-8e+01 -8e+01 -8e+01","1 0 0","5.7 5.6 5.6",1,1,0.01,0.00,0,0,0,0
23.700,6,0.000,0.000,0.000,3,3,-78.353,"-76.3 -81.5 -77.3","0.000 0.000 0.000",-93.966,-73.814,"-99.9 -99.3 -79.8 -76.8 -75.1 -73.8 -75.1 -76.8",5.773,454,0,1261,1087,"-8e+01 -8e+01 -8e+01","1 0 0","5.8 5.7 5.7",1,1,0.01,0.00,0,0,0,0
23.800,6,0.000,0.000,0.000,3,3,-78.353,"-76.3 -81.5 -77.3","0.000 0.000 0.000",-93.966,-73.814,"-99.9 -99.3 -79.8 -76.8 -75.1 -73.8 -75.1 -76.8",5.873,456,0,1261,1092,"-8e+01 -8e+01 -8e+01","1 0 0","5.9 5.8 5.8",1,1,0.01,0.00,0,0,0,0
23.900,6,0.000,0.000,0.000,3,3,-78.353,"-76.3 -81.5 -77.3","0.000 0.000 0.000",-93.966,-73.814,"-99.9 -99.3 -79.8 -76.8 -75.1 -73.8 -75.1 -76.8",5.973,458,0,1261,1097,"-8e+01 -8e+01 -8e+01","1 0 0","6 5.9 5.9",1,1,0.01,0.00,0,0,0,0
24.000,6,0.000,0.000,0.000,3,3,-78.353,"-76.3 -81.5 -77.3","0.000 0.000 0.000",-93.966,-73.814,"-99.9 -99.3 -79.8 -76.8 -75.1 -73.8 -75.1 -76.8",6.073,460,0,1261,1102,"-8e+01 -8e+01 -8e+01","1 0 0","6.1 6 6",1,1,0.01,0.00,0,0,0,0
24.100,6,0.000,0.000,0.000,3,3,-78.353,"-76.3 -81.5 -77.3","0.000 0.000 0.000",-93.966,-73.814,"-99.9 -99.3 -79.8 -76.8 -75.1 -73.8 -75.1 -76.8",6.173,462,0,1261,1110,"-8e+01 -8e+01 -8e+01","1 0 0","6.2 6.1 6.1",1,1,0.01,0.00,0,0,0,0
24.200,6,0.000,0.000,0.000,3,3,-78.353,"-76.3 -81.5 -77.3","0.000 0.000 0.000",-93.966,-73.814,"-99.9 -99.3 -79.8 -76.8 -75.1 -73.8 -75.1 -76.8",6.273,464,0,1261,1116,"-8e+01 -8e+01 -8e+01","1 0 0","6.3 6.2 6.2",2,2,12.27,0.00,0,0,0,0
24.300,6,0.000,0.000,0.000,3,3,-78.353,"-76.3 -81.5 -77.3","0.000 0.000 0.000",-93.966,-73.814,"-99.9 -99.3 -79.8 -76.8 -75.1 -73.8 -75.1 -76.8",6.373,466,0,1261,1121,"-8e+01 -8e+01 -8e+01","1 0 0","6.4 6.3 6.3",1,1,0.01,0.00,0,0,0,0
24.400,6,0.000,0.000,0.000,3,3,-78.353,"-76.3 -81.5 -77.3","0.000 0.000 0.000",-93.966,-73.814,"-99.9 -99.3 -79.8 -76.8 -75.1 -73.8 -75.1 -76.8",6.473,468,0,1261,1126,"-8e+01 -8e+01 -8e+01","1 0 0","6.5 6.4 6.4",2,2,0.01,0.00,0,0,0,0
24.500,6,0.000,0.000,0.000,3,3,-78.353,"-76.3 -81.5 -77.3","0.000 0.000 0.000",-93.966,-73.814,"-99.9 -99.3 -79.8 -76.8 -75.1 -73.8 -75.1 -76.8",6.573,470,0,1261,1132,"-8e+01 -8e+01 -8e+01","1 0 0","6.6 6.5 6.5",1,1,0.01,0.00,0,0,0,0
24.600,6,0.000,0.000,0.000,3,3,-78.353,"-76.3 -81.5 -77.3","0.000 0.000 0.000",-93.966,-73.814,"-99.9 -99.3 -79.8 -76.8 -75.1 -73.8 -75.1 -76.8",6.673,472,0,1261,1137,"-8e+01 -8e+01 -8e+01","1 0 0","6.7 6.6 6.6",1,1,0.01,0.00,0,0,0,0
24.700,6,0.000,0.000,0.000,3,3,-78.353,"-76.3 -81.5 -77.3","0.000 0.000 0.000",-93.966,-73.814,"-99.9 -99.3 -79.8 -76.8 -75.1 -73.8 -75.1 -76.8",6.773,474,0,1261,1142,"-8e+01 -8e+01 -8e+01","1 0 0","6.8 6.7 6.7",1,1,0.01,0.00,0,0,0,0
24.800,6,0.000,0.000,0.000,3,3,-78.353,"-76.3 -81.5 -77.3","0.000 0.000 0.000",-93.966,-73.814,"-99.9 -99.3 -79.8 -76.8 -75.1 -73.8 -75.1 -76.8",6.873,476,0,1261,1147,"-8e+01 -8e+01 -8e+01","1 0 0","6.9 6.8 6.8",1,1,0.01,0.00,0,0,0,0
24.900,6,0.000,0.000,0.000,3,3,-78.353,"-76.3 -81.5 -77.3","0.000 0.000 0.000",-93.966,-73.814,"-99.9 -99.3 -79.8 -76.8 -75.1 -73.8 -75.1 -76.8",6.973,478,0,1261,1152,"-8e+01 -8e+01 -8e+01","1 0 0","7 6.9 6.9",1,1,0.01,0.00,0,0,0,0
25.000,6,0.000,0.000,0.000,3,3,-78.353,"-76.3 -81.5 -77.3","0.000 0.000 0.000",-93.966,-73.814,"-99.9 -99.3 -79.8 -76.8 -75.1 -73.8 -75.1 -76.8",7.073,480,0,1261,1157,"-8e+01 -8e+01 -8e+01","1 0 0","7.1 7 7",1,1,0.01,0.00,0,0,0,0
25.100,6,0.000,0.000,0.000,3,3,-78.353,"-76.3 -81.5 -77.3","0.000 0.000 0.000",-93.966,-73.814,"-99.9 -99.3 -79.8 -76.8 -75.1 -73.8 -75.1 -76.8",7.173,482,0,1261,1162,"-8e+01 -8e+01 -8e+01","1 0 0","7.2 7.1 7.1",1,1,0.01,0.00,0,0,0,0
25.200,6,0.000,0.000,0.000,3,3,-78.353,"-76.3 -81.5 -77.3","0.000 0.000 0.000",-93.966,-73.814,"-99.9 -99.3 -79.8 -76.8 -75.1 -73.8 -75.1 -76.8",7.273,484,0,1261,1167,"-8e+01 -8e+01 -8e+01","1 0 0","7.3 7.2 7.2",1,1,0.01,0.00,0,0,0,0
25.300,6,0.000,0.000,0.000,3,3,-78.353,"-76.3 -81.5 -77.3","0.000 0.000 0.000",-93.966,-73.814,"-99.9 -99.3 -79.8 -76.8 -75.1 -73.8 -75.1 -76.8",7.373,486,0,1261,1172,"-8e+01 -8e+01 -8e+01","1 0 0","7.4 7.3 7.3",1,1,0.01,0.00,0,0,0,0
25.400,6,0.000,0.000,0.000,3,3,-78.353,"-76.3 -81.5 -77.3","0.000 0.000 0.000",-93.966,-73.814,"-99.9 -99.3 -79.8 -76.8 -75.1 -73.8 -75.1 -76.8",7.473,488,0,1261,1177,"-8e+01 -8e+01 -8e+01","1 0 0","7.5 7.4 7.4",2,2,0.01,0.00,0,0,0,0
25.500,6,0.000,0.000,0.000,3,3,-78.353,"-76.3 -81.5 -77.3","0.000 0.000 0.000",-93.966,-73.814,"-99.9 -99.3 -79.8 -76.8 -75.1 -73.8 -75.1 -76.8",7.573,490,0,1261,1182,"-8e+01 -8e+01 -8e+01","1 0 0","7.6 7.5 7.5",1,1,0.01,0.00,0,0,0,0
25.600,6,0.000,0.000,0.000,3,3,-78.353,"-76.3 -81.5 -77.3","0.000 0.000 0.000",-93.966,-73.814,"-99.9 -99.3 -79.8 -76.8 -75.1 -73.8 -75.1 -76.8",7.673,492,0,1261,1187,"-8e+01 -8e+01 -8e+01","1 0 0","7.7 7.6 7.6",1,1,0.01,0.00,0,0,0,0
25.700,6,0.000,0.000,0.000,3,3,-78.353,"-76.3 -81.5 -77.3","0.000 0.000 0.000",-93.966,-73.814,"-99.9 -99.3 -79.8 -76.8 -75.1 -73.8 -75.1 -76.8",7.773,494,0,1261,1192,"-8e+01 -8e+01 -8e+01","1 0 0","7.8 7.7 7.7",1,1,0.01,0.00,0,0,0,0
25.800,6,0.000,0.000,0.000,3,3,-78.353,"-76.3 -81.5 -77.3","0.000 0.000 0.000",-93.966,-73.814,"-99.9 -99.3 -79.8 -76.8 -75.1 -73.8 -75.1 -76.8",7.873,496,0,1261,1197,"-8e+01 -8e+01 -8e+01","1 0 0","7.9 7.8 7.8",1,1,0.01,0.00,0,0,0,0
25.900,6,0.000,0.000,0.000,3,3,-78.353,"-76.3 -81.5 -77.3","0.000 0.000 0.000",-93.966,-73.814,"-99.9 -99.3 -79.8 -76.8 -75.1 -73.8 -75.1 -76.8",7.973,498,0,1261,1202,"-8e+01 -8e+01 -8e+01","1 0 0","8 7.9 7.9",1,1,0.01,0.00,0,0,0,0
26.000,6,0.000,0.000,0.000,3,3,-78.353,"-76.3 -81.5 -77.3","0.000 0.000 0.000",-93.966,-73.814,"-99.9 -99.3 -79.8 -76.8 -75.1 -73.8 -75.1 -76.8",8.073,500,0,1261,1207,"-8e+01 -8e+01 -8e+01","1 0 0","8.1 8 8",1,1,0.01,0.00,0,0,0,0
26.100,6,0.000,0.000,0.000,3,3,-78.353,"-76.3 -81.5 -77.3","0.000 0.000 0.000",-93.966,-73.814,"-99.9 -99.3 -79.8 -76.8 -75.1 -73.8 -75.1 -76.8",8.173,502,0,1261,1212,"-8e+01 -8e+01 -8e+01","1 0 0","8.2 8.1 8.1",1,1,0.01,0.00,0,0,0,0
26.200,6,0.000,0.000,0.000,3,3,-78.353,"-76.3 -81.5 -77.3","0.000 0.000 0.000",-93.966,-73.814,"-99.9 -99.3 -79.8 -76.8 -75.1 -73.8 -75.1 -76.8",8.273,504,0,1261,1219,"-8e+01 -8e+01 -8e+01","1 0 0","8.3 8.2 8.2",2,2,0.26,0.00,0,0,0,0
26.300,6,0.000,0.000,0.000,3,3,-78.353,"-76.3 -81.5 -77.3","0.000 0.000 0.000",-93.966,-73.814,"-99.9 -99.3 -79.8 -76.8 -75.1 -73.8 -75.1 -76.8",8.373,506,0,1261,1225,"-8e+01 -8e+01 -8e+01","1 0 0","8.4 8.3 8.3",1,1,13.81,0.00,0,0,0,0
26.400,6,0.000,0.000,0.000,3,3,-78.353,"-76.3 -81.5 -77.3","0.000 0.000 0.000",-93.966,-73.814,"-99.9 -99.3 -79.8 -76.8 -75.1 -73.8 -75.1 -76.8",8.473,508,0,1261,1230,"-8e+01 -8e+01 -8e+01","1 0 0","8.5 8.4 8.4",1,1,17.15,0.00,0,0,0,0
26.500,6,0.000,0.000,0.000,3,3,-78.353,"-76.3 -81.5 -77.3","0.000 0.000 0.000",-93.966,-73.814,"-99.9 -99.3 -79.8 -76.8 -75.1 -73.8 -75.1 -76.8",8.573,510,0,1261,1237,"-8e+01 -8e+01 -8e+01","1 0 0","8.6 8.5 8.5",1,1,0.01,0.00,0,0,0,0
26.600,6,0.000,0.000,0.000,3,3,-78.353,"-76.3 -81.5 -77.3","0.000 0.000 0.000",-93.966,-73.814,"-99.9 -99.3 -79.8 -76.8 -75.1 -73.8 -75.1 -76.8",8.673,512,0,1261,1242,"-8e+01 -8e+01 -8e+01","1 0 0","8.7 8.6 8.6",1,1,0.01,0.00,0,0,0,0
26.700,6,0.000,0.000,0.000,3,3,-78.353,"-76.3 -81.5 -77.3","0.000 0.000 0.000",-93.966,-73.814,"-99.9 -99.3 -79.8 -76.8 -75.1 -73.8 -75.1 -76.8",8.773,514,0,1261,1247,"-8e+01 -8e+01 -8e+01","1 0 0","8.8 8.7 8.7",1,1,0.01,0.00,0,0,0,0
26.800,6,0.000,0.000,0.000,3,3,-78.353,"-76.3 -81.5 -77.3","0.000 0.000 0.000",-93.966,-73.814,"-99.9 -99.3 -79.8 -76.8 -75.1 -73.8 -75.1 -76.8",8.873,516,0,1261,1252,"-8e+01 -8e+01 -8e+01","1 0 0","8.9 8.8 8.8",1,1,0.01,0.00,0,0,0,0
26.900,6,0.000,0.000,0.000,3,3,-78.353,"-76.3 -81.5 -77.3","0.000 0.000 0.000",-93.966,-73.814,"-99.9 -99.3 -79.8 -76.8 -75.1 -73.8 -75.1 -76.8",8.973,518,0,1261,1257,"-8e+01 -8e+01 -8e+01","1 0 0","9 8.9 8.9",1,1,0.01,0.00,0,0,0,0
27.000,6,0.000,0.000,0.000,3,3,-78.353,"-76.3 -81.5 -77.3","0.000 0.000 0.000",-93.966,-73.814,"-99.9 -99.3 -79.8 -76.8 -75.1 -73.8 -75.1 -76.8",9.073,520,0,1261,1262,"-8e+01 -8e+01 -8e+01","1 0 0","9.1 9 9",1,1,0.01,0.00,0,0,0,0
27.100,6,0.000,0.000,0.000,3,3,-78.353,"-76.3 -81.5 -77.3","0.000 0.000 0.000",-93.966,-73.814,"-99.9 -99.3 -79.8 -76.8 -75.1 -73.8 -75.1 -76.8",9.173,522,0,1261,1267,"-8e+01 -8e+01 -8e+01","1 0 0","9.2 9.1 9.1",1,1,0.01,0.00,0,0,0,0
27.200,6,0.000,0.000,0.000,3,3,-78.353,"-76.3 -81.5 -77.3","0.000 0.000 0.000",-93.966,-73.814,"-99.9 -99.3 -79.8 -76.8 -75.1 -73.8 -75.1 -76.8",9.273,524,0,1261,1272,"-8e+01 -8e+01 -8e+01","1 0 0","9.3 9.2 9.2",1,1,0.01,0.00,0,0,0,0
27.300,6,0.000,0.000,0.000,3,3,-78.353,"-76.3 -81.5 -77.3","0.000 0.000 0.000",-93.966,-73.814,"-99.9 -99.3 -79.8 -76.8 -75.1 -73.8 -75.1 -76.8",9.373,526,0,1261,1277,"-8e+01 -8e+01 -8e+01","1 0 0","9.4 9.3 9.3",1,1,0.01,0.00,0,0,0,0
27.400,6,0.000,0.000,0.000,3,3,-78.353,"-76.3 -81.5 -77.3","0.000 0.000 0.000",-93.966,-73.814,"-99.9 -99.3 -79.8 -76.8 -75.1 -73.8 -75.1 -76.8",9.473,528,0,1261,1282,"-8e+01 -8e+01 -8e+01","1 0 0","9.5 9.4 9.4",1,1,0.01,0.00,0,0,0,0
27.500,6,0.000,0.000,0.000,3,3,-78.353,"-76.3 -81.5 -77.3","0.000 0.000 0.000",-93.966,-73.814,"-99.9 -99.3 -79.8 -76.8 -75.1 -73.8 -75.1 -76.8",9.573,530,0,1261,1287,"-8e+01 -8e+01 -8e+01","1 0 0","9.6 9.5 9.5",1,1,0.01,0.00,0,0,0,0
27.600,6,0.000,0.000,0.000,3,3,-78.353,"-76.3 -81.5 -77.3","0.000 0.000 0.000",-93.966,-73.814,"-99.9 -99.3 -79.8 -76.8 -75.1 -73.8 -75.1 -76.8",9.673,532,0,1261,1292,"-8e+01 -8e+01 -8e+01","1 0 0","9.7 9.6 9.6",1,1,0.01,0.00,0,0,0,0
27.700,6,0.000,0.000,0.000,3,3,-78.353,"-76.3 -81.5 -77.3","0.000 0.000 0.000",-93.966,-73.814,"-99.9 -99.3 -79.8 -76.8 -75.1 -73.8 -75.1 -76.8",9.773,534,0,1261,1297,"-8e+01 -8e+01 -8e+01","1 0 0","9.8 9.7 9.7",1,1,0.01,0.00,0,0,0,0
27.800,6,0.000,0.000,0.000,3,3,-78.353,"-76.3 -81.5 -77.3","0.000 0.000 0.000",-93.966,-73.814,"-99.9 -99.3 -79.8 -76.8 -75.1 -73.8 -75.1 -76.8",9.873,536,0,1261,1302,"-8e+01 -8e+01 -8e+01","1 0 0","9.9 9.8 9.8",1,1,0.01,0.00,0,0,0,0
27.900,6,0.000,0.000,0.000,3,3,-78.353,"-76.3 -81.5 -77.3","0.000 0.000 0.000",-93.966,-73.814,"-99.9 -99.3 -79.8 -76.8 -75.1 -73.8 -75.1 -76.8",9.973,538,0,1261,1307,"-8e+01 -8e+01 -8e+01","1 0 0","10 9.9 9.9",1,1,0.01,0.00,0,0,0,0
28.000,6,0.000,0.000,0.000,3,3,-78.353,"-76.3 -81.5 -77.3","0.000 0.000 0.000",-93.966,-73.814,"-99.9 -99.3 -79.8 -76.8 -75.1 -73.8 -75.1 -76.8",10.073,540,0,1261,1312,"-8e+01 -8e+01 -8e+01","1 0 0","10 10 10",1,1,0.01,0.00,0,0,0,0
28.100,6,0.000,0.000,0.000,3,3,-78.353,"-76.3 -81.5 -77.3","0.000 0.000 0.000",-93.966,-73.814,"-99.9 -99.3 -79.8 -76.8 -75.1 -73.8 -75.1 -76.8",10.173,542,0,1261,1317,"-8e+01 -8e+01 -8e+01","1 0 0","10 10 10",1,1,0.01,0.00,0,0,0,0
28.200,6,0.000,0.000,0.000,3,3,-78.353,"-76.3 -81.5 -77.3","0.000 0.000 0.000",-93.966,-73.814,"-99.9 -99.3 -79.8 -76.8 -75.1 -73.8 -75.1 -76.8",10.273,544,0,1261,1324,"-8e+01 -8e+01 -8e+01","1 0 0","10 10 10",1,1,0.01,0.00,0,0,0,0
28.300,6,0.000,0.000,0.000,3,3,-78.353,"-76.3 -81.5 -77.3","0.000 0.000 0.000",-93.966,-73.814,"-99.9 -99.3 -79.8 -76.8 -75.1 -73.8 -75.1 -76.8",10.373,546,0,1261,1329,"-8e+01 -8e+01 -8e+01","1 0 0","10 10 10",2,2,10.55,0.00,0,0,0,0
28.400,6,0.000,0.000,0.000,3,3,-78.353,"-76.3 -81.5 -77.3","0.000 0.000 0.000",-93.966,-73.814,"-99.9 -99.3 -79.8 -76.8 -75.1 -73.8 -75.1 -76.8",10.473,548,0,1261,1335,"-8e+01 -8e+01 -8e+01","1 0 0","10 10 10",1,1,0.01,0.00,0,0,0,0
28.500,6,0.000,0.000,0.000,3,3,-78.353,"-76.3 -81.5 -77.3","0.000 0.000 0.000",-93.966,-73.814,"-99.9 -99.3 -79.8 -76.8 -75.1 -73.8 -75.1 -76.8",10.573,550,0,1261,1342,"-8e+01 -8e+01 -8e+01","1 0 0","11 11 11",1,1,0.01,0.00,0,0,0,0
28.600,6,0.000,0.000,0.000,3,3,-78.353,"-76.3 -81.5 -77.3","0.000 0.000 0.000",-93.966,-73.814,"-99.9 -99.3 -79.8 -76.8 -75.1 -73.8 -75.1 -76.8",10.673,552,0,1261,1347,"-8e+01 -8e+01 -8e+01","1 0 0","11 11 11",1,1,0.01,0.00,0,0,0,0
28.700,6,0.000,0.000,0.000,3,3,-78.353,"-76.3 -81.5 -77.3","0.000 0.000 0.000",-93.966,-73.814,"-99.9 -99.3 -79.8 -76.8 -75.1 -73.8 -75.1 -76.8",10.773,554,0,1261,1352,"-8e+01 -8e+01 -8e+01","1 0 0","11 11 11",1,1,0.01,0.00,0,0,0,0
28.800,6,0.000,0.000,0.000,3,3,-78.353,"-76.3 -81.5 -77.3","0.000 0.000 0.000",-93.966,-73.814,"-99.9 -99.3 -79.8 -76.8 -75.1 -73.8 -75.1 -76.8",10.873,556,0,1261,1357,"-8e+01 -8e+01 -8e+01","1 0 0","11 11 11",1,1,0.01,0.00,0,0,0,0
28.900,6,0.000,0.000,0.000,3,3,-78.353,"-76.3 -81.5 -77.3","0.000 0.000 0.000",-93.966,-73.814,"-99.9 -99.3 -79.8 -76.8 -75.1 -73.8 -75.1 -76.8",10.973,558,0,1261,1362,"-8e+01 -8e+01 -8e+01","1 0 0","11 11 11",1,1,0.01,0.00,0,0,0,0
29.000,6,0.000,0.000,0.000,3,3,-78.353,"-76.3 -81.5 -77.3","0.000 0.000 0.000",-93.966,-73.814,"-99.9 -99.3 -79.8 -76.8 -75.1 -73.8 -75.1 -76.8",11.073,560,0,1261,1367,"-8e+01 -8e+01 -8e+01","1 0 0","11 11 11",1,1,0.01,0.00,0,0,0,0
29.100,6,0.000,0.000,0.000,3,3,-78.353,"-76.3 -81.5 -77.3","0.000 0.000 0.000",-93.966,-73.814,"-99.9 -99.3 -79.8 -76.8 -75.1 -73.8 -75.1 -76.8",11.173,562,0,1261,1372,"-8e+01 -8e+01 -8e+01","1 0 0","11 11 11",1,1,0.01,0.00,0,0,0,0
29.200,6,0.000,0.000,0.000,3,3,-78.353,"-76.3 -81.5 -77.3","0.000 0.000 0.000",-93.966,-73.814,"-99.9 -99.3 -79.8 -76.8 -75.1 -73.8 -75.1 -76.8",11.273,564,0,1261,1377,"-8e+01 -8e+01 -8e+01","1 0 0","11 11 11",1,1,0.01,0.00,0,0,0,0
29.300,6,0.000,0.000,0.000,3,3,-78.353,"-76.3 -81.5 -77.3","0.000 0.000 0.000",-93.966,-73.814,"-99.9 -99.3 -79.8 -76.8 -75.1 -73.8 -75.1 -76.8",11.373,566,0,1261,1382,"-8e+01 -8e+01 -8e+01","1 0 0","11 11 11",1,1,0.01,0.00,0,0,0,0
29.400,6,0.000,0.000,0.000,3,3,-78.353,"-76.3 -81.5 -77.3","0.000 0.000 0.000",-93.966,-73.814,"-99.9 -99.3 -79.8 -76.8 -75.1 -73.8 -75.1 -76.8",11.473,568,0,1261,1387,"-8e+01 -8e+01 -8e+01","1 0 0","11 11 11",1,1,0.01,0.00,0,0,0,0
29.500,6,0.000,0.000,0.000,3,3,-78.353,"-76.3 -81.5 -77.3","0.000 0.000 0.000",-93.966,-73.814,"-99.9 -99.3 -79.8 -76.8 -75.1 -73.8 -75.1 -76.8",11.573,570,0,1261,1392,"-8e+01 -8e+01 -8e+01","1 0 0","12 12 12",1,1,0.01,0.00,0,0,0,0
29.600,6,0.000,0.000,0.000,3,3,-78.353,"-76.3 -81.5 -77.3","0.000 0.000 0.000",-93.966,-73.814,"-99.9 -99.3 -79.8 -76.8 -75.1 -73.8 -75.1 -76.8",11.673,572,0,1261,1397,"-8e+01 -8e+01 -8e+01","1 0 0","12 12 12",1,1,0.01,0.00,0,0,0,0
29.700,6,0.000,0.000,0.000,3,3,-78.353,"-76.3 -81.5 -77.3","0.000 0.000 0.000",-93.966,-73.814,"-99.9 -99.3 -79.8 -76.8 -75.1 -73.8 -75.1 -76.8",11.773,574,0,1261,1402,"-8e+01 -8e+01 -8e+01","1 0 0","12 12 12",1,1,0.01,0.00,0,0,0,0
29.800,6,0.000,0.000,0.000,3,3,-78.353,"-76.3 -81.5 -77.3","0.000 0.000 0.000",-93.966,-73.814,"-99.9 -99.3 -79.8 -76.8 -75.1 -73.8 -75.1 -76.8",11.873,576,0,1261,1407,"-8e+01 -8e+01 -8e+01","1 0 0","12 12 12",1,1,0.01,0.00,0,0,0,0
29.900,6,0.000,0.000,0.000,3,3,-78.353,"-76.3 -81.5 -77.3","0.000 0.000 0.000",-93.966,-73.814,"-99.9 -99.3 -79.8 -76.8 -75.1 -73.8 -75.1 -76.8",11.973,578,0,1261,1412,"-8e+01 -8e+01 -8e+01","1 0 0","12 12 12",1,1,0.01,0.00,0,0,0,0
30.000,6,0.000,0.000,0.000,3,3,-78.353,"-76.3 -81.5 -77.3","0.000 0.000 0.000",-93.966,-73.814,"-99.9 -99.3 -79.8 -76.8 -75.1 -73.8 -75.1 -76.8",12.073,580,0,1261,1417,"-8e+01 -8e+01 -8e+01","1 0 0","12 12 12",1,1,0.01,0.00,0,0,0,0
30.100,6,0.000,0.000,0.000,3,3,-78.353,"-76.3 -81.5 -77.3","0.000 0.000 0.000",-93.966,-73.814,"-99.9 -99.3 -79.8 -76.8 -75.1 -73.8 -75.1 -76.8",12.173,582,0,1261,1423,"-8e+01 -8e+01 -8e+01","1 0 0","12 12 12",1,1,0.01,0.00,0,0,0,0
30.200,6,0.000,0.000,0.000,3,3,-78.353,"-76.3 -81.5 -77.3","0.000 0.000 0.000",-93.966,-73.814,"-99.9 -99.3 -79.8 -76.8 -75.1 -73.8 -75.1 -76.8",12.273,584,0,1261,1429,"-8e+01 -8e+01 -8e+01","1 0 0","12 12 12",1,1,3.29,0.00,0,0,0,0
30.300,6,0.000,0.000,0.000,3,3,-78.353,"-76.3 -81.5 -77.3","0.000 0.000 0.000",-93.966,-73.814,"-99.9 -99.3 -79.8 -76.8 -75.1 -73.8 -75.1 -76.8",12.373,586,0,1261,1435,"-8e+01 -8e+01 -8e+01","1 0 0","12 12 12",1,1,0.01,0.00,0,0,0,0
30.400,6,0.000,0.000,0.000,3,3,-78.353,"-76.3 -81.5 -77.3","0.000 0.000 0.000",-93.966,-73.814,"-99.9 -99.3 -79.8 -76.8 -75.1 -73.8 -75.1 -76.8",12.473,588,0,1261,1440,"-8e+01 -8e+01 -8e+01","1 0 0","12 12 12",1,1,0.01,0.00,0,0,0,0
30.500,6,0.000,0.000,0.000,3,3,-78.353,"-76.3 -81.5 -77.3","0.000 0.000 0.000",-93.966,-73.814,"-99.9 -99.3 -79.8 -76.8 -75.1 -73.8 -75.1 -76.8",12.573,590,0,1261,1447,"-8e+01 -8e+01 -8e+01","1 0 0","13 13 13",2,2,10.67,0.00,0,0,0,0
30.600,6,0.000,0.000,0.000,3,3,-78.353,"-76.3 -81.5 -77.3","0.000 0.000 0.000",-93.966,-73.814,"-99.9 -99.3 -79.8 -76.8 -75.1 -73.8 -75.1 -76.8",12.673,592,0,1261,1452,"-8e+01 -8e+01 -8e+01","1 0 0","13 13 13",1,1,11.47,0.00,0,0,0,0
30.700,6,0.000,0.000,0.000,3,3,-78.353,"-76.3 -81.5 -77.3","0.000 0.000 0.000",-93.966,-73.814,"-99.9 -99.3 -79.8 -76.8 -75.1 -73.8 -75.1 -76.8",12.773,594,0,1261,1457,"-8e+01 -8e+01 -8e+01","1 0 0","13 13 13",1,1,0.01,0.00,0,0,0,0
30.800,6,0.000,0.000,0.000,3,3,-78.353,"-76.3 -81.5 -77.3","0.000 0.000 0.000",-93.966,-73.814,"-99.9 -99.3 -79.8 -76.8 -75.1 -73.8 -75.1 -76.8",12.873,596,0,1261,1462,"-8e+01 -8e+01 -8e+01","1 0 0","13 13 13",1,1,0.01,0.00,0,0,0,0
30.900,6,0.000,0.000,0.000,3,3,-78.353,"-76.3 -81.5 -77.3","0.000 0.000 0.000",-93.966,-73.814,"-99.9 -99.3 -79.8 -76.8 -75.1 -73.8 -75.1 -76.8",12.973,598,0,1261,1467,"-8e+01 -8e+01 -8e+01","1 0 0","13 13 13",1,1,0.01,0.00,0,0,0,0
31.000,6,0.000,0.000,0.000,3,3,-78.353,"-76.3 -81.5 -77.3","0.000 0.000 0.000",-93.966,-73.814,"-99.9 -99.3 -79.8 -76.8 -75.1 -73.8 -75.1 -76.8",13.073,600,0,1261,1472,"-8e+01 -8e+01 -8e+01","1 0 0","13 13 13",1,1,0.01,0.00,0,0,0,0
31.100,6,0.000,0.000,0.000,3,3,-78.353,"-76.3 -81.5 -77.3","0.000 0.000 0.000",-93.966,-73.814,"-99.9 -99.3 -79.8 -76.8 -75.1 -73.8 -75.1 -76.8",13.173,602,0,1261,1477,"-8e+01 -8e+01 -8e+01","1 0 0","13 13 13",1,1,0.01,0.00,0,0,0,0
31.200,6,0.000,0.000,0.000,3,3,-78.353,"-76.3 -81.5 -77.3","0.000 0.000 0.000",-93.966,-73.814,"-99.9 -99.3 -79.8 -76.8 -75.1 -73.8 -75.1 -76.8",13.273,604,0,1261,1482,"-8e+01 -8e+01 -8e+01","1 0 0","13 13 13",1,1,0.01,0.00,0,0,0,0
31.300,6,0.000,0.000,0.000,3,3,-78.353,"-76.3 -81.5 -77.3","0.000 0.000 0.000",-93.966,-73.814,"-99.9 -99.3 -79.8 -76.8 -75.1 -73.8 -75.1 -76.8",13.373,606,0,1261,1487,"-8e+01 -8e+01 -8e+01","1 0 0","13 13 13",1,1,0.01,0.00,0,0,0,0
31.400,6,0.000,0.000,0.000,3,3,-78.353,"-76.3 -81.5 -77.3","0.000 0.000 0.000",-93.966,-73.814,"-99.9 -99.3 -79.8 -76.8 -75.1 -73.8 -75.1 -76.8",13.473,608,0,1261,1492,"-8e+01 -8e+01 -8e+01","1 0 0","13 13 13",1,1,0.01,0.00,0,0,0,0
31.500,6,0.000,0.000,0.000,3,3,-78.353,"-76.3 -81.5 -77.3","0.000 0.000 0.000",-93.966,-73.814,"-99.9 -99.3 -79.8 -76.8 -75.1 -73.8 -75.1 -76.8",13.573,610,0,1261,1497,"-8e+01 -8e+01 -8e+01","1 0 0","14 14 14",1,1,0.01,0.00,0,0,0,0
31.600,6,0.000,0.000,0.000,3,3,-78.353,"-76.3 -81.5 -77.3","0.000 0.000 0.000",-93.966,-73.814,"-99.9 -99.3 -79.8 -76.8 -75.1 -73.8 -75.1 -76.8",13.673,612,0,1261,1502,"-8e+01 -8e+01 -8e+01","1 0 0","14 14 14",1,1,0.01,0.00,0,0,0,0
31.700,6,0.000,0.000,0.000,3,3,-78.353,"-76.3 -81.5 -77.3","0.000 0.000 0.000",-93.966,-73.814,"-99.9 -99.3 -79.8 -76.8 -75.1 -73.8 -75.1 -76.8",13.773,614,0,1261,1507,"-8e+01 -8e+01 -8e+01","1 0 0","14 14 14",1,1,0.01,0.00,0,0,0,0
31.800,6,0.000,0.000,0.000,3,3,-78.353,"-76.3 -81.5 -77.3","0.000 0.000 0.000",-93.966,-73.814,"-99.9 -99.3 -79.8 -76.8 -75.1 -73.8 -75.1 -76.8",13.873,616,0,1261,1512,"-8e+01 -8e+01 -8e+01","1 0 0","14 14 14",1,1,0.01,0.00,0,0,0,0
31.900,6,0.000,0.000,0.000,3,3,-78.353,"-76.3 -81.5 -77.3","0.000 0.000 0.000",-93.966,-73.814,"-99.9 -99.3 -79.8 -76.8 -75.1 -73.8 -75.1 -76.8",13.973,618,0,1261,1517,"-8e+01 -8e+01 -8e+01","1 0 0","14 14 14",1,1,0.01,0.00,0,0,0,0
32.000,6,0.000,0.000,0.000,3,3,-78.353,"-76.3 -81.5 -77.3","0.000 0.000 0.000",-93.966,-73.814,"-99.9 -99.3 -79.8 -76.8 -75.1 -73.8 -75.1 -76.8",14.073,620,0,1261,1522,"-8e+01 -8e+01 -8e+01","1 0 0","14 14 14",1,1,0.01,0.00,0,0,0,0
32.100,6,0.000,0.000,0.000,3,3,-78.353,"-76.3 -81.5 -77.3","0.000 0.000 0.000",-93.966,-73.814,"-99.9 -99.3 -79.8 -76.8 -75.1 -73.8 -75.1 -76.8",14.173,622,0,1261,1527,"-8e+01 -8e+01 -8e+01","1 0 0","14 14 14",1,1,0.01,0.00,0,0,0,0
32.200,6,0.000,0.000,0.000,3,3,-78.353,"-76.3 -81.5 -77.3","0.000 0.000 0.000",-93.966,-73.814,"-99.9 -99.3 -79.8 -76.8 -75.1 -73.8 -75.1 -76.8",14.273,624,0,1261,1535,"-8e+01 -8e+01 -8e+01","1 0 0","14 14 14",1,1,0.01,0.00,0,0,0,0
32.300,6,0.000,0.000,0.000,3,3,-78.353,"-76.3 -81.5 -77.3","0.000 0.000 0.000",-93.966,-73.814,"-99.9 -99.3 -79.8 -76.8 -75.1 -73.8 -75.1 -76.8",14.373,626,0,1261,1540,"-8e+01 -8e+01 -8e+01","1 0 0","14 14 14",2,2,6.94,0.00,0,0,0,0
32.400,6,0.000,0.000,0.000,3,3,-78.353,"-76.3 -81.5 -77.3","0.000 0.000 0.000",-93.966,-73.814,"-99.9 -99.3 -79.8 -76.8 -75.1 -73.8 -75.1 -76.8",14.473,628,0,1261,1546,"-8e+01 -8e+01 -8e+01","1 0 0","14 14 14",1,1,0.01,0.00,0,0,0,0
32.500,6,0.000,0.000,0.000,3,3,-78.353,"-76.3 -81.5 -77.3","0.000 0.000 0.000",-93.966,-73.814,"-99.9 -99.3 -79.8 -76.8 -75.1 -73.8 -75.1 -76.8",14.573,630,0,1261,1552,"-8e+01 -8e+01 -8e+01","1 0 0","15 15 15",1,1,19.53,0.00,0,0,0,0
32.600,6,0.000,0.000,0.000,3,3,-78.353,"-76.3 -81.5 -77.3","0.000 0.000 0.000",-93.966,-73.814,"-99.9 -99.3 -79.8 -76.8 -75.1 -73.8 -75.1 -76.8",14.673,632,0,1261,1557,"-8e+01 -8e+01 -8e+01","1 0 0","15 15 15",1,1,0.01,0.00,0,0,0,0
32.700,6,0.000,0.000,0.000,3,3,-78.353,"-76.3 -81.5 -77.3","0.000 0.000 0.000",-93.966,-73.814,"-99.9 -99.3 -79.8 -76.8 -75.1 -73.8 -75.1 -76.8",14.773,634,0,1261,1562,"-8e+01 -8e+01 -8e+01","1 0 0","15 15 15",1,1,0.01,0.00,0,0,0,0
32.800,6,0.000,0.000,0.000,3,3,-78.353,"-76.3 -81.5 -77.3","0.000 0.000 0.000",-93.966,-73.814,"-99.9 -99.3 -79.8 -76.8 -75.1 -73.8 -75.1 -76.8",14.873,636,0,1261,1567,"-8e+01 -8e+01 -8e+01","1 0 0","15 15 15",1,1,0.01,0.00,0,0,0,0
32.900,6,0.000,0.000,0.000,3,3,-78.353,"-76.3 -81.5 -77.3","0.000 0.000 0.000",-93.966,-73.814,"-99.9 -99.3 -79.8 -76.8 -75.1 -73.8 -75.1 -76.8",14.973,638,0,1261,1572,"-8e+01 -8e+01 -8e+01","1 0 0","15 15 15",1,1,0.01,0.00,0,0,0,0
33.000,6,0.000,0.000,0.000,3,3,-78.353,"-76.3 -81.5 -77.3","0.000 0.000 0.000",-93.966,-73.814,"-99.9 -99.3 -79.8 -76.8 -75.1 -73.8 -75.1 -76.8",15.073,640,0,1261,1577,"-8e+01 -8e+01 -8e+01","1 0 0","15 15 15",1,1,0.01,0.00,0,0,0,0
33.100,6,0.000,0.000,0.000,3,3,-78.353,"-76.3 -81.5 -77.3","0.000 0.000 0.000",-93.966,-73.814,"-99.9 -99.3 -79.8 -76.8 -75.1 -73.8 -75.1 -76.8",15.173,642,0,1261,1582,"-8e+01 -8e+01 -8e+01","1 0 0","15 15 15",1,1,0.01,0.00,0,0,0,0
33.200,6,0.000,0.000,0.000,3,3,-78.353,"-76.3 -81.5 -77.3","0.000 0.000 0.000",-93.966,-73.814,"-99.9 -99.3 -79.8 -76.8 -75.1 -73.8 -75.1 -76.8",15.273,644,0,1261,1587,"-8e+01 -8e+01 -8e+01","1 0 0","15 15 15",1,1,0.01,0.00,0,0,0,0
33.300,6,0.000,0.000,0.000,3,3,-78.353,"-76.3 -81.5 -77.3","0.000 0.000 0.000",-93.966,-73.814,"-99.9 -99.3 -79.8 -76.8 -75.1 -73.8 -75.1 -76.8",15.373,646,0,1261,1592,"-8e+01 -8e+01 -8e+01","1 0 0","15 15 15",1,1,0.01,0.00,0,0,0,0
33.400,6,0.000,0.000,0.000,3,3,-78.353,"-76.3 -81.5 -77.3","0.000 0.000 0.000",-93.966,-73.814,"-99.9 -99.3 -79.8 -76.8 -75.1 -73.8 -75.1 -76.8",15.473,648,0,1261,1597,"-8e+01 -8e+01 -8e+01","1 0 0","15 15 15",1,1,0.01,0.00,0,0,0,0
33.500,6,0.000,0.000,0.000,3,3,-78.353,"-76.3 -81.5 -77.3","0.000 0.000 0.000",-93.966,-73.814,"-99.9 -99.3 -79.8 -76.8 -75.1 -73.8 -75.1 -76.8",15.573,650,0,1261,1602,"-8e+01 -8e+01 -8e+01","1 0 0","16 16 16",1,1,0.01,0.00,0,0,0,0
33.600,6,0.000,0.000,0.000,3,3,-78.353,"-76.3 -81.5 -77.3","0.000 0.000 0.000",-93.966,-73.814,"-99.9 -99.3 -79.8 -76.8 -75.1 -73.8 -75.1 -76.8",15.673,652,0,1261,1607,"-8e+01 -8e+01 -8e+01","1 0 0","16 16 16",1,1,0.01,0.00,0,0,0,0
33.700,6,0.000,0.000,0.000,3,3,-78.353,"-76.3 -81.5 -77.3","0.000 0.000 0.000",-93.966,-73.814,"-99.9 -99.3 -79.8 -76.8 -75.1 -73.8 -75.1 -76.8",15.773,654,0,1261,1612,"-8e+01 -8e+01 -8e+01","1 0 0","16 16 16",1,1,0.01,0.00,0,0,0,0
33.800,6,0.000,0.000,0.000,3,3,-78.353,"-76.3 -81.5 -77.3","0.000 0.000 0.000",-93.966,-73.814,"-99.9 -99.3 -79.8 -76.8 -75.1 -73.8 -75.1 -76.8",15.873,656,0,1261,1617,"-8e+01 -8e+01 -8e+01","1 0 0","16 16 16",1,1,0.01,0.00,0,0,0,0
33.900,6,0.000,0.000,0.000,3,3,-78.353,"-76.3 -81.5 -77.3","0.000 0.000 0.000",-93.966,-73.814,"-99.9 -99.3 -79.8 -76.8 -75.1 -73.8 -75.1 -76.8",15.973,658,0,1261,1622,"-8e+01 -8e+01 -8e+01","1 0 0","16 16 16",1,1,0.01,0.00,0,0,0,0
34.000,6,0.000,0.000,0.000,3,3,-78.353,"-76.3 -81.5 -77.3","0.000 0.000 0.000",-93.966,-73.814,"-99.9 -99.3 -79.8 -76.8 -75.1 -73.8 -75.1 -76.8",16.073,660,0,1261,1627,"-8e+01 -8e+01 -8e+01","1 0 0","16 16 16",1,1,0.01,0.00,0,0,0,0
34.100,6,0.000,0.000,0.000,3,3,-78.353,"-76.3 -81.5 -77.3","0.000 0.000 0.000",-93.966,-73.814,"-99.9 -99.3 -79.8 -76.8 -75.1 -73.8 -75.1 -76.8",16.173,662,0,1261,1633,"-8e+01 -8e+01 -8e+01","1 0 0","16 16 16",2,2,39.72,0.00,0,0,0,0
34.200,6,0.000,0.000,0.000,3,3,-78.353,"-76.3 -81.5 -77.3","0.000 0.000 0.000",-93.966,-73.814,"-99.9 -99.3 -79.8 -76.8 -75.1 -73.8 -75.1 -76.8",16.273,664,0,1261,1639,"-8e+01 -8e+01 -8e+01","1 0 0","16 16 16",1,1,10.33,0.00,0,0,0,0
34.300,6,0.000,0.000,0.000,3,3,-78.353,"-76.3 -81.5 -77.3","0.000 0.000 0.000",-93.966,-73.814,"-99.9 -99.3 -79.8 -76.8 -75.1 -73.8 -75.1 -76.8",16.373,666,0,1261,1646,"-8e+01 -8e+01 -8e+01","1 0 0","16 16 16",1,1,0.01,0.00,0,0,0,0
34.400,6,0.000,0.000,0.000,3,3,-78.353,"-76.3 -81.5 -77.3","0.000 0.000 0.000",-93.966,-73.814,"-99.9 -99.3 -79.8 -76.8 -75.1 -73.8 -75.1 -76.8",16.473,668,0,1261,1651,"-8e+01 -8e+01 -8e+01","1 0 0","16 16 16",1,1,18.75,0.00,0,0,0,0
34.500,6,0.000,0.000,0.000,3,3,-78.353,"-76.3 -81.5 -77.3","0.000 0.000 0.000",-93.966,-73.814,"-99.9 -99.3 -79.8 -76.8 -75.1 -73.8 -75.1 -76.8",16.573,670,0,1261,1657,"-8e+01 -8e+01 -8e+01","1 0 0","17 17 17",1,1,0.01,0.00,0,0,0,0
34.600,6,0.000,0.000,0.000,3,3,-78.353,"-76.3 -81.5 -77.3","0.000 0.000 0.000",-93.966,-73.814,"-99.9 -99.3 -79.8 -76.8 -75.1 -73.8 -75.1 -76.8",16.673,672,0,1261,1662,"-8e+01 -8e+01 -8e+01","1 0 0","17 17 17",1,1,0.01,0.00,0,0,0,0
34.700,6,0.000,0.000,0.000,3,3,-78.353,"-76.3 -81.5 -77.3","0.000 0.000 0.000",-93.966,-73.814,"-99.9 -99.3 -79.8 -76.8 -75.1 -73.8 -75.1 -76.8",16.773,674,0,1261,1667,"-8e+01 -8e+01 -8e+01","1 0 0","17 17 17",1,1,0.01,0.00,0,0,0,0
34.800,6,0.000,0.000,0.000,3,3,-78.353,"-76.3 -81.5 -77.3","0.000 0.000 0.000",-93.966,-73.814,"-99.9 -99.3 -79.8 -76.8 -75.1 -73.8 -75.1 -76.8",16.873,676,0,1261,1672,"-8e+01 -8e+01 -8e+01","1 0 0","17 17 17",1,1,0.01,0.00,0,0,0,0
34.900,6,0.000,0.000,0.000,3,3,-78.353,"-76.3 -81.5 -77.3","0.000 0.000 0.000",-93.966,-73.814,"-99.9 -99.3 -79.8 -76.8 -75.1 -73.8 -75.1 -76.8",16.973,678,0,1261,1677,"-8e+01 -8e+01 -8e+01","1 0 0","17 17 17",1,1,0.01,0.00,0,0,0,0
35.000,6,0.000,0.000,0.000,3,3,-78.353,"-76.3 -81.5 -77.3","0.000 0.000 0.000",-93.966,-73.814,"-99.9 -99.3 -79.8 -76.8 -75.1 -73.8 -75.1 -76.8",17.073,680,0,1261,1682,"-8e+01 -8e+01 -8e+01","1 0 0","17 17 17",1,1,0.01,0.00,0,0,0,0
35.100,6,0.000,0.000,0.000,3,3,-78.353,"-76.3 -81.5 -77.3","0.000 0.000 0.000",-93.966,-73.814,"-99.9 -99.3 -79.8 -76.8 -75.1 -73.8 -75.1 -76.8",17.173,682,0,1261,1687,"-8e+01 -8e+01 -8e+01","1 0 0","17 17 17",1,1,0.01,0.00,0,0,0,0
35.200,6,0.000,0.000,0.000,3,3,-78.353,"-76.3 -81.5 -77.3","0.000 0.000 0.000",-93.966,-73.814,"-99.9 -99.3 -79.8 -76.8 -75.1 -73.8 -75.1 -76.8",17.273,684,0,1261,1692,"-8e+01 -8e+01 -8e+01","1 0 0","17 17 17",1,1,0.01,0.00,0,0,0,0
35.300,6,0.000,0.000,0.000,3,3,-78.353,"-76.3 -81.5 -77.3","0.000 0.000 0.000",-93.966,-73.814,"-99.9 -99.3 -79.8 -76.8 -75.1 -73.8 -75.1 -76.8",17.373,686,0,1261,1697,"-8e+01 -8e+01 -8e+01","1 0 0","17 17 17",1,1,0.01,0.00,0,0,0,0
35.400,6,0.000,0.000,0.000,3,3,-78.353,"-76.3 -81.5 -77.3","0.000 0.000 0.000",-93.966,-73.814,"-99.9 -99.3 -79.8 -76.8 -75.1 -73.8 -75.1 -76.8",17.473,688,0,1261,1702,"-8e+01 -8e+01 -8e+01","1 0 0","17 17 17",1,1,0.01,0.00,0,0,0,0
35.500,6,0.000,0.000,0.000,3,3,-78.353,"-76.3 -81.5 -77.3","0.000 0.000 0.000",-93.966,-73.814,"-99.9 -99.3 -79.8 -76.8 -75.1 -73.8 -75.1 -76.8",17.573,690,0,1261,1707,"-8e+01 -8e+01 -8e+01","1 0 0","18 18 18",1,1,0.01,0.00,0,0,0,0
35.600,6,0.000,0.000,0.000,3,3,-78.353,"-76.3 -81.5 -77.3","0.000 0.000 0.000",-93.966,-73.814,"-99.9 -99.3 -79.8 -76.8 -75.1 -73.8 -75.1 -76.8",17.673,692,0,1261,1712,"-8e+01 -8e+01 -8e+01","1 0 0","18 18 18",1,1,0.01,0.00,0,0,0,0
35.700,6,0.000,0.000,0.000,3,3,-78.353,"-76.3 -81.5 -77.3","0.000 0.000 0.000",-93.966,-73.814,"-99.9 -99.3 -79.8 -76.8 -75.1 -73.8 -75.1 -76.8",17.773,694,0,1261,1717,"-8e+01 -8e+01 -8e+01","1 0 0","18 18 18",1,1,0.01,0.00,0,0,0,0
35.800,6,0.000,0.000,0.000,3,3,-78.353,"-76.3 -81.5 -77.3","0.000 0.000 0.000",-93.966,-73.814,"-99.9 -99.3 -79.8 -76.8 -75.1 -73.8 -75.1 -76.8",17.873,696,0,1261,1722,"-8e+01 -8e+01 -8e+01","1 0 0","18 18 18",1,1,0.01,0.00,0,0,0,0
35.900,6,0.000,0.000,0.000,3,3,-78.353,"-76.3 -81.5 -77.3","0.000 0.000 0.000",-93.966,-73.814,"-99.9 -99.3 -79.8 -76.8 -75.1 -73.8 -75.1 -76.8",17.973,698,0,1261,1727,"-8e+01 -8e+01 -8e+01","1 0 0","18 18 18",1,1,0.01,0.00,0,0,0,0
36.000,6,0.000,0.000,0.000,3,3,-78.353,"-76.3 -81.5 -77.3","0.000 0.000 0.000",-93.966,-73.814,"-99.9 -99.3 -79.8 -76.8 -75.1 -73.8 -75.1 -76.8",18.073,700,0,1261,1732,"-8e+01 -8e+01 -8e+01","1 0 0","18 18 18",1,1,0.01,0.00,0,0,0,0
36.100,6,0.000,0.000,0.000,3,3,-78.353,"-76.3 -81.5 -77.3","0.000 0.000 0.000",-93.966,-73.814,"-99.9 -99.3 -79.8 -76.8 -75.1 -73.8 -75.1 -76.8",18.173,702,0,1261,1738,"-8e+01 -8e+01 -8e+01","1 0 0","18 18 18",1,1,0.01,0.00,0,0,0,0
36.200,6,0.000,0.000,0.000,3,3,-78.353,"-76.3 -81.5 -77.3","0.000 0.000 0.000",-93.966,-73.814,"-99.9 -99.3 -79.8 -76.8 -75.1 -73.8 -75.1 -76.8",18.273,704,0,1261,1744,"-8e+01 -8e+01 -8e+01","1 0 0","18 18 18",1,1,10.07,0.00,0,0,0,0
36.300,6,0.000,0.000,0.000,3,3,-78.353,"-76.3 -81.5 -77.3","0.000 0.000 0.000",-93.966,-73.814,"-99.9 -99.3 -79.8 -76.8 -75.1 -73.8 -75.1 -76.8",18.373,706,0,1261,1749,"-8e+01 -8e+01 -8e+01","1 0 0","18 18 18",1,1,12.05,0.00,0,0,0,0
36.400,6,0.000,0.000,0.000,3,3,-78.353,"-76.3 -81.5 -77.3","0.000 0.000 0.000",-93.966,-73.814,"-99.9 -99.3 -79.8 -76.8 -75.1 -73.8 -75.1 -76.8",18.473,708,0,1261,1756,"-8e+01 -8e+01 -8e+01","1 0 0","18 18 18",2,2,32.01,0.00,0,0,0,0
36.500,6,0.000,0.000,0.000,3,3,-78.353,"-76.3 -81.5 -77.3","0.000 0.000 0.000",-93.966,-73.814,"-99.9 -99.3 -79.8 -76.8 -75.1 -73.8 -75.1 -76.8",18.573,710,0,1261,1762,"-8e+01 -8e+01 -8e+01","1 0 0","19 19 19",1,1,4.25,0.00,0,0,0,0
36.600,6,0.000,0.000,0.000,3,3,-78.353,"-76.3 -81.5 -77.3","0.000 0.000 0.000",-93.966,-73.814,"-99.9 -99.3 -79.8 -76.8 -75.1 -73.8 -75.1 -76.8",18.673,712,0,1261,1767,"-8e+01 -8e+01 -8e+01","1 0 0","19 19 19",1,1,0.01,0.00,0,0,0,0
36.700,6,0.000,0.000,0.000,3,3,-78.353,"-76.3 -81.5 -77.3","0.000 0.000 0.000",-93.966,-73.814,"-99.9 -99.3 -79.8 -76.8 -75.1 -73.8 -75.1 -76.8",18.773,714,0,1261,1772,"-8e+01 -8e+01 -8e+01","1 0 0","19 19 19",1,1,0.01,0.00,0,0,0,0
36.800,6,0.000,0.000,0.000,3,3,-78.353,"-76.3 -81.5 -77.3","0.000 0.000 0.000",-93.966,-73.814,"-99.9 -99.3 -79.8 -76.8 -75.1 -73.8 -75.1 -76.8",18.873,716,0,1261,1777,"-8e+01 -8e+01 -8e+01","1 0 0","19 19 19",1,1,0.01,0.00,0,0,0,0
36.900,6,0.000,0.000,0.000,3,3,-78.353,"-76.3 -81.5 -77.3","0.000 0.000 0.000",-93.966,-73.814,"-99.9 -99.3 -79.8 -76.8 -75.1 -73.8 -75.1 -76.8",18.973,718,0,1261,1782,"-8e+01 -8e+01 -8e+01","1 0 0","19 19 19",1,1,0.01,0.00,0,0,0,0
37.000,6,0.000,0.000,0.000,3,3,-78.353,"-76.3 -81.5 -77.3","0.000 0.000 0.000",-93.966,-73.814,"-99.9 -99.3 -79.8 -76.8 -75.1 -73.8 -75.1 -76.8",19.073,720,0,1261,1787,"-8e+01 -8e+01 -8e+01","1 0 0","19 19 19",1,1,0.01,0.00,0,0,0,0
37.100,6,0.000,0.000,0.000,3,3,-78.353,"-76.3 -81.5 -77.3","0.000 0.000 0.000",-93.966,-73.814,"-99.9 -99.3 -79.8 -76.8 -75.1 -73.8 -75.1 -76.8",19.173,722,0,1261,1792,"-8e+01 -8e+01 -8e+01","1 0 0","19 19 19",1,1,0.01,0.00,0,0,0,0
37.200,6,0.000,0.000,0.000,3,3,-78.353,"-76.3 -81.5 -77.3","0.000 0.000 0.000",-93.966,-73.814,"-99.9 -99.3 -79.8 -76.8 -75.1 -73.8 -75.1 -76.8",19.273,724,0,1261,1797,"-8e+01 -8e+01 -8e+01","1 0 0","19 19 19",1,1,0.01,0.00,0,0,0,0
37.300,6,0.000,0.000,0.000,3,3,-78.353,"-76.3 -81.5 -77.3","0.000 0.000 0.000",-93.966,-73.814,"-99.9 -99.3 -79.8 -76.8 -75.1 -73.8 -75.1 -76.8",19.373,726,0,1261,1802,"-8e+01 -8e+01 -8e+01","1 0 0","19 19 19",1,1,0.01,0.00,0,0,0,0
37.400,6,0.000,0.000,0.000,3,3,-78.353,"-76.3 -81.5 -77.3","0.000 0.000 0.000",-93.966,-73.814,"-99.9 -99.3 -79.8 -76.8 -75.1 -73.8 -75.1 -76.8",19.473,728,0,1261,1807,"-8e+01 -8e+01 -8e+01","1 0 0","19 19 19",1,1,0.01,0.00,0,0,0,0
37.500,6,0.000,0.000,0.000,3,3,-78.353,"-76.3 -81.5 -77.3","0.000 0.000 0.000",-93.966,-73.814,"-99.9 -99.3 -79.8 -76.8 -75.1 -73.8 -75.1 -76.8",19.573,730,0,1261,1812,"-8e+01 -8e+01 -8e+01","1 0 0","20 20 20",1,1,0.01,0.00,0,0,0,0
37.600,6,0.000,0.000,0.000,3,3,-78.353,"-76.3 -81.5 -77.3","0.000 0.000 0.000",-93.966,-73.814,"-99.9 -99.3 -79.8 -76.8 -75.1 -73.8 -75.1 -76.8",19.673,732,0,1261,1817,"-8e+01 -8e+01 -8e+01","1 0 0","20 20 20",1,1,0.01,0.00,0,0,0,0
37.700,6,0.000,0.000,0.000,3,3,-78.353,"-76.3 -81.5 -77.3","0.000 0.000 0.000",-93.966,-73.814,"-99.9 -99.3 -79.8 -76.8 -75.1 -73.8 -75.1 -76.8",19.773,734,0,1261,1822,"-8e+01 -8e+01 -8e+01","1 0 0","20 20 20",1,1,0.01,0.00,0,0,0,0
37.800,6,0.000,0.000,0.000,3,3,-78.353,"-76.3 -81.5 -77.3","0.000 0.000 0.000",-93.966,-73.814,"-99.9 -99.3 -79.8 -76.8 -75.1 -73.8 -75.1 -76.8",19.873,736,0,1261,1827,"-8e+01 -8e+01 -8e+01","1 0 0","20 20 20",1,1,0.01,0.00,0,0,0,0
37.900,6,0.000,0.000,0.000,3,3,-78.353,"-76.3 -81.5 -77.3","0.000 0.000 0.000",-93.966,-73.814,"-99.9 -99.3 -79.8 -76.8 -75.1 -73.8 -75.1 -76.8",19.973,738,0,1261,1832,"-8e+01 -8e+01 -8e+01","1 0 0","20 20 20",1,1,0.01,0.00,0,0,0,0
38.000,6,0.000,0.000,0.000,3,3,-78.353,"-76.3 -81.5 -77.3","0.000 0.000 0.000",-93.966,-73.814,"-99.9 -99.3 -79.8 -76.8 -75.1 -73.8 -75.1 -76.8",20.073,740,0,1261,1837,"-8e+01 -8e+01 -8e+01","1 0 0","20 20 20",1,1,0.01,0.00,0,0,0,0
38.100,6,0.000,0.000,0.000,3,3,-78.353,"-76.3 -81.5 -77.3","0.000 0.000 0.000",-93.966,-73.814,"-99.9 -99.3 -79.8 -76.8 -75.1 -73.8 -75.1 -76.8",20.173,742,0,1261,1844,"-8e+01 -8e+01 -8e+01","1 0 0","20 20 20",2,2,33.54,0.00,0,0,0,0
38.200,6,0.000,0.000,0.000,3,3,-78.353,"-76.3 -81.5 -77.3","0.000 0.000 0.000",-93.966,-73.814,"-99.9 -99.3 -79.8 -76.8 -75.1 -73.8 -75.1 -76.8",20.273,744,0,1261,1850,"-8e+01 -8e+01 -8e+01","1 0 0","20 20 20",1,1,0.00,0.00,0,0,0,0
38.300,6,0.000,0.000,0.000,3,3,-78.353,"-76.3 -81.5 -77.3","0.000 0.000 0.000",-93.966,-73.814,"-99.9 -99.3 -79.8 -76.8 -75.1 -73.8 -75.1 -76.8",20.373,746,0,1261,1855,"-8e+01 -8e+01 -8e+01","1 0 0","20 20 20",1,1,12.79,0.00,0,0,0,0
38.400,6,0.000,0.000,0.000,3,3,-78.353,"-76.3 -81.5 -77.3","0.000 0.000 0.000",-93.966,-73.814,"-99.9 -99.3 -79.8 -76.8 -75.1 -73.8 -75.1 -76.8",20.473,748,0,1261,1861,"-8e+01 -8e+01 -8e+01","1 0 0","20 20 20",1,1,0.01,0.00,0,0,0,0
38.500,6,0.000,0.000,0.000,3,3,-78.353,"-76.3 -81.5 -77.3","0.000 0.000 0.000",-93.966,-73.814,"-99.9 -99.3 -79.8 -76.8 -75.1 -73.8 -75.1 -76.8",20.573,750,0,1261,1867,"-8e+01 -8e+01 -8e+01","1 0 0","21 21 21",1,1,0.01,0.00,0,0,0,0
38.600,6,0.000,0.000,0.000,3,3,-78.353,"-76.3 -81.5 -77.3","0.000 0.000 0.000",-93.966,-73.814,"-99.9 -99.3 -79.8 -76.8 -75.1 -73.8 -75.1 -76.8",20.673,752,0,1261,1872,"-8e+01 -8e+01 -8e+01","1 0 0","21 21 21",1,1,0.67,0.00,0,0,0,0
38.700,6,0.000,0.000,0.000,3,3,-78.353,"-76.3 -81.5 -77.3","0.000 0.000 0.000",-93.966,-73.814,"-99.9 -99.3 -79.8 -76.8 -75.1 -73.8 -75.1 -76.8",20.773,754,0,1261,1877,"-8e+01 -8e+01 -8e+01","1 0 0","21 21 21",1,1,0.01,0.00,0,0,0,0
38.800,6,0.000,0.000,0.000,3,3,-78.353,"-76.3 -81.5 -77.3","0.000 0.000 0.000",-93.966,-73.814,"-99.9 -99.3 -79.8 -76.8 -75.1 -73.8 -75.1 -76.8",20.873,756,0,1261,1882,"-8e+01 -8e+01 -8e+01","1 0 0","21 21 21",1,1,0.01,0.00,0,0,0,0
38.900,6,0.000,0.000,0.000,3,3,-78.353,"-76.3 -81.5 -77.3","0.000 0.000 0.000",-93.966,-73.814,"-99.9 -99.3 -79.8 -76.8 -75.1 -73.8 -75.1 -76.8",20.973,758,0,1261,1887,"-8e+01 -8e+01 -8e+01","1 0 0","21 21 21",1,1,0.01,0.00,0,0,0,0
39.000,6,0.000,0.000,0.000,3,3,-78.353,"-76.3 -81.5 -77.3","0.000 0.000 0.000",-93.966,-73.814,"-99.9 -99.3 -79.8 -76.8 -75.1 -73.8 -75.1 -76.8",21.073,760,0,1261,1892,"-8e+01 -8e+01 -8e+01","1 0 0","21 21 21",1,1,0.01,0.00,0,0,0,0
39.100,6,0.000,0.000,0.000,3,3,-78.353,"-76.3 -81.5 -77.3","0.000 0.000 0.000",-93.966,-73.814,"-99.9 -99.3 -79.8 -76.8 -75.1 -73.8 -75.1 -76.8",21.173,762,0,1261,1897,"-8e+01 -8e+01 -8e+01","1 0 0","21 21 21",1,1,0.01,0.00,0,0,0,0
39.200,6,0.000,0.000,0.000,3,3,-78.353,"-76.3 -81.5 -77.3","0.000 0.000 0.000",-93.966,-73.814,"-99.9 -99.3 -79.8 -76.8 -75.1 -73.8 -75.1 -76.8",21.273,764,0,1261,1902,"-8e+01 -8e+01 -8e+01","1 0 0","21 21 21",1,1,0.01,0.00,0,0,0,0
39.300,6,0.000,0.000,0.000,3,3,-78.353,"-76.3 -81.5 -77.3","0.000 0.000 0.000",-93.966,-73.814,"-99.9 -99.3 -79.8 -76.8 -75.1 -73.8 -75.1 -76.8",21.373,766,0,1261,1907,"-8e+01 -8e+01 -8e+01","1 0 0","21 21 21",1,1,0.01,0.00,0,0,0,0
39.400,6,0.000,0.000,0.000,3,3,-78.353,"-76.3 -81.5 -77.3","0.000 0.000 0.000",-93.966,-73.814,"-99.9 -99.3 -79.8 -76.8 -75.1 -73.8 -75.1 -76.8",21.473,768,0,1261,1912,"-8e+01 -8e+01 -8e+01","1 0 0","21 21 21",1,1,0.01,0.00,0,0,0,0
39.500,6,0.000,0.000,0.000,3,3,-78.353,"-76.3 -81.5 -77.3","0.000 0.000 0.000",-93.966,-73.814,"-99.9 -99.3 -79.8 -76.8 -75.1 -73.8 -75.1 -76.8",21.573,770,0,1261,1917,"-8e+01 -8e+01 -8e+01","1 0 0","22 22 22",1,1,0.01,0.00,0,0,0,0
39.600,6,0.000,0.000,0.000,3,3,-78.353,"-76.3 -81.5 -77.3","0.000 0.000 0.000",-93.966,-73.814,"-99.9 -99.3 -79.8 -76.8 -75.1 -73.8 -75.1 -76.8",21.673,772,0,1261,1922,"-8e+01 -8e+01 -8e+01","1 0 0","22 22 22",1,1,0.01,0.00,0,0,0,0
39.700,6,0.000,0.000,0.000,3,3,-78.353,"-76.3 -81.5 -77.3","0.000 0.000 0.000",-93.966,-73.814,"-99.9 -99.3 -79.8 -76.8 -75.1 -73.8 -75.1 -76.8",21.773,774,0,1261,1927,"-8e+01 -8e+01 -8e+01","1 0 0","22 22 22",1,1,0.01,0.00,0,0,0,0
39.800,6,0.000,0.000,0.000,3,3,-78.353,"-76.3 -81.5 -77.3","0.000 0.000 0.000",-93.966,-73.814,"-99.9 -99.3 -79.8 -76.8 -75.1 -73.8 -75.1 -76.8",21.873,776,0,1261,1932,"-8e+01 -8e+01 -8e+01","1 0 0","22 22 22",1,1,0.01,0.00,0,0,0,0
39.900,6,0.000,0.000,0.000,3,3,-78.353,"-76.3 -81.5 -77.3","0.000 0.000 0.000",-93.966,-73.814,"-99.9 -99.3 -79.8 -76.8 -75.1 -73.8 -75.1 -76.8",21.973,778,0,1261,1937,"-8e+01 -8e+01 -8e+01","1 0 0","22 22 22",1,1,0.01,0.00,0,0,0,0
40.000,6,0.000,0.000,0.000,3,3,-78.353,"-76.3 -81.5 -77.3","0.000 0.000 0.000",-93.966,-73.814,"-99.9 -99.3 -79.8 -76.8 -75.1 -73.8 -75.1 -76.8",22.073,780,0,1261,1942,"-8e+01 -8e+01 -8e+01","1 0 0","22 22 22",1,1,0.01,0.00,0,0,0,0
40.100,6,0.000,0.000,0.000,3,3,-78.353,"-76.3 -81.5 -77.3","0.000 0.000 0.000",-93.966,-73.814,"-99.9 -99.3 -79.8 -76.8 -75.1 -73.8 -75.1 -76.8",22.173,782,0,1261,1947,"-8e+01 -8e+01 -8e+01","1 0 0","22 22 22",1,1,0.01,0.00,0,0,0,0
40.200,6,0.000,0.000,0.000,3,3,-78.353,"-76.3 -81.5 -77.3","0.000 0.000 0.000",-93.966,-73.814,"-99.9 -99.3 -79.8 -76.8 -75.1 -73.8 -75.1 -76.8",22.273,784,0,1261,1955,"-8e+01 -8e+01 -8e+01","1 0 0","22 22 22",2,2,7.51,0.00,0,0,0,0
40.300,6,0.000,0.000,0.000,3,3,-78.353,"-76.3 -81.5 -77.3","0.000 0.000 0.000",-93.966,-73.814,"-99.9 -99.3 -79.8 -76.8 -75.1 -73.8 -75.1 -76.8",22.373,786,0,1261,1960,"-8e+01 -8e+01 -8e+01","1 0 0","22 22 22",1,1,2.39,0.00,0,0,0,0
40.400,6,0.000,0.000,0.000,3,3,-78.353,"-76.3 -81.5 -77.3","0.000 0.000 0.000",-93.966,-73.814,"-99.9 -99.3 -79.8 -76.8 -75.1 -73.8 -75.1 -76.8",22.473,788,0,1261,1965,"-8e+01 -8e+01 -8e+01","1 0 0","22 22 22",1,1,0.01,0.00,0,0,0,0
40.500,6,0.000,0.000,0.000,3,3,-78.353,"-76.3 -81.5 -77.3","0.000 0.000 0.000",-93.966,-73.814,"-99.9 -99.3 -79.8 -76.8 -75.1 -73.8 -75.1 -76.8",22.573,790,0,1261,1972,"-8e+01 -8e+01 -8e+01","1 0 0","23 23 23",1,1,0.01,0.00,0,0,0,0
40.600,6,0.000,0.000,0.000,3,3,-78.353,"-76.3 -81.5 -77.3","0.000 0.000 0.000",-93.966,-73.814,"-99.9 -99.3 -79.8 -76.8 -75.1 -73.8 -75.1 -76.8",22.673,792,0,1261,1977,"-8e+01 -8e+01 -8e+01","1 0 0","23 23 23",1,1,0.01,0.00,0,0,0,0
40.700,6,0.000,0.000,0.000,3,3,-78.353,"-76.3 -81.5 -77.3","0.000 0.000 0.000",-93.966,-73.814,"-99.9 -99.3 -79.8 -76.8 -75.1 -73.8 -75.1 -76.8",22.773,794,0,1261,1982,"-8e+01 -8e+01 -8e+01","1 0 0","23 23 23",1,1,0.01,0.00,0,0,0,0
40.800,6,0.000,0.000,0.000,3,3,-78.353,"-76.3 -81.5 -77.3","0.000 0.000 0.000",-93.966,-73.814,"-99.9 -99.3 -79.8 -76.8 -75.1 -73.8 -75.1 -76.8",22.873,796,0,1261,1987,"-8e+01 -8e+01 -8e+01","1 0 0","23 23 23",1,1,0.01,0.00,0,0,0,0
40.900,6,0.000,0.000,0.000,3,3,-78.353,"-76.3 -81.5 -77.3","0.000 0.000 0.000",-93.966,-73.814,"-99.9 -99.3 -79.8 -76.8 -75.1 -73.8 -75.1 -76.8",22.973,798,0,1261,1992,"-8e+01 -8e+01 -8e+01","1 0 0","23 23 23",1,1,0.01,0.00,0,0,0,0
41.000,6,0.000,0.000,0.000,3,3,-78.353,"-76.3 -81.5 -77.3","0.000 0.000 0.000",-93.966,-73.814,"-99.9 -99.3 -79.8 -76.8 -75.1 -73.8 -75.1 -76.8",23.073,800,0,1261,1997,"-8e+01 -8e+01 -8e+01","1 0 0","23 23 23",1,1,0.01,0.00,0,0,0,0
41.100,6,0.000,0.000,0.000,3,3,-78.353,"-76.3 -81.5 -77.3","0.000 0.000 0.000",-93.966,-73.814,"-99.9 -99.3 -79.8 -76.8 -75.1 -73.8 -75.1 -76.8",23.173,802,0,1261,2002,"-8e+01 -8e+01 -8e+01","1 0 0","23 23 23",1,1,0.01,0.00,0,0,0,0
41.200,6,0.000,0.000,0.000,3,3,-78.353,"-76.3 -81.5 -77.3","0.000 0.000 0.000",-93.966,-73.814,"-99.9 -99.3 -79.8 -76.8 -75.1 -73.8 -75.1 -76.8",23.273,804,0,1261,2007,"-8e+01 -8e+01 -8e+01","1 0 0","23 23 23",1,1,0.01,0.00,0,0,0,0
41.300,6,0.000,0.000,0.000,3,3,-78.353,"-76.3 -81.5 -77.3","0.000 0.000 0.000",-93.966,-73.814,"-99.9 -99.3 -79.8 -76.8 -75.1 -73.8 -75.1 -76.8",23.373,806,0,1261,2012,"-8e+01 -8e+01 -8e+01","1 0 0","23 23 23",1,1,0.01,0.00,0,0,0,0
41.400,6,0.000,0.000,0.000,3,3,-78.353,"-76.3 -81.5 -77.3","0.000 0.000 0.000",-93.966,-73.814,"-99.9 -99.3 -79.8 -76.8 -75.1 -73.8 -75.1 -76.8",23.473,808,0,1261,2017,"-8e+01 -8e+01 -8e+01","1 0 0","23 23 23",1,1,0.01,0.00,0,0,0,0
41.500,6,0.000,0.000,0.000,3,3,-78.353,"-76.3 -81.5 -77.3","0.000 0.000 0.000",-93.966,-73.814,"-99.9 -99.3 -79.8 -76.8 -75.1 -73.8 -75.1 -76.8",23.573,810,0,1261,2022,"-8e+01 -8e+01 -8e+01","1 0 0","24 24 24",1,1,0.01,0.00,0,0,0,0
41.600,6,0.000,0.000,0.000,3,3,-78.353,"-76.3 -81.5 -77.3","0.000 0.000 0.000",-93.966,-73.814,"-99.9 -99.3 -79.8 -76.8 -75.1 -73.8 -75.1 -76.8",23.673,812,0,1261,2027,"-8e+01 -8e+01 -8e+01","1 0 0","24 24 24",1,1,0.01,0.00,0,0,0,0
41.700,6,0.000,0.000,0.000,3,3,-78.353,"-76.3 -81.5 -77.3","0.000 0.000 0.000",-93.966,-73.814,"-99.9 -99.3 -79.8 -76.8 -75.1 -73.8 -75.1 -76.8",23.773,814,0,1261,2032,"-8e+01 -8e+01 -8e+01","1 0 0","24 24 24",1,1,0.01,0.00,0,0,0,0
41.800,6,0.000,0.000,0.000,3,3,-78.353,"-76.3 -81.5 -77.3","0.000 0.000 0.000",-93.966,-73.814,"-99.9 -99.3 -79.8 -76.8 -75.1 -73.8 -75.1 -76.8",23.873,816,0,1261,2037,"-8e+01 -8e+01 -8e+01","1 0 0","24 24 24",1,1,0.01,0.00,0,0,0,0
41.900,6,0.000,0.000,0.000,3,3,-78.353,"-76.3 -81.5 -77.3","0.000 0.000 0.000",-93.966,-73.814,"-99.9 -99.3 -79.8 -76.8 -75.1 -73.8 -75.1 -76.8",23.973,818,0,1261,2042,"-8e+01 -8e+01 -8e+01","1 0 0","24 24 24",1,1,0.01,0.00,0,0,0,0
42.000,6,0.000,0.000,0.000,3,3,-78.353,"-76.3 -81.5 -77.3","0.000 0.000 0.000",-93.966,-73.814,"-99.9 -99.3 -79.8 -76.8 -75.1 -73.8 -75.1 -76.8",24.073,820,0,1261,2047,"-8e+01 -8e+01 -8e+01","1 0 0","24 24 24",1,1,0.01,0.00,0,0,0,0
42.100,6,0.000,0.000,0.000,3,3,-78.353,"-76.3 -81.5 -77.3","0.000 0.000 0.000",-93.966,-73.814,"-99.9 -99.3 -79.8 -76.8 -75.1 -73.8 -75.1 -76.8",24.173,822,0,1261,2052,"-8e+01 -8e+01 -8e+01","1 0 0","24 24 24",1,1,0.01,0.00,0,0,0,0
42.200,6,0.000,0.000,0.000,3,3,-78.353,"-76.3 -81.5 -77.3","0.000 0.000 0.000",-93.966,-73.814,"-99.9 -99.3 -79.8 -76.8 -75.1 -73.8 -75.1 -76.8",24.273,824,0,1261,2058,"-8e+01 -8e+01 -8e+01","1 0 0","24 24 24",1,1,0.01,0.00,0,0,0,0
42.300,6,0.000,0.000,0.000,3,3,-78.353,"-76.3 -81.5 -77.3","0.000 0.000 0.000",-93.966,-73.814,"-99.9 -99.3 -79.8 -76.8 -75.1 -73.8 -75.1 -76.8",24.373,826,0,1261,2063,"-8e+01 -8e+01 -8e+01","1 0 0","24 24 24",1,1,19.07,0.00,0,0,0,0
42.400,6,0.000,0.000,0.000,3,3,-78.353,"-76.3 -81.5 -77.3","0.000 0.000 0.000",-93.966,-73.814,"-99.9 -99.3 -79.8 -76.8 -75.1 -73.8 -75.1 -76.8",24.473,828,0,1261,2071,"-8e+01 -8e+01 -8e+01","1 0 0","24 24 24",1,1,0.01,0.00,0,0,0,0
42.500,6,0.000,0.000,0.000,3,3,-78.353,"-76.3 -81.5 -77.3","0.000 0.000 0.000",-93.966,-73.814,"-99.9 -99.3 -79.8 -76.8 -75.1 -73.8 -75.1 -76.8",24.573,830,0,1261,2077,"-8e+01 -8e+01 -8e+01","1 0 0","25 25 25",2,2,33.34,0.00,0,0,0,0
42.600,6,0.000,0.000,0.000,3,3,-78.353,"-76.3 -81.5 -77.3","0.000 0.000 0.000",-93.966,-73.814,"-99.9 -99.3 -79.8 -76.8 -75.1 -73.8 -75.1 -76.8",24.673,832,0,1261,2082,"-8e+01 -8e+01 -8e+01","1 0 0","25 25 25",1,1,15.69,0.00,0,0,0,0
42.700,6,0.000,0.000,0.000,3,3,-78.353,"-76.3 -81.5 -77.3","0.000 0.000 0.000",-93.966,-73.814,"-99.9 -99.3 -79.8 -76.8 -75.1 -73.8 -75.1 -76.8",24.773,834,0,1261,2087,"-8e+01 -8e+01 -8e+01","1 0 0","25 25 25",1,1,0.01,0.00,0,0,0,0
42.800,6,0.000,0.000,0.000,3,3,-78.353,"-76.3 -81.5 -77.3","0.000 0.000 0.000",-93.966,-73.814,"-99.9 -99.3 -79.8 -76.8 -75.1 -73.8 -75.1 -76.8",24.873,836,0,1261,2092,"-8e+01 -8e+01 -8e+01","1 0 0","25 25 25",1,1,0.01,0.00,0,0,0,0
42.900,6,0.000,0.000,0.000,3,3,-78.353,"-76.3 -81.5 -77.3","0.000 0.000 0.000",-93.966,-73.814,"-99.9 -99.3 -79.8 -76.8 -75.1 -73.8 -75.1 -76.8",24.973,838,0,1261,2097,"-8e+01 -8e+01 -8e+01","1 0 0","25 25 25",1,1,0.01,0.00,0,0,0,0
43.000,6,0.000,0.000,0.000,3,3,-78.353,"-76.3 -81.5 -77.3","0.000 0.000 0.000",-93.966,-73.814,"-99.9 -99.3 -79.8 -76.8 -75.1 -73.8 -75.1 -76.8",25.073,840,0,1261,2102,"-8e+01 -8e+01 -8e+01","1 0 0","25 25 25",1,1,0.01,0.00,0,0,0,0
43.100,6,0.000,0.000,0.000,3,3,-78.353,"-76.3 -81.5 -77.3","0.000 0.000 0.000",-93.966,-73.814,"-99.9 -99.3 -79.8 -76.8 -75.1 -73.8 -75.1 -76.8",25.173,842,0,1261,2107,"-8e+01 -8e+01 -8e+01","1 0 0","25 25 25",1,1,0.01,0.00,0,0,0,0
43.200,6,0.000,0.000,0.000,3,3,-78.353,"-76.3 -81.5 -77.3","0.000 0.000 0.000",-93.966,-73.814,"-99.9 -99.3 -79.8 -76.8 -75.1 -73.8 -75.1 -76.8",25.273,844,0,1261,2112,"-8e+01 -8e+01 -8e+01","1 0 0","25 25 25",1,1,0.01,0.00,0,0,0,0
43.300,6,0.000,0.000,0.000,3,3,-78.353,"-76.3 -81.5 -77.3","0.000 0.000 0.000",-93.966,-73.814,"-99.9 -99.3 -79.8 -76.8 -75.1 -73.8 -75.1 -76.8",25.373,846,0,1261,2117,"-8e+01 -8e+01 -8e+01","1 0 0","25 25 25",1,1,0.01,0.00,0,0,0,0
43.400,6,0.000,0.000,0.000,3,3,-78.353,"-76.3 -81.5 -77.3","0.000 0.000 0.000",-93.966,-73.814,"-99.9 -99.3 -79.8 -76.8 -75.1 -73.8 -75.1 -76.8",25.473,848,0,1261,2122,"-8e+01 -8e+01 -8e+01","1 0 0","25 25 25",1,1,0.01,0.00,0,0,0,0
43.500,6,0.000,0.000,0.000,3,3,-78.353,"-76.3 -81.5 -77.3","0.000 0.000 0.000",-93.966,-73.814,"-99.9 -99.3 -79.8 -76.8 -75.1 -73.8 -75.1 -76.8",25.573,850,0,1261,2127,"-8e+01 -8e+01 -8e+01","1 0 0","26 26 26",1,1,0.01,0.00,0,0,0,0
43.600,6,0.000,0.000,0.000,3,3,-78.353,"-76.3 -81.5 -77.3","0.000 0.000 0.000",-93.966,-73.814,"-99.9 -99.3 -79.8 -76.8 -75.1 -73.8 -75.1 -76.8",25.673,852,0,1261,2132,"-8e+01 -8e+01 -8e+01","1 0 0","26 26 26",1,1,0.01,0.00,0,0,0,0
43.700,6,0.000,0.000,0.000,3,3,-78.353,"-76.3 -81.5 -77.3","0.000 0.000 0.000",-93.966,-73.814,"-99.9 -99.3 -79.8 -76.8 -75.1 -73.8 -75.1 -76.8",25.773,854,0,1261,2137,"-8e+01 -8e+01 -8e+01","1 0 0","26 26 26",1,1,0.01,0.00,0,0,0,0
43.800,6,0.000,0.000,0.000,3,3,-78.353,"-76.3 -81.5 -77.3","0.000 0.000 0.000",-93.966,-73.814,"-99.9 -99.3 -79.8 -76.8 -75.1 -73.8 -75.1 -76.8",25.873,856,0,1261,2142,"-8e+01 -8e+01 -8e+01","1 0 0","26 26 26",1,1,0.01,0.00,0,0,0,0
43.900,6,0.000,0.000,0.000,3,3,-78.353,"-76.3 -81.5 -77.3","0.000 0.000 0.000",-93.966,-73.814,"-99.9 -99.3 -79.8 -76.8 -75.1 -73.8 -75.1 -76.8",25.973,858,0,1261,2147,"-8e+01 -8e+01 -8e+01","1 0 0","26 26 26",1,1,0.01,0.00,0,0,0,0
44.000,6,0.000,0.000,0.000,3,3,-78.353,"-76.3 -81.5 -77.3","0.000 0.000 0.000",-93.966,-73.814,"-99.9 -99.3 -79.8 -76.8 -75.1 -73.8 -75.1 -76.8",26.073,860,0,1261,2152,"-8e+01 -8e+01 -8e+01","1 0 0","26 26 26",1,1,0.01,0.00,0,0,0,0
44.100,6,0.000,0.000,0.000,3,3,-78.353,"-76.3 -81.5 -77.3","0.000 0.000 0.000",-93.966,-73.814,"-99.9 -99.3 -79.8 -76.8 -75.1 -73.8 -75.1 -76.8",26.173,862,0,1261,2157,"-8e+01 -8e+01 -8e+01","1 0 0","26 26 26",2,2,23.88,0.00,0,0,0,0
44.200,6,0.000,0.000,0.000,3,3,-78.353,"-76.3 -81.5 -77.3","0.000 0.000 0.000",-93.966,-73.814,"-99.9 -99.3 -79.8 -76.8 -75.1 -73.8 -75.1 -76.8",26.273,864,0,1261,2164,"-8e+01 -8e+01 -8e+01","1 0 0","26 26 26",1,1,0.01,0.00,0,0,0,0
44.300,6,0.000,0.000,0.000,3,3,-78.353,"-76.3 -81.5 -77.3","0.000 0.000 0.000",-93.966,-73.814,"-99.9 -99.3 -79.8 -76.8 -75.1 -73.8 -75.1 -76.8",26.373,866,0,1261,2169,"-8e+01 -8e+01 -8e+01","1 0 0","26 26 26",1,1,0.01,0.00,0,0,0,0
44.400,6,0.000,0.000,0.000,3,3,-78.353,"-76.3 -81.5 -77.3","0.000 0.000 0.000",-93.966,-73.814,"-99.9 -99.3 -79.8 -76.8 -75.1 -73.8 -75.1 -76.8",26.473,868,0,1261,2175,"-8e+01 -8e+01 -8e+01","1 0 0","26 26 26",1,1,0.01,0.00,0,0,0,0
44.500,6,0.000,0.000,0.000,3,3,-78.353,"-76.3 -81.5 -77.3","0.000 0.000 0.000",-93.966,-73.814,"-99.9 -99.3 -79.8 -76.8 -75.1 -73.8 -75.1 -76.8",26.573,870,0,1261,2182,"-8e+01 -8e+01 -8e+01","1 0 0","27 27 27",1,1,0.01,0.00,0,0,0,0
44.600,6,0.000,0.000,0.000,3,3,-78.353,"-76.3 -81.5 -77.3","0.000 0.000 0.000",-93.966,-73.814,"-99.9 -99.3 -79.8 -76.8 -75.1 -73.8 -75.1 -76.8",26.673,872,0,1261,2187,"-8e+01 -8e+01 -8e+01","1 0 0","27 27 27",1,1,0.01,0.00,0,0,0,0
44.700,6,0.000,0.000,0.000,3,3,-78.353,"-76.3 -81.5 -77.3","0.000 0.000 0.000",-93.966,-73.814,"-99.9 -99.3 -79.8 -76.8 -75.1 -73.8 -75.1 -76.8",26.773,874,0,1261,2192,"-8e+01 -8e+01 -8e+01","1 0 0","27 27 27",1,1,0.01,0.00,0,0,0,0
44.800,6,0.000,0.000,0.000,3,3,-78.353,"-76.3 -81.5 -77.3","0.000 0.000 0.000",-93.966,-73.814,"-99.9 -99.3 -79.8 -76.8 -75.1 -73.8 -75.1 -76.8",26.873,876,0,1261,2197,"-8e+01 -8e+01 -8e+01","1 0 0","27 27 27",1,1,0.01,0.00,0,0,0,0
44.900,6,0.000,0.000,0.000,3,3,-78.353,"-76.3 -81.5 -77.3","0.000 0.000 0.000",-93.966,-73.814,"-99.9 -99.3 -79.8 -76.8 -75.1 -73.8 -75.1 -76.8",26.973,878,0,1261,2202,"-8e+01 -8e+01 -8e+01","1 0 0","27 27 27",1,1,0.01,0.00,0,0,0,0
45.000,6,0.000,0.000,0.000,3,3,-78.353,"-76.3 -81.5 -77.3","0.000 0.000 0.000",-93.966,-73.814,"-99.9 -99.3 -79.8 -76.8 -75.1 -73.8 -75.1 -76.8",27.073,880,0,1261,2207,"-8e+01 -8e+01 -8e+01","1 0 0","27 27 27",1,1,0.01,0.00,0,0,0,0
45.100,6,0.000,0.000,0.000,3,3,-78.353,"-76.3 -81.5 -77.3","0.000 0.000 0.000",-93.966,-73.814,"-99.9 -99.3 -79.8 -76.8 -75.1 -73.8 -75.1 -76.8",27.173,882,0,1261,2212,"-8e+01 -8e+01 -8e+01","1 0 0","27 27 27",1,1,0.01,0.00,0,0,0,0
45.200,6,0.000,0.000,0.000,3,3,-78.353,"-76.3 -81.5 -77.3","0.000 0.000 0.000",-93.966,-73.814,"-99.9 -99.3 -79.8 -76.8 -75.1 -73.8 -75.1 -76.8",27.273,884,0,1261,2217,"-8e+01 -8e+01 -8e+01","1 0 0","27 27 27",1,1,0.01,0.00,0,0,0,0
45.300,6,0.000,0.000,0.000,3,3,-78.353,"-76.3 -81.5 -77.3","0.000 0.000 0.000",-93.966,-73.814,"-99.9 -99.3 -79.8 -76.8 -75.1 -73.8 -75.1 -76.8",27.373,886,0,1261,2222,"-8e+01 -8e+01 -8e+01","1 0 0","27 27 27",1,1,0.01,0.00,0,0,0,0
45.400,6,0.000,0.000,0.000,3,3,-78.353,"-76.3 -81.5 -77.3","0.000 0.000 0.000",-93.966,-73.814,"-99.9 -99.3 -79.8 -76.8 -75.1 -73.8 -75.1 -76.8",27.473,888,0,1261,2227,"-8e+01 -8e+01 -8e+01","1 0 0","27 27 27",1,1,0.01,0.00,0,0,0,0
45.500,6,0.000,0.000,0.000,3,3,-78.353,"-76.3 -81.5 -77.3","0.000 0.000 0.000",-93.966,-73.814,"-99.9 -99.3 -79.8 -76.8 -75.1 -73.8 -75.1 -76.8",27.573,890,0,1261,2232,"-8e+01 -8e+01 -8e+01","1 0 0","28 28 28",1,1,0.01,0.00,0,0,0,0
45.600,6,0.000,0.000,0.000,3,3,-78.353,"-76.3 -81.5 -77.3","0.000 0.000 0.000",-93.966,-73.814,"-99.9 -99.3 -79.8 -76.8 -75.1 -73.8 -75.1 -76.8",27.673,892,0,1261,2237,"-8e+01 -8e+01 -8e+01","1 0 0","28 28 28",1,1,0.01,0.00,0,0,0,0
45.700,6,0.000,0.000,0.000,3,3,-78.353,"-76.3 -81.5 -77.3","0.000 0.000 0.000",-93.966,-73.814,"-99.9 -99.3 -79.8 -76.8 -75.1 -73.8 -75.1 -76.8",27.773,894,0,1261,2242,"-8e+01 -8e+01 -8e+01","1 0 0","28 28 28",1,1,0.01,0.00,0,0,0,0
45.800,6,0.000,0.000,0.000,3,3,-78.353,"-76.3 -81.5 -77.3","0.000 0.000 0.000",-93.966,-73.814,"-99.9 -99.3 -79.8 -76.8 -75.1 -73.8 -75.1 -76.8",27.873,896,0,1261,2247,"-8e+01 -8e+01 -8e+01","1 0 0","28 28 28",1,1,0.01,0.00,0,0,0,0
45.900,6,0.000,0.000,0.000,3,3,-78.353,"-76.3 -81.5 -77.3","0.000 0.000 0.000",-93.966,-73.814,"-99.9 -99.3 -79.8 -76.8 -75.1 -73.8 -75.1 -76.8",27.973,898,0,1261,2252,"-8e+01 -8e+01 -8e+01","1 0 0","28 28 28",1,1,0.01,0.00,0,0,0,0
46.000,6,0.000,0.000,0.000,3,3,-78.353,"-76.3 -81.5 -77.3","0.000 0.000 0.000",-93.966,-73.814,"-99.9 -99.3 -79.8 -76.8 -75.1 -73.8 -75.1 -76.8",28.073,900,0,1261,2257,"-8e+01 -8e+01 -8e+01","1 0 0","28 28 28",1,1,0.01,0.00,0,0,0,0
46.100,6,0.000,0.000,0.000,3,3,-78.353,"-76.3 -81.5 -77.3","0.000 0.000 0.000",-93.966,-73.814,"-99.9 -99.3 -79.8 -76.8 -75.1 -73.8 -75.1 -76.8",28.173,902,0,1261,2264,"-8e+01 -8e+01 -8e+01","1 0 0","28 28 28",2,2,5.24,0.00,0,0,0,0
46.200,6,0.000,0.000,0.000,3,3,-78.353,"-76.3 -81.5 -77.3","0.000 0.000 0.000",-93.966,-73.814,"-99.9 -99.3 -79.8 -76.8 -75.1 -73.8 -75.1 -76.8",28.273,904,0,1261,2271,"-8e+01 -8e+01 -8e+01","1 0 0","28 28 28",1,1,0.01,0.00,0,0,0,0
46.300,6,0.000,0.000,0.000,3,3,-78.353,"-76.3 -81.5 -77.3","0.000 0.000 0.000",-93.966,-73.814,"-99.9 -99.3 -79.8 -76.8 -75.1 -73.8 -75.1 -76.8",28.373,906,0,1261,2276,"-8e+01 -8e+01 -8e+01","1 0 0","28 28 28",1,1,0.01,0.00,0,0,0,0
46.400,6,0.000,0.000,0.000,3,3,-78.353,"-76.3 -81.5 -77.3","0.000 0.000 0.000",-93.966,-73.814,"-99.9 -99.3 -79.8 -76.8 -75.1 -73.8 -75.1 -76.8",28.473,908,0,1261,2282,"-8e+01 -8e+01 -8e+01","1 0 0","28 28 28",1,1,0.01,0.00,0,0,0,0
46.500,6,0.000,0.000,0.000,3,3,-78.353,"-76.3 -81.5 -77.3","0.000 0.000 0.000",-93.966,-73.814,"-99.9 -99.3 -79.8 -76.8 -75.1 -73.8 -75.1 -76.8",28.573,910,0,1261,2287,"-8e+01 -8e+01 -8e+01","1 0 0","29 29 29",1,1,0.01,0.00,0,0,0,0
46.600,6,0.000,0.000,0.000,3,3,-78.353,"-76.3 -81.5 -77.3","0.000 0.000 0.000",-93.966,-73.814,"-99.9 -99.3 -79.8 -76.8 -75.1 -73.8 -75.1 -76.8",28.673,912,0,1261,2292,"-8e+01 -8e+01 -8e+01","1 0 0","29 29 29",1,1,0.01,0.00,0,0,0,0
46.700,6,0.000,0.000,0.000,3,3,-78.353,"-76.3 -81.5 -77.3","0.000 0.000 0.000",-93.966,-73.814,"-99.9 -99.3 -79.8 -76.8 -75.1 -73.8 -75.1 -76.8",28.773,914,0,1261,2297,"-8e+01 -8e+01 -8e+01","1 0 0","29 29 29",1,1,0.01,0.00,0,0,0,0
46.800,6,0.000,0.000,0.000,3,3,-78.353,"-76.3 -81.5 -77.3","0.000 0.000 0.000",-93.966,-73.814,"-99.9 -99.3 -79.8 -76.8 -75.1 -73.8 -75.1 -76.8",28.873,916,0,1261,2302,"-8e+01 -8e+01 -8e+01","1 0 0","29 29 29",1,1,0.01,0.00,0,0,0,0
46.900,6,0.000,0.000,0.000,3,3,-78.353,"-76.3 -81.5 -77.3","0.000 0.000 0.000",-93.966,-73.814,"-99.9 -99.3 -79.8 -76.8 -75.1 -73.8 -75.1 -76.8",28.973,918,0,1261,2307,"-8e+01 -8e+01 -8e+01","1 0 0","29 29 29",1,1,0.01,0.00,0,0,0,0
47.000,6,0.000,0.000,0.000,3,3,-78.353,"-76.3 -81.5 -77.3","0.000 0.000 0.000",-93.966,-73.814,"-99.9 -99.3 -79.8 -76.8 -75.1 -73.8 -75.1 -76.8",29.073,920,0,1261,2312,"-8e+01 -8e+01 -8e+01","1 0 0","29 29 29",1,1,0.01,0.00,0,0,0,0
47.100,6,0.000,0.000,0.000,3,3,-78.353,"-76.3 -81.5 -77.3","0.000 0.000 0.000",-93.966,-73.814,"-99.9 -99.3 -79.8 -76.8 -75.1 -73.8 -75.1 -76.8",29.173,922,0,1261,2317,"-8e+01 -8e+01 -8e+01","1 0 0","29 29 29",1,1,0.01,0.00,0,0,0,0
47.200,6,0.000,0.000,0.000,3,3,-78.353,"-76.3 -81.5 -77.3","0.000 0.000 0.000",-93.966,-73.814,"-99.9 -99.3 -79.8 -76.8 -75.1 -73.8 -75.1 -76.8",29.273,924,0,1261,2322,"-8e+01 -8e+01 -8e+01","1 0 0","29 29 29",1,1,0.01,0.00,0,0,0,0
47.300,6,0.000,0.000,0.000,3,3,-78.353,"-76.3 -81.5 -77.3","0.000 0.000 0.000",-93.966,-73.814,"-99.9 -99.3 -79.8 -76.8 -75.1 -73.8 -75.1 -76.8",29.373,926,0,1261,2327,"-8e+01 -8e+01 -8e+01","1 0 0","29 29 29",1,1,0.01,0.00,0,0,0,0
47.400,6,0.000,0.000,0.000,3,3,-78.353,"-76.3 -81.5 -77.3","0.000 0.000 0.000",-93.966,-73.814,"-99.9 -99.3 -79.8 -76.8 -75.1 -73.8 -75.1 -76.8",29.473,928,0,1261,2332,"-8e+01 -8e+01 -8e+01","1 0 0","29 29 29",1,1,0.01,0.00,0,0,0,0
47.500,6,0.000,0.000,0.000,3,3,-78.353,"-76.3 -81.5 -77.3","0.000 0.000 0.000",-93.966,-73.814,"-99.9 -99.3 -79.8 -76.8 -75.1 -73.8 -75.1 -76.8",29.573,930,0,1261,2337,"-8e+01 -8e+01 -8e+01","1 0 0","30 30 30",1,1,0.01,0.00,0,0,0,0
47.600,6,0.000,0.000,0.000,3,3,-78.353,"-76.3 -81.5 -77.3","0.000 0.000 0.000",-93.966,-73.814,"-99.9 -99.3 -79.8 -76.8 -75.1 -73.8 -75.1 -76.8",29.673,932,0,1261,2342,"-8e+01 -8e+01 -8e+01","1 0 0","30 30 30",1,1,0.01,0.00,0,0,0,0
47.700,6,0.000,0.000,0.000,3,3,-78.353,"-76.3 -81.5 -77.3","0.000 0.000 0.000",-93.966,-73.814,"-99.9 -99.3 -79.8 -76.8 -75.1 -73.8 -75.1 -76.8",29.773,934,0,1261,2347,"-8e+01 -8e+01 -8e+01","1 0 0","30 30 30",1,1,0.01,0.00,0,0,0,0
47.800,6,0.000,0.000,0.000,3,3,-78.353,"-76.3 -81.5 -77.3","0.000 0.000 0.000",-93.966,-73.814,"-99.9 -99.3 -79.8 -76.8 -75.1 -73.8 -75.1 -76.8",29.873,936,0,1261,2352,"-8e+01 -8e+01 -8e+01","1 0 0","30 30 30",1,1,0.01,0.00,0,0,0,0
47.900,6,0.000,0.000,0.000,3,3,-78.353,"-76.3 -81.5 -77.3","0.000 0.000 0.000",-93.966,-73.814,"-99.9 -99.3 -79.8 -76.8 -75.1 -73.8 -75.1 -76.8",29.973,938,0,1261,2357,"-8e+01 -8e+01 -8e+01","1 0 0","30 30 30",1,1,0.01,0.00,0,0,0,0
48.000,6,0.000,0.000,0.000,3,3,-78.353,"-76.3 -81.5 -77.3","0.000 0.000 0.000",-93.966,-73.814,"-99.9 -99.3 -79.8 -76.8 -75.1 -73.8 -75.1 -76.8",30.073,940,0,1261,2362,"-8e+01 -8e+01 -8e+01","1 0 0","30 30 30",1,1,0.01,0.00,0,0,0,0
48.100,6,0.000,0.000,0.000,3,3,-78.353,"-76.3 -81.5 -77.3","0.000 0.000 0.000",-93.966,-73.814,"-99.9 -99.3 -79.8 -76.8 -75.1 -73.8 -75.1 -76.8",30.173,942,0,1261,2369,"-8e+01 -8e+01 -8e+01","1 0 0","30 30 30",2,2,25.98,0.00,0,0,0,0
48.200,6,0.000,0.000,0.000,3,3,-78.353,"-76.3 -81.5 -77.3","0.000 0.000 0.000",-93.966,-73.814,"-99.9 -99.3 -79.8 -76.8 -75.1 -73.8 -75.1 -76.8",30.273,944,0,1261,2374,"-8e+01 -8e+01 -8e+01","1 0 0","30 30 30",1,1,0.01,0.00,0,0,0,0
48.300,6,0.000,0.000,0.000,3,3,-78.353,"-76.3 -81.5 -77.3","0.000 0.000 0.000",-93.966,-73.814,"-99.9 -99.3 -79.8 -76.8 -75.1 -73.8 -75.1 -76.8",30.373,946,0,1261,2380,"-8e+01 -8e+01 -8e+01","1 0 0","30 30 30",1,1,0.01,0.00,0,0,0,0
48.400,6,0.000,0.000,0.000,3,3,-78.353,"-76.3 -81.5 -77.3","0.000 0.000 0.000",-93.966,-73.814,"-99.9 -99.3 -79.8 -76.8 -75.1 -73.8 -75.1 -76.8",30.473,948,0,1261,2387,"-8e+01 -8e+01 -8e+01","1 0 0","30 30 30",1,1,0.01,0.00,0,0,0,0
48.500,6,0.000,0.000,0.000,3,3,-78.353,"-76.3 -81.5 -77.3","0.000 0.000 0.000",-93.966,-73.814,"-99.9 -99.3 -79.8 -76.8 -75.1 -73.8 -75.1 -76.8",30.573,950,0,1261,2392,"-8e+01 -8e+01 -8e+01","1 0 0","31 31 31",1,1,0.25,0.00,0,0,0,0
48.600,6,0.000,0.000,0.000,3,3,-78.353,"-76.3 -81.5 -77.3","0.000 0.000 0.000",-93.966,-73.814,"-99.9 -99.3 -79.8 -76.8 -75.1 -73.8 -75.1 -76.8",30.673,952,0,1261,2397,"-8e+01 -8e+01 -8e+01","1 0 0","31 31 31",1,1,0.01,0.00,0,0,0,0
48.700,6,0.000,0.000,0.000,3,3,-78.353,"-76.3 -81.5 -77.3","0.000 0.000 0.000",-93.966,-73.814,"-99.9 -99.3 -79.8 -76.8 -75.1 -73.8 -75.1 -76.8",30.773,954,0,1261,2402,"-8e+01 -8e+01 -8e+01","1 0 0","31 31 31",1,1,0.01,0.00,0,0,0,0
48.800,6,0.000,0.000,0.000,3,3,-78.353,"-76.3 -81.5 -77.3","0.000 0.000 0.000",-93.966,-73.814,"-99.9 -99.3 -79.8 -76.8 -75.1 -73.8 -75.1 -76.8",30.873,956,0,1261,2407,"-8e+01 -8e+01 -8e+01","1 0 0","31 31 31",1,1,0.01,0.00,0,0,0,0
48.900,6,0.000,0.000,0.000,3,3,-78.353,"-76.3 -81.5 -77.3","0.000 0.000 0.000",-93.966,-73.814,"-99.9 -99.3 -79.8 -76.8 -75.1 -73.8 -75.1 -76.8",30.973,958,0,1261,2412,"-8e+01 -8e+01 -8e+01","1 0 0","31 31 31",1,1,0.01,0.00,0,0,0,0
49.000,6,0.000,0.000,0.000,3,3,-78.353,"-76.3 -81.5 -77.3","0.000 0.000 0.000",-93.966,-73.814,"-99.9 -99.3 -79.8 -76.8 -75.1 -73.8 -75.1 -76.8",31.073,960,0,1261,2417,"-8e+01 -8e+01 -8e+01","1 0 0","31 31 31",1,1,0.01,0.00,0,0,0,0
49.100,6,0.000,0.000,0.000,3,3,-78.353,"-76.3 -81.5 -77.3","0.000 0.000 0.000",-93.966,-73.814,"-99.9 -99.3 -79.8 -76.8 -75.1 -73.8 -75.1 -76.8",31.173,962,0,1261,2422,"-8e+01 -8e+01 -8e+01","1 0 0","31 31 31",1,1,0.01,0.00,0,0,0,0
49.200,6,0.000,0.000,0.000,3,3,-78.353,"-76.3 -81.5 -77.3","0.000 0.000 0.000",-93.966,-73.814,"-99.9 -99.3 -79.8 -76.8 -75.1 -73.8 -75.1 -76.8",31.273,964,0,1261,2427,"-8e+01 -8e+01 -8e+01","1 0 0","31 31 31",1,1,0.01,0.00,0,0,0,0
49.300,6,0.000,0.000,0.000,3,3,-78.353,"-76.3 -81.5 -77.3","0.000 0.000 0.000",-93.966,-73.814,"-99.9 -99.3 -79.8 -76.8 -75.1 -73.8 -75.1 -76.8",31.373,966,0,1261,2432,"-8e+01 -8e+01 -8e+01","1 0 0","31 31 31",1,1,0.01,0.00,0,0,0,0
49.400,6,0.000,0.000,0.000,3,3,-78.353,"-76.3 -81.5 -77.3","0.000 0.000 0.000",-93.966,-73.814,"-99.9 -99.3 -79.8 -76.8 -75.1 -73.8 -75.1 -76.8",31.473,968,0,1261,2437,"-8e+01 -8e+01 -8e+01","1 0 0","31 31 31",1,1,0.01,0.00,0,0,0,0
49.500,6,0.000,0.000,0.000,3,3,-78.353,"-76.3 -81.5 -77.3","0.000 0.000 0.000",-93.966,-73.814,"-99.9 -99.3 -79.8 -76.8 -75.1 -73.8 -75.1 -76.8",31.573,970,0,1261,2442,"-8e+01 -8e+01 -8e+01","1 0 0","32 32 32",1,1,0.01,0.00,0,0,0,0
49.600,6,0.000,0.000,0.000,3,3,-78.353,"-76.3 -81.5 -77.3","0.000 0.000 0.000",-93.966,-73.814,"-99.9 -99.3 -79.8 -76.8 -75.1 -73.8 -75.1 -76.8",31.673,972,0,1261,2447,"-8e+01 -8e+01 -8e+01","1 0 0","32 32 32",1,1,0.01,0.00,0,0,0,0
49.700,6,0.000,0.000,0.000,3,3,-78.353,"-76.3 -81.5 -77.3","0.000 0.000 0.000",-93.966,-73.814,"-99.9 -99.3 -79.8 -76.8 -75.1 -73.8 -75.1 -76.8",31.773,974,0,1261,2452,"-8e+01 -8e+01 -8e+01","1 0 0","32 32 32",1,1,0.01,0.00,0,0,0,0
49.800,6,0.000,0.000,0.000,3,3,-78.353,"-76.3 -81.5 -77.3","0.000 0.000 0.000",-93.966,-73.814,"-99.9 -99.3 -79.8 -76.8 -75.1 -73.8 -75.1 -76.8",31.873,976,0,1261,2457,"-8e+01 -8e+01 -8e+01","1 0 0","32 32 32",1,1,0.01,0.00,0,0,0,0
49.900,6,0.000,0.000,0.000,3,3,-78.353,"-76.3 -81.5 -77.3","0.000 0.000 0.000",-93.966,-73.814,"-99.9 -99.3 -79.8 -76.8 -75.1 -73.8 -75.1 -76.8",31.973,978,0,1261,2462,"-8e+01 -8e+01 -8e+01","1 0 0","32 32 32",1,1,0.01,0.00,0,0,0,0
50.000,6,0.000,0.000,0.000,3,3,-78.353,"-76.3 -81.5 -77.3","0.000 0.000 0.000",-93.966,-73.814,"-99.9 -99.3 -79.8 -76.8 -75.1 -73.8 -75.1 -76.8",32.073,980,0,1261,2467,"-8e+01 -8e+01 -8e+01","1 0 0","32 32 32",1,1,0.01,0.00,0,0,0,0
50.100,6,0.000,0.000,0.000,3,3,-78.353,"-76.3 -81.5 -77.3","0.000 0.000 0.000",-93.966,-73.814,"-99.9 -99.3 -79.8 -76.8 -75.1 -73.8 -75.1 -76.8",32.173,982,0,1261,2475,"-8e+01 -8e+01 -8e+01","1 0 0","32 32 32",1,1,0.01,0.00,0,0,0,0
50.200,6,0.000,0.000,0.000,3,3,-78.353,"-76.3 -81.5 -77.3","0.000 0.000 0.000",-93.966,-73.814,"-99.9 -99.3 -79.8 -76.8 -75.1 -73.8 -75.1 -76.8",32.273,984,0,1261,2480,"-8e+01 -8e+01 -8e+01","1 0 0","32 32 32",2,2,0.01,0.00,0,0,0,0
50.300,6,0.000,0.000,0.000,3,3,-78.353,"-76.3 -81.5 -77.3","0.000 0.000 0.000",-93.966,-73.814,"-99.9 -99.3 -79.8 -76.8 -75.1 -73.8 -75.1 -76.8",32.373,986,0,1261,2486,"-8e+01 -8e+01 -8e+01","1 0 0","32 32 32",1,1,0.01,0.00,0,0,0,0
50.400,6,0.000,0.000,0.000,3,3,-78.353,"-76.3 -81.5 -77.3","0.000 0.000 0.000",-93.966,-73.814,"-99.9 -99.3 -79.8 -76.8 -75.1 -73.8 -75.1 -76.8",32.473,988,0,1261,2491,"-8e+01 -8e+01 -8e+01","1 0 0","32 32 32",1,1,0.01,0.00,0,0,0,0
50.500,6,0.000,0.000,0.000,3,3,-78.353,"-76.3 -81.5 -77.3","0.000 0.000 0.000",-93.966,-73.814,"-99.9 -99.3 -79.8 -76.8 -75.1 -73.8 -75.1 -76.8",32.573,990,0,1261,2497,"-8e+01 -8e+01 -8e+01","1 0 0","33 33 33",1,1,0.01,0.00,0,0,0,0
50.600,6,0.000,0.000,0.000,3,3,-78.353,"-76.3 -81.5 -77.3","0.000 0.000 0.000",-93.966,-73.814,"-99.9 -99.3 -79.8 -76.8 -75.1 -73.8 -75.1 -76.8",32.673,992,0,1261,2502,"-8e+01 -8e+01 -8e+01","1 0 0","33 33 33",1,1,0.01,0.00,0,0,0,0
50.700,6,0.000,0.000,0.000,3,3,-78.353,"-76.3 -81.5 -77.3","0.000 0.000 0.000",-93.966,-73.814,"-99.9 -99.3 -79.8 -76.8 -75.1 -73.8 -75.1 -76.8",32.773,994,0,1261,2507,"-8e+01 -8e+01 -8e+01","1 0 0","33 33 33",1,1,0.01,0.00,0,0,0,0
50.800,6,0.000,0.000,0.000,3,3,-78.353,"-76.3 -81.5 -77.3","0.000 0.000 0.000",-93.966,-73.814,"-99.9 -99.3 -79.8 -76.8 -75.1 -73.8 -75.1 -76.8",32.873,996,0,1261,2512,"-8e+01 -8e+01 -8e+01","1 0 0","33 33 33",1,1,0.01,0.00,0,0,0,0
50.900,6,0.000,0.000,0.000,3,3,-78.353,"-76.3 -81.5 -77.3","0.000 0.000 0.000",-93.966,-73.814,"-99.9 -99.3 -79.8 -76.8 -75.1 -73.8 -75.1 -76.8",32.973,998,0,1261,2517,"-8e+01 -8e+01 -8e+01","1 0 0","33 33 33",1,1,0.01,0.00,0,0,0,0
51.000,6,0.000,0.000,0.000,3,3,-78.353,"-76.3 -81.5 -77.3","0.000 0.000 0.000",-93.966,-73.814,"-99.9 -99.3 -79.8 -76.8 -75.1 -73.8 -75.1 -76.8",33.073,1000,0,1261,2522,"-8e+01 -8e+01 -8e+01","1 0 0","33 33 33",1,1,0.01,0.00,0,0,0,0
51.100,6,0.000,0.000,0.000,3,3,-78.353,"-76.3 -81.5 -77.3","0.000 0.000 0.000",-93.966,-73.814,"-99.9 -99.3 -79.8 -76.8 -75.1 -73.8 -75.1 -76.8",33.173,1002,0,1261,2527,"-8e+01 -8e+01 -8e+01","1 0 0","33 33 33",1,1,0.01,0.00,0,0,0,0
51.200,6,0.000,0.000,0.000,3,3,-78.353,"-76.3 -81.5 -77.3","0.000 0.000 0.000",-93.966,-73.814,"-99.9 -99.3 -79.8 -76.8 -75.1 -73.8 -75.1 -76.8",33.273,1004,0,1261,2532,"-8e+01 -8e+01 -8e+01","1 0 0","33 33 33",1,1,0.01,0.00,0,0,0,0
51.300,6,0.000,0.000,0.000,3,3,-78.353,"-76.3 -81.5 -77.3","0.000 0.000 0.000",-93.966,-73.814,"-99.9 -99.3 -79.8 -76.8 -75.1 -73.8 -75.1 -76.8",33.373,1006,0,1261,2537,"-8e+01 -8e+01 -8e+01","1 0 0","33 33 33",1,1,0.01,0.00,0,0,0,0
51.400,6,0.000,0.000,0.000,3,3,-78.353,"-76.3 -81.5 -77.3","0.000 0.000 0.000",-93.966,-73.814,"-99.9 -99.3 -79.8 -76.8 -75.1 -73.8 -75.1 -76.8",33.473,1008,0,1261,2542,"-8e+01 -8e+01 -8e+01","1 0 0","33 33 33",1,1,0.01,0.00,0,0,0,0
51.500,6,0.000,0.000,0.000,3,3,-78.353,"-76.3 -81.5 -77.3","0.000 0.000 0.000",-93.966,-73.814,"-99.9 -99.3 -79.8 -76.8 -75.1 -73.8 -75.1 -76.8",33.573,1010,0,1261,2547,"-8e+01 -8e+01 -8e+01","1 0 0","34 34 34",1,1,0.01,0.00,0,0,0,0
51.600,6,0.000,0.000,0.000,3,3,-78.353,"-76.3 -81.5 -77.3","0.000 0.000 0.000",-93.966,-73.814,"-99.9 -99.3 -79.8 -76.8 -75.1 -73.8 -75.1 -76.8",33.673,1012,0,1261,2552,"-8e+01 -8e+01 -8e+01","1 0 0","34 34 34",1,1,0.01,0.00,0,0,0,0
51.700,6,0.000,0.000,0.000,3,3,-78.353,"-76.3 -81.5 -77.3","0.000 0.000 0.000",-93.966,-73.814,"-99.9 -99.3 -79.8 -76.8 -75.1 -73.8 -75.1 -76.8",33.773,1014,0,1261,2557,"-8e+01 -8e+01 -8e+01","1 0 0","34 34 34",1,1,0.01,0.00,0,0,0,0
51.800,6,0.000,0.000,0.000,3,3,-78.353,"-76.3 -81.5 -77.3","0.000 0.000 0.000",-93.966,-73.814,"-99.9 -99.3 -79.8 -76.8 -75.1 -73.8 -75.1 -76.8",33.873,1016,0,1261,2562,"-8e+01 -8e+01 -8e+01","1 0 0","34 34 34",1,1,0.01,0.00,0,0,0,0
51.900,6,0.000,0.000,0.000,3,3,-78.353,"-76.3 -81.5 -77.3","0.000 0.000 0.000",-93.966,-73.814,"-99.9 -99.3 -79.8 -76.8 -75.1 -73.8 -75.1 -76.8",33.973,1018,0,1261,2567,"-8e+01 -8e+01 -8e+01","1 0 0","34 34 34",1,1,0.01,0.00,0,0,0,0
52.000,6,0.000,0.000,0.000,3,3,-78.353,"-76.3 -81.5 -77.3","0.000 0.000 0.000",-93.966,-73.814,"-99.9 -99.3 -79.8 -76.8 -75.1 -73.8 -75.1 -76.8",34.073,1020,0,1261,2572,"-8e+01 -8e+01 -8e+01","1 0 0","34 34 34",1,1,0.01,0.00,0,0,0,0
52.100,6,0.000,0.000,0.000,3,3,-78.353,"-76.3 -81.5 -77.3","0.000 0.000 0.000",-93.966,-73.814,"-99.9 -99.3 -79.8 -76.8 -75.1 -73.8 -75.1 -76.8",34.173,1022,0,1261,2578,"-8e+01 -8e+01 -8e+01","1 0 0","34 34 34",1,1,0.01,0.00,0,0,0,0
52.200,6,0.000,0.000,0.000,3,3,-78.353,"-76.3 -81.5 -77.3","0.000 0.000 0.000",-93.966,-73.814,"-99.9 -99.3 -79.8 -76.8 -75.1 -73.8 -75.1 -76.8",34.273,1024,0,1261,2583,"-8e+01 -8e+01 -8e+01","1 0 0","34 34 34",2,2,14.18,0.00,0,0,0,0
52.300,6,0.000,0.000,0.000,3,3,-78.353,"-76.3 -81.5 -77.3","0.000 0.000 0.000",-93.966,-73.814,"-99.9 -99.3 -79.8 -76.8 -75.1 -73.8 -75.1 -76.8",34.373,1026,0,1261,2589,"-8e+01 -8e+01 -8e+01","1 0 0","34 34 34",1,1,0.01,0.00,0,0,0,0
52.400,6,0.000,0.000,0.000,3,3,-78.353,"-76.3 -81.5 -77.3","0.000 0.000 0.000",-93.966,-73.814,"-99.9 -99.3 -79.8 -76.8 -75.1 -73.8 -75.1 -76.8",34.473,1028,0,1261,2595,"-8e+01 -8e+01 -8e+01","1 0 0","34 34 34",1,1,0.01,0.00,0,0,0,0
52.500,6,0.000,0.000,0.000,3,3,-78.353,"-76.3 -81.5 -77.3","0.000 0.000 0.000",-93.966,-73.814,"-99.9 -99.3 -79.8 -76.8 -75.1 -73.8 -75.1 -76.8",34.573,1030,0,1261,2602,"-8e+01 -8e+01 -8e+01","1 0 0","35 35 35",1,1,0.01,0.00,0,0,0,0
52.600,6,0.000,0.000,0.000,3,3,-78.353,"-76.3 -81.5 -77.3","0.000 0.000 0.000",-93.966,-73.814,"-99.9 -99.3 -79.8 -76.8 -75.1 -73.8 -75.1 -76.8",34.673,1032,0,1261,2607,"-8e+01 -8e+01 -8e+01","1 0 0","35 35 35",1,1,0.01,0.00,0,0,0,0
52.700,6,0.000,0.000,0.000,3,3,-78.353,"-76.3 -81.5 -77.3","0.000 0.000 0.000",-93.966,-73.814,"-99.9 -99.3 -79.8 -76.8 -75.1 -73.8 -75.1 -76.8",34.773,1034,0,1261,2612,"-8e+01 -8e+01 -8e+01","1 0 0","35 35 35",1,1,0.01,0.00,0,0,0,0
52.800,6,0.000,0.000,0.000,3,3,-78.353,"-76.3 -81.5 -77.3","0.000 0.000 0.000",-93.966,-73.814,"-99.9 -99.3 -79.8 -76.8 -75.1 -73.8 -75.1 -76.8",34.873,1036,0,1261,2617,"-8e+01 -8e+01 -8e+01","1 0 0","35 35 35",1,1,0.01,0.00,0,0,0,0
52.900,6,0.000,0.000,0.000,3,3,-78.353,"-76.3 -81.5 -77.3","0.000 0.000 0.000",-93.966,-73.814,"-99.9 -99.3 -79.8 -76.8 -75.1 -73.8 -75.1 -76.8",34.973,1038,0,1261,2622,"-8e+01 -8e+01 -8e+01","1 0 0","35 35 35",1,1,0.01,0.00,0,0,0,0
53.000,6,0.000,0.000,0.000,3,3,-78.353,"-76.3 -81.5 -77.3","0.000 0.000 0.000",-93.966,-73.814,"-99.9 -99.3 -79.8 -76.8 -75.1 -73.8 -75.1 -76.8",35.073,1040,0,1261,2627,"-8e+01 -8e+01 -8e+01","1 0 0","35 35 35",1,1,0.01,0.00,0,0,0,0
53.100,6,0.000,0.000,0.000,3,3,-78.353,"-76.3 -81.5 -77.3","0.000 0.000 0.000",-93.966,-73.814,"-99.9 -99.3 -79.8 -76.8 -75.1 -73.8 -75.1 -76.8",35.173,1042,0,1261,2632,"-8e+01 -8e+01 -8e+01","1 0 0","35 35 35",1,1,0.01,0.00,0,0,0,0
53.200,6,0.000,0.000,0.000,3,3,-78.353,"-76.3 -81.5 -77.3","0.000 0.000 0.000",-93.966,-73.814,"-99.9 -99.3 -79.8 -76.8 -75.1 -73.8 -75.1 -76.8",35.273,1044,0,1261,2637,"-8e+01 -8e+01 -8e+01","1 0 0","35 35 35",1,1,0.01,0.00,0,0,0,0
53.300,6,0.000,0.000,0.000,3,3,-78.353,"-76.3 -81.5 -77.3","0.000 0.000 0.000",-93.966,-73.814,"-99.9 -99.3 -79.8 -76.8 -75.1 -73.8 -75.1 -76.8",35.373,1046,0,1261,2642,"-8e+01 -8e+01 -8e+01","1 0 0","35 35 35",1,1,0.01,0.00,0,0,0,0
53.400,6,0.000,0.000,0.000,3,3,-78.353,"-76.3 -81.5 -77.3","0.000 0.000 0.000",-93.966,-73.814,"-99.9 -99.3 -79.8 -76.8 -75.1 -73.8 -75.1 -76.8",35.473,1048,0,1261,2647,"-8e+01 -8e+01 -8e+01","1 0 0","35 35 35",1,1,0.01,0.00,0,0,0,0
53.500,6,0.000,0.000,0.000,3,3,-78.353,"-76.3 -81.5 -77.3","0.000 0.000 0.000",-93.966,-73.814,"-99.9 -99.3 -79.8 -76.8 -75.1 -73.8 -75.1 -76.8",35.573,1050,0,1261,2652,"-8e+01 -8e+01 -8e+01","1 0 0","36 36 36",1,1,0.01,0.00,0,0,0,0
53.600,6,0.000,0.000,0.000,3,3,-78.353,"-76.3 -81.5 -77.3","0.000 0.000 0.000",-93.966,-73.814,"-99.9 -99.3 -79.8 -76.8 -75.1 -73.8 -75.1 -76.8",35.673,1052,0,1261,2657,"-8e+01 -8e+01 -8e+01","1 0 0","36 36 36",1,1,0.01,0.00,0,0,0,0
53.700,6,0.000,0.000,0.000,3,3,-78.353,"-76.3 -81.5 -77.3","0.000 0.000 0.000",-93.966,-73.814,"-99.9 -99.3 -79.8 -76.8 -75.1 -73.8 -75.1 -76.8",35.773,1054,0,1261,2662,"-8e+01 -8e+01 -8e+01","1 0 0","36 36 36",1,1,0.01,0.00,0,0,0,0
53.800,6,0.000,0.000,0.000,3,3,-78.353,"-76.3 -81.5 -77.3","0.000 0.000 0.000",-93.966,-73.814,"-99.9 -99.3 -79.8 -76.8 -75.1 -73.8 -75.1 -76.8",35.873,1056,0,1261,2667,"-8e+01 -8e+01 -8e+01","1 0 0","36 36 36",1,1,0.01,0.00,0,0,0,0
53.900,6,0.000,0.000,0.000,3,3,-78.353,"-76.3 -81.5 -77.3","0.000 0.000 0.000",-93.966,-73.814,"-99.9 -99.3 -79.8 -76.8 -75.1 -73.8 -75.1 -76.8",35.973,1058,0,1261,2672,"-8e+01 -8e+01 -8e+01","1 0 0","36 36 36",1,1,0.01,0.00,0,0,0,0
54.000,6,0.000,0.000,0.000,3,3,-78.353,"-76.3 -81.5 -77.3","0.000 0.000 0.000",-93.966,-73.814,"-99.9 -99.3 -79.8 -76.8 -75.1 -73.8 -75.1 -76.8",36.073,1060,0,1261,2677,"-8e+01 -8e+01 -8e+01","1 0 0","36 36 36",1,1,0.01,0.00,0,0,0,0
54.100,6,0.000,0.000,0.000,3,3,-78.353,"-76.3 -81.5 -77.3","0.000 0.000 0.000",-93.966,-73.814,"-99.9 -99.3 -79.8 -76.8 -75.1 -73.8 -75.1 -76.8",36.173,1062,0,1261,2682,"-8e+01 -8e+01 -8e+01","1 0 0","36 36 36",2,2,30.93,0.00,0,0,0,0
54.200,6,0.000,0.000,0.000,3,3,-78.353,"-76.3 -81.5 -77.3","0.000 0.000 0.000",-93.966,-73.814,"-99.9 -99.3 -79.8 -76.8 -75.1 -73.8 -75.1 -76.8",36.273,1064,0,1261,2690,"-8e+01 -8e+01 -8e+01","1 0 0","36 36 36",1,1,0.00,0.00,0,0,0,0
54.300,6,0.000,0.000,0.000,3,3,-78.353,"-76.3 -81.5 -77.3","0.000 0.000 0.000",-93.966,-73.814,"-99.9 -99.3 -79.8 -76.8 -75.1 -73.8 -75.1 -76.8",36.373,1066,0,1261,2695,"-8e+01 -8e+01 -8e+01","1 0 0","36 36 36",1,1,17.05,0.00,0,0,0,0
54.400,6,0.000,0.000,0.000,3,3,-78.353,"-76.3 -81.5 -77.3","0.000 0.000 0.000",-93.966,-73.814,"-99.9 -99.3 -79.8 -76.8 -75.1 -73.8 -75.1 -76.8",36.473,1068,0,1261,2702,"-8e+01 -8e+01 -8e+01","1 0 0","36 36 36",1,1,0.01,0.00,0,0,0,0
54.500,6,0.000,0.000,0.000,3,3,-78.353,"-76.3 -81.5 -77.3","0.000 0.000 0.000",-93.966,-73.814,"-99.9 -99.3 -79.8 -76.8 -75.1 -73.8 -75.1 -76.8",36.573,1070,0,1261,2707,"-8e+01 -8e+01 -8e+01","1 0 0","37 37 37",1,1,0.01,0.00,0,0,0,0
54.600,6,0.000,0.000,0.000,3,3,-78.353,"-76.3 -81.5 -77.3","0.000 0.000 0.000",-93.966,-73.814,"-99.9 -99.3 -79.8 -76.8 -75.1 -73.8 -75.1 -76.8",36.673,1072,0,1261,2712,"-8e+01 -8e+01 -8e+01","1 0 0","37 37 37",1,1,0.01,0.00,0,0,0,0
54.700,6,0.000,0.000,0.000,3,3,-78.353,"-76.3 -81.5 -77.3","0.000 0.000 0.000",-93.966,-73.814,"-99.9 -99.3 -79.8 -76.8 -75.1 -73.8 -75.1 -76.8",36.773,1074,0,1261,2717,"-8e+01 -8e+01 -8e+01","1 0 0","37 37 37",1,1,0.01,0.00,0,0,0,0
54.800,6,0.000,0.000,0.000,3,3,-78.353,"-76.3 -81.5 -77.3","0.000 0.000 0.000",-93.966,-73.814,"-99.9 -99.3 -79.8 -76.8 -75.1 -73.8 -75.1 -76.8",36.873,1076,0,1261,2722,"-8e+01 -8e+01 -8e+01","1 0 0","37 37 37",1,1,0.01,0.00,0,0,0,0
54.900,6,0.000,0.000,0.000,3,3,-78.353,"-76.3 -81.5 -77.3","0.000 0.000 0.000",-93.966,-73.814,"-99.9 -99.3 -79.8 -76.8 -75.1 -73.8 -75.1 -76.8",36.973,1078,0,1261,2727,"-8e+01 -8e+01 -8e+01","1 0 0","37 37 37",1,1,0.01,0.00,0,0,0,0
55.000,6,0.000,0.000,0.000,3,3,-78.353,"-76.3 -81.5 -77.3","0.000 0.000 0.000",-93.966,-73.814,"-99.9 -99.3 -79.8 -76.8 -75.1 -73.8 -75.1 -76.8",37.073,1080,0,1261,2732,"-8e+01 -8e+01 -8e+01","1 0 0","37 37 37",1,1,0.01,0.00,0,0,0,0
55.100,6,0.000,0.000,0.000,3,3,-78.353,"-76.3 -81.5 -77.3","0.000 0.000 0.000",-93.966,-73.814,"-99.9 -99.3 -79.8 -76.8 -75.1 -73.8 -75.1 -76.8",37.173,1082,0,1261,2737,"-8e+01 -8e+01 -8e+01","1 0 0","37 37 37",1,1,0.01,0.00,0,0,0,0
55.200,6,0.000,0.000,0.000,3,3,-78.353,"-76.3 -81.5 -77.3","0.000 0.000 0.000",-93.966,-73.814,"-99.9 -99.3 -79.8 -76.8 -75.1 -73.8 -75.1 -76.8",37.273,1084,0,1261,2742,"-8e+01 -8e+01 -8e+01","1 0 0","37 37 37",1,1,0.01,0.00,0,0,0,0
55.300,6,0.000,0.000,0.000,3,3,-78.353,"-76.3 -81.5 -77.3","0.000 0.000 0.000",-93.966,-73.814,"-99.9 -99.3 -79.8 -76.8 -75.1 -73.8 -75.1 -76.8",37.373,1086,0,1261,2747,"-8e+01 -8e+01 -8e+01","1 0 0","37 37 37",1,1,0.01,0.00,0,0,0,0
55.400,6,0.000,0.000,0.000,3,3,-78.353,"-76.3 -81.5 -77.3","0.000 0.000 0.000",-93.966,-73.814,"-99.9 -99.3 -79.8 -76.8 -75.1 -73.8 -75.1 -76.8",37.473,1088,0,1261,2752,"-8e+01 -8e+01 -8e+01","1 0 0","37 37 37",1,1,0.01,0.00,0,0,0,0
55.500,6,0.000,0.000,0.000,3,3,-78.353,"-76.3 -81.5 -77.3","0.000 0.000 0.000",-93.966,-73.814,"-99.9 -99.3 -79.8 -76.8 -75.1 -73.8 -75.1 -76.8",37.573,1090,0,1261,2757,"-8e+01 -8e+01 -8e+01","1 0 0","38 38 38",1,1,0.01,0.00,0,0,0,0
55.600,6,0.000,0.000,0.000,3,3,-78.353,"-76.3 -81.5 -77.3","0.000 0.000 0.000",-93.966,-73.814,"-99.9 -99.3 -79.8 -76.8 -75.1 -73.8 -75.1 -76.8",37.673,1092,0,1261,2762,"-8e+01 -8e+01 -8e+01","1 0 0","38 38 38",1,1,0.01,0.00,0,0,0,0
55.700,6,0.000,0.000,0.000,3,3,-78.353,"-76.3 -81.5 -77.3","0.000 0.000 0.000",-93.966,-73.814,"-99.9 -99.3 -79.8 -76.8 -75.1 -73.8 -75.1 -76.8",37.773,1094,0,1261,2767,"-8e+01 -8e+01 -8e+01","1 0 0","38 38 38",1,1,0.01,0.00,0,0,0,0
55.800,6,0.000,0.000,0.000,3,3,-78.353,"-76.3 -81.5 -77.3","0.000 0.000 0.000",-93.966,-73.814,"-99.9 -99.3 -79.8 -76.8 -75.1 -73.8 -75.1 -76.8",37.873,1096,0,1261,2772,"-8e+01 -8e+01 -8e+01","1 0 0","38 38 38",1,1,0.01,0.00,0,0,0,0
55.900,6,0.000,0.000,0.000,3,3,-78.353,"-76.3 -81.5 -77.3","0.000 0.000 0.000",-93.966,-73.814,"-99.9 -99.3 -79.8 -76.8 -75.1 -73.8 -75.1 -76.8",37.973,1098,0,1261,2777,"-8e+01 -8e+01 -8e+01","1 0 0","38 38 38",1,1,0.01,0.00,0,0,0,0
56.000,6,0.000,0.000,0.000,3,3,-78.353,"-76.3 -81.5 -77.3","0.000 0.000 0.000",-93.966,-73.814,"-99.9 -99.3 -79.8 -76.8 -75.1 -73.8 -75.1 -76.8",38.073,1100,0,1261,2782,"-8e+01 -8e+01 -8e+01","1 0 0","38 38 38",1,1,0.01,0.00,0,0,0,0
56.100,6,0.000,0.000,0.000,3,3,-78.353,"-76.3 -81.5 -77.3","0.000 0.000 0.000",-93.966,-73.814,"-99.9 -99.3 -79.8 -76.8 -75.1 -73.8 -75.1 -76.8",38.173,1102,0,1261,2788,"-8e+01 -8e+01 -8e+01","1 0 0","38 38 38",2,2,20.42,0.00,0,0,0,0
56.200,6,0.000,0.000,0.000,3,3,-78.353,"-76.3 -81.5 -77.3","0.000 0.000 0.000",-93.966,-73.814,"-99.9 -99.3 -79.8 -76.8 -75.1 -73.8 -75.1 -76.8",38.273,1104,0,1261,2793,"-8e+01 -8e+01 -8e+01","1 0 0","38 38 38",1,1,0.01,0.00,0,0,0,0
56.300,6,0.000,0.000,0.000,3,3,-78.353,"-76.3 -81.5 -77.3","0.000 0.000 0.000",-93.966,-73.814,"-99.9 -99.3 -79.8 -76.8 -75.1 -73.8 -75.1 -76.8",38.373,1106,0,1261,2798,"-8e+01 -8e+01 -8e+01","1 0 0","38 38 38",1,1,0.01,0.00,0,0,0,0
56.400,6,0.000,0.000,0.000,3,3,-78.353,"-76.3 -81.5 -77.3","0.000 0.000 0.000",-93.966,-73.814,"-99.9 -99.3 -79.8 -76.8 -75.1 -73.8 -75.1 -76.8",38.473,1108,0,1261,2806,"-8e+01 -8e+01 -8e+01","1 0 0","38 38 38",1,1,0.01,0.00,0,0,0,0
56.500,6,0.000,0.000,0.000,3,3,-78.353,"-76.3 -81.5 -77.3","0.000 0.000 0.000",-93.966,-73.814,"-99.9 -99.3 -79.8 -76.8 -75.1 -73.8 -75.1 -76.8",38.573,1110,0,1261,2812,"-8e+01 -8e+01 -8e+01","1 0 0","39 39 39",1,1,19.93,0.00,0,0,0,0
56.600,6,0.000,0.000,0.000,3,3,-78.353,"-76.3 -81.5 -77.3","0.000 0.000 0.000",-93.966,-73.814,"-99.9 -99.3 -79.8 -76.8 -75.1 -73.8 -75.1 -76.8",38.673,1112,0,1261,2817,"-8e+01 -8e+01 -8e+01","1 0 0","39 39 39",1,1,0.01,0.00,0,0,0,0
56.700,6,0.000,0.000,0.000,3,3,-78.353,"-76.3 -81.5 -77.3","0.000 0.000 0.000",-93.966,-73.814,"-99.9 -99.3 -79.8 -76.8 -75.1 -73.8 -75.1 -76.8",38.773,1114,0,1261,2822,"-8e+01 -8e+01 -8e+01","1 0 0","39 39 39",1,1,0.01,0.00,0,0,0,0
56.800,6,0.000,0.000,0.000,3,3,-78.353,"-76.3 -81.5 -77.3","0.000 0.000 0.000",-93.966,-73.814,"-99.9 -99.3 -79.8 -76.8 -75.1 -73.8 -75.1 -76.8",38.873,1116,0,1261,2827,"-8e+01 -8e+01 -8e+01","1 0 0","39 39 39",1,1,0.01,0.00,0,0,0,0
56.900,6,0.000,0.000,0.000,3,3,-78.353,"-76.3 -81.5 -77.3","0.000 0.000 0.000",-93.966,-73.814,"-99.9 -99.3 -79.8 -76.8 -75.1 -73.8 -75.1 -76.8",38.973,1118,0,1261,2832,"-8e+01 -8e+01 -8e+01","1 0 0","39 39 39",1,1,0.01,0.00,0,0,0,0
57.000,6,0.000,0.000,0.000,3,3,-78.353,"-76.3 -81.5 -77.3","0.000 0.000 0.000",-93.966,-73.814,"-99.9 -99.3 -79.8 -76.8 -75.1 -73.8 -75.1 -76.8",39.073,1120,0,1261,2837,"-8e+01 -8e+01 -8e+01","1 0 0","39 39 39",1,1,0.01,0.00,0,0,0,0
57.100,6,0.000,0.000,0.000,3,3,-78.353,"-76.3 -81.5 -77.3","0.000 0.000 0.000",-93.966,-73.814,"-99.9 -99.3 -79.8 -76.8 -75.1 -73.8 -75.1 -76.8",39.173,1122,0,1261,2842,"-8e+01 -8e+01 -8e+01","1 0 0","39 39 39",1,1,0.01,0.00,0,0,0,0
57.200,6,0.000,0.000,0.000,3,3,-78.353,"-76.3 -81.5 -77.3","0.000 0.000 0.000",-93.966,-73.814,"-99.9 -99.3 -79.8 -76.8 -75.1 -73.8 -75.1 -76.8",39.273,1124,0,1261,2847,"-8e+01 -8e+01 -8e+01","1 0 0","39 39 39",1,1,0.01,0.00,0,0,0,0
57.300,6,0.000,0.000,0.000,3,3,-78.353,"-76.3 -81.5 -77.3","0.000 0.000 0.000",-93.966,-73.814,"-99.9 -99.3 -79.8 -76.8 -75.1 -73.8 -75.1 -76.8",39.373,1126,0,1261,2852,"-8e+01 -8e+01 -8e+01","1 0 0","39 39 39",1,1,0.01,0.00,0,0,0,0
57.400,6,0.000,0.000,0.000,3,3,-78.353,"-76.3 -81.5 -77.3","0.000 0.000 0.000",-93.966,-73.814,"-99.9 -99.3 -79.8 -76.8 -75.1 -73.8 -75.1 -76.8",39.473,1128,0,1261,2857,"-8e+01 -8e+01 -8e+01","1 0 0","39 39 39",1,1,0.01,0.00,0,0,0,0
57.500,6,0.000,0.000,0.000,3,3,-78.353,"-76.3 -81.5 -77.3","0.000 0.000 0.000",-93.966,-73.814,"-99.9 -99.3 -79.8 -76.8 -75.1 -73.8 -75.1 -76.8",39.573,1130,0,1261,2862,"-8e+01 -8e+01 -8e+01","1 0 0","40 40 40",1,1,0.01,0.00,0,0,0,0
57.600,6,0.000,0.000,0.000,3,3,-78.353,"-76.3 -81.5 -77.3","0.000 0.000 0.000",-93.966,-73.814,"-99.9 -99.3 -79.8 -76.8 -75.1 -73.8 -75.1 -76.8",39.673,1132,0,1261,2867,"-8e+01 -8e+01 -8e+01","1 0 0","40 40 40",1,1,0.01,0.00,0,0,0,0
57.700,6,0.000,0.000,0.000,3,3,-78.353,"-76.3 -81.5 -77.3","0.000 0.000 0.000",-93.966,-73.814,"-99.9 -99.3 -79.8 -76.8 -75.1 -73.8 -75.1 -76.8",39.773,1134,0,1261,2872,"-8e+01 -8e+01 -8e+01","1 0 0","40 40 40",1,1,0.01,0.00,0,0,0,0
57.800,6,0.000,0.000,0.000,3,3,-78.353,"-76.3 -81.5 -77.3","0.000 0.000 0.000",-93.966,-73.814,"-99.9 -99.3 -79.8 -76.8 -75.1 -73.8 -75.1 -76.8",39.873,1136,0,1261,2877,"-8e+01 -8e+01 -8e+01","1 0 0","40 40 40",1,1,0.01,0.00,0,0,0,0
57.900,6,0.000,0.000,0.000,3,3,-78.353,"-76.3 -81.5 -77.3","0.000 0.000 0.000",-93.966,-73.814,"-99.9 -99.3 -79.8 -76.8 -75.1 -73.8 -75.1 -76.8",39.973,1138,0,1261,2882,"-8e+01 -8e+01 -8e+01","1 0 0","40 40 40",1,1,0.01,0.00,0,0,0,0
58.000,6,0.000,0.000,0.000,3,3,-78.353,"-76.3 -81.5 -77.3","0.000 0.000 0.000",-93.966,-73.814,"-99.9 -99.3 -79.8 -76.8 -75.1 -73.8 -75.1 -76.8",40.073,1140,0,1261,2887,"-8e+01 -8e+01 -8e+01","1 0 0","40 40 40",1,1,0.01,0.00,0,0,0,0
58.100,6,0.000,0.000,0.000,3,3,-78.353,"-76.3 -81.5 -77.3","0.000 0.000 0.000",-93.966,-73.814,"-99.9 -99.3 -79.8 -76.8 -75.1 -73.8 -75.1 -76.8",40.173,1142,0,1261,2892,"-8e+01 -8e+01 -8e+01","1 0 0","40 40 40",2,2,1.37,0.00,0,0,0,0
58.200,6,0.000,0.000,0.000,3,3,-78.353,"-76.3 -81.5 -77.3","0.000 0.000 0.000",-93.966,-73.814,"-99.9 -99.3 -79.8 -76.8 -75.1 -73.8 -75.1 -76.8",40.273,1144,0,1261,2898,"-8e+01 -8e+01 -8e+01","1 0 0","40 40 40",1,1,0.01,0.00,0,0,0,0
58.300,6,0.000,0.000,0.000,3,3,-78.353,"-76.3 -81.5 -77.3","0.000 0.000 0.000",-93.966,-73.814,"-99.9 -99.3 -79.8 -76.8 -75.1 -73.8 -75.1 -76.8",40.373,1146,0,1261,2904,"-8e+01 -8e+01 -8e+01","1 0 0","40 40 40",1,1,0.01,0.00,0,0,0,0
58.400,6,0.000,0.000,0.000,3,3,-78.353,"-76.3 -81.5 -77.3","0.000 0.000 0.000",-93.966,-73.814,"-99.9 -99.3 -79.8 -76.8 -75.1 -73.8 -75.1 -76.8",40.473,1148,0,1261,2911,"-8e+01 -8e+01 -8e+01","1 0 0","40 40 40",1,1,0.01,0.00,0,0,0,0
58.500,6,0.000,0.000,0.000,3,3,-78.353,"-76.3 -81.5 -77.3","0.000 0.000 0.000",-93.966,-73.814,"-99.9 -99.3 -79.8 -76.8 -75.1 -73.8 -75.1 -76.8",40.573,1150,0,1261,2917,"-8e+01 -8e+01 -8e+01","1 0 0","41 41 41",1,1,0.63,0.00,0,0,0,0
58.600,6,0.000,0.000,0.000,3,3,-78.353,"-76.3 -81.5 -77.3","0.000 0.000 0.000",-93.966,-73.814,"-99.9 -99.3 -79.8 -76.8 -75.1 -73.8 -75.1 -76.8",40.673,1152,0,1261,2922,"-8e+01 -8e+01 -8e+01","1 0 0","41 41 41",1,1,0.01,0.00,0,0,0,0
58.700,6,0.000,0.000,0.000,3,3,-78.353,"-76.3 -81.5 -77.3","0.000 0.000 0.000",-93.966,-73.814,"-99.9 -99.3 -79.8 -76.8 -75.1 -73.8 -75.1 -76.8",40.773,1154,0,1261,2927,"-8e+01 -8e+01 -8e+01","1 0 0","41 41 41",1,1,0.01,0.00,0,0,0,0
58.800,6,0.000,0.000,0.000,3,3,-78.353,"-76.3 -81.5 -77.3","0.000 0.000 0.000",-93.966,-73.814,"-99.9 -99.3 -79.8 -76.8 -75.1 -73.8 -75.1 -76.8",40.873,1156,0,1261,2932,"-8e+01 -8e+01 -8e+01","1 0 0","41 41 41",1,1,0.01,0.00,0,0,0,0
58.900,6,0.000,0.000,0.000,3,3,-78.353,"-76.3 -81.5 -77.3","0.000 0.000 0.000",-93.966,-73.814,"-99.9 -99.3 -79.8 -76.8 -75.1 -73.8 -75.1 -76.8",40.973,1158,0,1261,2937,"-8e+01 -8e+01 -8e+01","1 0 0","41 41 41",1,1,0.01,0.00,0,0,0,0
59.000,6,0.000,0.000,0.000,3,3,-78.353,"-76.3 -81.5 -77.3","0.000 0.000 0.000",-93.966,-73.814,"-99.9 -99.3 -79.8 -76.8 -75.1 -73.8 -75.1 -76.8",41.073,1160,0,1261,2942,"-8e+01 -8e+01 -8e+01","1 0 0","41 41 41",1,1,0.01,0.00,0,0,0,0
59.100,6,0.000,0.000,0.000,3,3,-78.353,"-76.3 -81.5 -77.3","0.000 0.000 0.000",-93.966,-73.814,"-99.9 -99.3 -79.8 -76.8 -75.1 -73.8 -75.1 -76.8",41.173,1162,0,1261,2947,"-8e+01 -8e+01 -8e+01","1 0 0","41 41 41",1,1,0.01,0.00,0,0,0,0
59.200,6,0.000,0.000,0.000,3,3,-78.353,"-76.3 -81.5 -77.3","0.000 0.000 0.000",-93.966,-73.814,"-99.9 -99.3 -79.8 -76.8 -75.1 -73.8 -75.1 -76.8",41.273,1164,0,1261,2952,"-8e+01 -8e+01 -8e+01","1 0 0","41 41 41",1,1,0.01,0.00,0,0,0,0
59.300,6,0.000,0.000,0.000,3,3,-78.353,"-76.3 -81.5 -77.3","0.000 0.000 0.000",-93.966,-73.814,"-99.9 -99.3 -79.8 -76.8 -75.1 -73.8 -75.1 -76.8",41.373,1166,0,1261,2957,"-8e+01 -8e+01 -8e+01","1 0 0","41 41 41",1,1,0.01,0.00,0,0,0,0
59.400,6,0.000,0.000,0.000,3,3,-78.353,"-76.3 -81.5 -77.3","0.000 0.000 0.000",-93.966,-73.814,"-99.9 -99.3 -79.8 -76.8 -75.1 -73.8 -75.1 -76.8",41.473,1168,0,1261,2962,"-8e+01 -8e+01 -8e+01","1 0 0","41 41 41",1,1,0.01,0.00,0,0,0,0
59.500,6,0.000,0.000,0.000,3,3,-78.353,"-76.3 -81.5 -77.3","0.000 0.000 0.000",-93.966,-73.814,"-99.9 -99.3 -79.8 -76.8 -75.1 -73.8 -75.1 -76.8",41.573,1170,0,1261,2967,"-8e+01 -8e+01 -8e+01","1 0 0","42 42 42",1,1,0.01,0.00,0,0,0,0
59.600,6,0.000,0.000,0.000,3,3,-78.353,"-76.3 -81.5 -77.3","0.000 0.000 0.000",-93.966,-73.814,"-99.9 -99.3 -79.8 -76.8 -75.1 -73.8 -75.1 -76.8",41.673,1172,0,1261,2972,"-8e+01 -8e+01 -8e+01","1 0 0","42 42 42",1,1,0.01,0.00,0,0,0,0
59.700,6,0.000,0.000,0.000,3,3,-78.353,"-76.3 -81.5 -77.3","0.000 0.000 0.000",-93.966,-73.814,"-99.9 -99.3 -79.8 -76.8 -75.1 -73.8 -75.1 -76.8",41.773,1174,0,1261,2977,"-8e+01 -8e+01 -8e+01","1 0 0","42 42 42",1,1,0.01,0.00,0,0,0,0
59.800,6,0.000,0.000,0.000,3,3,-78.353,"-76.3 -81.5 -77.3","0.000 0.000 0.000",-93.966,-73.814,"-99.9 -99.3 -79.8 -76.8 -75.1 -73.8 -75.1 -76.8",41.873,1176,0,1261,2982,"-8e+01 -8e+01 -8e+01","1 0 0","42 42 42",1,1,0.01,0.00,0,0,0,0
59.900,6,0.000,0.000,0.000,3,3,-78.353,"-76.3 -81.5 -77.3","0.000 0.000 0.000",-93.966,-73.814,"-99.9 -99.3 -79.8 -76.8 -75.1 -73.8 -75.1 -76.8",41.973,1178,0,1261,2987,"-8e+01 -8e+01 -8e+01","1 0 0","42 42 42",1,1,0.01,0.00,0,0,0,0
