t,channel,pdr_mean,pdr_worst,pdr_spread,n_links,links_degraded,rssi_mean,rssi_per_link,pdr_per_link,noise_dbm,meas_floor_dbm,band_power,hb_gap_max,data_tx,data_rx,rx_ok,rx_err,rev_rssi_per_link,rev_pdr_per_link,rev_age_per_link,tx_attempts,tx_acked,tx_defer_ms,tx_retry_depth,shadow_exp,shadow_miss,silent_exp,silent_miss
1.000,6,0.500,0.500,0.000,3,3,-78.473,"-76.6 -81.5 -77.3","0.500 0.500 0.500",-93.966,-100.820,"-100.8 -100.8 -100.8 -100.8 -100.8 -100.8 -100.8 -100.8",0.073,0,0,18,11,"-8e+01 -8e+01 -8e+01","1 0 0","0.073 0.048 0.023",5,5,0.01,0.00,0,0,12,0
1.100,6,1.000,1.000,0.000,3,0,-78.473,"-76.6 -81.5 -77.3","1.000 1.000 1.000",-93.966,-100.820,"-100.8 -100.8 -100.8 -100.8 -100.8 -100.8 -100.8 -100.8",0.073,2,0,21,13,"-8e+01 -8e+01 -8e+01","1 0 0","0.073 0.048 0.023",1,1,0.01,0.00,0,0,3,0
1.200,6,1.000,1.000,0.000,3,0,-78.473,"-76.6 -81.5 -77.3","1.000 1.000 1.000",-93.966,-100.820,"-100.8 -100.8 -100.8 -100.8 -100.8 -100.8 -100.8 -100.8",0.073,4,0,24,15,"-8e+01 -8e+01 -8e+01","1 0 0","0.073 0.048 0.023",1,1,0.01,0.00,0,0,3,0
1.300,6,1.000,1.000,0.000,3,0,-78.473,"-76.6 -81.5 -77.3","1.000 1.000 1.000",-93.966,-100.820,"-100.8 -100.8 -100.8 -100.8 -100.8 -100.8 -100.8 -100.8",0.073,6,0,27,17,"-8e+01 -8e+01 -8e+01","1 0 0","0.073 0.048 0.023",1,1,0.01,0.00,0,0,3,0
1.400,6,1.000,1.000,0.000,3,0,-78.473,"-76.6 -81.5 -77.3","1.000 1.000 1.000",-93.966,-100.820,"-100.8 -100.8 -100.8 -100.8 -100.8 -100.8 -100.8 -100.8",0.073,8,0,30,19,"-8e+01 -8e+01 -8e+01","1 0 0","0.073 0.048 0.023",1,1,0.02,0.00,0,0,3,0
1.500,6,1.000,1.000,0.000,3,0,-78.473,"-76.6 -81.5 -77.3","1.000 1.000 1.000",-93.966,-100.820,"-100.8 -100.8 -100.8 -100.8 -100.8 -100.8 -100.8 -100.8",0.073,10,0,33,21,"-8e+01 -8e+01 -8e+01","1 0 0","0.073 0.048 0.023",1,1,0.00,0.00,0,0,3,0
1.600,6,1.000,1.000,0.000,3,0,-78.473,"-76.6 -81.5 -77.3","1.000 1.000 1.000",-93.966,-100.820,"-100.8 -100.8 -100.8 -100.8 -100.8 -100.8 -100.8 -100.8",0.073,12,0,36,23,"-8e+01 -8e+01 -8e+01","1 0 0","0.073 0.048 0.023",1,1,0.01,0.00,0,0,3,0
1.700,6,1.000,1.000,0.000,3,0,-78.473,"-76.6 -81.5 -77.3","1.000 1.000 1.000",-93.966,-100.820,"-100.8 -100.8 -100.8 -100.8 -100.8 -100.8 -100.8 -100.8",0.073,14,0,39,25,"-8e+01 -8e+01 -8e+01","1 0 0","0.073 0.048 0.023",1,1,0.01,0.00,0,0,3,0
1.800,6,1.000,1.000,0.000,3,0,-78.473,"-76.6 -81.5 -77.3","1.000 1.000 1.000",-93.966,-100.820,"-100.8 -100.8 -100.8 -100.8 -100.8 -100.8 -100.8 -100.8",0.073,16,0,42,27,"-8e+01 -8e+01 -8e+01","1 0 0","0.073 0.048 0.023",1,1,0.01,0.00,0,0,3,0
1.900,6,1.000,1.000,0.000,3,0,-78.473,"-76.6 -81.5 -77.3","1.000 1.000 1.000",-93.966,-100.820,"-100.8 -100.8 -100.8 -100.8 -100.8 -100.8 -100.8 -100.8",0.073,18,0,45,29,"-8e+01 -8e+01 -8e+01","1 0 0","0.073 0.048 0.023",1,1,0.02,0.00,0,0,3,0
2.000,6,1.000,1.000,0.000,3,0,-78.473,"-76.6 -81.5 -77.3","1.000 1.000 1.000",-93.966,-100.820,"-100.8 -100.8 -100.8 -100.8 -100.8 -100.8 -100.8 -100.8",0.073,20,0,48,31,"-8e+01 -8e+01 -8e+01","1 0 0","0.073 0.048 0.023",1,1,0.00,0.00,0,0,3,0
2.100,6,1.000,1.000,0.000,3,0,-78.473,"-76.6 -81.5 -77.3","1.000 1.000 1.000",-93.966,-100.820,"-100.8 -100.8 -100.8 -100.8 -100.8 -100.8 -100.8 -100.8",0.073,22,0,51,34,"-8e+01 -8e+01 -8e+01","1 0 0","0.073 0.048 0.023",2,2,0.79,0.00,0,0,3,0
2.200,6,1.000,1.000,0.000,3,0,-78.473,"-76.6 -81.5 -77.3","1.000 1.000 1.000",-93.966,-100.820,"-100.8 -100.8 -100.8 -100.8 -100.8 -100.8 -100.8 -100.8",0.073,24,0,54,36,"-8e+01 -8e+01 -8e+01","1 0 0","0.073 0.048 0.023",1,1,0.01,0.00,0,0,3,0
2.300,6,1.000,1.000,0.000,3,0,-78.473,"-76.6 -81.5 -77.3","1.000 1.000 1.000",-93.966,-100.820,"-100.8 -100.8 -100.8 -100.8 -100.8 -100.8 -100.8 -100.8",0.073,26,0,59,38,"-8e+01 -8e+01 -8e+01","1 0 0","0.073 0.048 0.023",1,1,0.01,0.00,0,0,3,0
2.400,6,1.000,1.000,0.000,3,0,-78.473,"-76.6 -81.5 -77.3","1.000 1.000 1.000",-93.966,-100.820,"-100.8 -100.8 -100.8 -100.8 -100.8 -100.8 -100.8 -100.8",0.073,28,0,62,41,"-8e+01 -8e+01 -8e+01","1 0 0","0.073 0.048 0.023",1,1,0.00,0.00,0,0,3,0
2.500,6,1.000,1.000,0.000,3,0,-78.473,"-76.6 -81.5 -77.3","1.000 1.000 1.000",-93.966,-100.820,"-100.8 -100.8 -100.8 -100.8 -100.8 -100.8 -100.8 -100.8",0.073,30,0,66,43,"-8e+01 -8e+01 -8e+01","1 0 0","0.073 0.048 0.023",1,1,0.00,0.00,0,0,3,0
2.600,6,1.000,1.000,0.000,3,0,-78.473,"-76.6 -81.5 -77.3","1.000 1.000 1.000",-93.966,-100.820,"-100.8 -100.8 -100.8 -100.8 -100.8 -100.8 -100.8 -100.8",0.073,32,0,69,45,"-8e+01 -8e+01 -8e+01","1 0 0","0.073 0.048 0.023",1,1,0.01,0.00,0,0,3,0
2.700,6,1.000,1.000,0.000,3,0,-78.353,"-76.3 -81.5 -77.3","1.000 1.000 1.000",-93.966,-100.820,"-100.8 -100.8 -100.8 -100.8 -100.8 -100.8 -100.8 -100.8",0.073,34,0,77,47,"-8e+01 -8e+01 -8e+01","1 0 0","0.073 0.048 0.023",1,1,0.01,0.00,0,0,3,0
2.800,6,1.000,1.000,0.000,3,0,-78.473,"-76.6 -81.5 -77.3","1.000 1.000 1.000",-93.966,-100.820,"-100.8 -100.8 -100.8 -100.8 -100.8 -100.8 -100.8 -100.8",0.073,36,0,80,49,"-8e+01 -8e+01 -8e+01","1 0 0","0.073 0.048 0.023",1,1,0.02,0.00,0,0,3,0
2.900,6,1.000,1.000,0.000,3,0,-78.353,"-76.3 -81.5 -77.3","1.000 1.000 1.000",-93.966,-100.820,"-100.8 -100.8 -100.8 -100.8 -100.8 -100.8 -100.8 -100.8",0.073,38,0,85,51,"-8e+01 -8e+01 -8e+01","1 0 0","0.073 0.048 0.023",1,1,0.02,0.00,0,0,3,0
3.000,6,1.000,1.000,0.000,3,0,-78.473,"-76.6 -81.5 -77.3","1.000 1.000 1.000",-93.966,-100.820,"-100.8 -100.8 -100.8 -100.8 -100.8 -100.8 -100.8 -100.8",0.073,40,0,88,53,"-8e+01 -8e+01 -8e+01","1 0 0","0.073 0.048 0.023",1,1,0.00,0.00,0,0,3,0
3.100,6,1.000,1.000,0.000,3,0,-78.353,"-76.3 -81.5 -77.3","1.000 1.000 1.000",-93.966,-100.820,"-100.8 -100.8 -100.8 -100.8 -100.8 -100.8 -100.8 -100.8",0.073,42,0,93,55,"-8e+01 -8e+01 -8e+01","1 0 0","0.073 0.048 0.023",1,1,0.01,0.00,0,0,3,0
3.200,6,1.000,1.000,0.000,3,0,-78.473,"-76.6 -81.5 -77.3","1.000 1.000 1.000",-93.966,-100.820,"-100.8 -100.8 -100.8 -100.8 -100.8 -100.8 -100.8 -100.8",0.073,44,0,96,57,"-8e+01 -8e+01 -8e+01","1 0 0","0.073 0.048 0.023",1,1,0.01,0.00,0,0,3,0
3.300,6,1.000,1.000,0.000,3,0,-78.353,"-76.3 -81.5 -77.3","1.000 1.000 1.000",-93.966,-100.820,"-100.8 -100.8 -100.8 -100.8 -100.8 -100.8 -100.8 -100.8",0.073,46,0,101,59,"-8e+01 -8e+01 -8e+01","1 0 0","0.073 0.048 0.023",1,1,0.02,0.00,0,0,3,0
3.400,6,1.000,1.000,0.000,3,0,-78.473,"-76.6 -81.5 -77.3","1.000 1.000 1.000",-93.966,-100.820,"-100.8 -100.8 -100.8 -100.8 -100.8 -100.8 -100.8 -100.8",0.073,48,0,104,61,"-8e+01 -8e+01 -8e+01","1 0 0","0.073 0.048 0.023",1,1,0.02,0.00,0,0,3,0
3.500,6,1.000,1.000,0.000,3,0,-78.353,"-76.3 -81.5 -77.3","1.000 1.000 1.000",-93.966,-100.820,"-100.8 -100.8 -100.8 -100.8 -100.8 -100.8 -100.8 -100.8",0.073,50,0,109,63,"-8e+01 -8e+01 -8e+01","1 0 0","0.073 0.048 0.023",1,1,0.00,0.00,0,0,3,0
3.600,6,1.000,1.000,0.000,3,0,-78.473,"-76.6 -81.5 -77.3","1.000 1.000 1.000",-93.966,-100.820,"-100.8 -100.8 -100.8 -100.8 -100.8 -100.8 -100.8 -100.8",0.073,52,0,112,65,"-8e+01 -8e+01 -8e+01","1 0 0","0.073 0.048 0.023",1,1,0.01,0.00,0,0,3,0
3.700,6,1.000,1.000,0.000,3,0,-78.353,"-76.3 -81.5 -77.3","1.000 1.000 1.000",-93.966,-100.820,"-100.8 -100.8 -100.8 -100.8 -100.8 -100.8 -100.8 -100.8",0.073,54,0,117,67,"-8e+01 -8e+01 -8e+01","1 0 0","0.073 0.048 0.023",1,1,0.01,0.00,0,0,3,0
3.800,6,1.000,1.000,0.000,3,0,-78.473,"-76.6 -81.5 -77.3","1.000 1.000 1.000",-93.966,-100.820,"-100.8 -100.8 -100.8 -100.8 -100.8 -100.8 -100.8 -100.8",0.073,56,0,120,69,"-8e+01 -8e+01 -8e+01","1 0 0","0.073 0.048 0.023",1,1,0.01,0.00,0,0,3,0
3.900,6,1.000,1.000,0.000,3,0,-78.353,"-76.3 -81.5 -77.3","1.000 1.000 1.000",-93.966,-100.820,"-100.8 -100.8 -100.8 -100.8 -100.8 -100.8 -100.8 -100.8",0.073,58,0,125,71,"-8e+01 -8e+01 -8e+01","1 0 0","0.073 0.048 0.023",1,1,0.02,0.00,0,0,3,0
4.000,6,1.000,1.000,0.000,3,0,-78.473,"-76.6 -81.5 -77.3","1.000 1.000 1.000",-93.966,-100.820,"-100.8 -100.8 -100.8 -100.8 -100.8 -100.8 -100.8 -100.8",0.073,60,0,128,73,"-8e+01 -8e+01 -8e+01","1 0 0","0.073 0.048 0.023",1,1,0.00,0.00,0,0,3,0
4.100,6,1.000,1.000,0.000,3,0,-78.353,"-76.3 -81.5 -77.3","1.000 1.000 1.000",-93.966,-100.820,"-100.8 -100.8 -100.8 -100.8 -100.8 -100.8 -100.8 -100.8",0.073,62,0,134,75,"-8e+01 -8e+01 -8e+01","1 0 0","0.073 0.048 0.023",2,2,36.46,0.00,0,0,3,0
4.200,6,1.000,1.000,0.000,3,0,-78.473,"-76.6 -81.5 -77.3","1.000 1.000 1.000",-93.966,-100.820,"-100.8 -100.8 -100.8 -100.8 -100.8 -100.8 -100.8 -100.8",0.073,64,0,137,77,"-8e+01 -8e+01 -8e+01","1 0 0","0.073 0.048 0.023",1,1,0.01,0.00,0,0,3,0
4.300,6,1.000,1.000,0.000,3,0,-78.353,"-76.3 -81.5 -77.3","1.000 1.000 1.000",-93.966,-100.820,"-100.8 -100.8 -100.8 -100.8 -100.8 -100.8 -100.8 -100.8",0.073,66,0,142,79,"-8e+01 -8e+01 -8e+01","1 0 0","0.073 0.048 0.023",1,1,0.01,0.00,0,0,3,0
4.400,6,1.000,1.000,0.000,3,0,-78.473,"-76.6 -81.5 -77.3","1.000 1.000 1.000",-93.966,-100.820,"-100.8 -100.8 -100.8 -100.8 -100.8 -100.8 -100.8 -100.8",0.073,68,0,152,85,"-8e+01 -8e+01 -8e+01","1 0 0","0.073 0.048 0.023",4,4,1.52,0.00,1,0,2,0
4.500,6,1.000,1.000,0.000,3,0,-78.353,"-76.3 -81.5 -77.3","1.000 1.000 1.000",-93.966,-100.820,"-100.8 -100.8 -100.8 -100.8 -100.8 -100.8 -100.8 -100.8",0.073,70,0,164,90,"-8e+01 -8e+01 -8e+01","1 0 0","0.073 0.048 0.023",5,5,0.01,0.00,0,0,3,0
4.600,6,1.000,1.000,0.000,3,0,-78.473,"-76.6 -81.5 -77.3","1.000 1.000 1.000",-93.966,-100.820,"-100.8 -100.8 -100.8 -100.8 -100.8 -100.8 -100.8 -100.8",0.073,72,0,171,94,"-8e+01 -8e+01 -8e+01","1 0 0","0.073 0.048 0.023",3,3,0.00,0.00,0,0,3,0
4.700,6,1.000,1.000,0.000,3,0,-78.353,"-76.3 -81.5 -77.3","1.000 1.000 1.000",-93.966,-100.820,"-100.8 -100.8 -100.8 -100.8 -100.8 -100.8 -100.8 -100.8",0.073,74,0,180,98,"-8e+01 -8e+01 -8e+01","1 0 0","0.073 0.048 0.023",3,3,0.01,0.00,0,0,3,0
4.800,6,1.000,1.000,0.000,3,0,-78.473,"-76.6 -81.5 -77.3","1.000 1.000 1.000",-93.966,-100.820,"-100.8 -100.8 -100.8 -100.8 -100.8 -100.8 -100.8 -100.8",0.073,76,0,187,102,"-8e+01 -8e+01 -8e+01","1 0 0","0.073 0.048 0.023",3,3,0.01,0.00,0,0,3,0
4.900,6,1.000,1.000,0.000,3,0,-78.353,"-76.3 -81.5 -77.3","1.000 1.000 1.000",-93.966,-100.820,"-100.8 -100.8 -100.8 -100.8 -100.8 -100.8 -100.8 -100.8",0.073,78,0,196,106,"-8e+01 -8e+01 -8e+01","1 0 0","0.073 0.048 0.023",3,3,0.00,0.00,0,0,3,0
5.000,6,1.000,1.000,0.000,3,0,-78.473,"-76.6 -81.5 -77.3","1.000 1.000 1.000",-93.966,-100.820,"-100.8 -100.8 -100.8 -100.8 -100.8 -100.8 -100.8 -100.8",0.073,80,0,203,110,"-8e+01 -8e+01 -8e+01","1 0 0","0.073 0.048 0.023",3,3,0.01,0.00,0,0,3,0
5.100,6,1.000,1.000,0.000,3,0,-78.353,"-76.3 -81.5 -77.3","1.000 1.000 1.000",-93.966,-100.820,"-100.8 -100.8 -100.8 -100.8 -100.8 -100.8 -100.8 -100.8",0.073,82,0,212,114,"-8e+01 -8e+01 -8e+01","1 0 0","0.073 0.048 0.023",3,3,0.01,0.00,0,0,3,0
5.200,6,1.000,1.000,0.000,3,0,-78.473,"-76.6 -81.5 -77.3","1.000 1.000 1.000",-93.966,-100.820,"-100.8 -100.8 -100.8 -100.8 -100.8 -100.8 -100.8 -100.8",0.073,84,0,219,118,"-8e+01 -8e+01 -8e+01","1 0 0","0.073 0.048 0.023",3,3,0.01,0.00,0,0,3,0
5.300,6,1.000,1.000,0.000,3,0,-78.473,"-76.6 -81.5 -77.3","1.000 1.000 1.000",-93.966,-100.820,"-100.8 -100.8 -100.8 -100.8 -100.8 -100.8 -100.8 -100.8",0.073,86,0,226,122,"-8e+01 -8e+01 -8e+01","1 0 0","0.073 0.048 0.023",3,3,0.01,0.00,0,0,3,0
5.400,6,1.000,1.000,0.000,3,0,-78.473,"-76.6 -81.5 -77.3","1.000 1.000 1.000",-93.966,-100.820,"-100.8 -100.8 -100.8 -100.8 -100.8 -100.8 -100.8 -100.8",0.073,88,0,235,126,"-8e+01 -8e+01 -8e+01","1 0 0","0.073 0.048 0.023",3,3,0.01,0.00,0,0,3,0
5.500,6,1.000,1.000,0.000,3,0,-78.473,"-76.6 -81.5 -77.3","1.000 1.000 1.000",-93.966,-100.820,"-100.8 -100.8 -100.8 -100.8 -100.8 -100.8 -100.8 -100.8",0.073,90,0,242,130,"-8e+01 -8e+01 -8e+01","1 0 0","0.073 0.048 0.023",3,3,0.01,0.00,0,0,3,0
5.600,6,1.000,1.000,0.000,3,0,-78.473,"-76.6 -81.5 -77.3","1.000 1.000 1.000",-93.966,-100.820,"-100.8 -100.8 -100.8 -100.8 -100.8 -100.8 -100.8 -100.8",0.073,92,0,251,134,"-8e+01 -8e+01 -8e+01","1 0 0","0.073 0.048 0.023",3,3,0.01,0.00,0,0,3,0
5.700,6,1.000,1.000,0.000,3,0,-78.473,"-76.6 -81.5 -77.3","1.000 1.000 1.000",-93.966,-100.820,"-100.8 -100.8 -100.8 -100.8 -100.8 -100.8 -100.8 -100.8",0.073,94,0,258,138,"-8e+01 -8e+01 -8e+01","1 0 0","0.073 0.048 0.023",3,3,0.01,0.00,0,0,3,0
5.800,6,1.000,1.000,0.000,3,0,-78.473,"-76.6 -81.5 -77.3","1.000 1.000 1.000",-93.966,-100.820,"-100.8 -100.8 -100.8 -100.8 -100.8 -100.8 -100.8 -100.8",0.073,96,0,267,142,"-8e+01 -8e+01 -8e+01","1 0 0","0.073 0.048 0.023",3,3,0.01,0.00,0,0,3,0
5.900,6,1.000,1.000,0.000,3,0,-78.473,"-76.6 -81.5 -77.3","1.000 1.000 1.000",-93.966,-100.820,"-100.8 -100.8 -100.8 -100.8 -100.8 -100.8 -100.8 -100.8",0.073,98,0,274,146,"-8e+01 -8e+01 -8e+01","1 0 0","0.073 0.048 0.023",3,3,0.02,0.00,0,0,3,0
6.000,6,1.000,1.000,0.000,3,0,-78.473,"-76.6 -81.5 -77.3","1.000 1.000 1.000",-93.966,-100.820,"-100.8 -100.8 -100.8 -100.8 -100.8 -100.8 -100.8 -100.8",0.073,100,0,283,150,"-8e+01 -8e+01 -8e+01","1 0 0","0.073 0.048 0.023",3,3,0.00,0.00,0,0,3,0
6.100,6,1.000,1.000,0.000,3,0,-78.473,"-76.6 -81.5 -77.3","1.000 1.000 1.000",-93.966,-100.820,"-100.8 -100.8 -100.8 -100.8 -100.8 -100.8 -100.8 -100.8",0.073,102,0,291,154,"-8e+01 -8e+01 -8e+01","1 0 0","0.073 0.048 0.023",3,3,0.01,0.00,0,0,3,0
6.200,6,1.000,1.000,0.000,3,0,-78.473,"-76.6 -81.5 -77.3","1.000 1.000 1.000",-93.966,-100.820,"-100.8 -100.8 -100.8 -100.8 -100.8 -100.8 -100.8 -100.8",0.073,104,0,300,159,"-8e+01 -8e+01 -8e+01","1 0 0","0.073 0.048 0.023",3,3,0.24,0.00,0,0,3,0
6.300,6,1.000,1.000,0.000,3,0,-78.473,"-76.6 -81.5 -77.3","1.000 1.000 1.000",-93.966,-100.820,"-100.8 -100.8 -100.8 -100.8 -100.8 -100.8 -100.8 -100.8",0.073,106,0,308,163,"-8e+01 -8e+01 -8e+01","1 0 0","0.073 0.048 0.023",3,3,0.00,0.00,0,0,3,0
6.400,6,1.000,1.000,0.000,3,0,-78.353,"-76.3 -81.5 -77.3","1.000 1.000 1.000",-93.966,-100.820,"-100.8 -100.8 -100.8 -100.8 -100.8 -100.8 -100.8 -100.8",0.073,108,0,317,167,"-8e+01 -8e+01 -8e+01","1 0 0","0.073 0.048 0.023",4,4,0.01,0.00,0,0,3,0
6.500,6,1.000,1.000,0.000,3,0,-78.473,"-76.6 -81.5 -77.3","1.000 1.000 1.000",-93.966,-100.820,"-100.8 -100.8 -100.8 -100.8 -100.8 -100.8 -100.8 -100.8",0.073,110,0,325,172,"-8e+01 -8e+01 -8e+01","1 0 0","0.073 0.048 0.023",3,3,0.01,0.00,0,0,3,0
6.600,6,1.000,1.000,0.000,3,0,-78.353,"-76.3 -81.5 -77.3","1.000 1.000 1.000",-93.966,-100.820,"-100.8 -100.8 -100.8 -100.8 -100.8 -100.8 -100.8 -100.8",0.073,112,0,334,176,"-8e+01 -8e+01 -8e+01","1 0 0","0.073 0.048 0.023",3,3,0.01,0.00,0,0,3,0
6.700,6,1.000,1.000,0.000,3,0,-78.473,"-76.6 -81.5 -77.3","1.000 1.000 1.000",-93.966,-100.820,"-100.8 -100.8 -100.8 -100.8 -100.8 -100.8 -100.8 -100.8",0.073,114,0,341,180,"-8e+01 -8e+01 -8e+01","1 0 0","0.073 0.048 0.023",3,3,0.01,0.00,0,0,3,0
6.800,6,1.000,1.000,0.000,3,0,-78.353,"-76.3 -81.5 -77.3","1.000 1.000 1.000",-93.966,-100.820,"-100.8 -100.8 -100.8 -100.8 -100.8 -100.8 -100.8 -100.8",0.073,116,0,350,184,"-8e+01 -8e+01 -8e+01","1 0 0","0.073 0.048 0.023",3,3,0.01,0.00,0,0,3,0
6.900,6,1.000,1.000,0.000,3,0,-78.473,"-76.6 -81.5 -77.3","1.000 1.000 1.000",-93.966,-100.820,"-100.8 -100.8 -100.8 -100.8 -100.8 -100.8 -100.8 -100.8",0.073,118,0,357,188,"-8e+01 -8e+01 -8e+01","1 0 0","0.073 0.048 0.023",3,3,0.01,0.00,0,0,3,0
7.000,6,1.000,1.000,0.000,3,0,-78.353,"-76.3 -81.5 -77.3","1.000 1.000 1.000",-93.966,-100.820,"-100.8 -100.8 -100.8 -100.8 -100.8 -100.8 -100.8 -100.8",0.073,120,0,366,192,"-8e+01 -8e+01 -8e+01","1 0 0","0.073 0.048 0.023",3,3,0.01,0.00,0,0,3,0
7.100,6,1.000,1.000,0.000,3,0,-78.473,"-76.6 -81.5 -77.3","1.000 1.000 1.000",-93.966,-100.820,"-100.8 -100.8 -100.8 -100.8 -100.8 -100.8 -100.8 -100.8",0.073,122,0,373,196,"-8e+01 -8e+01 -8e+01","1 0 0","0.073 0.048 0.023",3,3,0.01,0.00,0,0,3,0
7.200,6,1.000,1.000,0.000,3,0,-78.353,"-76.3 -81.5 -77.3","1.000 1.000 1.000",-93.966,-100.820,"-100.8 -100.8 -100.8 -100.8 -100.8 -100.8 -100.8 -100.8",0.073,124,0,382,200,"-8e+01 -8e+01 -8e+01","1 0 0","0.073 0.048 0.023",3,3,0.01,0.00,0,0,3,0
7.300,6,1.000,1.000,0.000,3,0,-78.473,"-76.6 -81.5 -77.3","1.000 1.000 1.000",-93.966,-100.820,"-100.8 -100.8 -100.8 -100.8 -100.8 -100.8 -100.8 -100.8",0.073,126,0,389,204,"-8e+01 -8e+01 -8e+01","1 0 0","0.073 0.048 0.023",3,3,0.01,0.00,0,0,3,0
7.400,6,1.000,1.000,0.000,3,0,-78.353,"-76.3 -81.5 -77.3","1.000 1.000 1.000",-93.966,-100.820,"-100.8 -100.8 -100.8 -100.8 -100.8 -100.8 -100.8 -100.8",0.073,128,0,398,208,"-8e+01 -8e+01 -8e+01","1 0 0","0.073 0.048 0.023",3,3,0.01,0.00,0,0,3,0
7.500,6,1.000,1.000,0.000,3,0,-78.473,"-76.6 -81.5 -77.3","1.000 1.000 1.000",-93.966,-100.820,"-100.8 -100.8 -100.8 -100.8 -100.8 -100.8 -100.8 -100.8",0.073,130,0,405,212,"-8e+01 -8e+01 -8e+01","1 0 0","0.073 0.048 0.023",3,3,0.01,0.00,0,0,3,0
7.600,6,1.000,1.000,0.000,3,0,-78.353,"-76.3 -81.5 -77.3","1.000 1.000 1.000",-93.966,-100.820,"-100.8 -100.8 -100.8 -100.8 -100.8 -100.8 -100.8 -100.8",0.073,132,0,414,216,"-8e+01 -8e+01 -8e+01","1 0 0","0.073 0.048 0.023",3,3,0.01,0.00,0,0,3,0
7.700,6,1.000,1.000,0.000,3,0,-78.473,"-76.6 -81.5 -77.3","1.000 1.000 1.000",-93.966,-100.820,"-100.8 -100.8 -100.8 -100.8 -100.8 -100.8 -100.8 -100.8",0.073,134,0,421,220,"-8e+01 -8e+01 -8e+01","1 0 0","0.073 0.048 0.023",3,3,0.01,0.00,0,0,3,0
7.800,6,1.000,1.000,0.000,3,0,-78.353,"-76.3 -81.5 -77.3","1.000 1.000 1.000",-93.966,-100.820,"-100.8 -100.8 -100.8 -100.8 -100.8 -100.8 -100.8 -100.8",0.073,136,0,430,224,"-8e+01 -8e+01 -8e+01","1 0 0","0.073 0.048 0.023",3,3,0.01,0.00,0,0,3,0
7.900,6,1.000,1.000,0.000,3,0,-78.473,"-76.6 -81.5 -77.3","1.000 1.000 1.000",-93.966,-100.820,"-100.8 -100.8 -100.8 -100.8 -100.8 -100.8 -100.8 -100.8",0.073,138,0,437,228,"-8e+01 -8e+01 -8e+01","1 0 0","0.073 0.048 0.023",3,3,0.01,0.00,0,0,3,0
8.000,6,1.000,1.000,0.000,3,0,-78.353,"-76.3 -81.5 -77.3","1.000 1.000 1.000",-93.966,-100.820,"-100.8 -100.8 -100.8 -100.8 -100.8 -100.8 -100.8 -100.8",0.073,140,0,446,232,"-8e+01 -8e+01 -8e+01","1 0 0","0.073 0.048 0.023",3,3,0.01,0.00,0,0,3,0
8.100,6,1.000,1.000,0.000,3,0,-78.473,"-76.6 -81.5 -77.3","1.000 1.000 1.000",-93.966,-100.820,"-100.8 -100.8 -100.8 -100.8 -100.8 -100.8 -100.8 -100.8",0.073,142,0,454,237,"-8e+01 -8e+01 -8e+01","1 0 0","0.073 0.048 0.023",3,3,0.01,0.00,0,0,3,0
8.200,6,1.000,1.000,0.000,3,0,-78.353,"-76.3 -81.5 -77.3","1.000 1.000 1.000",-93.966,-100.820,"-100.8 -100.8 -100.8 -100.8 -100.8 -100.8 -100.8 -100.8",0.073,144,0,463,241,"-8e+01 -8e+01 -8e+01","1 0 0","0.073 0.048 0.023",4,4,0.00,0.00,0,0,3,0
8.300,6,1.000,1.000,0.000,3,0,-78.473,"-76.6 -81.5 -77.3","1.000 1.000 1.000",-93.966,-100.820,"-100.8 -100.8 -100.8 -100.8 -100.8 -100.8 -100.8 -100.8",0.073,146,0,470,246,"-8e+01 -8e+01 -8e+01","1 0 0","0.073 0.048 0.023",3,3,0.01,0.00,0,0,3,0
8.400,6,1.000,1.000,0.000,3,0,-78.353,"-76.3 -81.5 -77.3","1.000 1.000 1.000",-93.966,-100.820,"-100.8 -100.8 -100.8 -100.8 -100.8 -100.8 -100.8 -100.8",0.073,148,0,479,251,"-8e+01 -8e+01 -8e+01","1 0 0","0.073 0.048 0.023",3,3,0.02,0.00,0,0,3,0
8.500,6,1.000,1.000,0.000,3,0,-78.473,"-76.6 -81.5 -77.3","1.000 1.000 1.000",-93.966,-100.820,"-100.8 -100.8 -100.8 -100.8 -100.8 -100.8 -100.8 -100.8",0.073,150,0,486,255,"-8e+01 -8e+01 -8e+01","1 0 0","0.073 0.048 0.023",3,3,0.00,0.00,0,0,3,0
8.600,6,1.000,1.000,0.000,3,0,-78.353,"-76.3 -81.5 -77.3","1.000 1.000 1.000",-93.966,-100.820,"-100.8 -100.8 -100.8 -100.8 -100.8 -100.8 -100.8 -100.8",0.073,152,0,496,259,"-8e+01 -8e+01 -8e+01","1 0 0","0.073 0.048 0.023",3,3,0.51,0.00,0,0,3,0
8.700,6,1.000,1.000,0.000,3,0,-78.473,"-76.6 -81.5 -77.3","1.000 1.000 1.000",-93.966,-100.820,"-100.8 -100.8 -100.8 -100.8 -100.8 -100.8 -100.8 -100.8",0.073,154,0,503,263,"-8e+01 -8e+01 -8e+01","1 0 0","0.073 0.048 0.023",3,3,0.02,0.00,0,0,3,0
8.800,6,1.000,1.000,0.000,3,0,-78.353,"-76.3 -81.5 -77.3","1.000 1.000 1.000",-93.966,-100.820,"-100.8 -100.8 -100.8 -100.8 -100.8 -100.8 -100.8 -100.8",0.073,156,0,512,267,"-8e+01 -8e+01 -8e+01","1 0 0","0.073 0.048 0.023",3,3,0.01,0.00,0,0,3,0
8.900,6,1.000,1.000,0.000,3,0,-78.473,"-76.6 -81.5 -77.3","1.000 1.000 1.000",-93.966,-100.820,"-100.8 -100.8 -100.8 -100.8 -100.8 -100.8 -100.8 -100.8",0.073,158,0,519,271,"-8e+01 -8e+01 -8e+01","1 0 0","0.073 0.048 0.023",3,3,0.01,0.00,0,0,3,0
9.000,6,1.000,1.000,0.000,3,0,-78.353,"-76.3 -81.5 -77.3","1.000 1.000 1.000",-93.966,-100.820,"-100.8 -100.8 -100.8 -100.8 -100.8 -100.8 -100.8 -100.8",0.073,160,0,528,275,"-8e+01 -8e+01 -8e+01","1 0 0","0.073 0.048 0.023",3,3,0.02,0.00,0,0,3,0
9.100,6,1.000,1.000,0.000,3,0,-78.473,"-76.6 -81.5 -77.3","1.000 1.000 1.000",-93.966,-100.820,"-100.8 -100.8 -100.8 -100.8 -100.8 -100.8 -100.8 -100.8",0.073,162,0,535,279,"-8e+01 -8e+01 -8e+01","1 0 0","0.073 0.048 0.023",3,3,0.00,0.00,0,0,3,0
9.200,6,1.000,1.000,0.000,3,0,-78.353,"-76.3 -81.5 -77.3","1.000 1.000 1.000",-93.966,-100.820,"-100.8 -100.8 -100.8 -100.8 -100.8 -100.8 -100.8 -100.8",0.073,164,0,544,283,"-8e+01 -8e+01 -8e+01","1 0 0","0.073 0.048 0.023",3,3,0.01,0.00,0,0,3,0
9.300,6,1.000,1.000,0.000,3,0,-78.473,"-76.6 -81.5 -77.3","1.000 1.000 1.000",-93.966,-100.820,"-100.8 -100.8 -100.8 -100.8 -100.8 -100.8 -100.8 -100.8",0.073,166,0,551,287,"-8e+01 -8e+01 -8e+01","1 0 0","0.073 0.048 0.023",3,3,0.02,0.00,0,0,3,0
9.400,6,1.000,1.000,0.000,3,0,-78.353,"-76.3 -81.5 -77.3","1.000 1.000 1.000",-93.966,-100.820,"-100.8 -100.8 -100.8 -100.8 -100.8 -100.8 -100.8 -100.8",0.073,168,0,560,291,"-8e+01 -8e+01 -8e+01","1 0 0","0.073 0.048 0.023",3,3,0.00,0.00,0,0,3,0
9.500,6,1.000,1.000,0.000,3,0,-78.473,"-76.6 -81.5 -77.3","1.000 1.000 1.000",-93.966,-100.820,"-100.8 -100.8 -100.8 -100.8 -100.8 -100.8 -100.8 -100.8",0.073,170,0,567,295,"-8e+01 -8e+01 -8e+01","1 0 0","0.073 0.048 0.023",3,3,0.01,0.00,0,0,3,0
9.600,6,1.000,1.000,0.000,3,0,-78.473,"-76.6 -81.5 -77.3","1.000 1.000 1.000",-93.966,-100.820,"-100.8 -100.8 -100.8 -100.8 -100.8 -100.8 -100.8 -100.8",0.073,172,0,574,299,"-8e+01 -8e+01 -8e+01","1 0 0","0.073 0.048 0.023",3,3,0.02,0.00,0,0,3,0
9.700,6,1.000,1.000,0.000,3,0,-78.473,"-76.6 -81.5 -77.3","1.000 1.000 1.000",-93.966,-100.820,"-100.8 -100.8 -100.8 -100.8 -100.8 -100.8 -100.8 -100.8",0.073,174,0,583,303,"-8e+01 -8e+01 -8e+01","1 0 0","0.073 0.048 0.023",3,3,0.00,0.00,0,0,3,0
9.800,6,1.000,1.000,0.000,3,0,-78.473,"-76.6 -81.5 -77.3","1.000 1.000 1.000",-93.966,-100.820,"-100.8 -100.8 -100.8 -100.8 -100.8 -100.8 -100.8 -100.8",0.073,176,0,590,307,"-8e+01 -8e+01 -8e+01","1 0 0","0.073 0.048 0.023",3,3,0.01,0.00,0,0,3,0
9.900,6,1.000,1.000,0.000,3,0,-78.473,"-76.6 -81.5 -77.3","1.000 1.000 1.000",-93.966,-100.820,"-100.8 -100.8 -100.8 -100.8 -100.8 -100.8 -100.8 -100.8",0.073,178,0,599,311,"-8e+01 -8e+01 -8e+01","1 0 0","0.073 0.048 0.023",3,3,0.01,0.00,0,0,3,0
10.000,6,1.000,1.000,0.000,3,0,-78.473,"-76.6 -81.5 -77.3","1.000 1.000 1.000",-93.966,-100.820,"-100.8 -100.8 -100.8 -100.8 -100.8 -100.8 -100.8 -100.8",0.073,180,0,606,315,"-8e+01 -8e+01 -8e+01","1 0 0","0.073 0.048 0.023",3,3,0.01,0.00,0,0,3,0
10.100,6,1.000,1.000,0.000,3,0,-78.473,"-76.6 -81.5 -77.3","1.000 1.000 1.000",-93.966,-100.820,"-100.8 -100.8 -100.8 -100.8 -100.8 -100.8 -100.8 -100.8",0.073,182,0,616,319,"-8e+01 -8e+01 -8e+01","1 0 0","0.073 0.048 0.023",3,3,0.01,0.00,0,0,3,0
10.200,6,1.000,1.000,0.000,3,0,-78.473,"-76.6 -81.5 -77.3","1.000 1.000 1.000",-93.966,-100.820,"-100.8 -100.8 -100.8 -100.8 -100.8 -100.8 -100.8 -100.8",0.073,184,0,625,323,"-8e+01 -8e+01 -8e+01","1 0 0","0.073 0.048 0.023",3,3,0.01,0.00,0,0,3,0
10.300,6,1.000,1.000,0.000,3,0,-78.473,"-76.6 -81.5 -77.3","1.000 1.000 1.000",-93.966,-100.820,"-100.8 -100.8 -100.8 -100.8 -100.8 -100.8 -100.8 -100.8",0.073,186,0,634,328,"-8e+01 -8e+01 -8e+01","1 0 0","0.073 0.048 0.023",3,3,0.01,0.00,0,0,3,0
10.400,6,1.000,1.000,0.000,3,0,-78.473,"-76.6 -81.5 -77.3","1.000 1.000 1.000",-93.966,-100.820,"-100.8 -100.8 -100.8 -100.8 -100.8 -100.8 -100.8 -100.8",0.073,188,0,641,333,"-8e+01 -8e+01 -8e+01","1 0 0","0.073 0.048 0.023",4,4,0.01,0.00,0,0,3,0
10.500,6,1.000,1.000,0.000,3,0,-78.473,"-76.6 -81.5 -77.3","1.000 1.000 1.000",-93.966,-100.820,"-100.8 -100.8 -100.8 -100.8 -100.8 -100.8 -100.8 -100.8",0.073,190,0,650,337,"-8e+01 -8e+01 -8e+01","1 0 0","0.073 0.048 0.023",3,3,0.01,0.00,0,0,3,0
10.600,6,1.000,1.000,0.000,3,0,-78.473,"-76.6 -81.5 -77.3","1.000 1.000 1.000",-93.966,-100.820,"-100.8 -100.8 -100.8 -100.8 -100.8 -100.8 -100.8 -100.8",0.073,192,0,658,341,"-8e+01 -8e+01 -8e+01","1 0 0","0.073 0.048 0.023",3,3,0.01,0.00,0,0,3,0
10.700,6,1.000,1.000,0.000,3,0,-78.353,"-76.3 -81.5 -77.3","1.000 1.000 1.000",-93.966,-100.820,"-100.8 -100.8 -100.8 -100.8 -100.8 -100.8 -100.8 -100.8",0.073,194,0,668,345,"-8e+01 -8e+01 -8e+01","1 0 0","0.073 0.048 0.023",3,3,0.01,0.00,0,0,3,0
10.800,6,1.000,1.000,0.000,3,0,-78.473,"-76.6 -81.5 -77.3","1.000 1.000 1.000",-93.966,-100.820,"-100.8 -100.8 -100.8 -100.8 -100.8 -100.8 -100.8 -100.8",0.073,196,0,675,349,"-8e+01 -8e+01 -8e+01","1 0 0","0.073 0.048 0.023",3,3,0.01,0.00,0,0,3,0
10.900,6,1.000,1.000,0.000,3,0,-78.353,"-76.3 -81.5 -77.3","1.000 1.000 1.000",-93.966,-100.820,"-100.8 -100.8 -100.8 -100.8 -100.8 -100.8 -100.8 -100.8",0.073,198,0,684,353,"-8e+01 -8e+01 -8e+01","1 0 0","0.073 0.048 0.023",3,3,0.01,0.00,0,0,3,0
11.000,6,1.000,1.000,0.000,3,0,-78.473,"-76.6 -81.5 -77.3","1.000 1.000 1.000",-93.966,-100.820,"-100.8 -100.8 -100.8 -100.8 -100.8 -100.8 -100.8 -100.8",0.073,200,0,691,357,"-8e+01 -8e+01 -8e+01","1 0 0","0.073 0.048 0.023",3,3,0.01,0.00,0,0,3,0
11.100,6,1.000,1.000,0.000,3,0,-78.353,"-76.3 -81.5 -77.3","1.000 1.000 1.000",-93.966,-100.820,"-100.8 -100.8 -100.8 -100.8 -100.8 -100.8 -100.8 -100.8",0.073,202,0,700,361,"-8e+01 -8e+01 -8e+01","1 0 0","0.073 0.048 0.023",3,3,0.01,0.00,0,0,3,0
11.200,6,1.000,1.000,0.000,3,0,-78.473,"-76.6 -81.5 -77.3","1.000 1.000 1.000",-93.966,-100.820,"-100.8 -100.8 -100.8 -100.8 -100.8 -100.8 -100.8 -100.8",0.073,204,0,707,365,"-8e+01 -8e+01 -8e+01","1 0 0","0.073 0.048 0.023",3,3,0.01,0.00,0,0,3,0
11.300,6,1.000,1.000,0.000,3,0,-78.353,"-76.3 -81.5 -77.3","1.000 1.000 1.000",-93.966,-100.820,"-100.8 -100.8 -100.8 -100.8 -100.8 -100.8 -100.8 -100.8",0.073,206,0,716,369,"-8e+01 -8e+01 -8e+01","1 0 0","0.073 0.048 0.023",3,3,0.01,0.00,0,0,3,0
11.400,6,1.000,1.000,0.000,3,0,-78.473,"-76.6 -81.5 -77.3","1.000 1.000 1.000",-93.966,-100.820,"-100.8 -100.8 -100.8 -100.8 -100.8 -100.8 -100.8 -100.8",0.073,208,0,723,373,"-8e+01 -8e+01 -8e+01","1 0 0","0.073 0.048 0.023",3,3,0.01,0.00,0,0,3,0
11.500,6,1.000,1.000,0.000,3,0,-78.353,"-76.3 -81.5 -77.3","1.000 1.000 1.000",-93.966,-100.820,"-100.8 -100.8 -100.8 -100.8 -100.8 -100.8 -100.8 -100.8",0.073,210,0,732,377,"-8e+01 -8e+01 -8e+01","1 0 0","0.073 0.048 0.023",3,3,0.01,0.00,0,0,3,0
11.600,6,1.000,1.000,0.000,3,0,-78.473,"-76.6 -81.5 -77.3","1.000 1.000 1.000",-93.966,-100.820,"-100.8 -100.8 -100.8 -100.8 -100.8 -100.8 -100.8 -100.8",0.073,212,0,739,381,"-8e+01 -8e+01 -8e+01","1 0 0","0.073 0.048 0.023",3,3,0.01,0.00,0,0,3,0
11.700,6,1.000,1.000,0.000,3,0,-78.353,"-76.3 -81.5 -77.3","1.000 1.000 1.000",-93.966,-100.820,"-100.8 -100.8 -100.8 -100.8 -100.8 -100.8 -100.8 -100.8",0.073,214,0,748,385,"-8e+01 -8e+01 -8e+01","1 0 0","0.073 0.048 0.023",3,3,0.01,0.00,0,0,3,0
11.800,6,1.000,1.000,0.000,3,0,-78.473,"-76.6 -81.5 -77.3","1.000 1.000 1.000",-93.966,-100.820,"-100.8 -100.8 -100.8 -100.8 -100.8 -100.8 -100.8 -100.8",0.073,216,0,755,389,"-8e+01 -8e+01 -8e+01","1 0 0","0.073 0.048 0.023",3,3,0.01,0.00,0,0,3,0
11.900,6,1.000,1.000,0.000,3,0,-78.353,"-76.3 -81.5 -77.3","1.000 1.000 1.000",-93.966,-100.820,"-100.8 -100.8 -100.8 -100.8 -100.8 -100.8 -100.8 -100.8",0.073,218,0,764,393,"-8e+01 -8e+01 -8e+01","1 0 0","0.073 0.048 0.023",3,3,0.00,0.00,0,0,3,0
12.000,6,1.000,1.000,0.000,3,0,-78.473,"-76.6 -81.5 -77.3","1.000 1.000 1.000",-93.966,-100.820,"-100.8 -100.8 -100.8 -100.8 -100.8 -100.8 -100.8 -100.8",0.073,220,0,771,397,"-8e+01 -8e+01 -8e+01","1 0 0","0.073 0.048 0.023",3,3,0.01,0.00,0,0,3,0
12.100,6,1.000,1.000,0.000,3,0,-78.353,"-76.3 -81.5 -77.3","1.000 1.000 1.000",-93.966,-100.820,"-100.8 -100.8 -100.8 -100.8 -100.8 -100.8 -100.8 -100.8",0.073,222,0,781,401,"-8e+01 -8e+01 -8e+01","1 0 0","0.073 0.048 0.023",3,3,0.01,0.00,0,0,3,0
12.200,6,1.000,1.000,0.000,3,0,-78.473,"-76.6 -81.5 -77.3","1.000 1.000 1.000",-93.966,-100.820,"-100.8 -100.8 -100.8 -100.8 -100.8 -100.8 -100.8 -100.8",0.073,224,0,788,405,"-8e+01 -8e+01 -8e+01","1 0 0","0.073 0.048 0.023",3,3,0.01,0.00,0,0,3,0
12.300,6,1.000,1.000,0.000,3,0,-78.353,"-76.3 -81.5 -77.3","1.000 1.000 1.000",-93.966,-100.820,"-100.8 -100.8 -100.8 -100.8 -100.8 -100.8 -100.8 -100.8",0.073,226,0,798,410,"-8e+01 -8e+01 -8e+01","1 0 0","0.073 0.048 0.023",3,3,0.01,0.00,0,0,3,0
12.400,6,0.970,0.909,0.043,3,0,-78.353,"-76.6 -81.2 -77.3","1.000 0.909 1.000",-93.966,-100.820,"-100.8 -100.8 -100.8 -100.8 -100.8 -100.8 -100.8 -100.8",0.148,228,0,805,416,"-8e+01 -8e+01 -8e+01","1 0 0","0.073 0.15 0.023",4,4,0.00,0.00,0,0,2,0
12.500,6,0.970,0.909,0.043,3,0,-78.353,"-76.3 -81.5 -77.3","1.000 0.909 1.000",-93.966,-100.820,"-100.8 -100.8 -100.8 -100.8 -100.8 -100.8 -100.8 -100.8",0.073,230,0,814,420,"-8e+01 -8e+01 -8e+01","1 0 0","0.073 0.048 0.023",3,3,0.01,0.00,1,1,3,0
12.600,6,0.970,0.909,0.043,3,0,-78.473,"-76.6 -81.5 -77.3","1.000 0.909 1.000",-93.966,-100.820,"-100.8 -100.8 -100.8 -100.8 -100.8 -100.8 -100.8 -100.8",0.073,232,0,821,424,"-8e+01 -8e+01 -8e+01","1 0 0","0.073 0.048 0.023",3,3,0.01,0.00,0,0,3,0
12.700,6,0.970,0.909,0.043,3,0,-78.353,"-76.3 -81.5 -77.3","1.000 0.909 1.000",-93.966,-100.820,"-100.8 -100.8 -100.8 -100.8 -100.8 -100.8 -100.8 -100.8",0.073,234,0,830,428,"-8e+01 -8e+01 -8e+01","1 0 0","0.073 0.048 0.023",3,3,0.01,0.00,0,0,3,0
12.800,6,0.970,0.909,0.043,3,0,-78.473,"-76.6 -81.5 -77.3","1.000 0.909 1.000",-93.966,-100.820,"-100.8 -100.8 -100.8 -100.8 -100.8 -100.8 -100.8 -100.8",0.073,236,0,837,432,"-8e+01 -8e+01 -8e+01","1 0 0","0.073 0.048 0.023",3,3,0.01,0.00,0,0,3,0
12.900,6,0.970,0.909,0.043,3,0,-78.353,"-76.3 -81.5 -77.3","1.000 0.909 1.000",-93.966,-100.820,"-100.8 -100.8 -100.8 -100.8 -100.8 -100.8 -100.8 -100.8",0.073,238,0,846,436,"-8e+01 -8e+01 -8e+01","1 0 0","0.073 0.048 0.023",3,3,0.01,0.00,0,0,3,0
13.000,6,0.970,0.909,0.043,3,0,-78.473,"-76.6 -81.5 -77.3","1.000 0.909 1.000",-93.966,-100.820,"-100.8 -100.8 -100.8 -100.8 -100.8 -100.8 -100.8 -100.8",0.073,240,0,853,440,"-8e+01 -8e+01 -8e+01","1 0 0","0.073 0.048 0.023",3,3,0.01,0.00,0,0,3,0
13.100,6,0.970,0.909,0.043,3,0,-78.353,"-76.3 -81.5 -77.3","1.000 0.909 1.000",-93.966,-100.820,"-100.8 -100.8 -100.8 -100.8 -100.8 -100.8 -100.8 -100.8",0.073,242,0,862,444,"-8e+01 -8e+01 -8e+01","1 0 0","0.073 0.048 0.023",3,3,0.01,0.00,0,0,3,0
13.200,6,0.970,0.909,0.043,3,0,-78.473,"-76.6 -81.5 -77.3","1.000 0.909 1.000",-93.966,-100.820,"-100.8 -100.8 -100.8 -100.8 -100.8 -100.8 -100.8 -100.8",0.073,244,0,869,448,"-8e+01 -8e+01 -8e+01","1 0 0","0.073 0.048 0.023",3,3,0.01,0.00,0,0,3,0
13.300,6,0.970,0.909,0.043,3,0,-78.353,"-76.3 -81.5 -77.3","1.000 0.909 1.000",-93.966,-100.820,"-100.8 -100.8 -100.8 -100.8 -100.8 -100.8 -100.8 -100.8",0.073,246,0,878,452,"-8e+01 -8e+01 -8e+01","1 0 0","0.073 0.048 0.023",3,3,0.01,0.00,0,0,3,0
13.400,6,0.970,0.909,0.043,3,0,-78.473,"-76.6 -81.5 -77.3","1.000 0.909 1.000",-93.966,-100.820,"-100.8 -100.8 -100.8 -100.8 -100.8 -100.8 -100.8 -100.8",0.073,248,0,885,456,"-8e+01 -8e+01 -8e+01","1 0 0","0.073 0.048 0.023",3,3,0.01,0.00,0,0,3,0
13.500,6,1.000,1.000,0.000,3,0,-78.353,"-76.3 -81.5 -77.3","1.000 1.000 1.000",-93.966,-100.820,"-100.8 -100.8 -100.8 -100.8 -100.8 -100.8 -100.8 -100.8",0.073,250,0,894,460,"-8e+01 -8e+01 -8e+01","1 0 0","0.073 0.048 0.023",3,3,0.01,0.00,0,0,3,0
13.600,6,1.000,1.000,0.000,3,0,-78.473,"-76.6 -81.5 -77.3","1.000 1.000 1.000",-93.966,-100.820,"-100.8 -100.8 -100.8 -100.8 -100.8 -100.8 -100.8 -100.8",0.073,252,0,901,464,"-8e+01 -8e+01 -8e+01","1 0 0","0.073 0.048 0.023",3,3,0.01,0.00,0,0,3,0
13.700,6,1.000,1.000,0.000,3,0,-78.353,"-76.3 -81.5 -77.3","1.000 1.000 1.000",-93.966,-100.820,"-100.8 -100.8 -100.8 -100.8 -100.8 -100.8 -100.8 -100.8",0.073,254,0,910,468,"-8e+01 -8e+01 -8e+01","1 0 0","0.073 0.048 0.023",3,3,0.01,0.00,0,0,3,0
13.800,6,1.000,1.000,0.000,3,0,-78.473,"-76.6 -81.5 -77.3","1.000 1.000 1.000",-93.966,-100.820,"-100.8 -100.8 -100.8 -100.8 -100.8 -100.8 -100.8 -100.8",0.073,256,0,917,472,"-8e+01 -8e+01 -8e+01","1 0 0","0.073 0.048 0.023",3,3,0.01,0.00,0,0,3,0
13.900,6,1.000,1.000,0.000,3,0,-78.473,"-76.6 -81.5 -77.3","1.000 1.000 1.000",-93.966,-100.820,"-100.8 -100.8 -100.8 -100.8 -100.8 -100.8 -100.8 -100.8",0.073,258,0,924,476,"-8e+01 -8e+01 -8e+01","1 0 0","0.073 0.048 0.023",3,3,0.01,0.00,0,0,3,0
14.000,6,1.000,1.000,0.000,3,0,-78.473,"-76.6 -81.5 -77.3","1.000 1.000 1.000",-93.966,-100.820,"-100.8 -100.8 -100.8 -100.8 -100.8 -100.8 -100.8 -100.8",0.073,260,0,933,480,"-8e+01 -8e+01 -8e+01","1 0 0","0.073 0.048 0.023",3,3,0.01,0.00,0,0,3,0
14.100,6,1.000,1.000,0.000,3,0,-78.473,"-76.6 -81.5 -77.3","1.000 1.000 1.000",-93.966,-100.820,"-100.8 -100.8 -100.8 -100.8 -100.8 -100.8 -100.8 -100.8",0.073,262,0,941,484,"-8e+01 -8e+01 -8e+01","1 0 0","0.073 0.048 0.023",3,3,0.02,0.00,0,0,3,0
14.200,6,1.000,1.000,0.000,3,0,-78.473,"-76.6 -81.5 -77.3","1.000 1.000 1.000",-93.966,-100.820,"-100.8 -100.8 -100.8 -100.8 -100.8 -100.8 -100.8 -100.8",0.073,264,0,950,489,"-8e+01 -8e+01 -8e+01","1 0 0","0.073 0.048 0.023",3,3,0.01,0.00,0,0,3,0
14.300,6,1.000,1.000,0.000,3,0,-78.473,"-76.6 -81.5 -77.3","1.000 1.000 1.000",-93.966,-100.820,"-100.8 -100.8 -100.8 -100.8 -100.8 -100.8 -100.8 -100.8",0.073,266,0,958,494,"-8e+01 -8e+01 -8e+01","1 0 0","0.073 0.048 0.023",3,3,0.01,0.00,0,0,3,0
14.400,6,1.000,1.000,0.000,3,0,-78.473,"-76.6 -81.5 -77.3","1.000 1.000 1.000",-93.966,-100.820,"-100.8 -100.8 -100.8 -100.8 -100.8 -100.8 -100.8 -100.8",0.073,268,0,968,498,"-8e+01 -8e+01 -8e+01","1 0 0","0.073 0.048 0.023",3,3,0.01,0.00,0,0,3,0
14.500,6,1.000,1.000,0.000,3,0,-78.473,"-76.6 -81.5 -77.3","1.000 1.000 1.000",-93.966,-100.820,"-100.8 -100.8 -100.8 -100.8 -100.8 -100.8 -100.8 -100.8",0.073,270,0,975,502,"-8e+01 -8e+01 -8e+01","1 0 0","0.073 0.048 0.023",4,4,0.00,0.00,0,0,3,0
14.600,6,1.000,1.000,0.000,3,0,-78.473,"-76.6 -81.5 -77.3","1.000 1.000 1.000",-93.966,-100.820,"-100.8 -100.8 -100.8 -100.8 -100.8 -100.8 -100.8 -100.8",0.073,272,0,984,506,"-8e+01 -8e+01 -8e+01","1 0 0","0.073 0.048 0.023",3,3,0.01,0.00,0,0,3,0
14.700,6,1.000,1.000,0.000,3,0,-78.473,"-76.6 -81.5 -77.3","1.000 1.000 1.000",-93.966,-100.820,"-100.8 -100.8 -100.8 -100.8 -100.8 -100.8 -100.8 -100.8",0.073,274,0,991,510,"-8e+01 -8e+01 -8e+01","1 0 0","0.073 0.048 0.023",3,3,0.01,0.00,0,0,3,0
14.800,6,1.000,1.000,0.000,3,0,-78.473,"-76.6 -81.5 -77.3","1.000 1.000 1.000",-93.966,-100.820,"-100.8 -100.8 -100.8 -100.8 -100.8 -100.8 -100.8 -100.8",0.073,276,0,1000,514,"-8e+01 -8e+01 -8e+01","1 0 0","0.073 0.048 0.023",3,3,0.01,0.00,0,0,3,0
14.900,6,1.000,1.000,0.000,3,0,-78.473,"-76.6 -81.5 -77.3","1.000 1.000 1.000",-93.966,-100.820,"-100.8 -100.8 -100.8 -100.8 -100.8 -100.8 -100.8 -100.8",0.073,278,0,1007,518,"-8e+01 -8e+01 -8e+01","1 0 0","0.073 0.048 0.023",3,3,0.01,0.00,0,0,3,0
15.000,6,1.000,1.000,0.000,3,0,-78.353,"-76.3 -81.5 -77.3","1.000 1.000 1.000",-93.966,-100.820,"-100.8 -100.8 -100.8 -100.8 -100.8 -100.8 -100.8 -100.8",0.073,280,0,1016,522,"-8e+01 -8e+01 -8e+01","1 0 0","0.073 0.048 0.023",3,3,0.01,0.00,0,0,3,0
15.100,6,1.000,1.000,0.000,3,0,-78.473,"-76.6 -81.5 -77.3","1.000 1.000 1.000",-93.966,-100.820,"-100.8 -100.8 -100.8 -100.8 -100.8 -100.8 -100.8 -100.8",0.073,282,0,1023,526,"-8e+01 -8e+01 -8e+01","1 0 0","0.073 0.048 0.023",3,3,0.00,0.00,0,0,3,0
15.200,6,1.000,1.000,0.000,3,0,-78.353,"-76.3 -81.5 -77.3","1.000 1.000 1.000",-93.966,-100.820,"-100.8 -100.8 -100.8 -100.8 -100.8 -100.8 -100.8 -100.8",0.073,284,0,1033,530,"-8e+01 -8e+01 -8e+01","1 0 0","0.073 0.048 0.023",3,3,0.01,0.00,0,0,3,0
15.300,6,1.000,1.000,0.000,3,0,-78.473,"-76.6 -81.5 -77.3","1.000 1.000 1.000",-93.966,-100.820,"-100.8 -100.8 -100.8 -100.8 -100.8 -100.8 -100.8 -100.8",0.073,286,0,1040,534,"-8e+01 -8e+01 -8e+01","1 0 0","0.073 0.048 0.023",4,4,0.01,0.00,0,0,3,0
15.400,6,1.000,1.000,0.000,3,0,-78.353,"-76.3 -81.5 -77.3","1.000 1.000 1.000",-93.966,-100.820,"-100.8 -100.8 -100.8 -100.8 -100.8 -100.8 -100.8 -100.8",0.073,288,0,1051,538,"-8e+01 -8e+01 -8e+01","1 0 0","0.073 0.048 0.023",3,3,0.01,0.00,0,0,3,0
15.500,6,1.000,1.000,0.000,3,0,-78.473,"-76.6 -81.5 -77.3","1.000 1.000 1.000",-93.966,-100.820,"-100.8 -100.8 -100.8 -100.8 -100.8 -100.8 -100.8 -100.8",0.073,290,0,1059,543,"-8e+01 -8e+01 -8e+01","1 0 0","0.073 0.048 0.023",3,3,0.01,0.00,0,0,3,0
15.600,6,1.000,1.000,0.000,3,0,-78.353,"-76.3 -81.5 -77.3","1.000 1.000 1.000",-93.966,-100.820,"-100.8 -100.8 -100.8 -100.8 -100.8 -100.8 -100.8 -100.8",0.073,292,0,1068,547,"-8e+01 -8e+01 -8e+01","1 0 0","0.073 0.048 0.023",3,3,0.01,0.00,0,0,3,0
15.700,6,1.000,1.000,0.000,3,0,-78.473,"-76.6 -81.5 -77.3","1.000 1.000 1.000",-93.966,-100.820,"-100.8 -100.8 -100.8 -100.8 -100.8 -100.8 -100.8 -100.8",0.073,294,0,1075,551,"-8e+01 -8e+01 -8e+01","1 0 0","0.073 0.048 0.023",3,3,0.01,0.00,0,0,3,0
15.800,6,1.000,1.000,0.000,3,0,-78.353,"-76.3 -81.5 -77.3","1.000 1.000 1.000",-93.966,-100.820,"-100.8 -100.8 -100.8 -100.8 -100.8 -100.8 -100.8 -100.8",0.073,296,0,1084,555,"-8e+01 -8e+01 -8e+01","1 0 0","0.073 0.048 0.023",3,3,0.01,0.00,0,0,3,0
15.900,6,1.000,1.000,0.000,3,0,-78.473,"-76.6 -81.5 -77.3","1.000 1.000 1.000",-93.966,-100.820,"-100.8 -100.8 -100.8 -100.8 -100.8 -100.8 -100.8 -100.8",0.073,298,0,1091,559,"-8e+01 -8e+01 -8e+01","1 0 0","0.073 0.048 0.023",3,3,0.01,0.00,0,0,3,0
16.000,6,1.000,1.000,0.000,3,0,-78.353,"-76.3 -81.5 -77.3","1.000 1.000 1.000",-93.966,-100.820,"-100.8 -100.8 -100.8 -100.8 -100.8 -100.8 -100.8 -100.8",0.073,300,0,1100,563,"-8e+01 -8e+01 -8e+01","1 0 0","0.073 0.048 0.023",3,3,0.01,0.00,0,0,3,0
16.100,6,1.000,1.000,0.000,3,0,-78.473,"-76.6 -81.5 -77.3","1.000 1.000 1.000",-93.966,-100.820,"-100.8 -100.8 -100.8 -100.8 -100.8 -100.8 -100.8 -100.8",0.073,302,0,1107,567,"-8e+01 -8e+01 -8e+01","1 0 0","0.073 0.048 0.023",3,3,0.01,0.00,0,0,3,0
16.200,6,1.000,1.000,0.000,3,0,-78.353,"-76.3 -81.5 -77.3","1.000 1.000 1.000",-93.966,-100.820,"-100.8 -100.8 -100.8 -100.8 -100.8 -100.8 -100.8 -100.8",0.073,304,0,1117,571,"-8e+01 -8e+01 -8e+01","1 0 0","0.073 0.048 0.023",4,4,0.11,0.00,0,0,3,0
16.300,6,1.000,1.000,0.000,3,0,-78.473,"-76.6 -81.5 -77.3","1.000 1.000 1.000",-93.966,-100.820,"-100.8 -100.8 -100.8 -100.8 -100.8 -100.8 -100.8 -100.8",0.073,306,0,1125,577,"-8e+01 -8e+01 -8e+01","1 0 0","0.073 0.048 0.023",3,3,0.01,0.00,0,0,3,0
16.400,6,1.000,1.000,0.000,3,0,-78.353,"-76.3 -81.5 -77.3","1.000 1.000 1.000",-93.966,-100.819,"-100.8 -100.8 -100.8 -100.8 -100.8 -100.8 -100.8 -100.8",0.073,308,0,1134,581,"-8e+01 -8e+01 -8e+01","1 0 0","0.073 0.048 0.023",4,4,0.01,0.00,0,0,3,0
16.500,6,1.000,1.000,0.000,3,0,-78.473,"-76.6 -81.5 -77.3","1.000 1.000 1.000",-93.966,-100.819,"-100.8 -100.8 -100.8 -100.8 -100.8 -100.8 -100.8 -100.8",0.073,310,0,1142,585,"-8e+01 -8e+01 -8e+01","1 0 0","0.073 0.048 0.023",3,3,0.01,0.00,0,0,3,0
16.600,6,1.000,1.000,0.000,3,0,-78.353,"-76.3 -81.5 -77.3","1.000 1.000 1.000",-93.966,-100.819,"-100.8 -100.8 -100.8 -100.8 -100.8 -100.8 -100.8 -100.8",0.073,312,0,1151,589,"-8e+01 -8e+01 -8e+01","1 0 0","0.073 0.048 0.023",3,3,0.01,0.00,0,0,3,0
16.700,6,1.000,1.000,0.000,3,0,-78.473,"-76.6 -81.5 -77.3","1.000 1.000 1.000",-93.966,-100.819,"-100.8 -100.8 -100.8 -100.8 -100.8 -100.8 -100.8 -100.8",0.073,314,0,1158,593,"-8e+01 -8e+01 -8e+01","1 0 0","0.073 0.048 0.023",3,3,0.01,0.00,0,0,3,0
16.800,6,1.000,1.000,0.000,3,0,-78.353,"-76.3 -81.5 -77.3","1.000 1.000 1.000",-93.966,-100.819,"-100.8 -100.8 -100.8 -100.8 -100.8 -100.8 -100.8 -100.8",0.073,316,0,1167,597,"-8e+01 -8e+01 -8e+01","1 0 0","0.073 0.048 0.023",3,3,0.01,0.00,0,0,3,0
16.900,6,1.000,1.000,0.000,3,0,-78.473,"-76.6 -81.5 -77.3","1.000 1.000 1.000",-93.966,-100.819,"-100.8 -100.8 -100.8 -100.8 -100.8 -100.8 -100.8 -100.8",0.073,318,0,1174,601,"-8e+01 -8e+01 -8e+01","1 0 0","0.073 0.048 0.023",3,3,0.01,0.00,0,0,3,0
17.000,6,1.000,1.000,0.000,3,0,-78.473,"-76.6 -81.5 -77.3","1.000 1.000 1.000",-93.966,-100.819,"-100.8 -100.8 -100.8 -100.8 -100.8 -100.8 -100.8 -100.8",0.073,320,0,1181,607,"-8e+01 -8e+01 -8e+01","1 0 0","0.073 0.048 0.023",3,3,0.01,0.00,0,0,3,0
17.100,6,1.000,1.000,0.000,3,0,-78.473,"-76.6 -81.5 -77.3","1.000 1.000 1.000",-93.966,-100.819,"-100.8 -100.8 -100.8 -100.8 -100.8 -100.8 -100.8 -100.8",0.073,322,0,1188,611,"-8e+01 -8e+01 -8e+01","1 0 0","0.073 0.048 0.023",3,3,0.01,0.00,0,0,3,0
17.200,6,1.000,1.000,0.000,3,0,-78.353,"-76.3 -81.5 -77.3","1.000 1.000 1.000",-93.966,-100.819,"-100.8 -100.8 -100.8 -100.8 -100.8 -100.8 -100.8 -100.8",0.073,324,0,1197,615,"-8e+01 -8e+01 -8e+01","1 0 0","0.073 0.048 0.023",3,3,0.01,0.00,0,0,3,0
17.300,6,1.000,1.000,0.000,3,0,-78.473,"-76.6 -81.5 -77.3","1.000 1.000 1.000",-93.966,-100.819,"-100.8 -100.8 -100.8 -100.8 -100.8 -100.8 -100.8 -100.8",0.073,326,0,1204,619,"-8e+01 -8e+01 -8e+01","1 0 0","0.073 0.048 0.023",3,3,0.01,0.00,0,0,3,0
17.400,6,1.000,1.000,0.000,3,0,-78.353,"-76.3 -81.5 -77.3","1.000 1.000 1.000",-93.966,-100.819,"-100.8 -100.8 -100.8 -100.8 -100.8 -100.8 -100.8 -100.8",0.073,328,0,1213,623,"-8e+01 -8e+01 -8e+01","1 0 0","0.073 0.048 0.023",3,3,0.01,0.00,0,0,3,0
17.500,6,1.000,1.000,0.000,3,0,-78.473,"-76.6 -81.5 -77.3","1.000 1.000 1.000",-93.966,-100.819,"-100.8 -100.8 -100.8 -100.8 -100.8 -100.8 -100.8 -100.8",0.073,330,0,1220,627,"-8e+01 -8e+01 -8e+01","1 0 0","0.073 0.048 0.023",3,3,0.01,0.00,0,0,3,0
17.600,6,1.000,1.000,0.000,3,0,-78.353,"-76.3 -81.5 -77.3","1.000 1.000 1.000",-93.966,-100.819,"-100.8 -100.8 -100.8 -100.8 -100.8 -100.8 -100.8 -100.8",0.073,332,0,1229,631,"-8e+01 -8e+01 -8e+01","1 0 0","0.073 0.048 0.023",3,3,0.01,0.00,0,0,3,0
17.700,6,1.000,1.000,0.000,3,0,-78.473,"-76.6 -81.5 -77.3","1.000 1.000 1.000",-93.966,-100.819,"-100.8 -100.8 -100.8 -100.8 -100.8 -100.8 -100.8 -100.8",0.073,334,0,1236,635,"-8e+01 -8e+01 -8e+01","1 0 0","0.073 0.048 0.023",3,3,0.02,0.00,0,0,3,0
17.800,6,1.000,1.000,0.000,3,0,-78.353,"-76.3 -81.5 -77.3","1.000 1.000 1.000",-93.966,-100.819,"-100.8 -100.8 -100.8 -100.8 -100.8 -100.8 -100.8 -100.8",0.073,336,0,1245,639,"-8e+01 -8e+01 -8e+01","1 0 0","0.073 0.048 0.023",3,3,0.01,0.00,0,0,3,0
17.900,6,1.000,1.000,0.000,3,0,-78.473,"-76.6 -81.5 -77.3","1.000 1.000 1.000",-93.966,-100.819,"-100.8 -100.8 -100.8 -100.8 -100.8 -100.8 -100.8 -100.8",0.073,338,0,1252,643,"-8e+01 -8e+01 -8e+01","1 0 0","0.073 0.048 0.023",3,3,0.01,0.00,0,0,3,0
18.000,6,1.000,1.000,0.000,3,0,-78.353,"-76.3 -81.5 -77.3","1.000 1.000 1.000",-93.966,-100.819,"-100.8 -100.8 -100.8 -100.8 -100.8 -100.8 -100.8 -100.8",0.073,340,0,1261,647,"-8e+01 -8e+01 -8e+01","1 0 0","0.073 0.048 0.023",3,3,0.02,0.00,0,0,3,0
18.100,6,1.000,1.000,0.000,3,0,-78.473,"-76.6 -81.5 -77.3","1.000 1.000 1.000",-93.765,-99.943,"-100.8 -100.7 -97.0 -94.5 -99.3 -99.9 -100.7 -100.8",0.073,342,0,1268,651,"-8e+01 -8e+01 -8e+01","1 0 0","0.073 0.048 0.023",3,3,0.00,0.00,0,0,3,0
18.200,6,1.000,1.000,0.000,3,0,-78.473,"-76.6 -81.5 -77.3","1.000 1.000 1.000",-93.765,-99.943,"-73.8 -75.1 -76.8 -79.8 -99.3 -99.9 -100.7 -100.8",0.073,344,0,1276,655,"-8e+01 -8e+01 -8e+01","1 0 0","0.073 0.048 0.023",3,3,0.01,0.00,0,0,3,0
18.300,6,1.000,1.000,0.000,3,0,-78.473,"-76.6 -81.5 -77.3","1.000 1.000 1.000",-93.765,-99.943,"-73.8 -75.1 -76.8 -79.8 -99.3 -99.9 -100.7 -100.8",0.073,346,0,1285,660,"-8e+01 -8e+01 -8e+01","1 0 0","0.073 0.048 0.023",3,3,0.02,0.00,0,0,3,0
18.400,6,1.000,1.000,0.000,3,0,-78.473,"-76.6 -81.5 -77.3","1.000 1.000 1.000",-93.765,-99.943,"-73.8 -75.1 -76.8 -79.8 -99.3 -99.9 -100.7 -100.8",0.073,348,0,1294,665,"-8e+01 -8e+01 -8e+01","1 0 0","0.073 0.048 0.023",3,3,0.00,0.00,0,0,3,0
18.500,6,1.000,1.000,0.000,3,0,-78.473,"-76.6 -81.5 -77.3","1.000 1.000 1.000",-91.191,-99.943,"-75.1 -75.1 -76.8 -79.8 -99.3 -99.9 -100.7 -100.8",0.073,350,0,1303,669,"-8e+01 -8e+01 -8e+01","1 0 0","0.073 0.048 0.023",4,4,0.01,0.00,0,0,3,0
18.600,6,1.000,1.000,0.000,3,0,-78.473,"-76.6 -81.5 -77.3","1.000 1.000 1.000",-91.191,-99.291,"-75.1 -73.8 -75.1 -76.8 -79.8 -99.3 -99.9 -100.7",0.073,352,0,1310,673,"-8e+01 -8e+01 -8e+01","1 0 0","0.073 0.048 0.023",3,3,0.01,0.00,0,0,3,0
18.700,6,1.000,1.000,0.000,3,0,-78.473,"-76.6 -81.5 -77.3","1.000 1.000 1.000",-91.191,-99.291,"-75.1 -73.8 -75.1 -76.8 -79.8 -99.3 -99.9 -100.7",0.073,354,0,1319,677,"-8e+01 -8e+01 -8e+01","1 0 0","0.073 0.048 0.023",3,3,0.01,0.00,0,0,3,0
18.800,6,1.000,1.000,0.000,3,0,-78.473,"-76.6 -81.5 -77.3","1.000 1.000 1.000",-91.191,-99.291,"-75.1 -73.8 -75.1 -76.8 -79.8 -99.3 -99.9 -100.7",0.073,356,0,1326,681,"-8e+01 -8e+01 -8e+01","1 0 0","0.073 0.048 0.023",3,3,0.01,0.00,0,0,3,0
18.900,6,0.909,0.909,0.000,3,0,-78.473,"-76.6 -81.5 -77.3","0.909 0.909 0.909",-91.191,-99.291,"-76.8 -75.1 -75.1 -76.8 -79.8 -99.3 -99.9 -100.7",0.173,358,0,1326,693,"-8e+01 -8e+01 -8e+01","1 0 0","0.17 0.15 0.12",11,11,10.33,0.00,0,0,0,0
19.000,6,0.818,0.818,0.000,3,0,-78.473,"-76.6 -81.5 -77.3","0.818 0.818 0.818",-91.191,-79.795,"-76.8 -75.1 -73.8 -75.1 -76.8 -79.8 -99.3 -99.9",0.273,360,0,1326,698,"-8e+01 -8e+01 -8e+01","1 0 0","0.27 0.25 0.22",13,10,5.90,0.69,0,0,0,0
19.100,6,0.727,0.727,0.000,3,0,-78.473,"-76.6 -81.5 -77.3","0.727 0.727 0.727",-91.191,-79.795,"-76.8 -75.1 -73.8 -75.1 -76.8 -79.8 -99.3 -99.9",0.373,362,0,1326,709,"-8e+01 -8e+01 -8e+01","1 0 0","0.37 0.35 0.32",9,8,0.31,0.33,0,0,0,0
19.200,6,0.636,0.636,0.000,3,0,-78.473,"-76.6 -81.5 -77.3","0.636 0.636 0.636",-91.191,-79.795,"-76.8 -75.1 -73.8 -75.1 -76.8 -79.8 -99.3 -99.9",0.473,364,0,1326,715,"-8e+01 -8e+01 -8e+01","1 0 0","0.47 0.45 0.42",16,14,19.65,0.38,0,0,0,0
19.300,6,0.545,0.545,0.000,3,3,-78.473,"-76.6 -81.5 -77.3","0.545 0.545 0.545",-91.191,-79.795,"-79.8 -76.8 -75.1 -75.1 -76.8 -79.8 -99.3 -99.9",0.573,366,0,1326,719,"-8e+01 -8e+01 -8e+01","1 0 0","0.57 0.55 0.52",17,15,0.99,0.35,0,0,0,0
19.400,6,0.455,0.455,0.000,3,3,-78.473,"-76.6 -81.5 -77.3","0.455 0.455 0.455",-91.191,-76.809,"-79.8 -76.8 -75.1 -73.8 -75.1 -76.8 -79.8 -99.3",0.673,368,0,1326,732,"-8e+01 -8e+01 -8e+01","1 0 0","0.67 0.65 0.62",9,7,6.19,0.67,0,0,0,0
19.500,6,0.364,0.364,0.000,3,3,-78.473,"-76.6 -81.5 -77.3","0.364 0.364 0.364",-91.191,-76.809,"-79.8 -76.8 -75.1 -73.8 -75.1 -76.8 -79.8 -99.3",0.773,370,0,1326,744,"-8e+01 -8e+01 -8e+01","1 0 0","0.77 0.75 0.72",9,8,17.36,0.33,0,0,0,0
19.600,6,0.273,0.273,0.000,3,3,-78.473,"-76.6 -81.5 -77.3","0.273 0.273 0.273",-91.191,-76.809,"-79.8 -76.8 -75.1 -73.8 -75.1 -76.8 -79.8 -99.3",0.873,372,0,1326,749,"-8e+01 -8e+01 -8e+01","1 0 0","0.87 0.85 0.82",16,14,12.19,0.38,0,0,0,0
19.700,6,0.182,0.182,0.000,3,3,-78.473,"-76.6 -81.5 -77.3","0.182 0.182 0.182",-91.191,-76.809,"-99.3 -79.8 -76.8 -75.1 -75.1 -76.8 -79.8 -99.3",0.973,374,0,1326,761,"-8e+01 -8e+01 -8e+01","1 0 0","0.97 0.95 0.92",8,7,11.36,0.38,0,0,0,0
19.800,6,0.091,0.091,0.000,3,3,-78.473,"-76.6 -81.5 -77.3","0.091 0.091 0.091",-91.191,-75.059,"-99.3 -79.8 -76.8 -75.1 -73.8 -75.1 -76.8 -79.8",1.073,376,0,1326,766,"-8e+01 -8e+01 -8e+01","1 0 0","1.1 1 1",12,10,8.41,0.50,0,0,0,0
19.900,6,0.000,0.000,0.000,3,3,-78.473,"-76.6 -81.5 -77.3","0.000 0.000 0.000",-91.191,-75.059,"-99.3 -79.8 -76.8 -75.1 -73.8 -75.1 -76.8 -79.8",1.173,378,0,1326,774,"-8e+01 -8e+01 -8e+01","1 0 0","1.2 1.1 1.1",12,11,1.32,0.25,0,0,0,0
20.000,6,0.000,0.000,0.000,3,3,-78.473,"-76.6 -81.5 -77.3","0.000 0.000 0.000",-91.191,-75.059,"-99.3 -79.8 -76.8 -75.1 -73.8 -75.1 -76.8 -79.8",1.273,380,0,1326,783,"-8e+01 -8e+01 -8e+01","1 0 0","1.3 1.2 1.2",10,8,22.27,0.60,0,0,0,0
20.100,6,0.000,0.000,0.000,3,3,-78.473,"-76.6 -81.5 -77.3","0.000 0.000 0.000",-91.191,-75.059,"-99.9 -99.3 -79.8 -76.8 -75.1 -75.1 -76.8 -79.8",1.373,382,0,1326,794,"-8e+01 -8e+01 -8e+01","1 0 0","1.4 1.3 1.3",4,2,34.16,1.50,0,0,0,0
20.200,6,0.000,0.000,0.000,3,3,-78.473,"-76.6 -81.5 -77.3","0.000 0.000 0.000",-91.191,-73.814,"-99.9 -99.3 -79.8 -76.8 -75.1 -73.8 -75.1 -76.8",1.473,384,0,1326,804,"-8e+01 -8e+01 -8e+01","1 0 0","1.5 1.4 1.4",7,5,5.39,0.86,0,0,0,0
20.300,6,0.000,0.000,0.000,3,3,-78.473,"-76.6 -81.5 -77.3","0.000 0.000 0.000",-91.191,-73.814,"-99.9 -99.3 -79.8 -76.8 -75.1 -73.8 -75.1 -76.8",1.573,386,0,1326,815,"-8e+01 -8e+01 -8e+01","1 0 0","1.6 1.5 1.5",9,8,8.80,0.33,0,0,0,0
20.400,6,0.000,0.000,0.000,3,3,-78.473,"-76.6 -81.5 -77.3","0.000 0.000 0.000",-91.191,-73.814,"-99.9 -99.3 -79.8 -76.8 -75.1 -73.8 -75.1 -76.8",1.673,388,0,1326,822,"-8e+01 -8e+01 -8e+01","1 0 0","1.7 1.6 1.6",8,6,21.09,0.75,0,0,0,0
20.500,6,0.000,0.000,0.000,3,3,-78.473,"-76.6 -81.5 -77.3","0.000 0.000 0.000",-91.191,-75.059,"-100.7 -99.9 -99.3 -79.8 -76.8 -75.1 -75.1 -76.8",1.773,390,0,1326,834,"-8e+01 -8e+01 -8e+01","1 0 0","1.8 1.7 1.7",1,1,4.09,0.00,0,0,0,0
20.600,6,0.000,0.000,0.000,3,3,-78.473,"-76.6 -81.5 -77.3","0.000 0.000 0.000",-91.191,-75.059,"-100.7 -99.9 -99.3 -79.8 -76.8 -75.1 -73.8 -75.1",1.873,392,0,1326,839,"-8e+01 -8e+01 -8e+01","1 0 0","1.9 1.8 1.8",17,15,12.29,0.35,0,0,0,0
20.700,6,0.000,0.000,0.000,3,3,-78.473,"-76.6 -81.5 -77.3","0.000 0.000 0.000",-91.191,-75.059,"-100.7 -99.9 -99.3 -79.8 -76.8 -75.1 -73.8 -75.1",1.973,394,0,1326,844,"-8e+01 -8e+01 -8e+01","1 0 0","2 1.9 1.9",17,14,17.41,0.53,0,0,0,0
20.800,6,0.000,0.000,0.000,3,3,-78.473,"-76.6 -81.5 -77.3","0.000 0.000 0.000",-91.191,-75.059,"-100.7 -99.9 -99.3 -79.8 -76.8 -75.1 -73.8 -75.1",2.073,396,0,1326,856,"-8e+01 -8e+01 -8e+01","1 0 0","2.1 2 2",9,8,0.59,0.33,0,0,0,0
20.900,6,0.000,0.000,0.000,3,3,-78.473,"-76.6 -81.5 -77.3","0.000 0.000 0.000",-91.191,-76.809,"-100.8 -100.7 -99.9 -99.3 -79.8 -76.8 -75.1 -75.1",2.173,398,0,1326,868,"-8e+01 -8e+01 -8e+01","1 0 0","2.2 2.1 2.1",10,8,6.94,0.60,0,0,0,0
21.000,6,0.000,0.000,0.000,3,3,-78.473,"-76.6 -81.5 -77.3","0.000 0.000 0.000",-91.191,-76.809,"-100.8 -100.7 -99.9 -99.3 -79.8 -76.8 -75.1 -73.8",2.273,400,0,1326,873,"-8e+01 -8e+01 -8e+01","1 0 0","2.3 2.2 2.2",16,13,12.35,0.56,0,0,0,0
21.100,6,0.000,0.000,0.000,3,3,-78.473,"-76.6 -81.5 -77.3","0.000 0.000 0.000",-91.191,-76.809,"-100.8 -100.7 -99.9 -99.3 -79.8 -76.8 -75.1 -73.8",2.373,402,0,1326,880,"-8e+01 -8e+01 -8e+01","1 0 0","2.4 2.3 2.3",7,5,4.41,0.86,0,0,0,0
21.200,6,0.000,0.000,0.000,3,3,-78.473,"-76.6 -81.5 -77.3","0.000 0.000 0.000",-91.191,-76.809,"-100.8 -100.7 -99.9 -99.3 -79.8 -76.8 -75.1 -73.8",2.473,404,0,1326,890,"-8e+01 -8e+01 -8e+01","1 0 0","2.5 2.4 2.4",13,11,26.81,0.46,0,0,0,0
21.300,6,0.091,0.091,0.000,3,3,-78.473,"-76.6 -81.5 -77.3","0.091 0.091 0.091",-93.765,-99.943,"-73.8 -75.1 -76.8 -79.8 -99.3 -99.9 -100.7 -100.8",0.073,406,0,1351,908,"-8e+01 -8e+01 -8e+01","0.906 0.0353 0.0431","0.073 0.048 0.023",20,20,0.38,0.00,21,20,54,52
21.400,6,0.182,0.182,0.000,3,3,-78.473,"-76.6 -81.5 -77.3","0.182 0.182 0.182",-93.765,-99.943,"-73.8 -75.1 -76.8 -79.8 -99.3 -99.9 -100.7 -100.8",0.073,408,0,1358,912,"-8e+01 -8e+01 -8e+01","0.906 0.0353 0.0431","0.073 0.048 0.023",3,3,0.01,0.00,0,0,3,0
21.500,6,0.273,0.273,0.000,3,3,-78.353,"-76.3 -81.5 -77.3","0.273 0.273 0.273",-93.765,-99.943,"-73.8 -75.1 -76.8 -79.8 -99.3 -99.9 -100.7 -100.8",0.073,410,0,1367,916,"-8e+01 -8e+01 -8e+01","0.906 0.0353 0.0431","0.073 0.048 0.023",3,3,0.01,0.00,0,0,3,0
21.600,6,0.364,0.364,0.000,3,3,-78.473,"-76.6 -81.5 -77.3","0.364 0.364 0.364",-93.765,-99.943,"-73.8 -75.1 -76.8 -79.8 -99.3 -99.9 -100.7 -100.8",0.073,412,0,1374,920,"-8e+01 -8e+01 -8e+01","0.906 0.0353 0.0431","0.073 0.048 0.023",3,3,0.01,0.00,0,0,3,0
21.700,6,0.455,0.455,0.000,3,3,-78.353,"-76.3 -81.5 -77.3","0.455 0.455 0.455",-91.191,-99.943,"-75.1 -75.1 -76.8 -79.8 -99.3 -99.9 -100.7 -100.8",0.073,414,0,1383,924,"-8e+01 -8e+01 -8e+01","0.906 0.0353 0.0431","0.073 0.048 0.023",3,3,0.01,0.00,0,0,3,0
21.800,6,0.545,0.545,0.000,3,3,-78.473,"-76.6 -81.5 -77.3","0.545 0.545 0.545",-91.191,-99.291,"-75.1 -73.8 -75.1 -76.8 -79.8 -99.3 -99.9 -100.7",0.073,416,0,1390,928,"-8e+01 -8e+01 -8e+01","0.91 0.0353 0.0431","0.073 0.048 0.023",3,3,0.01,0.00,0,0,3,0
21.900,6,0.636,0.636,0.000,3,0,-78.353,"-76.3 -81.5 -77.3","0.636 0.636 0.636",-91.191,-99.291,"-75.1 -73.8 -75.1 -76.8 -79.8 -99.3 -99.9 -100.7",0.073,418,0,1399,932,"-8e+01 -8e+01 -8e+01","0.91 0.0353 0.0431","0.073 0.048 0.023",3,3,0.01,0.00,0,0,3,0
22.000,6,0.727,0.727,0.000,3,0,-78.473,"-76.6 -81.5 -77.3","0.727 0.727 0.727",-91.191,-99.291,"-75.1 -73.8 -75.1 -76.8 -79.8 -99.3 -99.9 -100.7",0.073,420,0,1406,936,"-8e+01 -8e+01 -8e+01","0.91 0.0353 0.0431","0.073 0.048 0.023",3,3,0.02,0.00,0,0,3,0
22.100,6,0.727,0.727,0.000,3,0,-78.473,"-76.6 -81.5 -77.3","0.727 0.727 0.727",-91.191,-99.291,"-76.8 -75.1 -75.1 -76.8 -79.8 -99.3 -99.9 -100.7",0.173,422,0,1406,941,"-8e+01 -8e+01 -8e+01","0.91 0.0353 0.0431","0.17 0.15 0.12",20,18,1.03,0.30,0,0,0,0
22.200,6,0.727,0.727,0.000,3,0,-78.473,"-76.6 -81.5 -77.3","0.727 0.727 0.727",-91.191,-79.795,"-76.8 -75.1 -73.8 -75.1 -76.8 -79.8 -99.3 -99.9",0.273,424,0,1406,953,"-8e+01 -8e+01 -8e+01","0.91 0.0353 0.0431","0.27 0.25 0.22",11,9,9.89,0.55,0,0,0,0
22.300,6,0.727,0.727,0.000,3,0,-78.473,"-76.6 -81.5 -77.3","0.727 0.727 0.727",-91.191,-79.795,"-76.8 -75.1 -73.8 -75.1 -76.8 -79.8 -99.3 -99.9",0.373,426,0,1406,960,"-8e+01 -8e+01 -8e+01","0.91 0.0353 0.0431","0.37 0.35 0.32",16,15,1.47,0.19,0,0,0,0
22.400,6,0.636,0.636,0.000,3,0,-78.473,"-76.6 -81.5 -77.3","0.636 0.636 0.636",-91.191,-79.795,"-76.8 -75.1 -73.8 -75.1 -76.8 -79.8 -99.3 -99.9",0.473,428,0,1406,972,"-8e+01 -8e+01 -8e+01","0.91 0.0353 0.0431","0.47 0.45 0.42",8,6,2.05,0.75,0,0,0,0
22.500,6,0.545,0.545,0.000,3,3,-78.473,"-76.6 -81.5 -77.3","0.545 0.545 0.545",-91.191,-79.795,"-79.8 -76.8 -75.1 -75.1 -76.8 -79.8 -99.3 -99.9",0.573,430,0,1406,980,"-8e+01 -8e+01 -8e+01","0.91 0.0353 0.0431","0.57 0.55 0.52",11,10,10.54,0.27,0,0,0,0
22.600,6,0.455,0.455,0.000,3,3,-78.473,"-76.6 -81.5 -77.3","0.455 0.455 0.455",-91.191,-76.809,"-79.8 -76.8 -75.1 -73.8 -75.1 -76.8 -79.8 -99.3",0.673,432,0,1406,992,"-8e+01 -8e+01 -8e+01","0.91 0.0353 0.0431","0.67 0.65 0.62",9,7,40.29,0.67,0,0,0,0
22.700,6,0.364,0.364,0.000,3,3,-78.473,"-76.6 -81.5 -77.3","0.364 0.364 0.364",-91.191,-76.809,"-79.8 -76.8 -75.1 -73.8 -75.1 -76.8 -79.8 -99.3",0.773,434,0,1406,997,"-8e+01 -8e+01 -8e+01","0.91 0.0353 0.0431","0.77 0.75 0.72",18,16,10.85,0.33,0,0,0,0
22.800,6,0.273,0.273,0.000,3,3,-78.473,"-76.6 -81.5 -77.3","0.273 0.273 0.273",-91.191,-76.809,"-79.8 -76.8 -75.1 -73.8 -75.1 -76.8 -79.8 -99.3",0.873,436,0,1406,1009,"-8e+01 -8e+01 -8e+01","0.91 0.0353 0.0431","0.87 0.85 0.82",16,14,6.04,0.38,0,0,0,0
22.900,6,0.182,0.182,0.000,3,3,-78.473,"-76.6 -81.5 -77.3","0.182 0.182 0.182",-91.191,-76.809,"-99.3 -79.8 -76.8 -75.1 -75.1 -76.8 -79.8 -99.3",0.973,438,0,1406,1014,"-8e+01 -8e+01 -8e+01","0.91 0.0353 0.0431","0.97 0.95 0.92",16,14,16.78,0.38,0,0,0,0
23.000,6,0.091,0.091,0.000,3,3,-78.473,"-76.6 -81.5 -77.3","0.091 0.091 0.091",-91.191,-75.059,"-99.3 -79.8 -76.8 -75.1 -73.8 -75.1 -76.8 -79.8",1.073,440,0,1406,1026,"-8e+01 -8e+01 -8e+01","0.91 0.0353 0.0431","1.1 1 1",9,7,17.65,0.67,0,0,0,0
23.100,6,0.000,0.000,0.000,3,3,-78.473,"-76.6 -81.5 -77.3","0.000 0.000 0.000",-91.191,-75.059,"-99.3 -79.8 -76.8 -75.1 -73.8 -75.1 -76.8 -79.8",1.173,442,0,1406,1031,"-8e+01 -8e+01 -8e+01","0.91 0.0353 0.0431","1.2 1.1 1.1",8,7,3.83,0.38,0,0,0,0
23.200,6,0.000,0.000,0.000,3,3,-78.473,"-76.6 -81.5 -77.3","0.000 0.000 0.000",-91.191,-75.059,"-99.3 -79.8 -76.8 -75.1 -73.8 -75.1 -76.8 -79.8",1.273,444,0,1406,1038,"-8e+01 -8e+01 -8e+01","0.91 0.0353 0.0431","1.3 1.2 1.2",17,15,11.98,0.35,0,0,0,0
23.300,6,0.000,0.000,0.000,3,3,-78.473,"-76.6 -81.5 -77.3","0.000 0.000 0.000",-91.191,-75.059,"-99.9 -99.3 -79.8 -76.8 -75.1 -75.1 -76.8 -79.8",1.373,446,0,1406,1048,"-8e+01 -8e+01 -8e+01","0.91 0.0353 0.0431","1.4 1.3 1.3",9,8,28.53,0.33,0,0,0,0
23.400,6,0.000,0.000,0.000,3,3,-78.473,"-76.6 -81.5 -77.3","0.000 0.000 0.000",-91.191,-73.814,"-99.9 -99.3 -79.8 -76.8 -75.1 -73.8 -75.1 -76.8",1.473,448,0,1406,1057,"-8e+01 -8e+01 -8e+01","0.91 0.0353 0.0431","1.5 1.4 1.4",8,6,0.29,0.75,0,0,0,0
23.500,6,0.000,0.000,0.000,3,3,-78.473,"-76.6 -81.5 -77.3","0.000 0.000 0.000",-91.191,-73.814,"-99.9 -99.3 -79.8 -76.8 -75.1 -73.8 -75.1 -76.8",1.573,450,0,1406,1065,"-8e+01 -8e+01 -8e+01","0.91 0.0353 0.0431","1.6 1.5 1.5",11,9,18.60,0.55,0,0,0,0
23.600,6,0.000,0.000,0.000,3,3,-78.473,"-76.6 -81.5 -77.3","0.000 0.000 0.000",-91.191,-73.814,"-99.9 -99.3 -79.8 -76.8 -75.1 -73.8 -75.1 -76.8",1.673,452,0,1406,1075,"-8e+01 -8e+01 -8e+01","0.91 0.0353 0.0431","1.7 1.6 1.6",15,14,9.45,0.20,0,0,0,0
23.700,6,0.000,0.000,0.000,3,3,-78.473,"-76.6 -81.5 -77.3","0.000 0.000 0.000",-91.191,-75.059,"-100.7 -99.9 -99.3 -79.8 -76.8 -75.1 -75.1 -76.8",1.773,454,0,1406,1082,"-8e+01 -8e+01 -8e+01","0.91 0.0353 0.0431","1.8 1.7 1.7",10,6,8.90,1.20,0,0,0,0
23.800,6,0.000,0.000,0.000,3,3,-78.473,"-76.6 -81.5 -77.3","0.000 0.000 0.000",-91.191,-75.059,"-100.7 -99.9 -99.3 -79.8 -76.8 -75.1 -73.8 -75.1",1.873,456,0,1406,1094,"-8e+01 -8e+01 -8e+01","0.91 0.0353 0.0431","1.9 1.8 1.8",8,7,8.05,0.38,0,0,0,0
23.900,6,0.000,0.000,0.000,3,3,-78.473,"-76.6 -81.5 -77.3","0.000 0.000 0.000",-91.191,-75.059,"-100.7 -99.9 -99.3 -79.8 -76.8 -75.1 -73.8 -75.1",1.973,458,0,1406,1098,"-8e+01 -8e+01 -8e+01","0.91 0.0353 0.0431","2 1.9 1.9",11,8,7.80,0.82,0,0,0,0
24.000,6,0.000,0.000,0.000,3,3,-78.473,"-76.6 -81.5 -77.3","0.000 0.000 0.000",-91.191,-75.059,"-100.7 -99.9 -99.3 -79.8 -76.8 -75.1 -73.8 -75.1",2.073,460,0,1406,1111,"-8e+01 -8e+01 -8e+01","0.91 0.0353 0.0431","2.1 2 2",9,7,7.38,0.67,0,0,0,0
24.100,6,0.000,0.000,0.000,3,3,-78.473,"-76.6 -81.5 -77.3","0.000 0.000 0.000",-91.191,-76.809,"-100.8 -100.7 -99.9 -99.3 -79.8 -76.8 -75.1 -75.1",2.173,462,0,1406,1118,"-8e+01 -8e+01 -8e+01","0.91 0.0353 0.0431","2.2 2.1 2.1",17,14,7.68,0.53,0,0,0,0
24.200,6,0.000,0.000,0.000,3,3,-78.473,"-76.6 -81.5 -77.3","0.000 0.000 0.000",-91.191,-76.809,"-100.8 -100.7 -99.9 -99.3 -79.8 -76.8 -75.1 -73.8",2.273,464,0,1406,1125,"-8e+01 -8e+01 -8e+01","0.91 0.0353 0.0431","2.3 2.2 2.2",8,6,8.80,0.75,0,0,0,0
24.300,6,0.000,0.000,0.000,3,3,-78.473,"-76.6 -81.5 -77.3","0.000 0.000 0.000",-91.191,-76.809,"-100.8 -100.7 -99.9 -99.3 -79.8 -76.8 -75.1 -73.8",2.373,466,0,1406,1137,"-8e+01 -8e+01 -8e+01","0.91 0.0353 0.0431","2.4 2.3 2.3",10,8,7.61,0.60,0,0,0,0
24.400,6,0.000,0.000,0.000,3,3,-78.473,"-76.6 -81.5 -77.3","0.000 0.000 0.000",-91.191,-76.809,"-100.8 -100.7 -99.9 -99.3 -79.8 -76.8 -75.1 -73.8",2.473,468,0,1406,1149,"-8e+01 -8e+01 -8e+01","0.91 0.0353 0.0431","2.5 2.4 2.4",8,6,8.27,0.75,0,0,0,0
24.500,6,0.091,0.091,0.000,3,3,-78.473,"-76.6 -81.5 -77.3","0.091 0.091 0.091",-93.765,-99.943,"-100.8 -100.7 -99.9 -99.3 -99.3 -99.9 -100.7 -100.8",0.073,470,0,1413,1151,"-8e+01 -8e+01 -8e+01","0.843 0.0627 0.0667","0.073 0.048 0.023",17,17,5.43,0.00,29,29,46,43
24.600,6,0.182,0.182,0.000,3,3,-78.353,"-76.3 -81.5 -77.3","0.182 0.182 0.182",-93.765,-99.943,"-73.8 -75.1 -76.8 -79.8 -99.3 -99.9 -100.7 -100.8",0.073,472,0,1420,1153,"-8e+01 -8e+01 -8e+01","0.843 0.0627 0.0667","0.073 0.048 0.023",3,3,0.01,0.00,0,0,3,0
24.700,6,0.273,0.273,0.000,3,3,-78.473,"-76.6 -81.5 -77.3","0.273 0.273 0.273",-93.765,-99.943,"-73.8 -75.1 -76.8 -79.8 -99.3 -99.9 -100.7 -100.8",0.073,474,0,1425,1155,"-8e+01 -8e+01 -8e+01","0.843 0.0627 0.0667","0.073 0.048 0.023",3,3,0.02,0.00,0,0,3,0
24.800,6,0.364,0.364,0.000,3,3,-78.353,"-76.3 -81.5 -77.3","0.364 0.364 0.364",-93.765,-99.943,"-73.8 -75.1 -76.8 -79.8 -99.3 -99.9 -100.7 -100.8",0.073,476,0,1432,1157,"-8e+01 -8e+01 -8e+01","0.843 0.0627 0.0667","0.073 0.048 0.023",3,3,0.01,0.00,0,0,3,0
24.900,6,0.455,0.455,0.000,3,3,-78.473,"-76.6 -81.5 -77.3","0.455 0.455 0.455",-91.191,-99.943,"-75.1 -75.1 -76.8 -79.8 -99.3 -99.9 -100.7 -100.8",0.073,478,0,1437,1159,"-8e+01 -8e+01 -8e+01","0.847 0.0627 0.0667","0.073 0.048 0.023",3,3,0.00,0.00,0,0,3,0
25.000,6,0.545,0.545,0.000,3,3,-78.353,"-76.3 -81.5 -77.3","0.545 0.545 0.545",-91.191,-99.291,"-75.1 -73.8 -75.1 -76.8 -79.8 -99.3 -99.9 -100.7",0.073,480,0,1444,1161,"-8e+01 -8e+01 -8e+01","0.847 0.0627 0.0667","0.073 0.048 0.023",3,3,0.01,0.00,0,0,3,0
25.100,6,0.636,0.636,0.000,3,0,-78.473,"-76.6 -81.5 -77.3","0.636 0.636 0.636",-91.191,-99.291,"-75.1 -73.8 -75.1 -76.8 -79.8 -99.3 -99.9 -100.7",0.073,482,0,1449,1163,"-8e+01 -8e+01 -8e+01","0.847 0.0627 0.0667","0.073 0.048 0.023",3,3,0.01,0.00,0,0,3,0
25.200,6,0.727,0.727,0.000,3,0,-78.353,"-76.3 -81.5 -77.3","0.727 0.727 0.727",-91.191,-99.291,"-75.1 -73.8 -75.1 -76.8 -79.8 -99.3 -99.9 -100.7",0.073,484,0,1457,1165,"-8e+01 -8e+01 -8e+01","0.847 0.0627 0.0667","0.073 0.048 0.023",3,3,0.01,0.00,0,0,3,0
25.300,6,0.727,0.727,0.000,3,0,-78.353,"-76.3 -81.5 -77.3","0.727 0.727 0.727",-91.191,-99.291,"-76.8 -75.1 -75.1 -76.8 -79.8 -99.3 -99.9 -100.7",0.173,486,0,1457,1170,"-8e+01 -8e+01 -8e+01","0.847 0.0627 0.0667","0.17 0.15 0.12",24,24,7.71,0.00,0,0,0,0
25.400,6,0.727,0.727,0.000,3,0,-78.353,"-76.3 -81.5 -77.3","0.727 0.727 0.727",-91.191,-79.795,"-76.8 -75.1 -73.8 -75.1 -76.8 -79.8 -99.3 -99.9",0.273,488,0,1457,1181,"-8e+01 -8e+01 -8e+01","0.847 0.0627 0.0667","0.27 0.25 0.22",16,16,6.32,0.00,0,0,0,0
25.500,6,0.727,0.727,0.000,3,0,-78.353,"-76.3 -81.5 -77.3","0.727 0.727 0.727",-91.191,-79.795,"-76.8 -75.1 -73.8 -75.1 -76.8 -79.8 -99.3 -99.9",0.373,490,0,1457,1188,"-8e+01 -8e+01 -8e+01","0.847 0.0627 0.0667","0.37 0.35 0.32",15,15,1.79,0.00,0,0,0,0
25.600,6,0.636,0.636,0.000,3,0,-78.353,"-76.3 -81.5 -77.3","0.636 0.636 0.636",-91.191,-79.795,"-76.8 -75.1 -73.8 -75.1 -76.8 -79.8 -99.3 -99.9",0.473,492,0,1457,1193,"-8e+01 -8e+01 -8e+01","0.847 0.0627 0.0667","0.47 0.45 0.42",10,10,15.14,0.00,0,0,0,0
25.700,6,0.545,0.545,0.000,3,3,-78.353,"-76.3 -81.5 -77.3","0.545 0.545 0.545",-91.191,-79.795,"-79.8 -76.8 -75.1 -75.1 -76.8 -79.8 -99.3 -99.9",0.573,494,0,1457,1205,"-8e+01 -8e+01 -8e+01","0.847 0.0627 0.0667","0.57 0.55 0.52",14,14,9.77,0.00,0,0,0,0
25.800,6,0.455,0.455,0.000,3,3,-78.353,"-76.3 -81.5 -77.3","0.455 0.455 0.455",-91.191,-76.809,"-79.8 -76.8 -75.1 -73.8 -75.1 -76.8 -79.8 -99.3",0.673,496,0,1457,1210,"-8e+01 -8e+01 -8e+01","0.847 0.0627 0.0667","0.67 0.65 0.62",18,17,12.13,0.17,0,0,0,0
25.900,6,0.364,0.364,0.000,3,3,-78.353,"-76.3 -81.5 -77.3","0.364 0.364 0.364",-91.191,-76.809,"-79.8 -76.8 -75.1 -73.8 -75.1 -76.8 -79.8 -99.3",0.773,498,0,1457,1222,"-8e+01 -8e+01 -8e+01","0.847 0.0627 0.0667","0.77 0.75 0.72",7,7,3.69,0.00,0,0,0,0
26.000,6,0.273,0.273,0.000,3,3,-78.353,"-76.3 -81.5 -77.3","0.273 0.273 0.273",-91.191,-76.809,"-79.8 -76.8 -75.1 -73.8 -75.1 -76.8 -79.8 -99.3",0.873,500,0,1457,1229,"-8e+01 -8e+01 -8e+01","0.847 0.0627 0.0667","0.87 0.85 0.82",9,9,14.79,0.00,0,0,0,0
26.100,6,0.182,0.182,0.000,3,3,-78.353,"-76.3 -81.5 -77.3","0.182 0.182 0.182",-91.191,-76.809,"-99.3 -79.8 -76.8 -75.1 -75.1 -76.8 -79.8 -99.3",0.973,502,0,1457,1239,"-8e+01 -8e+01 -8e+01","0.847 0.0627 0.0667","0.97 0.95 0.92",16,16,11.21,0.00,0,0,0,0
26.200,6,0.091,0.091,0.000,3,3,-78.353,"-76.3 -81.5 -77.3","0.091 0.091 0.091",-91.191,-75.059,"-99.3 -79.8 -76.8 -75.1 -73.8 -75.1 -76.8 -79.8",1.073,504,0,1457,1245,"-8e+01 -8e+01 -8e+01","0.847 0.0627 0.0667","1.1 1 1",8,8,0.39,0.00,0,0,0,0
26.300,6,0.000,0.000,0.000,3,3,-78.353,"-76.3 -81.5 -77.3","0.000 0.000 0.000",-91.191,-75.059,"-99.3 -79.8 -76.8 -75.1 -73.8 -75.1 -76.8 -79.8",1.173,506,0,1457,1257,"-8e+01 -8e+01 -8e+01","0.847 0.0627 0.0667","1.2 1.1 1.1",8,8,16.23,0.00,0,0,0,0
26.400,6,0.000,0.000,0.000,3,3,-78.353,"-76.3 -81.5 -77.3","0.000 0.000 0.000",-91.191,-75.059,"-99.3 -79.8 -76.8 -75.1 -73.8 -75.1 -76.8 -79.8",1.273,508,0,1457,1266,"-8e+01 -8e+01 -8e+01","0.847 0.0627 0.0667","1.3 1.2 1.2",8,8,12.17,0.00,0,0,0,0
26.500,6,0.000,0.000,0.000,3,3,-78.353,"-76.3 -81.5 -77.3","0.000 0.000 0.000",-91.191,-75.059,"-99.9 -99.3 -79.8 -76.8 -75.1 -75.1 -76.8 -79.8",1.373,510,0,1457,1278,"-8e+01 -8e+01 -8e+01","0.847 0.0627 0.0667","1.4 1.3 1.3",8,8,1.39,0.00,0,0,0,0
26.600,6,0.000,0.000,0.000,3,3,-78.353,"-76.3 -81.5 -77.3","0.000 0.000 0.000",-91.191,-73.814,"-99.9 -99.3 -79.8 -76.8 -75.1 -73.8 -75.1 -76.8",1.473,512,0,1457,1283,"-8e+01 -8e+01 -8e+01","0.847 0.0627 0.0667","1.5 1.4 1.4",16,16,12.52,0.00,0,0,0,0
26.700,6,0.000,0.000,0.000,3,3,-78.353,"-76.3 -81.5 -77.3","0.000 0.000 0.000",-91.191,-73.814,"-99.9 -99.3 -79.8 -76.8 -75.1 -73.8 -75.1 -76.8",1.573,514,0,1457,1295,"-8e+01 -8e+01 -8e+01","0.847 0.0627 0.0667","1.6 1.5 1.5",13,13,24.25,0.00,0,0,0,0
26.800,6,0.000,0.000,0.000,3,3,-78.353,"-76.3 -81.5 -77.3","0.000 0.000 0.000",-91.191,-73.814,"-99.9 -99.3 -79.8 -76.8 -75.1 -73.8 -75.1 -76.8",1.673,516,0,1457,1300,"-8e+01 -8e+01 -8e+01","0.847 0.0627 0.0667","1.7 1.6 1.6",11,11,6.44,0.00,0,0,0,0
26.900,6,0.000,0.000,0.000,3,3,-78.353,"-76.3 -81.5 -77.3","0.000 0.000 0.000",-91.191,-75.059,"-100.7 -99.9 -99.3 -79.8 -76.8 -75.1 -75.1 -76.8",1.773,518,0,1457,1310,"-8e+01 -8e+01 -8e+01","0.847 0.0627 0.0667","1.8 1.7 1.7",15,15,0.57,0.00,0,0,0,0
27.000,6,0.000,0.000,0.000,3,3,-78.353,"-76.3 -81.5 -77.3","0.000 0.000 0.000",-91.191,-75.059,"-100.7 -99.9 -99.3 -79.8 -76.8 -75.1 -73.8 -75.1",1.873,520,0,1457,1317,"-8e+01 -8e+01 -8e+01","0.847 0.0627 0.0667","1.9 1.8 1.8",14,14,7.68,0.00,0,0,0,0
27.100,6,0.000,0.000,0.000,3,3,-78.353,"-76.3 -81.5 -77.3","0.000 0.000 0.000",-91.191,-75.059,"-100.7 -99.9 -99.3 -79.8 -76.8 -75.1 -73.8 -75.1",1.973,522,0,1457,1329,"-8e+01 -8e+01 -8e+01","0.847 0.0627 0.0667","2 1.9 1.9",3,3,21.79,0.00,0,0,0,0
27.200,6,0.000,0.000,0.000,3,3,-78.353,"-76.3 -81.5 -77.3","0.000 0.000 0.000",-91.191,-75.059,"-100.7 -99.9 -99.3 -79.8 -76.8 -75.1 -73.8 -75.1",2.073,524,0,1457,1334,"-8e+01 -8e+01 -8e+01","0.847 0.0627 0.0667","2.1 2 2",15,15,10.33,0.00,0,0,0,0
27.300,6,0.000,0.000,0.000,3,3,-78.353,"-76.3 -81.5 -77.3","0.000 0.000 0.000",-91.191,-76.809,"-100.8 -100.7 -99.9 -99.3 -79.8 -76.8 -75.1 -75.1",2.173,526,0,1457,1346,"-8e+01 -8e+01 -8e+01","0.847 0.0627 0.0667","2.2 2.1 2.1",9,9,15.44,0.00,0,0,0,0
27.400,6,0.000,0.000,0.000,3,3,-78.353,"-76.3 -81.5 -77.3","0.000 0.000 0.000",-91.191,-76.809,"-100.8 -100.7 -99.9 -99.3 -79.8 -76.8 -75.1 -73.8",2.273,528,0,1457,1351,"-8e+01 -8e+01 -8e+01","0.847 0.0627 0.0667","2.3 2.2 2.2",14,14,8.50,0.00,0,0,0,0
27.500,6,0.000,0.000,0.000,3,3,-78.353,"-76.3 -81.5 -77.3","0.000 0.000 0.000",-91.191,-76.809,"-100.8 -100.7 -99.9 -99.3 -79.8 -76.8 -75.1 -73.8",2.373,530,0,1457,1360,"-8e+01 -8e+01 -8e+01","0.847 0.0627 0.0667","2.4 2.3 2.3",17,17,5.25,0.00,0,0,0,0
27.600,6,0.000,0.000,0.000,3,3,-78.353,"-76.3 -81.5 -77.3","0.000 0.000 0.000",-91.191,-76.809,"-100.8 -100.7 -99.9 -99.3 -79.8 -76.8 -75.1 -73.8",2.473,532,0,1457,1368,"-8e+01 -8e+01 -8e+01","0.847 0.0627 0.0667","2.5 2.4 2.4",8,8,40.11,0.00,0,0,0,0
27.700,6,0.091,0.091,0.000,3,3,-78.353,"-76.3 -81.5 -77.3","0.091 0.091 0.091",-93.765,-99.943,"-100.8 -100.7 -99.9 -99.3 -99.3 -99.9 -100.7 -100.8",0.073,534,0,1465,1370,"-8e+01 -8e+01 -8e+01","0.788 0.0784 0.0824","0.073 0.048 0.023",17,17,6.26,0.00,22,21,53,51
27.800,6,0.182,0.182,0.000,3,3,-78.473,"-76.6 -81.5 -77.3","0.182 0.182 0.182",-93.765,-99.943,"-73.8 -75.1 -76.8 -79.8 -99.3 -99.9 -100.7 -100.8",0.073,536,0,1470,1372,"-8e+01 -8e+01 -8e+01","0.788 0.0784 0.0824","0.073 0.048 0.023",3,3,0.01,0.00,0,0,3,0
27.900,6,0.273,0.273,0.000,3,3,-78.353,"-76.3 -81.5 -77.3","0.273 0.273 0.273",-93.765,-99.943,"-73.8 -75.1 -76.8 -79.8 -99.3 -99.9 -100.7 -100.8",0.073,538,0,1477,1374,"-8e+01 -8e+01 -8e+01","0.788 0.0784 0.0824","0.073 0.048 0.023",3,3,0.01,0.00,0,0,3,0
28.000,6,0.364,0.364,0.000,3,3,-78.473,"-76.6 -81.5 -77.3","0.364 0.364 0.364",-93.765,-99.943,"-73.8 -75.1 -76.8 -79.8 -99.3 -99.9 -100.7 -100.8",0.073,540,0,1482,1376,"-8e+01 -8e+01 -8e+01","0.788 0.0784 0.0824","0.073 0.048 0.023",3,3,0.01,0.00,0,0,3,0
28.100,6,0.455,0.455,0.000,3,3,-78.353,"-76.3 -81.5 -77.3","0.455 0.455 0.455",-91.191,-99.943,"-75.1 -75.1 -76.8 -79.8 -99.3 -99.9 -100.7 -100.8",0.073,542,0,1489,1379,"-8e+01 -8e+01 -8e+01","0.788 0.0784 0.0824","0.073 0.048 0.023",3,3,0.02,0.00,0,0,3,0
28.200,6,0.545,0.545,0.000,3,3,-78.473,"-76.6 -81.5 -77.3","0.545 0.545 0.545",-91.191,-99.291,"-75.1 -73.8 -75.1 -76.8 -79.8 -99.3 -99.9 -100.7",0.073,544,0,1497,1384,"-8e+01 -8e+01 -8e+01","0.792 0.0784 0.0824","0.073 0.048 0.023",3,3,0.01,0.00,0,0,3,0
28.300,6,0.636,0.636,0.000,3,0,-78.473,"-76.6 -81.5 -77.3","0.636 0.636 0.636",-91.191,-99.291,"-75.1 -73.8 -75.1 -76.8 -79.8 -99.3 -99.9 -100.7",0.073,546,0,1501,1386,"-8e+01 -8e+01 -8e+01","0.792 0.0784 0.0824","0.073 0.048 0.023",2,2,5.16,0.00,0,0,3,0
28.400,6,0.727,0.727,0.000,3,0,-78.473,"-76.6 -81.5 -77.3","0.727 0.727 0.727",-91.191,-99.291,"-75.1 -73.8 -75.1 -76.8 -79.8 -99.3 -99.9 -100.7",0.073,548,0,1504,1388,"-8e+01 -8e+01 -8e+01","0.792 0.0784 0.0824","0.073 0.048 0.023",1,1,0.02,0.00,0,0,3,0
28.500,6,0.727,0.727,0.000,3,0,-78.473,"-76.6 -81.5 -77.3","0.727 0.727 0.727",-91.191,-99.291,"-76.8 -75.1 -75.1 -76.8 -79.8 -99.3 -99.9 -100.7",0.173,550,0,1504,1394,"-8e+01 -8e+01 -8e+01","0.792 0.0784 0.0824","0.17 0.15 0.12",1,1,0.00,0.00,0,0,0,0
28.600,6,0.727,0.727,0.000,3,0,-78.473,"-76.6 -81.5 -77.3","0.727 0.727 0.727",-91.191,-79.795,"-76.8 -75.1 -73.8 -75.1 -76.8 -79.8 -99.3 -99.9",0.273,552,0,1504,1399,"-8e+01 -8e+01 -8e+01","0.792 0.0784 0.0824","0.27 0.25 0.22",1,1,0.01,0.00,0,0,0,0
28.700,6,0.727,0.727,0.000,3,0,-78.473,"-76.6 -81.5 -77.3","0.727 0.727 0.727",-91.191,-79.795,"-76.8 -75.1 -73.8 -75.1 -76.8 -79.8 -99.3 -99.9",0.373,554,0,1504,1404,"-8e+01 -8e+01 -8e+01","0.792 0.0784 0.0824","0.37 0.35 0.32",1,1,0.01,0.00,0,0,0,0
28.800,6,0.636,0.636,0.000,3,0,-78.473,"-76.6 -81.5 -77.3","0.636 0.636 0.636",-91.191,-79.795,"-76.8 -75.1 -73.8 -75.1 -76.8 -79.8 -99.3 -99.9",0.473,556,0,1504,1409,"-8e+01 -8e+01 -8e+01","0.792 0.0784 0.0824","0.47 0.45 0.42",1,1,0.01,0.00,0,0,0,0
28.900,6,0.545,0.545,0.000,3,3,-78.473,"-76.6 -81.5 -77.3","0.545 0.545 0.545",-91.191,-79.795,"-79.8 -76.8 -75.1 -75.1 -76.8 -79.8 -99.3 -99.9",0.573,558,0,1504,1414,"-8e+01 -8e+01 -8e+01","0.792 0.0784 0.0824","0.57 0.55 0.52",1,1,0.01,0.00,0,0,0,0
29.000,6,0.455,0.455,0.000,3,3,-78.473,"-76.6 -81.5 -77.3","0.455 0.455 0.455",-91.191,-76.809,"-79.8 -76.8 -75.1 -73.8 -75.1 -76.8 -79.8 -99.3",0.673,560,0,1504,1419,"-8e+01 -8e+01 -8e+01","0.792 0.0784 0.0824","0.67 0.65 0.62",1,1,0.01,0.00,0,0,0,0
29.100,6,0.364,0.364,0.000,3,3,-78.473,"-76.6 -81.5 -77.3","0.364 0.364 0.364",-91.191,-76.809,"-79.8 -76.8 -75.1 -73.8 -75.1 -76.8 -79.8 -99.3",0.773,562,0,1504,1424,"-8e+01 -8e+01 -8e+01","0.792 0.0784 0.0824","0.77 0.75 0.72",1,1,0.01,0.00,0,0,0,0
29.200,6,0.273,0.273,0.000,3,3,-78.473,"-76.6 -81.5 -77.3","0.273 0.273 0.273",-91.191,-76.809,"-79.8 -76.8 -75.1 -73.8 -75.1 -76.8 -79.8 -99.3",0.873,564,0,1504,1429,"-8e+01 -8e+01 -8e+01","0.792 0.0784 0.0824","0.87 0.85 0.82",1,1,0.01,0.00,0,0,0,0
29.300,6,0.182,0.182,0.000,3,3,-78.473,"-76.6 -81.5 -77.3","0.182 0.182 0.182",-91.191,-76.809,"-99.3 -79.8 -76.8 -75.1 -75.1 -76.8 -79.8 -99.3",0.973,566,0,1504,1434,"-8e+01 -8e+01 -8e+01","0.792 0.0784 0.0824","0.97 0.95 0.92",1,1,0.01,0.00,0,0,0,0
29.400,6,0.091,0.091,0.000,3,3,-78.473,"-76.6 -81.5 -77.3","0.091 0.091 0.091",-91.191,-75.059,"-99.3 -79.8 -76.8 -75.1 -73.8 -75.1 -76.8 -79.8",1.073,568,0,1504,1439,"-8e+01 -8e+01 -8e+01","0.792 0.0784 0.0824","1.1 1 1",1,1,0.01,0.00,0,0,0,0
29.500,6,0.000,0.000,0.000,3,3,-78.473,"-76.6 -81.5 -77.3","0.000 0.000 0.000",-91.191,-75.059,"-99.3 -79.8 -76.8 -75.1 -73.8 -75.1 -76.8 -79.8",1.173,570,0,1504,1444,"-8e+01 -8e+01 -8e+01","0.792 0.0784 0.0824","1.2 1.1 1.1",1,1,0.01,0.00,0,0,0,0
29.600,6,0.000,0.000,0.000,3,3,-78.473,"-76.6 -81.5 -77.3","0.000 0.000 0.000",-91.191,-75.059,"-99.3 -79.8 -76.8 -75.1 -73.8 -75.1 -76.8 -79.8",1.273,572,0,1504,1449,"-8e+01 -8e+01 -8e+01","0.792 0.0784 0.0824","1.3 1.2 1.2",1,1,0.01,0.00,0,0,0,0
29.700,6,0.000,0.000,0.000,3,3,-78.473,"-76.6 -81.5 -77.3","0.000 0.000 0.000",-91.191,-75.059,"-99.9 -99.3 -79.8 -76.8 -75.1 -75.1 -76.8 -79.8",1.373,574,0,1504,1454,"-8e+01 -8e+01 -8e+01","0.792 0.0784 0.0824","1.4 1.3 1.3",1,1,0.01,0.00,0,0,0,0
29.800,6,0.000,0.000,0.000,3,3,-78.473,"-76.6 -81.5 -77.3","0.000 0.000 0.000",-91.191,-73.814,"-99.9 -99.3 -79.8 -76.8 -75.1 -73.8 -75.1 -76.8",1.473,576,0,1504,1459,"-8e+01 -8e+01 -8e+01","0.792 0.0784 0.0824","1.5 1.4 1.4",1,1,0.01,0.00,0,0,0,0
29.900,6,0.000,0.000,0.000,3,3,-78.473,"-76.6 -81.5 -77.3","0.000 0.000 0.000",-91.191,-73.814,"-99.9 -99.3 -79.8 -76.8 -75.1 -73.8 -75.1 -76.8",1.573,578,0,1504,1464,"-8e+01 -8e+01 -8e+01","0.792 0.0784 0.0824","1.6 1.5 1.5",1,1,0.01,0.00,0,0,0,0
30.000,6,0.000,0.000,0.000,3,3,-78.473,"-76.6 -81.5 -77.3","0.000 0.000 0.000",-91.191,-73.814,"-99.9 -99.3 -79.8 -76.8 -75.1 -73.8 -75.1 -76.8",1.673,580,0,1504,1469,"-8e+01 -8e+01 -8e+01","0.792 0.0784 0.0824","1.7 1.6 1.6",1,1,0.01,0.00,0,0,0,0
30.100,6,0.000,0.000,0.000,3,3,-78.473,"-76.6 -81.5 -77.3","0.000 0.000 0.000",-91.191,-75.059,"-100.7 -99.9 -99.3 -79.8 -76.8 -75.1 -75.1 -76.8",1.773,582,0,1504,1474,"-8e+01 -8e+01 -8e+01","0.792 0.0784 0.0824","1.8 1.7 1.7",1,1,0.01,0.00,0,0,0,0
30.200,6,0.000,0.000,0.000,3,3,-78.473,"-76.6 -81.5 -77.3","0.000 0.000 0.000",-91.191,-75.059,"-100.7 -99.9 -99.3 -79.8 -76.8 -75.1 -73.8 -75.1",1.873,584,0,1504,1481,"-8e+01 -8e+01 -8e+01","0.792 0.0784 0.0824","1.9 1.8 1.8",1,1,0.01,0.00,0,0,0,0
30.300,6,0.000,0.000,0.000,3,3,-78.473,"-76.6 -81.5 -77.3","0.000 0.000 0.000",-91.191,-75.059,"-100.7 -99.9 -99.3 -79.8 -76.8 -75.1 -73.8 -75.1",1.973,586,0,1504,1486,"-8e+01 -8e+01 -8e+01","0.792 0.0784 0.0824","2 1.9 1.9",1,1,0.01,0.00,0,0,0,0
30.400,6,0.000,0.000,0.000,3,3,-78.473,"-76.6 -81.5 -77.3","0.000 0.000 0.000",-91.191,-75.059,"-100.7 -99.9 -99.3 -79.8 -76.8 -75.1 -73.8 -75.1",2.073,588,0,1504,1492,"-8e+01 -8e+01 -8e+01","0.792 0.0784 0.0824","2.1 2 2",1,1,0.01,0.00,0,0,0,0
30.500,6,0.000,0.000,0.000,3,3,-78.473,"-76.6 -81.5 -77.3","0.000 0.000 0.000",-91.191,-76.809,"-100.8 -100.7 -99.9 -99.3 -79.8 -76.8 -75.1 -75.1",2.173,590,0,1504,1499,"-8e+01 -8e+01 -8e+01","0.792 0.0784 0.0824","2.2 2.1 2.1",2,2,9.90,0.00,0,0,0,0
30.600,6,0.000,0.000,0.000,3,3,-78.473,"-76.6 -81.5 -77.3","0.000 0.000 0.000",-91.191,-76.809,"-100.8 -100.7 -99.9 -99.3 -79.8 -76.8 -75.1 -73.8",2.273,592,0,1504,1504,"-8e+01 -8e+01 -8e+01","0.792 0.0784 0.0824","2.3 2.2 2.2",1,1,10.07,0.00,0,0,0,0
30.700,6,0.000,0.000,0.000,3,3,-78.473,"-76.6 -81.5 -77.3","0.000 0.000 0.000",-91.191,-76.809,"-100.8 -100.7 -99.9 -99.3 -79.8 -76.8 -75.1 -73.8",2.373,594,0,1504,1509,"-8e+01 -8e+01 -8e+01","0.792 0.0784 0.0824","2.4 2.3 2.3",1,1,0.01,0.00,0,0,0,0
30.800,6,0.000,0.000,0.000,3,3,-78.473,"-76.6 -81.5 -77.3","0.000 0.000 0.000",-91.191,-76.809,"-100.8 -100.7 -99.9 -99.3 -79.8 -76.8 -75.1 -73.8",2.473,596,0,1504,1514,"-8e+01 -8e+01 -8e+01","0.792 0.0784 0.0824","2.5 2.4 2.4",1,1,0.01,0.00,0,0,0,0
30.900,6,0.091,0.091,0.000,3,3,-78.473,"-76.6 -81.5 -77.3","0.091 0.091 0.091",-93.765,-99.943,"-100.8 -100.7 -99.9 -99.3 -99.3 -99.9 -100.7 -100.8",0.073,598,0,1507,1516,"-8e+01 -8e+01 -8e+01","0.729 0.0784 0.0824","0.073 0.048 0.023",1,1,0.01,0.00,0,0,75,72
31.000,6,0.182,0.182,0.000,3,3,-78.473,"-76.6 -81.5 -77.3","0.182 0.182 0.182",-93.765,-99.943,"-73.8 -75.1 -76.8 -79.8 -99.3 -99.9 -100.7 -100.8",0.073,600,0,1510,1518,"-8e+01 -8e+01 -8e+01","0.729 0.0784 0.0824","0.073 0.048 0.023",1,1,0.01,0.00,0,0,3,0
31.100,6,0.273,0.273,0.000,3,3,-78.473,"-76.6 -81.5 -77.3","0.273 0.273 0.273",-93.765,-99.943,"-73.8 -75.1 -76.8 -79.8 -99.3 -99.9 -100.7 -100.8",0.073,602,0,1513,1520,"-8e+01 -8e+01 -8e+01","0.733 0.0784 0.0824","0.073 0.048 0.023",1,1,0.02,0.00,0,0,3,0
31.200,6,0.364,0.364,0.000,3,3,-78.473,"-76.6 -81.5 -77.3","0.364 0.364 0.364",-93.765,-99.943,"-73.8 -75.1 -76.8 -79.8 -99.3 -99.9 -100.7 -100.8",0.073,604,0,1516,1522,"-8e+01 -8e+01 -8e+01","0.733 0.0784 0.0824","0.073 0.048 0.023",1,1,0.00,0.00,0,0,3,0
31.300,6,0.455,0.455,0.000,3,3,-78.473,"-76.6 -81.5 -77.3","0.455 0.455 0.455",-91.191,-99.943,"-75.1 -75.1 -76.8 -79.8 -99.3 -99.9 -100.7 -100.8",0.073,606,0,1519,1524,"-8e+01 -8e+01 -8e+01","0.733 0.0784 0.0824","0.073 0.048 0.023",1,1,0.01,0.00,0,0,3,0
31.400,6,0.545,0.545,0.000,3,3,-78.473,"-76.6 -81.5 -77.3","0.545 0.545 0.545",-91.191,-99.290,"-75.1 -73.8 -75.1 -76.8 -79.8 -99.3 -99.9 -100.7",0.073,608,0,1522,1526,"-8e+01 -8e+01 -8e+01","0.733 0.0784 0.0824","0.073 0.048 0.023",1,1,0.01,0.00,0,0,3,0
31.500,6,0.636,0.636,0.000,3,0,-78.473,"-76.6 -81.5 -77.3","0.636 0.636 0.636",-91.191,-99.290,"-75.1 -73.8 -75.1 -76.8 -79.8 -99.3 -99.9 -100.7",0.073,610,0,1525,1528,"-8e+01 -8e+01 -8e+01","0.733 0.0784 0.0824","0.073 0.048 0.023",1,1,0.01,0.00,0,0,3,0
31.600,6,0.727,0.727,0.000,3,0,-78.473,"-76.6 -81.5 -77.3","0.727 0.727 0.727",-91.191,-99.290,"-75.1 -73.8 -75.1 -76.8 -79.8 -99.3 -99.9 -100.7",0.073,612,0,1528,1530,"-8e+01 -8e+01 -8e+01","0.737 0.0784 0.0824","0.073 0.048 0.023",1,1,0.02,0.00,0,0,3,0
31.700,6,0.727,0.727,0.000,3,0,-78.473,"-76.6 -81.5 -77.3","0.727 0.727 0.727",-91.191,-99.290,"-76.8 -75.1 -75.1 -76.8 -79.8 -99.3 -99.9 -100.7",0.173,614,0,1528,1535,"-8e+01 -8e+01 -8e+01","0.737 0.0784 0.0824","0.17 0.15 0.12",1,1,0.00,0.00,0,0,0,0
31.800,6,0.727,0.727,0.000,3,0,-78.473,"-76.6 -81.5 -77.3","0.727 0.727 0.727",-91.191,-79.795,"-76.8 -75.1 -73.8 -75.1 -76.8 -79.8 -99.3 -99.9",0.273,616,0,1528,1540,"-8e+01 -8e+01 -8e+01","0.737 0.0784 0.0824","0.27 0.25 0.22",1,1,0.01,0.00,0,0,0,0
31.900,6,0.727,0.727,0.000,3,0,-78.473,"-76.6 -81.5 -77.3","0.727 0.727 0.727",-91.191,-79.795,"-76.8 -75.1 -73.8 -75.1 -76.8 -79.8 -99.3 -99.9",0.373,618,0,1528,1545,"-8e+01 -8e+01 -8e+01","0.737 0.0784 0.0824","0.37 0.35 0.32",1,1,0.01,0.00,0,0,0,0
32.000,6,0.636,0.636,0.000,3,0,-78.473,"-76.6 -81.5 -77.3","0.636 0.636 0.636",-91.191,-79.795,"-76.8 -75.1 -73.8 -75.1 -76.8 -79.8 -99.3 -99.9",0.473,620,0,1528,1550,"-8e+01 -8e+01 -8e+01","0.737 0.0784 0.0824","0.47 0.45 0.42",1,1,0.01,0.00,0,0,0,0
32.100,6,0.545,0.545,0.000,3,3,-78.473,"-76.6 -81.5 -77.3","0.545 0.545 0.545",-91.191,-79.795,"-79.8 -76.8 -75.1 -75.1 -76.8 -79.8 -99.3 -99.9",0.573,622,0,1528,1557,"-8e+01 -8e+01 -8e+01","0.737 0.0784 0.0824","0.57 0.55 0.52",1,1,0.01,0.00,0,0,0,0
32.200,6,0.400,0.400,0.000,3,3,-78.473,"-76.6 -81.5 -77.3","0.400 0.400 0.400",-91.191,-76.809,"-79.8 -76.8 -75.1 -73.8 -75.1 -76.8 -79.8 -99.3",0.673,624,0,1528,1564,"-8e+01 -8e+01 -8e+01","0.737 0.0784 0.0824","0.67 0.65 0.62",2,2,10.17,0.00,0,0,0,0
32.300,6,0.364,0.364,0.000,3,3,-78.473,"-76.6 -81.5 -77.3","0.364 0.364 0.364",-91.191,-76.809,"-79.8 -76.8 -75.1 -73.8 -75.1 -76.8 -79.8 -99.3",0.773,626,0,1528,1569,"-8e+01 -8e+01 -8e+01","0.737 0.0784 0.0824","0.77 0.75 0.72",1,1,0.01,0.00,0,0,0,0
32.400,6,0.273,0.273,0.000,3,3,-78.473,"-76.6 -81.5 -77.3","0.273 0.273 0.273",-91.191,-76.809,"-79.8 -76.8 -75.1 -73.8 -75.1 -76.8 -79.8 -99.3",0.873,628,0,1528,1575,"-8e+01 -8e+01 -8e+01","0.737 0.0784 0.0824","0.87 0.85 0.82",1,1,0.01,0.00,0,0,0,0
32.500,6,0.182,0.182,0.000,3,3,-78.473,"-76.6 -81.5 -77.3","0.182 0.182 0.182",-91.191,-76.809,"-99.3 -79.8 -76.8 -75.1 -75.1 -76.8 -79.8 -99.3",0.973,630,0,1528,1580,"-8e+01 -8e+01 -8e+01","0.737 0.0784 0.0824","0.97 0.95 0.92",1,1,0.01,0.00,0,0,0,0
32.600,6,0.091,0.091,0.000,3,3,-78.473,"-76.6 -81.5 -77.3","0.091 0.091 0.091",-91.191,-75.059,"-99.3 -79.8 -76.8 -75.1 -73.8 -75.1 -76.8 -79.8",1.073,632,0,1528,1585,"-8e+01 -8e+01 -8e+01","0.737 0.0784 0.0824","1.1 1 1",1,1,0.01,0.00,0,0,0,0
32.700,6,0.000,0.000,0.000,3,3,-78.473,"-76.6 -81.5 -77.3","0.000 0.000 0.000",-91.191,-75.059,"-99.3 -79.8 -76.8 -75.1 -73.8 -75.1 -76.8 -79.8",1.173,634,0,1528,1590,"-8e+01 -8e+01 -8e+01","0.737 0.0784 0.0824","1.2 1.1 1.1",1,1,0.01,0.00,0,0,0,0
32.800,6,0.000,0.000,0.000,3,3,-78.473,"-76.6 -81.5 -77.3","0.000 0.000 0.000",-91.191,-75.059,"-99.3 -79.8 -76.8 -75.1 -73.8 -75.1 -76.8 -79.8",1.273,636,0,1528,1595,"-8e+01 -8e+01 -8e+01","0.737 0.0784 0.0824","1.3 1.2 1.2",1,1,0.01,0.00,0,0,0,0
32.900,6,0.000,0.000,0.000,3,3,-78.473,"-76.6 -81.5 -77.3","0.000 0.000 0.000",-91.191,-75.059,"-99.9 -99.3 -79.8 -76.8 -75.1 -75.1 -76.8 -79.8",1.373,638,0,1528,1600,"-8e+01 -8e+01 -8e+01","0.737 0.0784 0.0824","1.4 1.3 1.3",1,1,0.01,0.00,0,0,0,0
33.000,6,0.000,0.000,0.000,3,3,-78.473,"-76.6 -81.5 -77.3","0.000 0.000 0.000",-91.191,-73.814,"-99.9 -99.3 -79.8 -76.8 -75.1 -73.8 -75.1 -76.8",1.473,640,0,1528,1605,"-8e+01 -8e+01 -8e+01","0.737 0.0784 0.0824","1.5 1.4 1.4",1,1,0.01,0.00,0,0,0,0
33.100,6,0.000,0.000,0.000,3,3,-78.473,"-76.6 -81.5 -77.3","0.000 0.000 0.000",-91.191,-73.814,"-99.9 -99.3 -79.8 -76.8 -75.1 -73.8 -75.1 -76.8",1.573,642,0,1528,1610,"-8e+01 -8e+01 -8e+01","0.737 0.0784 0.0824","1.6 1.5 1.5",1,1,0.01,0.00,0,0,0,0
33.200,6,0.000,0.000,0.000,3,3,-78.473,"-76.6 -81.5 -77.3","0.000 0.000 0.000",-91.191,-73.814,"-99.9 -99.3 -79.8 -76.8 -75.1 -73.8 -75.1 -76.8",1.673,644,0,1528,1615,"-8e+01 -8e+01 -8e+01","0.737 0.0784 0.0824","1.7 1.6 1.6",1,1,0.01,0.00,0,0,0,0
33.300,6,0.000,0.000,0.000,3,3,-78.473,"-76.6 -81.5 -77.3","0.000 0.000 0.000",-91.191,-75.059,"-100.7 -99.9 -99.3 -79.8 -76.8 -75.1 -75.1 -76.8",1.773,646,0,1528,1620,"-8e+01 -8e+01 -8e+01","0.737 0.0784 0.0824","1.8 1.7 1.7",1,1,0.01,0.00,0,0,0,0
33.400,6,0.000,0.000,0.000,3,3,-78.473,"-76.6 -81.5 -77.3","0.000 0.000 0.000",-91.191,-75.059,"-100.7 -99.9 -99.3 -79.8 -76.8 -75.1 -73.8 -75.1",1.873,648,0,1528,1625,"-8e+01 -8e+01 -8e+01","0.737 0.0784 0.0824","1.9 1.8 1.8",1,1,0.01,0.00,0,0,0,0
33.500,6,0.000,0.000,0.000,3,3,-78.473,"-76.6 -81.5 -77.3","0.000 0.000 0.000",-91.191,-75.059,"-100.7 -99.9 -99.3 -79.8 -76.8 -75.1 -73.8 -75.1",1.973,650,0,1528,1630,"-8e+01 -8e+01 -8e+01","0.737 0.0784 0.0824","2 1.9 1.9",1,1,0.01,0.00,0,0,0,0
33.600,6,0.000,0.000,0.000,3,3,-78.473,"-76.6 -81.5 -77.3","0.000 0.000 0.000",-91.191,-75.059,"-100.7 -99.9 -99.3 -79.8 -76.8 -75.1 -73.8 -75.1",2.073,652,0,1528,1635,"-8e+01 -8e+01 -8e+01","0.737 0.0784 0.0824","2.1 2 2",1,1,0.01,0.00,0,0,0,0
33.700,6,0.000,0.000,0.000,3,3,-78.473,"-76.6 -81.5 -77.3","0.000 0.000 0.000",-91.191,-76.809,"-100.8 -100.7 -99.9 -99.3 -79.8 -76.8 -75.1 -75.1",2.173,654,0,1528,1640,"-8e+01 -8e+01 -8e+01","0.737 0.0784 0.0824","2.2 2.1 2.1",1,1,0.01,0.00,0,0,0,0
33.800,6,0.000,0.000,0.000,3,3,-78.473,"-76.6 -81.5 -77.3","0.000 0.000 0.000",-91.191,-76.809,"-100.8 -100.7 -99.9 -99.3 -79.8 -76.8 -75.1 -73.8",2.273,656,0,1528,1645,"-8e+01 -8e+01 -8e+01","0.737 0.0784 0.0824","2.3 2.2 2.2",1,1,0.01,0.00,0,0,0,0
33.900,6,0.000,0.000,0.000,3,3,-78.473,"-76.6 -81.5 -77.3","0.000 0.000 0.000",-91.191,-76.809,"-100.8 -100.7 -99.9 -99.3 -79.8 -76.8 -75.1 -73.8",2.373,658,0,1528,1650,"-8e+01 -8e+01 -8e+01","0.737 0.0784 0.0824","2.4 2.3 2.3",1,1,0.01,0.00,0,0,0,0
34.000,6,0.000,0.000,0.000,3,3,-78.473,"-76.6 -81.5 -77.3","0.000 0.000 0.000",-91.191,-76.809,"-100.8 -100.7 -99.9 -99.3 -79.8 -76.8 -75.1 -73.8",2.473,660,0,1528,1655,"-8e+01 -8e+01 -8e+01","0.737 0.0784 0.0824","2.5 2.4 2.4",1,1,0.01,0.00,0,0,0,0
34.100,6,0.091,0.091,0.000,3,3,-78.473,"-76.6 -81.5 -77.3","0.091 0.091 0.091",-93.765,-99.943,"-100.8 -100.7 -99.9 -99.3 -99.3 -99.9 -100.7 -100.8",0.073,662,0,1531,1658,"-8e+01 -8e+01 -8e+01","0.682 0.0784 0.0824","0.073 0.048 0.023",1,1,0.01,0.00,0,0,75,72
34.200,6,0.182,0.182,0.000,3,3,-78.473,"-76.6 -81.5 -77.3","0.182 0.182 0.182",-93.765,-99.943,"-73.8 -75.1 -76.8 -79.8 -99.3 -99.9 -100.7 -100.8",0.073,664,0,1535,1660,"-8e+01 -8e+01 -8e+01","0.686 0.0784 0.0824","0.073 0.048 0.023",1,1,0.02,0.00,0,0,3,0
34.300,6,0.273,0.273,0.000,3,3,-78.473,"-76.6 -81.5 -77.3","0.273 0.273 0.273",-93.765,-99.943,"-73.8 -75.1 -76.8 -79.8 -99.3 -99.9 -100.7 -100.8",0.073,666,0,1538,1662,"-8e+01 -8e+01 -8e+01","0.686 0.0784 0.0824","0.073 0.048 0.023",1,1,0.02,0.00,0,0,3,0
34.400,6,0.364,0.364,0.000,3,3,-78.473,"-76.6 -81.5 -77.3","0.364 0.364 0.364",-93.765,-99.943,"-73.8 -75.1 -76.8 -79.8 -99.3 -99.9 -100.7 -100.8",0.073,668,0,1541,1664,"-8e+01 -8e+01 -8e+01","0.686 0.0784 0.0824","0.073 0.048 0.023",2,2,32.01,0.00,0,0,3,0
34.500,6,0.455,0.455,0.000,3,3,-78.473,"-76.6 -81.5 -77.3","0.455 0.455 0.455",-91.191,-99.943,"-75.1 -75.1 -76.8 -79.8 -99.3 -99.9 -100.7 -100.8",0.073,670,0,1548,1668,"-8e+01 -8e+01 -8e+01","0.686 0.0784 0.0824","0.073 0.048 0.023",2,2,0.00,0.00,0,0,3,0
34.600,6,0.545,0.545,0.000,3,3,-78.473,"-76.6 -81.5 -77.3","0.545 0.545 0.545",-91.191,-99.290,"-75.1 -73.8 -75.1 -76.8 -79.8 -99.3 -99.9 -100.7",0.073,672,0,1555,1672,"-8e+01 -8e+01 -8e+01","0.69 0.0784 0.0824","0.073 0.048 0.023",3,3,0.01,0.00,0,0,3,0
34.700,6,0.636,0.636,0.000,3,0,-78.473,"-76.6 -81.5 -77.3","0.636 0.636 0.636",-91.191,-99.290,"-75.1 -73.8 -75.1 -76.8 -79.8 -99.3 -99.9 -100.7",0.073,674,0,1562,1676,"-8e+01 -8e+01 -8e+01","0.69 0.0784 0.0824","0.073 0.048 0.023",3,3,0.02,0.00,0,0,3,0
34.800,6,0.727,0.727,0.000,3,0,-78.473,"-76.6 -81.5 -77.3","0.727 0.727 0.727",-91.191,-99.290,"-75.1 -73.8 -75.1 -76.8 -79.8 -99.3 -99.9 -100.7",0.073,676,0,1569,1680,"-8e+01 -8e+01 -8e+01","0.69 0.0784 0.0824","0.073 0.048 0.023",3,3,0.00,0.00,0,0,3,0
34.900,6,0.727,0.727,0.000,3,0,-78.473,"-76.6 -81.5 -77.3","0.727 0.727 0.727",-91.191,-99.290,"-76.8 -75.1 -75.1 -76.8 -79.8 -99.3 -99.9 -100.7",0.173,678,0,1569,1685,"-8e+01 -8e+01 -8e+01","0.69 0.0784 0.0824","0.17 0.15 0.12",15,15,0.40,0.00,0,0,0,0
35.000,6,0.727,0.727,0.000,3,0,-78.473,"-76.6 -81.5 -77.3","0.727 0.727 0.727",-91.191,-79.795,"-76.8 -75.1 -73.8 -75.1 -76.8 -79.8 -99.3 -99.9",0.273,680,0,1569,1690,"-8e+01 -8e+01 -8e+01","0.69 0.0784 0.0824","0.27 0.25 0.22",17,17,11.99,0.00,0,0,0,0
35.100,6,0.727,0.727,0.000,3,0,-78.473,"-76.6 -81.5 -77.3","0.727 0.727 0.727",-91.191,-79.795,"-76.8 -75.1 -73.8 -75.1 -76.8 -79.8 -99.3 -99.9",0.373,682,0,1569,1695,"-8e+01 -8e+01 -8e+01","0.69 0.0784 0.0824","0.37 0.35 0.32",15,15,5.57,0.00,0,0,0,0
35.200,6,0.636,0.636,0.000,3,0,-78.473,"-76.6 -81.5 -77.3","0.636 0.636 0.636",-91.191,-79.795,"-76.8 -75.1 -73.8 -75.1 -76.8 -79.8 -99.3 -99.9",0.473,684,0,1569,1700,"-8e+01 -8e+01 -8e+01","0.69 0.0784 0.0824","0.47 0.45 0.42",16,16,8.46,0.00,0,0,0,0
35.300,6,0.545,0.545,0.000,3,3,-78.473,"-76.6 -81.5 -77.3","0.545 0.545 0.545",-91.191,-79.795,"-79.8 -76.8 -75.1 -75.1 -76.8 -79.8 -99.3 -99.9",0.573,686,0,1569,1705,"-8e+01 -8e+01 -8e+01","0.69 0.0784 0.0824","0.57 0.55 0.52",15,15,6.56,0.00,0,0,0,0
35.400,6,0.455,0.455,0.000,3,3,-78.473,"-76.6 -81.5 -77.3","0.455 0.455 0.455",-91.191,-76.809,"-79.8 -76.8 -75.1 -73.8 -75.1 -76.8 -79.8 -99.3",0.673,688,0,1569,1710,"-8e+01 -8e+01 -8e+01","0.69 0.0784 0.0824","0.67 0.65 0.62",18,17,16.42,0.17,0,0,0,0
35.500,6,0.364,0.364,0.000,3,3,-78.473,"-76.6 -81.5 -77.3","0.364 0.364 0.364",-91.191,-76.809,"-79.8 -76.8 -75.1 -73.8 -75.1 -76.8 -79.8 -99.3",0.773,690,0,1569,1715,"-8e+01 -8e+01 -8e+01","0.69 0.0784 0.0824","0.77 0.75 0.72",15,15,9.71,0.00,0,0,0,0
35.600,6,0.273,0.273,0.000,3,3,-78.473,"-76.6 -81.5 -77.3","0.273 0.273 0.273",-91.191,-76.809,"-79.8 -76.8 -75.1 -73.8 -75.1 -76.8 -79.8 -99.3",0.873,692,0,1569,1720,"-8e+01 -8e+01 -8e+01","0.69 0.0784 0.0824","0.87 0.85 0.82",17,17,16.42,0.00,0,0,0,0
35.700,6,0.182,0.182,0.000,3,3,-78.473,"-76.6 -81.5 -77.3","0.182 0.182 0.182",-91.191,-76.809,"-99.3 -79.8 -76.8 -75.1 -75.1 -76.8 -79.8 -99.3",0.973,694,0,1569,1725,"-8e+01 -8e+01 -8e+01","0.69 0.0784 0.0824","0.97 0.95 0.92",15,15,14.46,0.00,0,0,0,0
35.800,6,0.091,0.091,0.000,3,3,-78.473,"-76.6 -81.5 -77.3","0.091 0.091 0.091",-91.191,-75.059,"-99.3 -79.8 -76.8 -75.1 -73.8 -75.1 -76.8 -79.8",1.073,696,0,1569,1730,"-8e+01 -8e+01 -8e+01","0.69 0.0784 0.0824","1.1 1 1",18,18,11.28,0.00,0,0,0,0
35.900,6,0.000,0.000,0.000,3,3,-78.473,"-76.6 -81.5 -77.3","0.000 0.000 0.000",-91.191,-75.059,"-99.3 -79.8 -76.8 -75.1 -73.8 -75.1 -76.8 -79.8",1.173,698,0,1569,1735,"-8e+01 -8e+01 -8e+01","0.69 0.0784 0.0824","1.2 1.1 1.1",15,15,8.89,0.00,0,0,0,0
36.000,6,0.000,0.000,0.000,3,3,-78.473,"-76.6 -81.5 -77.3","0.000 0.000 0.000",-91.191,-75.059,"-99.3 -79.8 -76.8 -75.1 -73.8 -75.1 -76.8 -79.8",1.273,700,0,1569,1740,"-8e+01 -8e+01 -8e+01","0.69 0.0784 0.0824","1.3 1.2 1.2",16,16,10.92,0.00,0,0,0,0
36.100,6,0.000,0.000,0.000,3,3,-78.473,"-76.6 -81.5 -77.3","0.000 0.000 0.000",-91.191,-75.059,"-99.9 -99.3 -79.8 -76.8 -75.1 -75.1 -76.8 -79.8",1.373,702,0,1569,1745,"-8e+01 -8e+01 -8e+01","0.69 0.0784 0.0824","1.4 1.3 1.3",16,16,17.11,0.00,0,0,0,0
36.200,6,0.000,0.000,0.000,3,3,-78.473,"-76.6 -81.5 -77.3","0.000 0.000 0.000",-91.191,-73.814,"-99.9 -99.3 -79.8 -76.8 -75.1 -73.8 -75.1 -76.8",1.473,704,0,1569,1751,"-8e+01 -8e+01 -8e+01","0.69 0.0784 0.0824","1.5 1.4 1.4",15,15,6.99,0.00,0,0,0,0
36.300,6,0.000,0.000,0.000,3,3,-78.473,"-76.6 -81.5 -77.3","0.000 0.000 0.000",-91.191,-73.814,"-99.9 -99.3 -79.8 -76.8 -75.1 -73.8 -75.1 -76.8",1.573,706,0,1569,1757,"-8e+01 -8e+01 -8e+01","0.69 0.0784 0.0824","1.6 1.5 1.5",10,10,10.31,0.00,0,0,0,0
36.400,6,0.000,0.000,0.000,3,3,-78.473,"-76.6 -81.5 -77.3","0.000 0.000 0.000",-91.191,-73.814,"-99.9 -99.3 -79.8 -76.8 -75.1 -73.8 -75.1 -76.8",1.673,708,0,1569,1764,"-8e+01 -8e+01 -8e+01","0.69 0.0784 0.0824","1.7 1.6 1.6",8,8,4.13,0.00,0,0,0,0
36.500,6,0.000,0.000,0.000,3,3,-78.473,"-76.6 -81.5 -77.3","0.000 0.000 0.000",-91.191,-75.059,"-100.7 -99.9 -99.3 -79.8 -76.8 -75.1 -75.1 -76.8",1.773,710,0,1569,1770,"-8e+01 -8e+01 -8e+01","0.69 0.0784 0.0824","1.8 1.7 1.7",15,15,29.18,0.00,0,0,0,0
36.600,6,0.000,0.000,0.000,3,3,-78.473,"-76.6 -81.5 -77.3","0.000 0.000 0.000",-91.191,-75.059,"-100.7 -99.9 -99.3 -79.8 -76.8 -75.1 -73.8 -75.1",1.873,712,0,1569,1775,"-8e+01 -8e+01 -8e+01","0.69 0.0784 0.0824","1.9 1.8 1.8",16,16,6.43,0.00,0,0,0,0
36.700,6,0.000,0.000,0.000,3,3,-78.473,"-76.6 -81.5 -77.3","0.000 0.000 0.000",-91.191,-75.059,"-100.7 -99.9 -99.3 -79.8 -76.8 -75.1 -73.8 -75.1",1.973,714,0,1569,1780,"-8e+01 -8e+01 -8e+01","0.69 0.0784 0.0824","2 1.9 1.9",9,9,4.05,0.00,0,0,0,0
36.800,6,0.000,0.000,0.000,3,3,-78.473,"-76.6 -81.5 -77.3","0.000 0.000 0.000",-91.191,-75.059,"-100.7 -99.9 -99.3 -79.8 -76.8 -75.1 -73.8 -75.1",2.073,716,0,1569,1785,"-8e+01 -8e+01 -8e+01","0.69 0.0784 0.0824","2.1 2 2",17,17,8.46,0.00,0,0,0,0
36.900,6,0.000,0.000,0.000,3,3,-78.473,"-76.6 -81.5 -77.3","0.000 0.000 0.000",-91.191,-76.809,"-100.8 -100.7 -99.9 -99.3 -79.8 -76.8 -75.1 -73.8",2.173,718,0,1569,1790,"-8e+01 -8e+01 -8e+01","0.69 0.0784 0.0824","2.2 2.1 2.1",14,14,0.64,0.00,0,0,0,0
37.000,6,0.000,0.000,0.000,3,3,-78.473,"-76.6 -81.5 -77.3","0.000 0.000 0.000",-91.191,-76.809,"-100.8 -100.7 -99.9 -99.3 -79.8 -76.8 -75.1 -73.8",2.273,720,0,1569,1795,"-8e+01 -8e+01 -8e+01","0.69 0.0784 0.0824","2.3 2.2 2.2",13,13,2.87,0.00,0,0,0,0
37.100,6,0.000,0.000,0.000,3,3,-78.473,"-76.6 -81.5 -77.3","0.000 0.000 0.000",-91.191,-76.809,"-100.8 -100.7 -99.9 -99.3 -79.8 -76.8 -75.1 -73.8",2.373,722,0,1569,1800,"-8e+01 -8e+01 -8e+01","0.69 0.0784 0.0824","2.4 2.3 2.3",20,20,2.22,0.00,0,0,0,0
37.200,6,0.000,0.000,0.000,3,3,-78.473,"-76.6 -81.5 -77.3","0.000 0.000 0.000",-91.191,-76.809,"-100.8 -100.7 -99.9 -99.3 -79.8 -76.8 -75.1 -73.8",2.473,724,0,1569,1805,"-8e+01 -8e+01 -8e+01","0.69 0.0784 0.0824","2.5 2.4 2.4",15,15,9.89,0.00,0,0,0,0
37.300,6,0.091,0.091,0.000,3,3,-78.473,"-76.6 -81.5 -77.3","0.091 0.091 0.091",-93.765,-99.943,"-100.8 -100.7 -99.9 -99.3 -99.3 -99.9 -100.7 -100.8",0.073,726,0,1577,1820,"-8e+01 -8e+01 -8e+01","0.655 0.0667 0.0706","0.073 0.048 0.023",17,17,3.28,0.00,23,23,52,49
37.400,6,0.182,0.182,0.000,3,3,-78.473,"-76.6 -81.5 -77.3","0.182 0.182 0.182",-93.765,-99.943,"-73.8 -75.1 -76.8 -79.8 -99.3 -99.9 -100.7 -100.8",0.073,728,0,1584,1824,"-8e+01 -8e+01 -8e+01","0.655 0.0667 0.0706","0.073 0.048 0.023",3,3,0.01,0.00,0,0,3,0
37.500,6,0.273,0.273,0.000,3,3,-78.473,"-76.6 -81.5 -77.3","0.273 0.273 0.273",-93.765,-99.943,"-73.8 -75.1 -76.8 -79.8 -99.3 -99.9 -100.7 -100.8",0.073,730,0,1591,1828,"-8e+01 -8e+01 -8e+01","0.655 0.0667 0.0706","0.073 0.048 0.023",3,3,0.01,0.00,0,0,3,0
37.600,6,0.364,0.364,0.000,3,3,-78.473,"-76.6 -81.5 -77.3","0.364 0.364 0.364",-93.765,-99.943,"-73.8 -75.1 -76.8 -79.8 -99.3 -99.9 -100.7 -100.8",0.073,732,0,1598,1832,"-8e+01 -8e+01 -8e+01","0.655 0.0667 0.0706","0.073 0.048 0.023",3,3,0.02,0.00,0,0,3,0
37.700,6,0.455,0.455,0.000,3,3,-78.473,"-76.6 -81.5 -77.3","0.455 0.455 0.455",-91.191,-99.943,"-75.1 -75.1 -76.8 -79.8 -99.3 -99.9 -100.7 -100.8",0.073,734,0,1605,1836,"-8e+01 -8e+01 -8e+01","0.659 0.0667 0.0706","0.073 0.048 0.023",3,3,0.01,0.00,0,0,3,0
37.800,6,0.545,0.545,0.000,3,3,-78.473,"-76.6 -81.5 -77.3","0.545 0.545 0.545",-91.191,-99.290,"-75.1 -73.8 -75.1 -76.8 -79.8 -99.3 -99.9 -100.7",0.073,736,0,1612,1840,"-8e+01 -8e+01 -8e+01","0.659 0.0667 0.0706","0.073 0.048 0.023",3,3,0.01,0.00,0,0,3,0
37.900,6,0.636,0.636,0.000,3,0,-78.473,"-76.6 -81.5 -77.3","0.636 0.636 0.636",-91.191,-99.290,"-75.1 -73.8 -75.1 -76.8 -79.8 -99.3 -99.9 -100.7",0.073,738,0,1619,1844,"-8e+01 -8e+01 -8e+01","0.659 0.0667 0.0706","0.073 0.048 0.023",3,3,0.01,0.00,0,0,3,0
38.000,6,0.727,0.727,0.000,3,0,-78.473,"-76.6 -81.5 -77.3","0.727 0.727 0.727",-91.191,-99.290,"-75.1 -73.8 -75.1 -76.8 -79.8 -99.3 -99.9 -100.7",0.073,740,0,1626,1848,"-8e+01 -8e+01 -8e+01","0.659 0.0667 0.0706","0.073 0.048 0.023",3,3,0.01,0.00,0,0,3,0
38.100,6,0.727,0.727,0.000,3,0,-78.473,"-76.6 -81.5 -77.3","0.727 0.727 0.727",-91.191,-99.290,"-76.8 -75.1 -75.1 -76.8 -79.8 -99.3 -99.9 -100.7",0.173,742,0,1626,1854,"-8e+01 -8e+01 -8e+01","0.659 0.0667 0.0706","0.17 0.15 0.12",19,19,5.70,0.00,0,0,0,0
38.200,6,0.727,0.727,0.000,3,0,-78.473,"-76.6 -81.5 -77.3","0.727 0.727 0.727",-91.191,-79.795,"-76.8 -75.1 -73.8 -75.1 -76.8 -79.8 -99.3 -99.9",0.273,744,0,1626,1860,"-8e+01 -8e+01 -8e+01","0.659 0.0667 0.0706","0.27 0.25 0.22",13,13,5.14,0.00,0,0,0,0
38.300,6,0.727,0.727,0.000,3,0,-78.473,"-76.6 -81.5 -77.3","0.727 0.727 0.727",-91.191,-79.795,"-76.8 -75.1 -73.8 -75.1 -76.8 -79.8 -99.3 -99.9",0.373,746,0,1626,1865,"-8e+01 -8e+01 -8e+01","0.659 0.0667 0.0706","0.37 0.35 0.32",22,22,10.73,0.00,0,0,0,0
38.400,6,0.636,0.636,0.000,3,0,-78.473,"-76.6 -81.5 -77.3","0.636 0.636 0.636",-91.191,-79.795,"-76.8 -75.1 -73.8 -75.1 -76.8 -79.8 -99.3 -99.9",0.473,748,0,1626,1872,"-8e+01 -8e+01 -8e+01","0.659 0.0667 0.0706","0.47 0.45 0.42",10,10,0.66,0.00,0,0,0,0
38.500,6,0.545,0.545,0.000,3,3,-78.473,"-76.6 -81.5 -77.3","0.545 0.545 0.545",-91.191,-79.795,"-79.8 -76.8 -75.1 -75.1 -76.8 -79.8 -99.3 -99.9",0.573,750,0,1626,1878,"-8e+01 -8e+01 -8e+01","0.659 0.0667 0.0706","0.57 0.55 0.52",8,8,0.27,0.00,0,0,0,0
38.600,6,0.455,0.455,0.000,3,3,-78.473,"-76.6 -81.5 -77.3","0.455 0.455 0.455",-91.191,-76.809,"-79.8 -76.8 -75.1 -73.8 -75.1 -76.8 -79.8 -99.3",0.673,752,0,1626,1883,"-8e+01 -8e+01 -8e+01","0.659 0.0667 0.0706","0.67 0.65 0.62",15,14,10.22,0.20,0,0,0,0
38.700,6,0.364,0.364,0.000,3,3,-78.473,"-76.6 -81.5 -77.3","0.364 0.364 0.364",-91.191,-76.809,"-79.8 -76.8 -75.1 -73.8 -75.1 -76.8 -79.8 -99.3",0.773,754,0,1626,1888,"-8e+01 -8e+01 -8e+01","0.659 0.0667 0.0706","0.77 0.75 0.72",10,10,10.69,0.00,0,0,0,0
38.800,6,0.273,0.273,0.000,3,3,-78.473,"-76.6 -81.5 -77.3","0.273 0.273 0.273",-91.191,-76.809,"-79.8 -76.8 -75.1 -73.8 -75.1 -76.8 -79.8 -99.3",0.873,756,0,1626,1893,"-8e+01 -8e+01 -8e+01","0.659 0.0667 0.0706","0.87 0.85 0.82",15,15,7.79,0.00,0,0,0,0
38.900,6,0.182,0.182,0.000,3,3,-78.473,"-76.6 -81.5 -77.3","0.182 0.182 0.182",-91.191,-76.809,"-99.3 -79.8 -76.8 -75.1 -75.1 -76.8 -79.8 -99.3",0.973,758,0,1626,1898,"-8e+01 -8e+01 -8e+01","0.659 0.0667 0.0706","0.97 0.95 0.92",16,16,12.89,0.00,0,0,0,0
39.000,6,0.091,0.091,0.000,3,3,-78.473,"-76.6 -81.5 -77.3","0.091 0.091 0.091",-91.191,-75.059,"-99.3 -79.8 -76.8 -75.1 -73.8 -75.1 -76.8 -79.8",1.073,760,0,1626,1903,"-8e+01 -8e+01 -8e+01","0.659 0.0667 0.0706","1.1 1 1",15,15,3.01,0.00,0,0,0,0
39.100,6,0.000,0.000,0.000,3,3,-78.473,"-76.6 -81.5 -77.3","0.000 0.000 0.000",-91.191,-75.059,"-99.3 -79.8 -76.8 -75.1 -73.8 -75.1 -76.8 -79.8",1.173,762,0,1626,1908,"-8e+01 -8e+01 -8e+01","0.659 0.0667 0.0706","1.2 1.1 1.1",18,18,12.07,0.00,0,0,0,0
39.200,6,0.000,0.000,0.000,3,3,-78.473,"-76.6 -81.5 -77.3","0.000 0.000 0.000",-91.191,-75.059,"-99.3 -79.8 -76.8 -75.1 -73.8 -75.1 -76.8 -79.8",1.273,764,0,1626,1913,"-8e+01 -8e+01 -8e+01","0.659 0.0667 0.0706","1.3 1.2 1.2",23,23,9.28,0.00,0,0,0,0
39.300,6,0.000,0.000,0.000,3,3,-78.473,"-76.6 -81.5 -77.3","0.000 0.000 0.000",-91.191,-73.814,"-99.9 -99.3 -79.8 -76.8 -75.1 -73.8 -75.1 -76.8",1.373,766,0,1626,1918,"-8e+01 -8e+01 -8e+01","0.659 0.0667 0.0706","1.4 1.3 1.3",9,9,6.96,0.00,0,0,0,0
39.400,6,0.000,0.000,0.000,3,3,-78.473,"-76.6 -81.5 -77.3","0.000 0.000 0.000",-91.191,-73.814,"-99.9 -99.3 -79.8 -76.8 -75.1 -73.8 -75.1 -76.8",1.473,768,0,1626,1923,"-8e+01 -8e+01 -8e+01","0.659 0.0667 0.0706","1.5 1.4 1.4",15,15,9.87,0.00,0,0,0,0
39.500,6,0.000,0.000,0.000,3,3,-78.473,"-76.6 -81.5 -77.3","0.000 0.000 0.000",-91.191,-73.814,"-99.9 -99.3 -79.8 -76.8 -75.1 -73.8 -75.1 -76.8",1.573,770,0,1626,1928,"-8e+01 -8e+01 -8e+01","0.659 0.0667 0.0706","1.6 1.5 1.5",15,15,9.82,0.00,0,0,0,0
39.600,6,0.000,0.000,0.000,3,3,-78.473,"-76.6 -81.5 -77.3","0.000 0.000 0.000",-91.191,-73.814,"-99.9 -99.3 -79.8 -76.8 -75.1 -73.8 -75.1 -76.8",1.673,772,0,1626,1933,"-8e+01 -8e+01 -8e+01","0.659 0.0667 0.0706","1.7 1.6 1.6",17,17,7.40,0.00,0,0,0,0
39.700,6,0.000,0.000,0.000,3,3,-78.473,"-76.6 -81.5 -77.3","0.000 0.000 0.000",-91.191,-75.059,"-100.7 -99.9 -99.3 -79.8 -76.8 -75.1 -75.1 -76.8",1.773,774,0,1626,1938,"-8e+01 -8e+01 -8e+01","0.659 0.0667 0.0706","1.8 1.7 1.7",8,8,32.82,0.00,0,0,0,0
39.800,6,0.000,0.000,0.000,3,3,-78.473,"-76.6 -81.5 -77.3","0.000 0.000 0.000",-91.191,-75.059,"-100.7 -99.9 -99.3 -79.8 -76.8 -75.1 -73.8 -75.1",1.873,776,0,1626,1943,"-8e+01 -8e+01 -8e+01","0.659 0.0667 0.0706","1.9 1.8 1.8",15,15,7.44,0.00,0,0,0,0
39.900,6,0.000,0.000,0.000,3,3,-78.473,"-76.6 -81.5 -77.3","0.000 0.000 0.000",-91.191,-75.059,"-100.7 -99.9 -99.3 -79.8 -76.8 -75.1 -73.8 -75.1",1.973,778,0,1626,1948,"-8e+01 -8e+01 -8e+01","0.659 0.0667 0.0706","2 1.9 1.9",10,10,6.72,0.00,0,0,0,0
40.000,6,0.000,0.000,0.000,3,3,-78.473,"-76.6 -81.5 -77.3","0.000 0.000 0.000",-91.191,-75.059,"-100.7 -99.9 -99.3 -79.8 -76.8 -75.1 -73.8 -75.1",2.073,780,0,1626,1953,"-8e+01 -8e+01 -8e+01","0.659 0.0667 0.0706","2.1 2 2",16,16,7.66,0.00,0,0,0,0
40.100,6,0.000,0.000,0.000,3,3,-78.473,"-76.6 -81.5 -77.3","0.000 0.000 0.000",-91.191,-76.809,"-100.8 -100.7 -99.9 -99.3 -79.8 -76.8 -75.1 -75.1",2.173,782,0,1626,1958,"-8e+01 -8e+01 -8e+01","0.659 0.0667 0.0706","2.2 2.1 2.1",15,15,11.84,0.00,0,0,0,0
40.200,6,0.000,0.000,0.000,3,3,-78.473,"-76.6 -81.5 -77.3","0.000 0.000 0.000",-91.191,-76.809,"-100.8 -100.7 -99.9 -99.3 -79.8 -76.8 -75.1 -73.8",2.273,784,0,1626,1965,"-8e+01 -8e+01 -8e+01","0.659 0.0667 0.0706","2.3 2.2 2.2",8,8,5.80,0.00,0,0,0,0
40.300,6,0.000,0.000,0.000,3,3,-78.473,"-76.6 -81.5 -77.3","0.000 0.000 0.000",-91.191,-76.809,"-100.8 -100.7 -99.9 -99.3 -79.8 -76.8 -75.1 -73.8",2.373,786,0,1626,1970,"-8e+01 -8e+01 -8e+01","0.659 0.0667 0.0706","2.4 2.3 2.3",16,16,7.26,0.00,0,0,0,0
40.400,6,0.000,0.000,0.000,3,3,-78.473,"-76.6 -81.5 -77.3","0.000 0.000 0.000",-91.191,-76.809,"-100.8 -100.7 -99.9 -99.3 -79.8 -76.8 -75.1 -73.8",2.473,788,0,1626,1977,"-8e+01 -8e+01 -8e+01","0.659 0.0667 0.0706","2.5 2.4 2.4",8,8,9.08,0.00,0,0,0,0
40.500,6,0.091,0.091,0.000,3,3,-78.473,"-76.6 -81.5 -77.3","0.091 0.091 0.091",-93.765,-99.943,"-100.8 -100.7 -99.9 -99.3 -99.3 -99.9 -100.7 -100.8",0.073,790,0,1632,1979,"-8e+01 -8e+01 -8e+01","0.631 0.0745 0.0824","0.073 0.048 0.023",17,17,4.76,0.00,28,28,47,44
40.600,6,0.182,0.182,0.000,3,3,-78.353,"-76.3 -81.5 -77.3","0.182 0.182 0.182",-93.765,-99.943,"-73.8 -75.1 -76.8 -79.8 -99.3 -99.9 -100.7 -100.8",0.073,792,0,1640,1981,"-8e+01 -8e+01 -8e+01","0.631 0.0745 0.0824","0.073 0.048 0.023",5,5,0.02,0.00,0,0,3,0
40.700,6,0.273,0.273,0.000,3,3,-78.473,"-76.6 -81.5 -77.3","0.273 0.273 0.273",-93.765,-99.943,"-73.8 -75.1 -76.8 -79.8 -99.3 -99.9 -100.7 -100.8",0.073,794,0,1645,1983,"-8e+01 -8e+01 -8e+01","0.631 0.0745 0.0824","0.073 0.048 0.023",3,3,0.00,0.00,0,0,3,0
40.800,6,0.364,0.364,0.000,3,3,-78.353,"-76.3 -81.5 -77.3","0.364 0.364 0.364",-93.765,-99.943,"-73.8 -75.1 -76.8 -79.8 -99.3 -99.9 -100.7 -100.8",0.073,796,0,1651,1985,"-8e+01 -8e+01 -8e+01","0.631 0.0745 0.0824","0.073 0.048 0.023",4,4,0.01,0.00,0,0,3,0
40.900,6,0.455,0.455,0.000,3,3,-78.473,"-76.6 -81.5 -77.3","0.455 0.455 0.455",-91.191,-99.943,"-75.1 -75.1 -76.8 -79.8 -99.3 -99.9 -100.7 -100.8",0.073,798,0,1656,1987,"-8e+01 -8e+01 -8e+01","0.635 0.0745 0.0824","0.073 0.048 0.023",3,3,0.01,0.00,0,0,3,0
41.000,6,0.545,0.545,0.000,3,3,-78.353,"-76.3 -81.5 -77.3","0.545 0.545 0.545",-91.191,-99.290,"-75.1 -73.8 -75.1 -76.8 -79.8 -99.3 -99.9 -100.7",0.073,800,0,1662,1989,"-8e+01 -8e+01 -8e+01","0.635 0.0745 0.0824","0.073 0.048 0.023",4,4,0.01,0.00,0,0,3,0
41.100,6,0.636,0.636,0.000,3,0,-78.473,"-76.6 -81.5 -77.3","0.636 0.636 0.636",-91.191,-99.290,"-75.1 -73.8 -75.1 -76.8 -79.8 -99.3 -99.9 -100.7",0.073,802,0,1667,1991,"-8e+01 -8e+01 -8e+01","0.639 0.0745 0.0824","0.073 0.048 0.023",3,3,0.00,0.00,0,0,3,0
41.200,6,0.727,0.727,0.000,3,0,-78.353,"-76.3 -81.5 -77.3","0.727 0.727 0.727",-91.191,-99.290,"-75.1 -73.8 -75.1 -76.8 -79.8 -99.3 -99.9 -100.7",0.073,804,0,1673,1993,"-8e+01 -8e+01 -8e+01","0.639 0.0745 0.0824","0.073 0.048 0.023",4,4,0.01,0.00,0,0,3,0
41.300,6,0.727,0.727,0.000,3,0,-78.353,"-76.3 -81.5 -77.3","0.727 0.727 0.727",-91.191,-99.290,"-76.8 -75.1 -75.1 -76.8 -79.8 -99.3 -99.9 -100.7",0.173,806,0,1673,1998,"-8e+01 -8e+01 -8e+01","0.639 0.0745 0.0824","0.17 0.15 0.12",22,19,9.86,0.41,0,0,0,0
41.400,6,0.727,0.727,0.000,3,0,-78.353,"-76.3 -81.5 -77.3","0.727 0.727 0.727",-91.191,-79.795,"-76.8 -75.1 -73.8 -75.1 -76.8 -79.8 -99.3 -99.9",0.273,808,0,1673,2010,"-8e+01 -8e+01 -8e+01","0.639 0.0745 0.0824","0.27 0.25 0.22",3,3,12.95,0.00,0,0,0,0
41.500,6,0.727,0.727,0.000,3,0,-78.353,"-76.3 -81.5 -77.3","0.727 0.727 0.727",-91.191,-79.795,"-76.8 -75.1 -73.8 -75.1 -76.8 -79.8 -99.3 -99.9",0.373,810,0,1673,2015,"-8e+01 -8e+01 -8e+01","0.639 0.0745 0.0824","0.37 0.35 0.32",15,14,7.38,0.20,0,0,0,0
41.600,6,0.636,0.636,0.000,3,0,-78.353,"-76.3 -81.5 -77.3","0.636 0.636 0.636",-91.191,-79.795,"-76.8 -75.1 -73.8 -75.1 -76.8 -79.8 -99.3 -99.9",0.473,812,0,1673,2025,"-8e+01 -8e+01 -8e+01","0.639 0.0745 0.0824","0.47 0.45 0.42",9,7,20.59,0.67,0,0,0,0
41.700,6,0.545,0.545,0.000,3,3,-78.353,"-76.3 -81.5 -77.3","0.545 0.545 0.545",-91.191,-79.795,"-79.8 -76.8 -75.1 -75.1 -76.8 -79.8 -99.3 -99.9",0.573,814,0,1673,2032,"-8e+01 -8e+01 -8e+01","0.639 0.0745 0.0824","0.57 0.55 0.52",8,7,2.45,0.38,0,0,0,0
41.800,6,0.455,0.455,0.000,3,3,-78.353,"-76.3 -81.5 -77.3","0.455 0.455 0.455",-91.191,-76.809,"-79.8 -76.8 -75.1 -73.8 -75.1 -76.8 -79.8 -99.3",0.673,816,0,1673,2043,"-8e+01 -8e+01 -8e+01","0.639 0.0745 0.0824","0.67 0.65 0.62",10,8,7.27,0.60,0,0,0,0
41.900,6,0.364,0.364,0.000,3,3,-78.353,"-76.3 -81.5 -77.3","0.364 0.364 0.364",-91.191,-76.809,"-79.8 -76.8 -75.1 -73.8 -75.1 -76.8 -79.8 -99.3",0.773,818,0,1673,2049,"-8e+01 -8e+01 -8e+01","0.639 0.0745 0.0824","0.77 0.75 0.72",15,13,18.11,0.40,0,0,0,0
42.000,6,0.273,0.273,0.000,3,3,-78.353,"-76.3 -81.5 -77.3","0.273 0.273 0.273",-91.191,-76.809,"-79.8 -76.8 -75.1 -73.8 -75.1 -76.8 -79.8 -99.3",0.873,820,0,1673,2056,"-8e+01 -8e+01 -8e+01","0.639 0.0745 0.0824","0.87 0.85 0.82",18,16,5.26,0.33,0,0,0,0
42.100,6,0.182,0.182,0.000,3,3,-78.353,"-76.3 -81.5 -77.3","0.182 0.182 0.182",-91.191,-76.809,"-99.3 -79.8 -76.8 -75.1 -75.1 -76.8 -79.8 -99.3",0.973,822,0,1673,2068,"-8e+01 -8e+01 -8e+01","0.639 0.0745 0.0824","0.97 0.95 0.92",8,7,3.97,0.38,0,0,0,0
42.200,6,0.091,0.091,0.000,3,3,-78.353,"-76.3 -81.5 -77.3","0.091 0.091 0.091",-91.191,-75.059,"-99.3 -79.8 -76.8 -75.1 -73.8 -75.1 -76.8 -79.8",1.073,824,0,1673,2076,"-8e+01 -8e+01 -8e+01","0.639 0.0745 0.0824","1.1 1 1",9,8,6.88,0.33,0,0,0,0
42.300,6,0.000,0.000,0.000,3,3,-78.353,"-76.3 -81.5 -77.3","0.000 0.000 0.000",-91.191,-75.059,"-99.3 -79.8 -76.8 -75.1 -73.8 -75.1 -76.8 -79.8",1.173,826,0,1673,2086,"-8e+01 -8e+01 -8e+01","0.639 0.0745 0.0824","1.2 1.1 1.1",9,7,9.77,0.67,0,0,0,0
42.400,6,0.000,0.000,0.000,3,3,-78.353,"-76.3 -81.5 -77.3","0.000 0.000 0.000",-91.191,-75.059,"-99.3 -79.8 -76.8 -75.1 -73.8 -75.1 -76.8 -79.8",1.273,828,0,1673,2091,"-8e+01 -8e+01 -8e+01","0.639 0.0745 0.0824","1.3 1.2 1.2",17,14,10.67,0.53,0,0,0,0
42.500,6,0.000,0.000,0.000,3,3,-78.353,"-76.3 -81.5 -77.3","0.000 0.000 0.000",-91.191,-75.059,"-99.9 -99.3 -79.8 -76.8 -75.1 -75.1 -76.8 -79.8",1.373,830,0,1673,2105,"-8e+01 -8e+01 -8e+01","0.639 0.0745 0.0824","1.4 1.3 1.3",7,6,23.65,0.43,0,0,0,0
42.600,6,0.000,0.000,0.000,3,3,-78.353,"-76.3 -81.5 -77.3","0.000 0.000 0.000",-91.191,-73.814,"-99.9 -99.3 -79.8 -76.8 -75.1 -73.8 -75.1 -76.8",1.473,832,0,1673,2113,"-8e+01 -8e+01 -8e+01","0.639 0.0745 0.0824","1.5 1.4 1.4",11,9,13.31,0.55,0,0,0,0
42.700,6,0.000,0.000,0.000,3,3,-78.353,"-76.3 -81.5 -77.3","0.000 0.000 0.000",-91.191,-73.814,"-99.9 -99.3 -79.8 -76.8 -75.1 -73.8 -75.1 -76.8",1.573,834,0,1673,2122,"-8e+01 -8e+01 -8e+01","0.639 0.0745 0.0824","1.6 1.5 1.5",9,7,3.71,0.67,0,0,0,0
42.800,6,0.000,0.000,0.000,3,3,-78.353,"-76.3 -81.5 -77.3","0.000 0.000 0.000",-91.191,-73.814,"-99.9 -99.3 -79.8 -76.8 -75.1 -73.8 -75.1 -76.8",1.673,836,0,1673,2127,"-8e+01 -8e+01 -8e+01","0.639 0.0745 0.0824","1.7 1.6 1.6",16,14,12.92,0.38,0,0,0,0
42.900,6,0.000,0.000,0.000,3,3,-78.353,"-76.3 -81.5 -77.3","0.000 0.000 0.000",-91.191,-75.059,"-100.7 -99.9 -99.3 -79.8 -76.8 -75.1 -73.8 -75.1",1.773,838,0,1673,2136,"-8e+01 -8e+01 -8e+01","0.639 0.0745 0.0824","1.8 1.7 1.7",16,13,13.74,0.56,0,0,0,0
43.000,6,0.000,0.000,0.000,3,3,-78.353,"-76.3 -81.5 -77.3","0.000 0.000 0.000",-91.191,-75.059,"-100.7 -99.9 -99.3 -79.8 -76.8 -75.1 -73.8 -75.1",1.873,840,0,1673,2150,"-8e+01 -8e+01 -8e+01","0.639 0.0745 0.0824","1.9 1.8 1.8",3,2,3.97,1.00,0,0,0,0
43.100,6,0.000,0.000,0.000,3,3,-78.353,"-76.3 -81.5 -77.3","0.000 0.000 0.000",-91.191,-75.059,"-100.7 -99.9 -99.3 -79.8 -76.8 -75.1 -73.8 -75.1",1.973,842,0,1673,2155,"-8e+01 -8e+01 -8e+01","0.639 0.0745 0.0824","2 1.9 1.9",17,14,6.50,0.53,0,0,0,0
43.200,6,0.000,0.000,0.000,3,3,-78.353,"-76.3 -81.5 -77.3","0.000 0.000 0.000",-91.191,-75.059,"-100.7 -99.9 -99.3 -79.8 -76.8 -75.1 -73.8 -75.1",2.073,844,0,1673,2161,"-8e+01 -8e+01 -8e+01","0.639 0.0745 0.0824","2.1 2 2",10,8,19.41,0.60,0,0,0,0
43.300,6,0.000,0.000,0.000,3,3,-78.353,"-76.3 -81.5 -77.3","0.000 0.000 0.000",-91.191,-76.809,"-100.8 -100.7 -99.9 -99.3 -79.8 -76.8 -75.1 -73.8",2.173,846,0,1673,2173,"-8e+01 -8e+01 -8e+01","0.639 0.0745 0.0824","2.2 2.1 2.1",7,6,25.03,0.43,0,0,0,0
43.400,6,0.000,0.000,0.000,3,3,-78.353,"-76.3 -81.5 -77.3","0.000 0.000 0.000",-91.191,-76.809,"-100.8 -100.7 -99.9 -99.3 -79.8 -76.8 -75.1 -73.8",2.273,848,0,1673,2178,"-8e+01 -8e+01 -8e+01","0.639 0.0745 0.0824","2.3 2.2 2.2",15,12,14.69,0.60,0,0,0,0
43.500,6,0.000,0.000,0.000,3,3,-78.353,"-76.3 -81.5 -77.3","0.000 0.000 0.000",-91.191,-76.809,"-100.8 -100.7 -99.9 -99.3 -79.8 -76.8 -75.1 -73.8",2.373,850,0,1673,2183,"-8e+01 -8e+01 -8e+01","0.639 0.0745 0.0824","2.4 2.3 2.3",11,9,10.76,0.55,0,0,0,0
43.600,6,0.000,0.000,0.000,3,3,-78.353,"-76.3 -81.5 -77.3","0.000 0.000 0.000",-91.191,-76.809,"-100.8 -100.7 -99.9 -99.3 -79.8 -76.8 -75.1 -73.8",2.473,852,0,1673,2195,"-8e+01 -8e+01 -8e+01","0.639 0.0745 0.0824","2.5 2.4 2.4",9,7,32.75,0.67,0,0,0,0
43.700,6,0.091,0.091,0.000,3,3,-78.473,"-76.6 -81.5 -77.3","0.091 0.091 0.091",-93.765,-99.943,"-100.8 -100.7 -99.9 -99.3 -99.3 -99.9 -100.7 -100.8",0.073,854,0,1688,2197,"-8e+01 -8e+01 -8e+01","0.6 0.0824 0.0863","0.073 0.048 0.023",17,16,0.41,0.18,20,20,55,52
43.800,6,0.182,0.182,0.000,3,3,-78.473,"-76.6 -81.5 -77.3","0.182 0.182 0.182",-93.765,-99.943,"-73.8 -75.1 -76.8 -79.8 -99.3 -99.9 -100.7 -100.8",0.073,856,0,1693,2199,"-8e+01 -8e+01 -8e+01","0.604 0.0824 0.0863","0.073 0.048 0.023",3,3,0.01,0.00,0,0,3,0
43.900,6,0.273,0.273,0.000,3,3,-78.473,"-76.6 -81.5 -77.3","0.273 0.273 0.273",-93.765,-99.943,"-73.8 -75.1 -76.8 -79.8 -99.3 -99.9 -100.7 -100.8",0.073,858,0,1699,2201,"-8e+01 -8e+01 -8e+01","0.604 0.0824 0.0863","0.073 0.048 0.023",4,4,0.00,0.00,0,0,3,0
44.000,6,0.364,0.364,0.000,3,3,-78.473,"-76.6 -81.5 -77.3","0.364 0.364 0.364",-93.765,-99.943,"-73.8 -75.1 -76.8 -79.8 -99.3 -99.9 -100.7 -100.8",0.073,860,0,1704,2203,"-8e+01 -8e+01 -8e+01","0.604 0.0824 0.0863","0.073 0.048 0.023",3,3,0.01,0.00,0,0,3,0
44.100,6,0.455,0.455,0.000,3,3,-78.473,"-76.6 -81.5 -77.3","0.455 0.455 0.455",-91.191,-99.943,"-75.1 -75.1 -76.8 -79.8 -99.3 -99.9 -100.7 -100.8",0.073,862,0,1711,2207,"-8e+01 -8e+01 -8e+01","0.608 0.0824 0.0863","0.073 0.048 0.023",4,4,0.02,0.00,0,0,3,0
44.200,6,0.545,0.545,0.000,3,3,-78.473,"-76.6 -81.5 -77.3","0.545 0.545 0.545",-91.191,-99.290,"-75.1 -73.8 -75.1 -76.8 -79.8 -99.3 -99.9 -100.7",0.073,864,0,1715,2210,"-8e+01 -8e+01 -8e+01","0.608 0.0824 0.0863","0.073 0.048 0.023",1,1,0.01,0.00,0,0,3,0
44.300,6,0.636,0.636,0.000,3,0,-78.473,"-76.6 -81.5 -77.3","0.636 0.636 0.636",-91.191,-99.290,"-75.1 -73.8 -75.1 -76.8 -79.8 -99.3 -99.9 -100.7",0.073,866,0,1718,2212,"-8e+01 -8e+01 -8e+01","0.612 0.0824 0.0902","0.073 0.048 0.023",1,1,0.01,0.00,0,0,3,0
44.400,6,0.727,0.727,0.000,3,0,-78.473,"-76.6 -81.5 -77.3","0.727 0.727 0.727",-91.191,-99.290,"-75.1 -73.8 -75.1 -76.8 -79.8 -99.3 -99.9 -100.7",0.073,868,0,1722,2214,"-8e+01 -8e+01 -8e+01","0.612 0.0824 0.0902","0.073 0.048 0.023",1,1,0.01,0.00,0,0,3,0
44.500,6,0.727,0.727,0.000,3,0,-78.473,"-76.6 -81.5 -77.3","0.727 0.727 0.727",-91.191,-99.290,"-76.8 -75.1 -75.1 -76.8 -79.8 -99.3 -99.9 -100.7",0.173,870,0,1722,2219,"-8e+01 -8e+01 -8e+01","0.612 0.0824 0.0902","0.17 0.15 0.12",1,1,0.02,0.00,0,0,0,0
44.600,6,0.727,0.727,0.000,3,0,-78.473,"-76.6 -81.5 -77.3","0.727 0.727 0.727",-91.191,-79.795,"-76.8 -75.1 -73.8 -75.1 -76.8 -79.8 -99.3 -99.9",0.273,872,0,1722,2224,"-8e+01 -8e+01 -8e+01","0.612 0.0824 0.0902","0.27 0.25 0.22",1,1,0.01,0.00,0,0,0,0
44.700,6,0.727,0.727,0.000,3,0,-78.473,"-76.6 -81.5 -77.3","0.727 0.727 0.727",-91.191,-79.795,"-76.8 -75.1 -73.8 -75.1 -76.8 -79.8 -99.3 -99.9",0.373,874,0,1722,2229,"-8e+01 -8e+01 -8e+01","0.612 0.0824 0.0902","0.37 0.35 0.32",1,1,0.01,0.00,0,0,0,0
44.800,6,0.636,0.636,0.000,3,0,-78.473,"-76.6 -81.5 -77.3","0.636 0.636 0.636",-91.191,-79.795,"-76.8 -75.1 -73.8 -75.1 -76.8 -79.8 -99.3 -99.9",0.473,876,0,1722,2234,"-8e+01 -8e+01 -8e+01","0.612 0.0824 0.0902","0.47 0.45 0.42",1,1,0.01,0.00,0,0,0,0
44.900,6,0.545,0.545,0.000,3,3,-78.473,"-76.6 -81.5 -77.3","0.545 0.545 0.545",-91.191,-79.795,"-79.8 -76.8 -75.1 -75.1 -76.8 -79.8 -99.3 -99.9",0.573,878,0,1722,2239,"-8e+01 -8e+01 -8e+01","0.612 0.0824 0.0902","0.57 0.55 0.52",1,1,0.01,0.00,0,0,0,0
45.000,6,0.455,0.455,0.000,3,3,-78.473,"-76.6 -81.5 -77.3","0.455 0.455 0.455",-91.191,-76.809,"-79.8 -76.8 -75.1 -73.8 -75.1 -76.8 -79.8 -99.3",0.673,880,0,1722,2244,"-8e+01 -8e+01 -8e+01","0.612 0.0824 0.0902","0.67 0.65 0.62",1,1,0.01,0.00,0,0,0,0
45.100,6,0.364,0.364,0.000,3,3,-78.473,"-76.6 -81.5 -77.3","0.364 0.364 0.364",-91.191,-76.809,"-79.8 -76.8 -75.1 -73.8 -75.1 -76.8 -79.8 -99.3",0.773,882,0,1722,2250,"-8e+01 -8e+01 -8e+01","0.612 0.0824 0.0902","0.77 0.75 0.72",2,2,25.98,0.00,0,0,0,0
45.200,6,0.273,0.273,0.000,3,3,-78.473,"-76.6 -81.5 -77.3","0.273 0.273 0.273",-91.191,-76.809,"-79.8 -76.8 -75.1 -73.8 -75.1 -76.8 -79.8 -99.3",0.873,884,0,1722,2255,"-8e+01 -8e+01 -8e+01","0.612 0.0824 0.0902","0.87 0.85 0.82",1,1,0.01,0.00,0,0,0,0
45.300,6,0.182,0.182,0.000,3,3,-78.473,"-76.6 -81.5 -77.3","0.182 0.182 0.182",-91.191,-76.809,"-99.3 -79.8 -76.8 -75.1 -75.1 -76.8 -79.8 -99.3",0.973,886,0,1722,2260,"-8e+01 -8e+01 -8e+01","0.612 0.0824 0.0902","0.97 0.95 0.92",1,1,0.01,0.00,0,0,0,0
45.400,6,0.091,0.091,0.000,3,3,-78.473,"-76.6 -81.5 -77.3","0.091 0.091 0.091",-91.191,-75.059,"-99.3 -79.8 -76.8 -75.1 -73.8 -75.1 -76.8 -79.8",1.073,888,0,1722,2266,"-8e+01 -8e+01 -8e+01","0.612 0.0824 0.0902","1.1 1 1",1,1,0.01,0.00,0,0,0,0
45.500,6,0.000,0.000,0.000,3,3,-78.473,"-76.6 -81.5 -77.3","0.000 0.000 0.000",-91.191,-75.059,"-99.3 -79.8 -76.8 -75.1 -73.8 -75.1 -76.8 -79.8",1.173,890,0,1722,2272,"-8e+01 -8e+01 -8e+01","0.612 0.0824 0.0902","1.2 1.1 1.1",1,1,0.01,0.00,0,0,0,0
45.600,6,0.000,0.000,0.000,3,3,-78.473,"-76.6 -81.5 -77.3","0.000 0.000 0.000",-91.191,-75.059,"-99.3 -79.8 -76.8 -75.1 -73.8 -75.1 -76.8 -79.8",1.273,892,0,1722,2277,"-8e+01 -8e+01 -8e+01","0.612 0.0824 0.0902","1.3 1.2 1.2",1,1,0.01,0.00,0,0,0,0
45.700,6,0.000,0.000,0.000,3,3,-78.473,"-76.6 -81.5 -77.3","0.000 0.000 0.000",-91.191,-75.059,"-99.9 -99.3 -79.8 -76.8 -75.1 -75.1 -76.8 -79.8",1.373,894,0,1722,2282,"-8e+01 -8e+01 -8e+01","0.612 0.0824 0.0902","1.4 1.3 1.3",1,1,0.01,0.00,0,0,0,0
45.800,6,0.000,0.000,0.000,3,3,-78.473,"-76.6 -81.5 -77.3","0.000 0.000 0.000",-91.191,-73.814,"-99.9 -99.3 -79.8 -76.8 -75.1 -73.8 -75.1 -76.8",1.473,896,0,1722,2287,"-8e+01 -8e+01 -8e+01","0.612 0.0824 0.0902","1.5 1.4 1.4",1,1,0.01,0.00,0,0,0,0
45.900,6,0.000,0.000,0.000,3,3,-78.473,"-76.6 -81.5 -77.3","0.000 0.000 0.000",-91.191,-73.814,"-99.9 -99.3 -79.8 -76.8 -75.1 -73.8 -75.1 -76.8",1.573,898,0,1722,2292,"-8e+01 -8e+01 -8e+01","0.612 0.0824 0.0902","1.6 1.5 1.5",1,1,0.01,0.00,0,0,0,0
46.000,6,0.000,0.000,0.000,3,3,-78.473,"-76.6 -81.5 -77.3","0.000 0.000 0.000",-91.191,-73.814,"-99.9 -99.3 -79.8 -76.8 -75.1 -73.8 -75.1 -76.8",1.673,900,0,1722,2297,"-8e+01 -8e+01 -8e+01","0.612 0.0824 0.0902","1.7 1.6 1.6",1,1,0.01,0.00,0,0,0,0
46.100,6,0.000,0.000,0.000,3,3,-78.473,"-76.6 -81.5 -77.3","0.000 0.000 0.000",-91.191,-75.059,"-100.7 -99.9 -99.3 -79.8 -76.8 -75.1 -75.1 -76.8",1.773,902,0,1722,2303,"-8e+01 -8e+01 -8e+01","0.612 0.0824 0.0902","1.8 1.7 1.7",1,1,0.01,0.00,0,0,0,0
46.200,6,0.000,0.000,0.000,3,3,-78.473,"-76.6 -81.5 -77.3","0.000 0.000 0.000",-91.191,-75.059,"-100.7 -99.9 -99.3 -79.8 -76.8 -75.1 -73.8 -75.1",1.873,904,0,1722,2310,"-8e+01 -8e+01 -8e+01","0.612 0.0824 0.0902","1.9 1.8 1.8",2,2,0.01,0.00,0,0,0,0
46.300,6,0.000,0.000,0.000,3,3,-78.473,"-76.6 -81.5 -77.3","0.000 0.000 0.000",-91.191,-75.059,"-100.7 -99.9 -99.3 -79.8 -76.8 -75.1 -73.8 -75.1",1.973,906,0,1722,2316,"-8e+01 -8e+01 -8e+01","0.612 0.0824 0.0902","2 1.9 1.9",1,1,0.01,0.00,0,0,0,0
46.400,6,0.000,0.000,0.000,3,3,-78.473,"-76.6 -81.5 -77.3","0.000 0.000 0.000",-91.191,-75.059,"-100.7 -99.9 -99.3 -79.8 -76.8 -75.1 -73.8 -75.1",2.073,908,0,1722,2322,"-8e+01 -8e+01 -8e+01","0.612 0.0824 0.0902","2.1 2 2",1,1,0.01,0.00,0,0,0,0
46.500,6,0.000,0.000,0.000,3,3,-78.473,"-76.6 -81.5 -77.3","0.000 0.000 0.000",-91.191,-76.809,"-100.8 -100.7 -99.9 -99.3 -79.8 -76.8 -75.1 -75.1",2.173,910,0,1722,2327,"-8e+01 -8e+01 -8e+01","0.612 0.0824 0.0902","2.2 2.1 2.1",1,1,0.01,0.00,0,0,0,0
46.600,6,0.000,0.000,0.000,3,3,-78.473,"-76.6 -81.5 -77.3","0.000 0.000 0.000",-91.191,-76.809,"-100.8 -100.7 -99.9 -99.3 -79.8 -76.8 -75.1 -73.8",2.273,912,0,1722,2332,"-8e+01 -8e+01 -8e+01","0.612 0.0824 0.0902","2.3 2.2 2.2",1,1,0.01,0.00,0,0,0,0
46.700,6,0.000,0.000,0.000,3,3,-78.473,"-76.6 -81.5 -77.3","0.000 0.000 0.000",-91.191,-76.809,"-100.8 -100.7 -99.9 -99.3 -79.8 -76.8 -75.1 -73.8",2.373,914,0,1722,2337,"-8e+01 -8e+01 -8e+01","0.612 0.0824 0.0902","2.4 2.3 2.3",1,1,0.01,0.00,0,0,0,0
46.800,6,0.000,0.000,0.000,3,3,-78.473,"-76.6 -81.5 -77.3","0.000 0.000 0.000",-91.191,-76.809,"-100.8 -100.7 -99.9 -99.3 -79.8 -76.8 -75.1 -73.8",2.473,916,0,1722,2342,"-8e+01 -8e+01 -8e+01","0.612 0.0824 0.0902","2.5 2.4 2.4",1,1,0.01,0.00,0,0,0,0
46.900,6,0.091,0.091,0.000,3,3,-78.473,"-76.6 -81.5 -77.3","0.091 0.091 0.091",-93.765,-99.943,"-100.8 -100.7 -99.9 -99.3 -99.3 -99.9 -100.7 -100.8",0.073,918,0,1725,2344,"-8e+01 -8e+01 -8e+01","0.557 0.0824 0.0902","0.073 0.048 0.023",1,1,0.01,0.00,0,0,75,72
47.000,6,0.182,0.182,0.000,3,3,-78.473,"-76.6 -81.5 -77.3","0.182 0.182 0.182",-93.765,-99.943,"-73.8 -75.1 -76.8 -79.8 -99.3 -99.9 -100.7 -100.8",0.073,920,0,1728,2346,"-8e+01 -8e+01 -8e+01","0.561 0.0824 0.0902","0.073 0.048 0.023",1,1,0.01,0.00,0,0,3,0
47.100,6,0.273,0.273,0.000,3,3,-78.473,"-76.6 -81.5 -77.3","0.273 0.273 0.273",-93.765,-99.943,"-73.8 -75.1 -76.8 -79.8 -99.3 -99.9 -100.7 -100.8",0.073,922,0,1731,2348,"-8e+01 -8e+01 -8e+01","0.561 0.0824 0.0902","0.073 0.048 0.023",1,1,0.02,0.00,0,0,3,0
47.200,6,0.364,0.364,0.000,3,3,-78.473,"-76.6 -81.5 -77.3","0.364 0.364 0.364",-93.765,-99.943,"-73.8 -75.1 -76.8 -79.8 -99.3 -99.9 -100.7 -100.8",0.073,924,0,1734,2350,"-8e+01 -8e+01 -8e+01","0.561 0.0824 0.0902","0.073 0.048 0.023",1,1,0.00,0.00,0,0,3,0
47.300,6,0.455,0.455,0.000,3,3,-78.473,"-76.6 -81.5 -77.3","0.455 0.455 0.455",-91.191,-99.943,"-75.1 -75.1 -76.8 -79.8 -99.3 -99.9 -100.7 -100.8",0.073,926,0,1737,2352,"-8e+01 -8e+01 -8e+01","0.565 0.0824 0.0902","0.073 0.048 0.023",1,1,0.01,0.00,0,0,3,0
47.400,6,0.545,0.545,0.000,3,3,-78.473,"-76.6 -81.5 -77.3","0.545 0.545 0.545",-91.191,-99.290,"-75.1 -73.8 -75.1 -76.8 -79.8 -99.3 -99.9 -100.7",0.073,928,0,1740,2354,"-8e+01 -8e+01 -8e+01","0.565 0.0824 0.0902","0.073 0.048 0.023",1,1,0.01,0.00,0,0,3,0
47.500,6,0.636,0.636,0.000,3,0,-78.473,"-76.6 -81.5 -77.3","0.636 0.636 0.636",-91.191,-99.290,"-75.1 -73.8 -75.1 -76.8 -79.8 -99.3 -99.9 -100.7",0.073,930,0,1743,2356,"-8e+01 -8e+01 -8e+01","0.569 0.0824 0.0902","0.073 0.048 0.023",1,1,0.01,0.00,0,0,3,0
47.600,6,0.727,0.727,0.000,3,0,-78.473,"-76.6 -81.5 -77.3","0.727 0.727 0.727",-91.191,-99.290,"-75.1 -73.8 -75.1 -76.8 -79.8 -99.3 -99.9 -100.7",0.073,932,0,1746,2358,"-8e+01 -8e+01 -8e+01","0.569 0.0824 0.0902","0.073 0.048 0.023",1,1,0.02,0.00,0,0,3,0
47.700,6,0.727,0.727,0.000,3,0,-78.473,"-76.6 -81.5 -77.3","0.727 0.727 0.727",-91.191,-99.290,"-76.8 -75.1 -75.1 -76.8 -79.8 -99.3 -99.9 -100.7",0.173,934,0,1746,2363,"-8e+01 -8e+01 -8e+01","0.569 0.0824 0.0902","0.17 0.15 0.12",1,1,0.00,0.00,0,0,0,0
47.800,6,0.727,0.727,0.000,3,0,-78.473,"-76.6 -81.5 -77.3","0.727 0.727 0.727",-91.191,-79.795,"-76.8 -75.1 -73.8 -75.1 -76.8 -79.8 -99.3 -99.9",0.273,936,0,1746,2368,"-8e+01 -8e+01 -8e+01","0.569 0.0824 0.0902","0.27 0.25 0.22",1,1,0.01,0.00,0,0,0,0
47.900,6,0.727,0.727,0.000,3,0,-78.473,"-76.6 -81.5 -77.3","0.727 0.727 0.727",-91.191,-79.795,"-76.8 -75.1 -73.8 -75.1 -76.8 -79.8 -99.3 -99.9",0.373,938,0,1746,2373,"-8e+01 -8e+01 -8e+01","0.569 0.0824 0.0902","0.37 0.35 0.32",1,1,0.01,0.00,0,0,0,0
48.000,6,0.636,0.636,0.000,3,0,-78.473,"-76.6 -81.5 -77.3","0.636 0.636 0.636",-91.191,-79.795,"-76.8 -75.1 -73.8 -75.1 -76.8 -79.8 -99.3 -99.9",0.473,940,0,1746,2378,"-8e+01 -8e+01 -8e+01","0.569 0.0824 0.0902","0.47 0.45 0.42",1,1,0.01,0.00,0,0,0,0
48.100,6,0.545,0.545,0.000,3,3,-78.473,"-76.6 -81.5 -77.3","0.545 0.545 0.545",-91.191,-79.795,"-79.8 -76.8 -75.1 -75.1 -76.8 -79.8 -99.3 -99.9",0.573,942,0,1746,2383,"-8e+01 -8e+01 -8e+01","0.569 0.0824 0.0902","0.57 0.55 0.52",1,1,0.01,0.00,0,0,0,0
48.200,6,0.455,0.455,0.000,3,3,-78.473,"-76.6 -81.5 -77.3","0.455 0.455 0.455",-91.191,-76.809,"-79.8 -76.8 -75.1 -73.8 -75.1 -76.8 -79.8 -99.3",0.673,944,0,1746,2389,"-8e+01 -8e+01 -8e+01","0.569 0.0824 0.0902","0.67 0.65 0.62",2,2,14.18,0.00,0,0,0,0
48.300,6,0.364,0.364,0.000,3,3,-78.473,"-76.6 -81.5 -77.3","0.364 0.364 0.364",-91.191,-76.809,"-79.8 -76.8 -75.1 -73.8 -75.1 -76.8 -79.8 -99.3",0.773,946,0,1746,2395,"-8e+01 -8e+01 -8e+01","0.569 0.0824 0.0902","0.77 0.75 0.72",1,1,0.01,0.00,0,0,0,0
48.400,6,0.273,0.273,0.000,3,3,-78.473,"-76.6 -81.5 -77.3","0.273 0.273 0.273",-91.191,-76.809,"-79.8 -76.8 -75.1 -73.8 -75.1 -76.8 -79.8 -99.3",0.873,948,0,1746,2402,"-8e+01 -8e+01 -8e+01","0.569 0.0824 0.0902","0.87 0.85 0.82",1,1,0.01,0.00,0,0,0,0
48.500,6,0.182,0.182,0.000,3,3,-78.473,"-76.6 -81.5 -77.3","0.182 0.182 0.182",-91.191,-76.809,"-99.3 -79.8 -76.8 -75.1 -75.1 -76.8 -79.8 -99.3",0.973,950,0,1746,2408,"-8e+01 -8e+01 -8e+01","0.569 0.0824 0.0902","0.97 0.95 0.92",1,1,0.01,0.00,0,0,0,0
48.600,6,0.091,0.091,0.000,3,3,-78.473,"-76.6 -81.5 -77.3","0.091 0.091 0.091",-91.191,-75.059,"-99.3 -79.8 -76.8 -75.1 -73.8 -75.1 -76.8 -79.8",1.073,952,0,1746,2413,"-8e+01 -8e+01 -8e+01","0.569 0.0824 0.0902","1.1 1 1",1,1,0.01,0.00,0,0,0,0
48.700,6,0.000,0.000,0.000,3,3,-78.473,"-76.6 -81.5 -77.3","0.000 0.000 0.000",-91.191,-75.059,"-99.3 -79.8 -76.8 -75.1 -73.8 -75.1 -76.8 -79.8",1.173,954,0,1746,2418,"-8e+01 -8e+01 -8e+01","0.569 0.0824 0.0902","1.2 1.1 1.1",1,1,0.01,0.00,0,0,0,0
48.800,6,0.000,0.000,0.000,3,3,-78.473,"-76.6 -81.5 -77.3","0.000 0.000 0.000",-91.191,-75.059,"-99.3 -79.8 -76.8 -75.1 -73.8 -75.1 -76.8 -79.8",1.273,956,0,1746,2423,"-8e+01 -8e+01 -8e+01","0.569 0.0824 0.0902","1.3 1.2 1.2",1,1,0.01,0.00,0,0,0,0
48.900,6,0.000,0.000,0.000,3,3,-78.473,"-76.6 -81.5 -77.3","0.000 0.000 0.000",-91.191,-75.059,"-99.9 -99.3 -79.8 -76.8 -75.1 -75.1 -76.8 -79.8",1.373,958,0,1746,2428,"-8e+01 -8e+01 -8e+01","0.569 0.0824 0.0902","1.4 1.3 1.3",1,1,0.01,0.00,0,0,0,0
49.000,6,0.000,0.000,0.000,3,3,-78.473,"-76.6 -81.5 -77.3","0.000 0.000 0.000",-91.191,-73.814,"-99.9 -99.3 -79.8 -76.8 -75.1 -73.8 -75.1 -76.8",1.473,960,0,1746,2433,"-8e+01 -8e+01 -8e+01","0.569 0.0824 0.0902","1.5 1.4 1.4",1,1,0.01,0.00,0,0,0,0
49.100,6,0.000,0.000,0.000,3,3,-78.473,"-76.6 -81.5 -77.3","0.000 0.000 0.000",-91.191,-73.814,"-99.9 -99.3 -79.8 -76.8 -75.1 -73.8 -75.1 -76.8",1.573,962,0,1746,2438,"-8e+01 -8e+01 -8e+01","0.569 0.0824 0.0902","1.6 1.5 1.5",1,1,0.01,0.00,0,0,0,0
49.200,6,0.000,0.000,0.000,3,3,-78.473,"-76.6 -81.5 -77.3","0.000 0.000 0.000",-91.191,-73.814,"-99.9 -99.3 -79.8 -76.8 -75.1 -73.8 -75.1 -76.8",1.673,964,0,1746,2443,"-8e+01 -8e+01 -8e+01","0.569 0.0824 0.0902","1.7 1.6 1.6",1,1,0.01,0.00,0,0,0,0
49.300,6,0.000,0.000,0.000,3,3,-78.473,"-76.6 -81.5 -77.3","0.000 0.000 0.000",-91.191,-75.059,"-100.7 -99.9 -99.3 -79.8 -76.8 -75.1 -75.1 -76.8",1.773,966,0,1746,2448,"-8e+01 -8e+01 -8e+01","0.569 0.0824 0.0902","1.8 1.7 1.7",1,1,0.01,0.00,0,0,0,0
49.400,6,0.000,0.000,0.000,3,3,-78.473,"-76.6 -81.5 -77.3","0.000 0.000 0.000",-91.191,-75.059,"-100.7 -99.9 -99.3 -79.8 -76.8 -75.1 -73.8 -75.1",1.873,968,0,1746,2453,"-8e+01 -8e+01 -8e+01","0.569 0.0824 0.0902","1.9 1.8 1.8",1,1,0.01,0.00,0,0,0,0
49.500,6,0.000,0.000,0.000,3,3,-78.473,"-76.6 -81.5 -77.3","0.000 0.000 0.000",-91.191,-75.059,"-100.7 -99.9 -99.3 -79.8 -76.8 -75.1 -73.8 -75.1",1.973,970,0,1746,2458,"-8e+01 -8e+01 -8e+01","0.569 0.0824 0.0902","2 1.9 1.9",1,1,0.01,0.00,0,0,0,0
49.600,6,0.000,0.000,0.000,3,3,-78.473,"-76.6 -81.5 -77.3","0.000 0.000 0.000",-91.191,-75.059,"-100.7 -99.9 -99.3 -79.8 -76.8 -75.1 -73.8 -75.1",2.073,972,0,1746,2463,"-8e+01 -8e+01 -8e+01","0.569 0.0824 0.0902","2.1 2 2",1,1,0.01,0.00,0,0,0,0
49.700,6,0.000,0.000,0.000,3,3,-78.473,"-76.6 -81.5 -77.3","0.000 0.000 0.000",-91.191,-76.809,"-100.8 -100.7 -99.9 -99.3 -79.8 -76.8 -75.1 -75.1",2.173,974,0,1746,2468,"-8e+01 -8e+01 -8e+01","0.569 0.0824 0.0902","2.2 2.1 2.1",1,1,0.01,0.00,0,0,0,0
49.800,6,0.000,0.000,0.000,3,3,-78.473,"-76.6 -81.5 -77.3","0.000 0.000 0.000",-91.191,-76.809,"-100.8 -100.7 -99.9 -99.3 -79.8 -76.8 -75.1 -73.8",2.273,976,0,1746,2473,"-8e+01 -8e+01 -8e+01","0.569 0.0824 0.0902","2.3 2.2 2.2",1,1,0.01,0.00,0,0,0,0
49.900,6,0.000,0.000,0.000,3,3,-78.473,"-76.6 -81.5 -77.3","0.000 0.000 0.000",-91.191,-76.809,"-100.8 -100.7 -99.9 -99.3 -79.8 -76.8 -75.1 -73.8",2.373,978,0,1746,2478,"-8e+01 -8e+01 -8e+01","0.569 0.0824 0.0902","2.4 2.3 2.3",1,1,0.01,0.00,0,0,0,0
50.000,6,0.000,0.000,0.000,3,3,-78.473,"-76.6 -81.5 -77.3","0.000 0.000 0.000",-91.191,-76.809,"-100.8 -100.7 -99.9 -99.3 -79.8 -76.8 -75.1 -73.8",2.473,980,0,1746,2483,"-8e+01 -8e+01 -8e+01","0.569 0.0824 0.0902","2.5 2.4 2.4",1,1,0.01,0.00,0,0,0,0
50.100,6,0.091,0.091,0.000,3,3,-78.473,"-76.6 -81.5 -77.3","0.091 0.091 0.091",-93.765,-99.942,"-100.8 -100.7 -99.9 -99.3 -99.3 -99.9 -100.7 -100.8",0.073,982,0,1749,2486,"-8e+01 -8e+01 -8e+01","0.525 0.0824 0.0902","0.073 0.048 0.023",2,2,18.68,0.00,1,1,74,71
50.200,6,0.182,0.182,0.000,3,3,-78.353,"-76.3 -81.5 -77.3","0.182 0.182 0.182",-93.765,-99.942,"-73.8 -75.1 -76.8 -79.8 -99.3 -99.9 -100.7 -100.8",0.073,984,0,1754,2488,"-8e+01 -8e+01 -8e+01","0.525 0.0824 0.0902","0.073 0.048 0.023",3,3,17.14,0.00,0,0,3,0
50.300,6,0.273,0.273,0.000,3,3,-78.473,"-76.6 -81.5 -77.3","0.273 0.273 0.273",-93.765,-99.942,"-73.8 -75.1 -76.8 -79.8 -99.3 -99.9 -100.7 -100.8",0.073,986,0,1758,2490,"-8e+01 -8e+01 -8e+01","0.525 0.0824 0.0902","0.073 0.048 0.023",1,1,0.01,0.00,0,0,3,0
50.400,6,0.364,0.364,0.000,3,3,-78.353,"-76.3 -81.5 -77.3","0.364 0.364 0.364",-93.765,-99.942,"-73.8 -75.1 -76.8 -79.8 -99.3 -99.9 -100.7 -100.8",0.073,988,0,1764,2493,"-8e+01 -8e+01 -8e+01","0.529 0.0824 0.0902","0.073 0.048 0.023",1,1,0.02,0.00,0,0,3,0
50.500,6,0.455,0.455,0.000,3,3,-78.473,"-76.6 -81.5 -77.3","0.455 0.455 0.455",-91.191,-99.942,"-75.1 -75.1 -76.8 -79.8 -99.3 -99.9 -100.7 -100.8",0.073,990,0,1768,2495,"-8e+01 -8e+01 -8e+01","0.529 0.0824 0.0902","0.073 0.048 0.023",1,1,0.00,0.00,0,0,3,0
50.600,6,0.545,0.545,0.000,3,3,-78.353,"-76.3 -81.5 -77.3","0.545 0.545 0.545",-91.191,-99.290,"-75.1 -73.8 -75.1 -76.8 -79.8 -99.3 -99.9 -100.7",0.073,992,0,1777,2499,"-8e+01 -8e+01 -8e+01","0.533 0.0824 0.0902","0.073 0.048 0.023",3,3,0.01,0.00,0,0,3,0
50.700,6,0.636,0.636,0.000,3,0,-78.473,"-76.6 -81.5 -77.3","0.636 0.636 0.636",-91.191,-99.290,"-75.1 -73.8 -75.1 -76.8 -79.8 -99.3 -99.9 -100.7",0.073,994,0,1784,2503,"-8e+01 -8e+01 -8e+01","0.533 0.0824 0.0902","0.073 0.048 0.023",3,3,0.01,0.00,0,0,3,0
50.800,6,0.727,0.727,0.000,3,0,-78.353,"-76.3 -81.5 -77.3","0.727 0.727 0.727",-91.191,-99.290,"-75.1 -73.8 -75.1 -76.8 -79.8 -99.3 -99.9 -100.7",0.073,996,0,1793,2507,"-8e+01 -8e+01 -8e+01","0.533 0.0824 0.0902","0.073 0.048 0.023",3,3,0.00,0.00,0,0,3,0
50.900,6,0.727,0.727,0.000,3,0,-78.353,"-76.3 -81.5 -77.3","0.727 0.727 0.727",-91.191,-99.290,"-76.8 -75.1 -75.1 -76.8 -79.8 -99.3 -99.9 -100.7",0.173,998,0,1793,2512,"-8e+01 -8e+01 -8e+01","0.533 0.0824 0.0902","0.17 0.15 0.12",14,13,5.36,0.21,0,0,0,0
51.000,6,0.727,0.727,0.000,3,0,-78.353,"-76.3 -81.5 -77.3","0.727 0.727 0.727",-91.191,-79.795,"-76.8 -75.1 -73.8 -75.1 -76.8 -79.8 -99.3 -99.9",0.273,1000,0,1793,2523,"-8e+01 -8e+01 -8e+01","0.533 0.0824 0.0902","0.27 0.25 0.22",8,6,7.32,0.75,0,0,0,0
51.100,6,0.727,0.727,0.000,3,0,-78.353,"-76.3 -81.5 -77.3","0.727 0.727 0.727",-91.191,-79.795,"-76.8 -75.1 -73.8 -75.1 -76.8 -79.8 -99.3 -99.9",0.373,1002,0,1793,2529,"-8e+01 -8e+01 -8e+01","0.533 0.0824 0.0902","0.37 0.35 0.32",11,10,12.65,0.27,0,0,0,0
51.200,6,0.636,0.636,0.000,3,0,-78.353,"-76.3 -81.5 -77.3","0.636 0.636 0.636",-91.191,-79.795,"-76.8 -75.1 -73.8 -75.1 -76.8 -79.8 -99.3 -99.9",0.473,1004,0,1793,2534,"-8e+01 -8e+01 -8e+01","0.533 0.0824 0.0902","0.47 0.45 0.42",16,14,13.49,0.38,0,0,0,0
51.300,6,0.545,0.545,0.000,3,3,-78.353,"-76.3 -81.5 -77.3","0.545 0.545 0.545",-91.191,-79.795,"-79.8 -76.8 -75.1 -75.1 -76.8 -79.8 -99.3 -99.9",0.573,1006,0,1793,2546,"-8e+01 -8e+01 -8e+01","0.533 0.0824 0.0902","0.57 0.55 0.52",8,7,34.13,0.38,0,0,0,0
51.400,6,0.455,0.455,0.000,3,3,-78.353,"-76.3 -81.5 -77.3","0.455 0.455 0.455",-91.191,-76.809,"-79.8 -76.8 -75.1 -73.8 -75.1 -76.8 -79.8 -99.3",0.673,1008,0,1793,2552,"-8e+01 -8e+01 -8e+01","0.533 0.0824 0.0902","0.67 0.65 0.62",18,15,9.38,0.50,0,0,0,0
51.500,6,0.364,0.364,0.000,3,3,-78.353,"-76.3 -81.5 -77.3","0.364 0.364 0.364",-91.191,-76.809,"-79.8 -76.8 -75.1 -73.8 -75.1 -76.8 -79.8 -99.3",0.773,1010,0,1793,2560,"-8e+01 -8e+01 -8e+01","0.533 0.0824 0.0902","0.77 0.75 0.72",15,13,5.42,0.40,0,0,0,0
51.600,6,0.273,0.273,0.000,3,3,-78.353,"-76.3 -81.5 -77.3","0.273 0.273 0.273",-91.191,-76.809,"-79.8 -76.8 -75.1 -73.8 -75.1 -76.8 -79.8 -99.3",0.873,1012,0,1793,2569,"-8e+01 -8e+01 -8e+01","0.533 0.0824 0.0902","0.87 0.85 0.82",7,7,29.33,0.00,0,0,0,0
51.700,6,0.182,0.182,0.000,3,3,-78.353,"-76.3 -81.5 -77.3","0.182 0.182 0.182",-91.191,-75.059,"-99.3 -79.8 -76.8 -75.1 -73.8 -75.1 -76.8 -79.8",0.973,1014,0,1793,2580,"-8e+01 -8e+01 -8e+01","0.533 0.0824 0.0902","0.97 0.95 0.92",10,8,7.77,0.60,0,0,0,0
51.800,6,0.091,0.091,0.000,3,3,-78.353,"-76.3 -81.5 -77.3","0.091 0.091 0.091",-91.191,-75.059,"-99.3 -79.8 -76.8 -75.1 -73.8 -75.1 -76.8 -79.8",1.073,1016,0,1793,2585,"-8e+01 -8e+01 -8e+01","0.533 0.0824 0.0902","1.1 1 1",18,16,18.81,0.33,0,0,0,0
51.900,6,0.000,0.000,0.000,3,3,-78.353,"-76.3 -81.5 -77.3","0.000 0.000 0.000",-91.191,-75.059,"-99.3 -79.8 -76.8 -75.1 -73.8 -75.1 -76.8 -79.8",1.173,1018,0,1793,2597,"-8e+01 -8e+01 -8e+01","0.533 0.0824 0.0902","1.2 1.1 1.1",7,6,0.23,0.43,0,0,0,0
52.000,6,0.000,0.000,0.000,3,3,-78.353,"-76.3 -81.5 -77.3","0.000 0.000 0.000",-91.191,-75.059,"-99.3 -79.8 -76.8 -75.1 -73.8 -75.1 -76.8 -79.8",1.273,1020,0,1793,2602,"-8e+01 -8e+01 -8e+01","0.533 0.0824 0.0902","1.3 1.2 1.2",16,12,16.91,0.75,0,0,0,0
52.100,6,0.000,0.000,0.000,3,3,-78.353,"-76.3 -81.5 -77.3","0.000 0.000 0.000",-91.191,-75.059,"-99.9 -99.3 -79.8 -76.8 -75.1 -75.1 -76.8 -79.8",1.373,1022,0,1793,2616,"-8e+01 -8e+01 -8e+01","0.533 0.0824 0.0902","1.4 1.3 1.3",7,7,16.94,0.00,0,0,0,0
52.200,6,0.000,0.000,0.000,3,3,-78.353,"-76.3 -81.5 -77.3","0.000 0.000 0.000",-91.191,-73.814,"-99.9 -99.3 -79.8 -76.8 -75.1 -73.8 -75.1 -76.8",1.473,1024,0,1793,2621,"-8e+01 -8e+01 -8e+01","0.533 0.0824 0.0902","1.5 1.4 1.4",14,11,17.58,0.64,0,0,0,0
52.300,6,0.000,0.000,0.000,3,3,-78.353,"-76.3 -81.5 -77.3","0.000 0.000 0.000",-91.191,-73.814,"-99.9 -99.3 -79.8 -76.8 -75.1 -73.8 -75.1 -76.8",1.573,1026,0,1793,2633,"-8e+01 -8e+01 -8e+01","0.533 0.0824 0.0902","1.6 1.5 1.5",6,5,41.59,0.50,0,0,0,0
52.400,6,0.000,0.000,0.000,3,3,-78.353,"-76.3 -81.5 -77.3","0.000 0.000 0.000",-91.191,-73.814,"-99.9 -99.3 -79.8 -76.8 -75.1 -73.8 -75.1 -76.8",1.673,1028,0,1793,2640,"-8e+01 -8e+01 -8e+01","0.533 0.0824 0.0902","1.7 1.6 1.6",12,9,10.26,0.75,0,0,0,0
52.500,6,0.000,0.000,0.000,3,3,-78.353,"-76.3 -81.5 -77.3","0.000 0.000 0.000",-91.191,-75.059,"-100.7 -99.9 -99.3 -79.8 -76.8 -75.1 -75.1 -76.8",1.773,1030,0,1793,2653,"-8e+01 -8e+01 -8e+01","0.533 0.0824 0.0902","1.8 1.7 1.7",1,0,59.63,3.00,0,0,0,0
52.600,6,0.000,0.000,0.000,3,3,-78.353,"-76.3 -81.5 -77.3","0.000 0.000 0.000",-91.191,-75.059,"-100.7 -99.9 -99.3 -79.8 -76.8 -75.1 -73.8 -75.1",1.873,1032,0,1793,2658,"-8e+01 -8e+01 -8e+01","0.533 0.0824 0.0902","1.9 1.8 1.8",16,15,6.18,0.19,0,0,0,0
52.700,6,0.000,0.000,0.000,3,3,-78.353,"-76.3 -81.5 -77.3","0.000 0.000 0.000",-91.191,-75.059,"-100.7 -99.9 -99.3 -79.8 -76.8 -75.1 -73.8 -75.1",1.973,1034,0,1793,2670,"-8e+01 -8e+01 -8e+01","0.533 0.0824 0.0902","2 1.9 1.9",5,3,45.07,1.20,0,0,0,0
52.800,6,0.000,0.000,0.000,3,3,-78.353,"-76.3 -81.5 -77.3","0.000 0.000 0.000",-91.191,-75.059,"-100.7 -99.9 -99.3 -79.8 -76.8 -75.1 -73.8 -75.1",2.073,1036,0,1793,2675,"-8e+01 -8e+01 -8e+01","0.533 0.0824 0.0902","2.1 2 2",13,10,11.50,0.69,0,0,0,0
52.900,6,0.000,0.000,0.000,3,3,-78.353,"-76.3 -81.5 -77.3","0.000 0.000 0.000",-91.191,-76.809,"-100.8 -100.7 -99.9 -99.3 -79.8 -76.8 -75.1 -75.1",2.173,1038,0,1793,2687,"-8e+01 -8e+01 -8e+01","0.533 0.0824 0.0902","2.2 2.1 2.1",8,6,40.73,0.75,0,0,0,0
53.000,6,0.000,0.000,0.000,3,3,-78.353,"-76.3 -81.5 -77.3","0.000 0.000 0.000",-91.191,-76.809,"-100.8 -100.7 -99.9 -99.3 -79.8 -76.8 -75.1 -73.8",2.273,1040,0,1793,2692,"-8e+01 -8e+01 -8e+01","0.533 0.0824 0.0902","2.3 2.2 2.2",11,10,7.12,0.27,0,0,0,0
53.100,6,0.000,0.000,0.000,3,3,-78.353,"-76.3 -81.5 -77.3","0.000 0.000 0.000",-91.191,-76.809,"-100.8 -100.7 -99.9 -99.3 -79.8 -76.8 -75.1 -73.8",2.373,1042,0,1793,2704,"-8e+01 -8e+01 -8e+01","0.533 0.0824 0.0902","2.4 2.3 2.3",8,6,10.28,0.75,0,0,0,0
53.200,6,0.000,0.000,0.000,3,3,-78.353,"-76.3 -81.5 -77.3","0.000 0.000 0.000",-91.191,-76.809,"-100.8 -100.7 -99.9 -99.3 -79.8 -76.8 -75.1 -73.8",2.473,1044,0,1793,2709,"-8e+01 -8e+01 -8e+01","0.533 0.0824 0.0902","2.5 2.4 2.4",9,6,15.73,1.00,0,0,0,0
53.300,6,0.091,0.091,0.000,3,3,-78.353,"-76.3 -81.5 -77.3","0.091 0.091 0.091",-93.765,-99.942,"-100.8 -100.7 -99.9 -99.3 -99.3 -99.9 -100.7 -100.8",0.073,1046,0,1822,2724,"-8e+01 -8e+01 -8e+01","0.514 0.0745 0.0863","0.073 0.048 0.023",17,17,7.96,0.00,20,19,55,53
53.400,6,0.182,0.182,0.000,3,3,-78.473,"-76.6 -81.5 -77.3","0.182 0.182 0.182",-93.765,-99.942,"-73.8 -75.1 -76.8 -79.8 -99.3 -99.9 -100.7 -100.8",0.073,1048,0,1829,2728,"-8e+01 -8e+01 -8e+01","0.518 0.0745 0.0863","0.073 0.048 0.023",3,3,0.01,0.00,0,0,3,0
53.500,6,0.273,0.273,0.000,3,3,-78.353,"-76.3 -81.5 -77.3","0.273 0.273 0.273",-93.765,-99.942,"-73.8 -75.1 -76.8 -79.8 -99.3 -99.9 -100.7 -100.8",0.073,1050,0,1838,2732,"-8e+01 -8e+01 -8e+01","0.518 0.0745 0.0863","0.073 0.048 0.023",3,3,0.00,0.00,0,0,3,0
53.600,6,0.364,0.364,0.000,3,3,-78.473,"-76.6 -81.5 -77.3","0.364 0.364 0.364",-93.765,-99.942,"-73.8 -75.1 -76.8 -79.8 -99.3 -99.9 -100.7 -100.8",0.073,1052,0,1845,2736,"-8e+01 -8e+01 -8e+01","0.518 0.0745 0.0863","0.073 0.048 0.023",3,3,0.01,0.00,0,0,3,0
53.700,6,0.455,0.455,0.000,3,3,-78.353,"-76.3 -81.5 -77.3","0.455 0.455 0.455",-91.191,-99.942,"-75.1 -75.1 -76.8 -79.8 -99.3 -99.9 -100.7 -100.8",0.073,1054,0,1854,2740,"-8e+01 -8e+01 -8e+01","0.522 0.0745 0.0863","0.073 0.048 0.023",3,3,0.02,0.00,0,0,3,0
53.800,6,0.545,0.545,0.000,3,3,-78.473,"-76.6 -81.5 -77.3","0.545 0.545 0.545",-91.191,-99.290,"-75.1 -73.8 -75.1 -76.8 -79.8 -99.3 -99.9 -100.7",0.073,1056,0,1861,2744,"-8e+01 -8e+01 -8e+01","0.522 0.0745 0.0863","0.073 0.048 0.023",3,3,0.01,0.00,0,0,3,0
53.900,6,0.636,0.636,0.000,3,0,-78.353,"-76.3 -81.5 -77.3","0.636 0.636 0.636",-91.191,-99.290,"-75.1 -73.8 -75.1 -76.8 -79.8 -99.3 -99.9 -100.7",0.073,1058,0,1870,2748,"-8e+01 -8e+01 -8e+01","0.525 0.0745 0.0863","0.073 0.048 0.023",3,3,0.01,0.00,0,0,3,0
54.000,6,0.727,0.727,0.000,3,0,-78.473,"-76.6 -81.5 -77.3","0.727 0.727 0.727",-91.191,-99.290,"-75.1 -73.8 -75.1 -76.8 -79.8 -99.3 -99.9 -100.7",0.073,1060,0,1877,2752,"-8e+01 -8e+01 -8e+01","0.525 0.0745 0.0863","0.073 0.048 0.023",3,3,0.01,0.00,0,0,3,0
54.100,6,0.727,0.727,0.000,3,0,-78.473,"-76.6 -81.5 -77.3","0.727 0.727 0.727",-91.191,-99.290,"-76.8 -75.1 -75.1 -76.8 -79.8 -99.3 -99.9 -100.7",0.173,1062,0,1877,2762,"-8e+01 -8e+01 -8e+01","0.525 0.0745 0.0863","0.17 0.15 0.12",22,19,1.83,0.41,0,0,0,0
54.200,6,0.727,0.727,0.000,3,0,-78.473,"-76.6 -81.5 -77.3","0.727 0.727 0.727",-91.191,-79.795,"-76.8 -75.1 -73.8 -75.1 -76.8 -79.8 -99.3 -99.9",0.273,1064,0,1877,2772,"-8e+01 -8e+01 -8e+01","0.525 0.0745 0.0863","0.27 0.25 0.22",10,9,0.19,0.30,0,0,0,0
54.300,6,0.727,0.727,0.000,3,0,-78.473,"-76.6 -81.5 -77.3","0.727 0.727 0.727",-91.191,-79.795,"-76.8 -75.1 -73.8 -75.1 -76.8 -79.8 -99.3 -99.9",0.373,1066,0,1877,2778,"-8e+01 -8e+01 -8e+01","0.525 0.0745 0.0863","0.37 0.35 0.32",10,9,17.03,0.30,0,0,0,0
54.400,6,0.636,0.636,0.000,3,0,-78.473,"-76.6 -81.5 -77.3","0.636 0.636 0.636",-91.191,-79.795,"-76.8 -75.1 -73.8 -75.1 -76.8 -79.8 -99.3 -99.9",0.473,1068,0,1877,2789,"-8e+01 -8e+01 -8e+01","0.525 0.0745 0.0863","0.47 0.45 0.42",15,13,7.97,0.40,0,0,0,0
54.500,6,0.545,0.545,0.000,3,3,-78.473,"-76.6 -81.5 -77.3","0.545 0.545 0.545",-91.191,-79.795,"-79.8 -76.8 -75.1 -75.1 -76.8 -79.8 -99.3 -99.9",0.573,1070,0,1877,2797,"-8e+01 -8e+01 -8e+01","0.525 0.0745 0.0863","0.57 0.55 0.52",10,9,0.81,0.30,0,0,0,0
54.600,6,0.455,0.455,0.000,3,3,-78.473,"-76.6 -81.5 -77.3","0.455 0.455 0.455",-91.191,-76.809,"-79.8 -76.8 -75.1 -73.8 -75.1 -76.8 -79.8 -99.3",0.673,1072,0,1877,2808,"-8e+01 -8e+01 -8e+01","0.525 0.0745 0.0863","0.67 0.65 0.62",8,6,9.65,0.75,0,0,0,0
54.700,6,0.364,0.364,0.000,3,3,-78.473,"-76.6 -81.5 -77.3","0.364 0.364 0.364",-91.191,-76.809,"-79.8 -76.8 -75.1 -73.8 -75.1 -76.8 -79.8 -99.3",0.773,1074,0,1877,2814,"-8e+01 -8e+01 -8e+01","0.525 0.0745 0.0863","0.77 0.75 0.72",16,14,6.68,0.38,0,0,0,0
54.800,6,0.273,0.273,0.000,3,3,-78.473,"-76.6 -81.5 -77.3","0.273 0.273 0.273",-91.191,-76.809,"-79.8 -76.8 -75.1 -73.8 -75.1 -76.8 -79.8 -99.3",0.873,1076,0,1877,2825,"-8e+01 -8e+01 -8e+01","0.525 0.0745 0.0863","0.87 0.85 0.82",11,10,15.78,0.27,0,0,0,0
54.900,6,0.182,0.182,0.000,3,3,-78.473,"-76.6 -81.5 -77.3","0.182 0.182 0.182",-91.191,-76.809,"-99.3 -79.8 -76.8 -75.1 -75.1 -76.8 -79.8 -99.3",0.973,1078,0,1877,2832,"-8e+01 -8e+01 -8e+01","0.525 0.0745 0.0863","0.97 0.95 0.92",15,13,12.39,0.40,0,0,0,0
55.000,6,0.091,0.091,0.000,3,3,-78.473,"-76.6 -81.5 -77.3","0.091 0.091 0.091",-91.191,-75.059,"-99.3 -79.8 -76.8 -75.1 -73.8 -75.1 -76.8 -79.8",1.073,1080,0,1877,2842,"-8e+01 -8e+01 -8e+01","0.525 0.0745 0.0863","1.1 1 1",10,8,11.15,0.60,0,0,0,0
55.100,6,0.000,0.000,0.000,3,3,-78.473,"-76.6 -81.5 -77.3","0.000 0.000 0.000",-91.191,-75.059,"-99.3 -79.8 -76.8 -75.1 -73.8 -75.1 -76.8 -79.8",1.173,1082,0,1877,2849,"-8e+01 -8e+01 -8e+01","0.525 0.0745 0.0863","1.2 1.1 1.1",14,12,9.78,0.43,0,0,0,0
55.200,6,0.000,0.000,0.000,3,3,-78.473,"-76.6 -81.5 -77.3","0.000 0.000 0.000",-91.191,-75.059,"-99.3 -79.8 -76.8 -75.1 -73.8 -75.1 -76.8 -79.8",1.273,1084,0,1877,2859,"-8e+01 -8e+01 -8e+01","0.525 0.0745 0.0863","1.3 1.2 1.2",16,14,17.36,0.38,0,0,0,0
55.300,6,0.000,0.000,0.000,3,3,-78.473,"-76.6 -81.5 -77.3","0.000 0.000 0.000",-91.191,-73.814,"-99.9 -99.3 -79.8 -76.8 -75.1 -73.8 -75.1 -76.8",1.373,1086,0,1877,2867,"-8e+01 -8e+01 -8e+01","0.525 0.0745 0.0863","1.4 1.3 1.3",11,10,15.69,0.27,0,0,0,0
55.400,6,0.000,0.000,0.000,3,3,-78.473,"-76.6 -81.5 -77.3","0.000 0.000 0.000",-91.191,-73.814,"-99.9 -99.3 -79.8 -76.8 -75.1 -73.8 -75.1 -76.8",1.473,1088,0,1877,2874,"-8e+01 -8e+01 -8e+01","0.525 0.0745 0.0863","1.5 1.4 1.4",8,7,52.61,0.38,0,0,0,0
55.500,6,0.000,0.000,0.000,3,3,-78.473,"-76.6 -81.5 -77.3","0.000 0.000 0.000",-91.191,-73.814,"-99.9 -99.3 -79.8 -76.8 -75.1 -73.8 -75.1 -76.8",1.573,1090,0,1877,2886,"-8e+01 -8e+01 -8e+01","0.525 0.0745 0.0863","1.6 1.5 1.5",11,8,5.47,0.82,0,0,0,0
55.600,6,0.000,0.000,0.000,3,3,-78.473,"-76.6 -81.5 -77.3","0.000 0.000 0.000",-91.191,-73.814,"-99.9 -99.3 -79.8 -76.8 -75.1 -73.8 -75.1 -76.8",1.673,1092,0,1877,2894,"-8e+01 -8e+01 -8e+01","0.525 0.0745 0.0863","1.7 1.6 1.6",8,6,25.83,0.75,0,0,0,0
55.700,6,0.000,0.000,0.000,3,3,-78.473,"-76.6 -81.5 -77.3","0.000 0.000 0.000",-91.191,-75.059,"-100.7 -99.9 -99.3 -79.8 -76.8 -75.1 -75.1 -76.8",1.773,1094,0,1877,2904,"-8e+01 -8e+01 -8e+01","0.525 0.0745 0.0863","1.8 1.7 1.7",9,8,14.23,0.33,0,0,0,0
55.800,6,0.000,0.000,0.000,3,3,-78.473,"-76.6 -81.5 -77.3","0.000 0.000 0.000",-91.191,-75.059,"-100.7 -99.9 -99.3 -79.8 -76.8 -75.1 -73.8 -75.1",1.873,1096,0,1877,2911,"-8e+01 -8e+01 -8e+01","0.525 0.0745 0.0863","1.9 1.8 1.8",15,12,13.53,0.60,0,0,0,0
55.900,6,0.000,0.000,0.000,3,3,-78.473,"-76.6 -81.5 -77.3","0.000 0.000 0.000",-91.191,-75.059,"-100.7 -99.9 -99.3 -79.8 -76.8 -75.1 -73.8 -75.1",1.973,1098,0,1877,2916,"-8e+01 -8e+01 -8e+01","0.525 0.0745 0.0863","2 1.9 1.9",18,16,7.17,0.33,0,0,0,0
56.000,6,0.000,0.000,0.000,3,3,-78.473,"-76.6 -81.5 -77.3","0.000 0.000 0.000",-91.191,-75.059,"-100.7 -99.9 -99.3 -79.8 -76.8 -75.1 -73.8 -75.1",2.073,1100,0,1877,2928,"-8e+01 -8e+01 -8e+01","0.525 0.0745 0.0863","2.1 2 2",15,13,16.87,0.40,0,0,0,0
56.100,6,0.000,0.000,0.000,3,3,-78.473,"-76.6 -81.5 -77.3","0.000 0.000 0.000",-91.191,-76.809,"-100.8 -100.7 -99.9 -99.3 -79.8 -76.8 -75.1 -73.8",2.173,1102,0,1877,2933,"-8e+01 -8e+01 -8e+01","0.525 0.0745 0.0863","2.2 2.1 2.1",12,10,12.33,0.50,0,0,0,0
56.200,6,0.000,0.000,0.000,3,3,-78.473,"-76.6 -81.5 -77.3","0.000 0.000 0.000",-91.191,-76.809,"-100.8 -100.7 -99.9 -99.3 -79.8 -76.8 -75.1 -73.8",2.273,1104,0,1877,2945,"-8e+01 -8e+01 -8e+01","0.525 0.0745 0.0863","2.3 2.2 2.2",9,7,3.97,0.67,0,0,0,0
56.300,6,0.000,0.000,0.000,3,3,-78.473,"-76.6 -81.5 -77.3","0.000 0.000 0.000",-91.191,-76.809,"-100.8 -100.7 -99.9 -99.3 -79.8 -76.8 -75.1 -73.8",2.373,1106,0,1877,2950,"-8e+01 -8e+01 -8e+01","0.525 0.0745 0.0863","2.4 2.3 2.3",14,12,10.85,0.43,0,0,0,0
56.400,6,0.000,0.000,0.000,3,3,-78.473,"-76.6 -81.5 -77.3","0.000 0.000 0.000",-91.191,-76.809,"-100.8 -100.7 -99.9 -99.3 -79.8 -76.8 -75.1 -73.8",2.473,1108,0,1877,2959,"-8e+01 -8e+01 -8e+01","0.525 0.0745 0.0863","2.5 2.4 2.4",5,4,42.05,0.60,0,0,0,0
56.500,6,0.121,0.091,0.043,3,3,-78.473,"-76.6 -81.5 -77.3","0.182 0.091 0.091",-93.765,-99.942,"-100.8 -100.7 -99.9 -99.3 -99.3 -99.9 -100.7 -100.8",0.073,1110,0,1889,2962,"-8e+01 -8e+01 -8e+01","0.506 0.0863 0.0941","0.073 0.048 0.023",24,23,3.83,0.12,25,23,50,48
56.600,6,0.212,0.182,0.043,3,3,-78.473,"-76.6 -81.5 -77.3","0.273 0.182 0.182",-93.765,-99.942,"-73.8 -75.1 -76.8 -79.8 -99.3 -99.9 -100.7 -100.8",0.073,1112,0,1895,2964,"-8e+01 -8e+01 -8e+01","0.51 0.0863 0.0941","0.073 0.048 0.023",5,5,0.02,0.00,0,0,3,0
56.700,6,0.303,0.273,0.043,3,3,-78.473,"-76.6 -81.5 -77.3","0.364 0.273 0.273",-93.765,-99.942,"-73.8 -75.1 -76.8 -79.8 -99.3 -99.9 -100.7 -100.8",0.073,1114,0,1898,2966,"-8e+01 -8e+01 -8e+01","0.51 0.0863 0.0941","0.073 0.048 0.023",1,1,0.02,0.00,0,0,3,0
56.800,6,0.394,0.364,0.043,3,3,-78.473,"-76.6 -81.5 -77.3","0.455 0.364 0.364",-93.765,-99.942,"-73.8 -75.1 -76.8 -79.8 -99.3 -99.9 -100.7 -100.8",0.073,1116,0,1903,2968,"-8e+01 -8e+01 -8e+01","0.514 0.0863 0.0941","0.073 0.048 0.023",3,3,0.00,0.00,0,0,3,0
56.900,6,0.485,0.455,0.043,3,3,-78.473,"-76.6 -81.5 -77.3","0.545 0.455 0.455",-91.191,-99.942,"-75.1 -75.1 -76.8 -79.8 -99.3 -99.9 -100.7 -100.8",0.073,1118,0,1906,2970,"-8e+01 -8e+01 -8e+01","0.514 0.0863 0.0941","0.073 0.048 0.023",1,1,0.01,0.00,0,0,3,0
57.000,6,0.576,0.545,0.043,3,2,-78.473,"-76.6 -81.5 -77.3","0.636 0.545 0.545",-91.191,-99.290,"-75.1 -73.8 -75.1 -76.8 -79.8 -99.3 -99.9 -100.7",0.073,1120,0,1911,2972,"-8e+01 -8e+01 -8e+01","0.514 0.0863 0.0941","0.073 0.048 0.023",3,3,0.01,0.00,0,0,3,0
57.100,6,0.667,0.636,0.043,3,0,-78.473,"-76.6 -81.5 -77.3","0.727 0.636 0.636",-91.191,-99.290,"-75.1 -73.8 -75.1 -76.8 -79.8 -99.3 -99.9 -100.7",0.073,1122,0,1914,2974,"-8e+01 -8e+01 -8e+01","0.518 0.0863 0.0941","0.073 0.048 0.023",1,1,0.01,0.00,0,0,3,0
57.200,6,0.758,0.727,0.043,3,0,-78.473,"-76.6 -81.5 -77.3","0.818 0.727 0.727",-91.191,-99.290,"-75.1 -73.8 -75.1 -76.8 -79.8 -99.3 -99.9 -100.7",0.073,1124,0,1919,2976,"-8e+01 -8e+01 -8e+01","0.518 0.0863 0.0941","0.073 0.048 0.023",3,3,0.02,0.00,0,0,3,0
57.300,6,0.758,0.727,0.043,3,0,-78.473,"-76.6 -81.5 -77.3","0.818 0.727 0.727",-91.191,-99.290,"-76.8 -75.1 -75.1 -76.8 -79.8 -99.3 -99.9 -100.7",0.173,1126,0,1919,2981,"-8e+01 -8e+01 -8e+01","0.518 0.0863 0.0941","0.17 0.15 0.12",1,1,0.00,0.00,0,0,0,0
57.400,6,0.758,0.727,0.043,3,0,-78.473,"-76.6 -81.5 -77.3","0.818 0.727 0.727",-91.191,-79.795,"-76.8 -75.1 -73.8 -75.1 -76.8 -79.8 -99.3 -99.9",0.273,1128,0,1919,2993,"-8e+01 -8e+01 -8e+01","0.518 0.0863 0.0941","0.27 0.25 0.22",1,1,0.01,0.00,0,0,0,0
57.500,6,0.758,0.727,0.043,3,0,-78.473,"-76.6 -81.5 -77.3","0.818 0.727 0.727",-91.191,-79.795,"-76.8 -75.1 -73.8 -75.1 -76.8 -79.8 -99.3 -99.9",0.373,1130,0,1919,2998,"-8e+01 -8e+01 -8e+01","0.518 0.0863 0.0941","0.37 0.35 0.32",1,1,0.01,0.00,0,0,0,0
57.600,6,0.636,0.636,0.000,3,0,-78.473,"-76.6 -81.5 -77.3","0.636 0.636 0.636",-91.191,-79.795,"-76.8 -75.1 -73.8 -75.1 -76.8 -79.8 -99.3 -99.9",0.473,1132,0,1919,3010,"-8e+01 -8e+01 -8e+01","0.518 0.0863 0.0941","0.47 0.45 0.42",1,1,0.01,0.00,0,0,0,0
57.700,6,0.545,0.545,0.000,3,3,-78.473,"-76.6 -81.5 -77.3","0.545 0.545 0.545",-91.191,-79.795,"-79.8 -76.8 -75.1 -75.1 -76.8 -79.8 -99.3 -99.9",0.573,1134,0,1919,3015,"-8e+01 -8e+01 -8e+01","0.518 0.0863 0.0941","0.57 0.55 0.52",1,1,0.01,0.00,0,0,0,0
57.800,6,0.455,0.455,0.000,3,3,-78.473,"-76.6 -81.5 -77.3","0.455 0.455 0.455",-91.191,-76.809,"-79.8 -76.8 -75.1 -73.8 -75.1 -76.8 -79.8 -99.3",0.673,1136,0,1919,3027,"-8e+01 -8e+01 -8e+01","0.518 0.0863 0.0941","0.67 0.65 0.62",1,1,0.01,0.00,0,0,0,0
57.900,6,0.364,0.364,0.000,3,3,-78.473,"-76.6 -81.5 -77.3","0.364 0.364 0.364",-91.191,-76.809,"-79.8 -76.8 -75.1 -73.8 -75.1 -76.8 -79.8 -99.3",0.773,1138,0,1919,3032,"-8e+01 -8e+01 -8e+01","0.518 0.0863 0.0941","0.77 0.75 0.72",1,1,0.27,0.00,0,0,0,0
58.000,6,0.273,0.273,0.000,3,3,-78.473,"-76.6 -81.5 -77.3","0.273 0.273 0.273",-91.191,-76.809,"-79.8 -76.8 -75.1 -73.8 -75.1 -76.8 -79.8 -99.3",0.873,1140,0,1919,3044,"-8e+01 -8e+01 -8e+01","0.518 0.0863 0.0941","0.87 0.85 0.82",1,1,0.01,0.00,0,0,0,0
58.100,6,0.182,0.182,0.000,3,3,-78.473,"-76.6 -81.5 -77.3","0.182 0.182 0.182",-91.191,-76.809,"-99.3 -79.8 -76.8 -75.1 -75.1 -76.8 -79.8 -99.3",0.973,1142,0,1919,3049,"-8e+01 -8e+01 -8e+01","0.518 0.0863 0.0941","0.97 0.95 0.92",1,1,0.01,0.00,0,0,0,0
58.200,6,0.091,0.091,0.000,3,3,-78.473,"-76.6 -81.5 -77.3","0.091 0.091 0.091",-91.191,-75.059,"-99.3 -79.8 -76.8 -75.1 -73.8 -75.1 -76.8 -79.8",1.073,1144,0,1919,3061,"-8e+01 -8e+01 -8e+01","0.518 0.0863 0.0941","1.1 1 1",1,1,0.01,0.00,0,0,0,0
58.300,6,0.000,0.000,0.000,3,3,-78.473,"-76.6 -81.5 -77.3","0.000 0.000 0.000",-91.191,-75.059,"-99.3 -79.8 -76.8 -75.1 -73.8 -75.1 -76.8 -79.8",1.173,1146,0,1919,3067,"-8e+01 -8e+01 -8e+01","0.518 0.0863 0.0941","1.2 1.1 1.1",1,1,10.15,0.00,0,0,0,0
58.400,6,0.000,0.000,0.000,3,3,-78.473,"-76.6 -81.5 -77.3","0.000 0.000 0.000",-91.191,-75.059,"-99.3 -79.8 -76.8 -75.1 -73.8 -75.1 -76.8 -79.8",1.273,1148,0,1919,3077,"-8e+01 -8e+01 -8e+01","0.518 0.0863 0.0941","1.3 1.2 1.2",2,2,0.01,0.00,0,0,0,0
58.500,6,0.000,0.000,0.000,3,3,-78.473,"-76.6 -81.5 -77.3","0.000 0.000 0.000",-91.191,-75.059,"-99.9 -99.3 -79.8 -76.8 -75.1 -75.1 -76.8 -79.8",1.373,1150,0,1919,3088,"-8e+01 -8e+01 -8e+01","0.518 0.0863 0.0941","1.4 1.3 1.3",1,1,0.15,0.00,0,0,0,0
58.600,6,0.000,0.000,0.000,3,3,-78.473,"-76.6 -81.5 -77.3","0.000 0.000 0.000",-91.191,-73.814,"-99.9 -99.3 -79.8 -76.8 -75.1 -73.8 -75.1 -76.8",1.473,1152,0,1919,3098,"-8e+01 -8e+01 -8e+01","0.518 0.0863 0.0941","1.5 1.4 1.4",1,1,0.01,0.00,0,0,0,0
58.700,6,0.000,0.000,0.000,3,3,-78.473,"-76.6 -81.5 -77.3","0.000 0.000 0.000",-91.191,-73.814,"-99.9 -99.3 -79.8 -76.8 -75.1 -73.8 -75.1 -76.8",1.573,1154,0,1919,3105,"-8e+01 -8e+01 -8e+01","0.518 0.0863 0.0941","1.6 1.5 1.5",1,1,10.13,0.00,0,0,0,0
58.800,6,0.000,0.000,0.000,3,3,-78.473,"-76.6 -81.5 -77.3","0.000 0.000 0.000",-91.191,-73.814,"-99.9 -99.3 -79.8 -76.8 -75.1 -73.8 -75.1 -76.8",1.673,1156,0,1919,3116,"-8e+01 -8e+01 -8e+01","0.518 0.0863 0.0941","1.7 1.6 1.6",1,1,0.01,0.00,0,0,0,0
58.900,6,0.000,0.000,0.000,3,3,-78.473,"-76.6 -81.5 -77.3","0.000 0.000 0.000",-91.191,-75.059,"-100.7 -99.9 -99.3 -79.8 -76.8 -75.1 -75.1 -76.8",1.773,1158,0,1919,3122,"-8e+01 -8e+01 -8e+01","0.518 0.0863 0.0941","1.8 1.7 1.7",1,1,10.15,0.00,0,0,0,0
59.000,6,0.000,0.000,0.000,3,3,-78.473,"-76.6 -81.5 -77.3","0.000 0.000 0.000",-91.191,-75.059,"-100.7 -99.9 -99.3 -79.8 -76.8 -75.1 -73.8 -75.1",1.873,1160,0,1919,3134,"-8e+01 -8e+01 -8e+01","0.518 0.0863 0.0941","1.9 1.8 1.8",1,1,0.01,0.00,0,0,0,0
59.100,6,0.000,0.000,0.000,3,3,-78.473,"-76.6 -81.5 -77.3","0.000 0.000 0.000",-91.191,-75.059,"-100.7 -99.9 -99.3 -79.8 -76.8 -75.1 -73.8 -75.1",1.973,1162,0,1919,3139,"-8e+01 -8e+01 -8e+01","0.518 0.0863 0.0941","2 1.9 1.9",1,1,0.01,0.00,0,0,0,0
59.200,6,0.000,0.000,0.000,3,3,-78.473,"-76.6 -81.5 -77.3","0.000 0.000 0.000",-91.191,-75.059,"-100.7 -99.9 -99.3 -79.8 -76.8 -75.1 -73.8 -75.1",2.073,1164,0,1919,3151,"-8e+01 -8e+01 -8e+01","0.518 0.0863 0.0941","2.1 2 2",1,1,0.01,0.00,0,0,0,0
59.300,6,0.000,0.000,0.000,3,3,-78.473,"-76.6 -81.5 -77.3","0.000 0.000 0.000",-91.191,-76.809,"-100.8 -100.7 -99.9 -99.3 -79.8 -76.8 -75.1 -75.1",2.173,1166,0,1919,3156,"-8e+01 -8e+01 -8e+01","0.518 0.0863 0.0941","2.2 2.1 2.1",1,1,10.33,0.00,0,0,0,0
59.400,6,0.000,0.000,0.000,3,3,-78.473,"-76.6 -81.5 -77.3","0.000 0.000 0.000",-91.191,-76.809,"-100.8 -100.7 -99.9 -99.3 -79.8 -76.8 -75.1 -73.8",2.273,1168,0,1919,3168,"-8e+01 -8e+01 -8e+01","0.518 0.0863 0.0941","2.3 2.2 2.2",1,1,0.01,0.00,0,0,0,0
59.500,6,0.000,0.000,0.000,3,3,-78.473,"-76.6 -81.5 -77.3","0.000 0.000 0.000",-91.191,-76.809,"-100.8 -100.7 -99.9 -99.3 -79.8 -76.8 -75.1 -73.8",2.373,1170,0,1919,3173,"-8e+01 -8e+01 -8e+01","0.518 0.0863 0.0941","2.4 2.3 2.3",1,1,10.17,0.00,0,0,0,0
59.600,6,0.000,0.000,0.000,3,3,-78.473,"-76.6 -81.5 -77.3","0.000 0.000 0.000",-91.191,-76.809,"-100.8 -100.7 -99.9 -99.3 -79.8 -76.8 -75.1 -73.8",2.473,1172,0,1919,3185,"-8e+01 -8e+01 -8e+01","0.518 0.0863 0.0941","2.5 2.4 2.4",1,1,0.01,0.00,0,0,0,0
59.700,6,0.091,0.091,0.000,3,3,-78.473,"-76.6 -81.5 -77.3","0.091 0.091 0.091",-93.765,-99.942,"-100.8 -100.7 -99.9 -99.3 -99.3 -99.9 -100.7 -100.8",0.073,1174,0,1922,3187,"-8e+01 -8e+01 -8e+01","0.486 0.0784 0.0863","0.073 0.048 0.023",1,1,0.11,0.00,0,0,75,72
59.800,6,0.182,0.182,0.000,3,3,-78.353,"-76.3 -81.5 -77.3","0.182 0.182 0.182",-93.765,-99.942,"-73.8 -75.1 -76.8 -79.8 -99.3 -99.9 -100.7 -100.8",0.073,1176,0,1927,3189,"-8e+01 -8e+01 -8e+01","0.486 0.0784 0.0863","0.073 0.048 0.023",3,3,30.17,0.00,0,0,3,0
59.900,6,0.273,0.273,0.000,3,3,-78.473,"-76.6 -81.5 -77.3","0.273 0.273 0.273",-93.765,-99.942,"-73.8 -75.1 -76.8 -79.8 -99.3 -99.9 -100.7 -100.8",0.073,1178,0,1930,3191,"-8e+01 -8e+01 -8e+01","0.49 0.0784 0.0863","0.073 0.048 0.023",1,1,0.02,0.00,0,0,3,0
