t,channel,pdr_mean,pdr_worst,pdr_spread,n_links,links_degraded,rssi_mean,rssi_per_link,pdr_per_link,noise_dbm,meas_floor_dbm,band_power,hb_gap_max,data_tx,data_rx,rx_ok,rx_err,rev_rssi_per_link,rev_pdr_per_link,rev_age_per_link,tx_attempts,tx_acked,tx_defer_ms,tx_retry_depth,shadow_exp,shadow_miss,silent_exp,silent_miss
1.000,6,0.500,0.500,0.000,3,3,-78.473,"-76.6 -81.5 -77.3","0.500 0.500 0.500",-93.966,-100.820,"-100.8 -100.8 -100.8 -100.8 -100.8 -100.8 -100.8 -100.8",0.073,0,0,18,11,"-8e+01 -8e+01 -8e+01","1 0 0","0.073 0.048 0.023",5,5,0.01,0.00,0,0,12,0
1.100,6,1.000,1.000,0.000,3,0,-78.473,"-76.6 -81.5 -77.3","1.000 1.000 1.000",-93.966,-100.820,"-100.8 -100.8 -100.8 -100.8 -100.8 -100.8 -100.8 -100.8",0.073,2,0,21,13,"-8e+01 -8e+01 -8e+01","1 0 0","0.073 0.048 0.023",1,1,0.01,0.00,0,0,3,0
1.200,6,1.000,1.000,0.000,3,0,-78.473,"-76.6 -81.5 -77.3","1.000 1.000 1.000",-93.966,-100.820,"-100.8 -100.8 -100.8 -100.8 -100.8 -100.8 -100.8 -100.8",0.073,4,0,24,15,"-8e+01 -8e+01 -8e+01","1 0 0","0.073 0.048 0.023",1,1,0.01,0.00,0,0,3,0
1.300,6,1.000,1.000,0.000,3,0,-78.473,"-76.6 -81.5 -77.3","1.000 1.000 1.000",-93.966,-100.820,"-100.8 -100.8 -100.8 -100.8 -100.8 -100.8 -100.8 -100.8",0.073,6,0,27,17,"-8e+01 -8e+01 -8e+01","1 0 0","0.073 0.048 0.023",1,1,0.01,0.00,0,0,3,0
1.400,6,1.000,1.000,0.000,3,0,-78.473,"-76.6 -81.5 -77.3","1.000 1.000 1.000",-93.966,-100.820,"-100.8 -100.8 -100.8 -100.8 -100.8 -100.8 -100.8 -100.8",0.073,8,0,30,19,"-8e+01 -8e+01 -8e+01","1 0 0","0.073 0.048 0.023",1,1,0.02,0.00,0,0,3,0
1.500,6,1.000,1.000,0.000,3,0,-78.473,"-76.6 -81.5 -77.3","1.000 1.000 1.000",-93.966,-100.820,"-100.8 -100.8 -100.8 -100.8 -100.8 -100.8 -100.8 -100.8",0.073,10,0,33,21,"-8e+01 -8e+01 -8e+01","1 0 0","0.073 0.048 0.023",1,1,0.00,0.00,0,0,3,0
1.600,6,1.000,1.000,0.000,3,0,-78.473,"-76.6 -81.5 -77.3","1.000 1.000 1.000",-93.966,-100.820,"-100.8 -100.8 -100.8 -100.8 -100.8 -100.8 -100.8 -100.8",0.073,12,0,36,23,"-8e+01 -8e+01 -8e+01","1 0 0","0.073 0.048 0.023",1,1,0.01,0.00,0,0,3,0
1.700,6,1.000,1.000,0.000,3,0,-78.473,"-76.6 -81.5 -77.3","1.000 1.000 1.000",-93.966,-100.820,"-100.8 -100.8 -100.8 -100.8 -100.8 -100.8 -100.8 -100.8",0.073,14,0,39,25,"-8e+01 -8e+01 -8e+01","1 0 0","0.073 0.048 0.023",1,1,0.01,0.00,0,0,3,0
1.800,6,1.000,1.000,0.000,3,0,-78.473,"-76.6 -81.5 -77.3","1.000 1.000 1.000",-93.966,-100.820,"-100.8 -100.8 -100.8 -100.8 -100.8 -100.8 -100.8 -100.8",0.073,16,0,42,27,"-8e+01 -8e+01 -8e+01","1 0 0","0.073 0.048 0.023",1,1,0.01,0.00,0,0,3,0
1.900,6,1.000,1.000,0.000,3,0,-78.473,"-76.6 -81.5 -77.3","1.000 1.000 1.000",-93.966,-100.820,"-100.8 -100.8 -100.8 -100.8 -100.8 -100.8 -100.8 -100.8",0.073,18,0,45,29,"-8e+01 -8e+01 -8e+01","1 0 0","0.073 0.048 0.023",1,1,0.02,0.00,0,0,3,0
2.000,6,1.000,1.000,0.000,3,0,-78.473,"-76.6 -81.5 -77.3","1.000 1.000 1.000",-93.966,-100.820,"-100.8 -100.8 -100.8 -100.8 -100.8 -100.8 -100.8 -100.8",0.073,20,0,48,31,"-8e+01 -8e+01 -8e+01","1 0 0","0.073 0.048 0.023",1,1,0.00,0.00,0,0,3,0
2.100,6,1.000,1.000,0.000,3,0,-78.473,"-76.6 -81.5 -77.3","1.000 1.000 1.000",-93.966,-100.820,"-100.8 -100.8 -100.8 -100.8 -100.8 -100.8 -100.8 -100.8",0.073,22,0,51,34,"-8e+01 -8e+01 -8e+01","1 0 0","0.073 0.048 0.023",2,2,0.79,0.00,0,0,3,0
2.200,6,1.000,1.000,0.000,3,0,-78.473,"-76.6 -81.5 -77.3","1.000 1.000 1.000",-93.966,-100.820,"-100.8 -100.8 -100.8 -100.8 -100.8 -100.8 -100.8 -100.8",0.073,24,0,54,36,"-8e+01 -8e+01 -8e+01","1 0 0","0.073 0.048 0.023",1,1,0.01,0.00,0,0,3,0
2.300,6,1.000,1.000,0.000,3,0,-78.473,"-76.6 -81.5 -77.3","1.000 1.000 1.000",-93.966,-100.820,"-100.8 -100.8 -100.8 -100.8 -100.8 -100.8 -100.8 -100.8",0.073,26,0,59,38,"-8e+01 -8e+01 -8e+01","1 0 0","0.073 0.048 0.023",1,1,0.01,0.00,0,0,3,0
2.400,6,1.000,1.000,0.000,3,0,-78.473,"-76.6 -81.5 -77.3","1.000 1.000 1.000",-93.966,-100.820,"-100.8 -100.8 -100.8 -100.8 -100.8 -100.8 -100.8 -100.8",0.073,28,0,62,41,"-8e+01 -8e+01 -8e+01","1 0 0","0.073 0.048 0.023",1,1,0.00,0.00,0,0,3,0
2.500,6,1.000,1.000,0.000,3,0,-78.473,"-76.6 -81.5 -77.3","1.000 1.000 1.000",-93.966,-100.820,"-100.8 -100.8 -100.8 -100.8 -100.8 -100.8 -100.8 -100.8",0.073,30,0,66,43,"-8e+01 -8e+01 -8e+01","1 0 0","0.073 0.048 0.023",1,1,0.00,0.00,0,0,3,0
2.600,6,1.000,1.000,0.000,3,0,-78.473,"-76.6 -81.5 -77.3","1.000 1.000 1.000",-93.966,-100.820,"-100.8 -100.8 -100.8 -100.8 -100.8 -100.8 -100.8 -100.8",0.073,32,0,69,45,"-8e+01 -8e+01 -8e+01","1 0 0","0.073 0.048 0.023",1,1,0.01,0.00,0,0,3,0
2.700,6,1.000,1.000,0.000,3,0,-78.353,"-76.3 -81.5 -77.3","1.000 1.000 1.000",-93.966,-100.820,"-100.8 -100.8 -100.8 -100.8 -100.8 -100.8 -100.8 -100.8",0.073,34,0,77,47,"-8e+01 -8e+01 -8e+01","1 0 0","0.073 0.048 0.023",1,1,0.01,0.00,0,0,3,0
2.800,6,1.000,1.000,0.000,3,0,-78.473,"-76.6 -81.5 -77.3","1.000 1.000 1.000",-93.966,-100.820,"-100.8 -100.8 -100.8 -100.8 -100.8 -100.8 -100.8 -100.8",0.073,36,0,80,49,"-8e+01 -8e+01 -8e+01","1 0 0","0.073 0.048 0.023",1,1,0.02,0.00,0,0,3,0
2.900,6,1.000,1.000,0.000,3,0,-78.353,"-76.3 -81.5 -77.3","1.000 1.000 1.000",-93.966,-100.820,"-100.8 -100.8 -100.8 -100.8 -100.8 -100.8 -100.8 -100.8",0.073,38,0,85,51,"-8e+01 -8e+01 -8e+01","1 0 0","0.073 0.048 0.023",1,1,0.02,0.00,0,0,3,0
3.000,6,1.000,1.000,0.000,3,0,-78.473,"-76.6 -81.5 -77.3","1.000 1.000 1.000",-93.966,-100.820,"-100.8 -100.8 -100.8 -100.8 -100.8 -100.8 -100.8 -100.8",0.073,40,0,88,53,"-8e+01 -8e+01 -8e+01","1 0 0","0.073 0.048 0.023",1,1,0.00,0.00,0,0,3,0
3.100,6,1.000,1.000,0.000,3,0,-78.353,"-76.3 -81.5 -77.3","1.000 1.000 1.000",-93.966,-100.820,"-100.8 -100.8 -100.8 -100.8 -100.8 -100.8 -100.8 -100.8",0.073,42,0,93,55,"-8e+01 -8e+01 -8e+01","1 0 0","0.073 0.048 0.023",1,1,0.01,0.00,0,0,3,0
3.200,6,1.000,1.000,0.000,3,0,-78.473,"-76.6 -81.5 -77.3","1.000 1.000 1.000",-93.966,-100.820,"-100.8 -100.8 -100.8 -100.8 -100.8 -100.8 -100.8 -100.8",0.073,44,0,96,57,"-8e+01 -8e+01 -8e+01","1 0 0","0.073 0.048 0.023",1,1,0.01,0.00,0,0,3,0
3.300,6,1.000,1.000,0.000,3,0,-78.353,"-76.3 -81.5 -77.3","1.000 1.000 1.000",-93.966,-100.820,"-100.8 -100.8 -100.8 -100.8 -100.8 -100.8 -100.8 -100.8",0.073,46,0,101,59,"-8e+01 -8e+01 -8e+01","1 0 0","0.073 0.048 0.023",1,1,0.02,0.00,0,0,3,0
3.400,6,1.000,1.000,0.000,3,0,-78.473,"-76.6 -81.5 -77.3","1.000 1.000 1.000",-93.966,-100.820,"-100.8 -100.8 -100.8 -100.8 -100.8 -100.8 -100.8 -100.8",0.073,48,0,104,61,"-8e+01 -8e+01 -8e+01","1 0 0","0.073 0.048 0.023",1,1,0.02,0.00,0,0,3,0
3.500,6,1.000,1.000,0.000,3,0,-78.353,"-76.3 -81.5 -77.3","1.000 1.000 1.000",-93.966,-100.820,"-100.8 -100.8 -100.8 -100.8 -100.8 -100.8 -100.8 -100.8",0.073,50,0,109,63,"-8e+01 -8e+01 -8e+01","1 0 0","0.073 0.048 0.023",1,1,0.00,0.00,0,0,3,0
3.600,6,1.000,1.000,0.000,3,0,-78.473,"-76.6 -81.5 -77.3","1.000 1.000 1.000",-93.966,-100.820,"-100.8 -100.8 -100.8 -100.8 -100.8 -100.8 -100.8 -100.8",0.073,52,0,112,65,"-8e+01 -8e+01 -8e+01","1 0 0","0.073 0.048 0.023",1,1,0.01,0.00,0,0,3,0
3.700,6,1.000,1.000,0.000,3,0,-78.353,"-76.3 -81.5 -77.3","1.000 1.000 1.000",-93.966,-100.820,"-100.8 -100.8 -100.8 -100.8 -100.8 -100.8 -100.8 -100.8",0.073,54,0,117,67,"-8e+01 -8e+01 -8e+01","1 0 0","0.073 0.048 0.023",1,1,0.01,0.00,0,0,3,0
3.800,6,1.000,1.000,0.000,3,0,-78.473,"-76.6 -81.5 -77.3","1.000 1.000 1.000",-93.966,-100.820,"-100.8 -100.8 -100.8 -100.8 -100.8 -100.8 -100.8 -100.8",0.073,56,0,120,69,"-8e+01 -8e+01 -8e+01","1 0 0","0.073 0.048 0.023",1,1,0.01,0.00,0,0,3,0
3.900,6,1.000,1.000,0.000,3,0,-78.353,"-76.3 -81.5 -77.3","1.000 1.000 1.000",-93.966,-100.820,"-100.8 -100.8 -100.8 -100.8 -100.8 -100.8 -100.8 -100.8",0.073,58,0,125,71,"-8e+01 -8e+01 -8e+01","1 0 0","0.073 0.048 0.023",1,1,0.02,0.00,0,0,3,0
4.000,6,1.000,1.000,0.000,3,0,-78.473,"-76.6 -81.5 -77.3","1.000 1.000 1.000",-93.966,-100.820,"-100.8 -100.8 -100.8 -100.8 -100.8 -100.8 -100.8 -100.8",0.073,60,0,128,73,"-8e+01 -8e+01 -8e+01","1 0 0","0.073 0.048 0.023",1,1,0.00,0.00,0,0,3,0
4.100,6,1.000,1.000,0.000,3,0,-78.353,"-76.3 -81.5 -77.3","1.000 1.000 1.000",-93.966,-100.820,"-100.8 -100.8 -100.8 -100.8 -100.8 -100.8 -100.8 -100.8",0.073,62,0,134,75,"-8e+01 -8e+01 -8e+01","1 0 0","0.073 0.048 0.023",2,2,36.46,0.00,0,0,3,0
4.200,6,1.000,1.000,0.000,3,0,-78.473,"-76.6 -81.5 -77.3","1.000 1.000 1.000",-93.966,-100.820,"-100.8 -100.8 -100.8 -100.8 -100.8 -100.8 -100.8 -100.8",0.073,64,0,137,77,"-8e+01 -8e+01 -8e+01","1 0 0","0.073 0.048 0.023",1,1,0.01,0.00,0,0,3,0
4.300,6,1.000,1.000,0.000,3,0,-78.353,"-76.3 -81.5 -77.3","1.000 1.000 1.000",-93.966,-100.820,"-100.8 -100.8 -100.8 -100.8 -100.8 -100.8 -100.8 -100.8",0.073,66,0,142,79,"-8e+01 -8e+01 -8e+01","1 0 0","0.073 0.048 0.023",1,1,0.01,0.00,0,0,3,0
4.400,6,1.000,1.000,0.000,3,0,-78.473,"-76.6 -81.5 -77.3","1.000 1.000 1.000",-93.966,-100.820,"-100.8 -100.8 -100.8 -100.8 -100.8 -100.8 -100.8 -100.8",0.073,68,0,152,85,"-8e+01 -8e+01 -8e+01","1 0 0","0.073 0.048 0.023",4,4,1.52,0.00,1,0,2,0
4.500,6,1.000,1.000,0.000,3,0,-78.353,"-76.3 -81.5 -77.3","1.000 1.000 1.000",-93.966,-100.820,"-100.8 -100.8 -100.8 -100.8 -100.8 -100.8 -100.8 -100.8",0.073,70,0,164,90,"-8e+01 -8e+01 -8e+01","1 0 0","0.073 0.048 0.023",5,5,0.01,0.00,0,0,3,0
4.600,6,1.000,1.000,0.000,3,0,-78.473,"-76.6 -81.5 -77.3","1.000 1.000 1.000",-93.966,-100.820,"-100.8 -100.8 -100.8 -100.8 -100.8 -100.8 -100.8 -100.8",0.073,72,0,171,94,"-8e+01 -8e+01 -8e+01","1 0 0","0.073 0.048 0.023",3,3,0.00,0.00,0,0,3,0
4.700,6,1.000,1.000,0.000,3,0,-78.353,"-76.3 -81.5 -77.3","1.000 1.000 1.000",-93.966,-100.820,"-100.8 -100.8 -100.8 -100.8 -100.8 -100.8 -100.8 -100.8",0.073,74,0,180,98,"-8e+01 -8e+01 -8e+01","1 0 0","0.073 0.048 0.023",3,3,0.01,0.00,0,0,3,0
4.800,6,1.000,1.000,0.000,3,0,-78.473,"-76.6 -81.5 -77.3","1.000 1.000 1.000",-93.966,-100.820,"-100.8 -100.8 -100.8 -100.8 -100.8 -100.8 -100.8 -100.8",0.073,76,0,187,102,"-8e+01 -8e+01 -8e+01","1 0 0","0.073 0.048 0.023",3,3,0.01,0.00,0,0,3,0
4.900,6,1.000,1.000,0.000,3,0,-78.353,"-76.3 -81.5 -77.3","1.000 1.000 1.000",-93.966,-100.820,"-100.8 -100.8 -100.8 -100.8 -100.8 -100.8 -100.8 -100.8",0.073,78,0,196,106,"-8e+01 -8e+01 -8e+01","1 0 0","0.073 0.048 0.023",3,3,0.00,0.00,0,0,3,0
5.000,6,1.000,1.000,0.000,3,0,-78.473,"-76.6 -81.5 -77.3","1.000 1.000 1.000",-93.966,-100.820,"-100.8 -100.8 -100.8 -100.8 -100.8 -100.8 -100.8 -100.8",0.073,80,0,203,110,"-8e+01 -8e+01 -8e+01","1 0 0","0.073 0.048 0.023",3,3,0.01,0.00,0,0,3,0
5.100,6,1.000,1.000,0.000,3,0,-78.353,"-76.3 -81.5 -77.3","1.000 1.000 1.000",-93.966,-100.820,"-100.8 -100.8 -100.8 -100.8 -100.8 -100.8 -100.8 -100.8",0.073,82,0,212,114,"-8e+01 -8e+01 -8e+01","1 0 0","0.073 0.048 0.023",3,3,0.01,0.00,0,0,3,0
5.200,6,1.000,1.000,0.000,3,0,-78.473,"-76.6 -81.5 -77.3","1.000 1.000 1.000",-93.966,-100.820,"-100.8 -100.8 -100.8 -100.8 -100.8 -100.8 -100.8 -100.8",0.073,84,0,219,118,"-8e+01 -8e+01 -8e+01","1 0 0","0.073 0.048 0.023",3,3,0.01,0.00,0,0,3,0
5.300,6,1.000,1.000,0.000,3,0,-78.473,"-76.6 -81.5 -77.3","1.000 1.000 1.000",-93.966,-100.820,"-100.8 -100.8 -100.8 -100.8 -100.8 -100.8 -100.8 -100.8",0.073,86,0,226,122,"-8e+01 -8e+01 -8e+01","1 0 0","0.073 0.048 0.023",3,3,0.01,0.00,0,0,3,0
5.400,6,1.000,1.000,0.000,3,0,-78.473,"-76.6 -81.5 -77.3","1.000 1.000 1.000",-93.966,-100.820,"-100.8 -100.8 -100.8 -100.8 -100.8 -100.8 -100.8 -100.8",0.073,88,0,235,126,"-8e+01 -8e+01 -8e+01","1 0 0","0.073 0.048 0.023",3,3,0.01,0.00,0,0,3,0
5.500,6,1.000,1.000,0.000,3,0,-78.473,"-76.6 -81.5 -77.3","1.000 1.000 1.000",-93.966,-100.820,"-100.8 -100.8 -100.8 -100.8 -100.8 -100.8 -100.8 -100.8",0.073,90,0,242,130,"-8e+01 -8e+01 -8e+01","1 0 0","0.073 0.048 0.023",3,3,0.01,0.00,0,0,3,0
5.600,6,1.000,1.000,0.000,3,0,-78.473,"-76.6 -81.5 -77.3","1.000 1.000 1.000",-93.966,-100.820,"-100.8 -100.8 -100.8 -100.8 -100.8 -100.8 -100.8 -100.8",0.073,92,0,251,134,"-8e+01 -8e+01 -8e+01","1 0 0","0.073 0.048 0.023",3,3,0.01,0.00,0,0,3,0
5.700,6,1.000,1.000,0.000,3,0,-78.473,"-76.6 -81.5 -77.3","1.000 1.000 1.000",-93.966,-100.820,"-100.8 -100.8 -100.8 -100.8 -100.8 -100.8 -100.8 -100.8",0.073,94,0,258,138,"-8e+01 -8e+01 -8e+01","1 0 0","0.073 0.048 0.023",3,3,0.01,0.00,0,0,3,0
5.800,6,1.000,1.000,0.000,3,0,-78.473,"-76.6 -81.5 -77.3","1.000 1.000 1.000",-93.966,-100.820,"-100.8 -100.8 -100.8 -100.8 -100.8 -100.8 -100.8 -100.8",0.073,96,0,267,142,"-8e+01 -8e+01 -8e+01","1 0 0","0.073 0.048 0.023",3,3,0.01,0.00,0,0,3,0
5.900,6,1.000,1.000,0.000,3,0,-78.473,"-76.6 -81.5 -77.3","1.000 1.000 1.000",-93.966,-100.820,"-100.8 -100.8 -100.8 -100.8 -100.8 -100.8 -100.8 -100.8",0.073,98,0,274,146,"-8e+01 -8e+01 -8e+01","1 0 0","0.073 0.048 0.023",3,3,0.02,0.00,0,0,3,0
6.000,6,1.000,1.000,0.000,3,0,-78.473,"-76.6 -81.5 -77.3","1.000 1.000 1.000",-93.966,-100.820,"-100.8 -100.8 -100.8 -100.8 -100.8 -100.8 -100.8 -100.8",0.073,100,0,283,150,"-8e+01 -8e+01 -8e+01","1 0 0","0.073 0.048 0.023",3,3,0.00,0.00,0,0,3,0
6.100,6,1.000,1.000,0.000,3,0,-78.473,"-76.6 -81.5 -77.3","1.000 1.000 1.000",-93.966,-100.820,"-100.8 -100.8 -100.8 -100.8 -100.8 -100.8 -100.8 -100.8",0.073,102,0,291,154,"-8e+01 -8e+01 -8e+01","1 0 0","0.073 0.048 0.023",3,3,0.01,0.00,0,0,3,0
6.200,6,1.000,1.000,0.000,3,0,-78.473,"-76.6 -81.5 -77.3","1.000 1.000 1.000",-93.966,-100.820,"-100.8 -100.8 -100.8 -100.8 -100.8 -100.8 -100.8 -100.8",0.073,104,0,300,159,"-8e+01 -8e+01 -8e+01","1 0 0","0.073 0.048 0.023",3,3,0.24,0.00,0,0,3,0
6.300,6,1.000,1.000,0.000,3,0,-78.473,"-76.6 -81.5 -77.3","1.000 1.000 1.000",-93.966,-100.820,"-100.8 -100.8 -100.8 -100.8 -100.8 -100.8 -100.8 -100.8",0.073,106,0,308,163,"-8e+01 -8e+01 -8e+01","1 0 0","0.073 0.048 0.023",3,3,0.00,0.00,0,0,3,0
6.400,6,1.000,1.000,0.000,3,0,-78.353,"-76.3 -81.5 -77.3","1.000 1.000 1.000",-93.966,-100.820,"-100.8 -100.8 -100.8 -100.8 -100.8 -100.8 -100.8 -100.8",0.073,108,0,317,167,"-8e+01 -8e+01 -8e+01","1 0 0","0.073 0.048 0.023",4,4,0.01,0.00,0,0,3,0
6.500,6,1.000,1.000,0.000,3,0,-78.473,"-76.6 -81.5 -77.3","1.000 1.000 1.000",-93.966,-100.820,"-100.8 -100.8 -100.8 -100.8 -100.8 -100.8 -100.8 -100.8",0.073,110,0,325,172,"-8e+01 -8e+01 -8e+01","1 0 0","0.073 0.048 0.023",3,3,0.01,0.00,0,0,3,0
6.600,6,1.000,1.000,0.000,3,0,-78.353,"-76.3 -81.5 -77.3","1.000 1.000 1.000",-93.966,-100.820,"-100.8 -100.8 -100.8 -100.8 -100.8 -100.8 -100.8 -100.8",0.073,112,0,334,176,"-8e+01 -8e+01 -8e+01","1 0 0","0.073 0.048 0.023",3,3,0.01,0.00,0,0,3,0
6.700,6,1.000,1.000,0.000,3,0,-78.473,"-76.6 -81.5 -77.3","1.000 1.000 1.000",-93.966,-100.820,"-100.8 -100.8 -100.8 -100.8 -100.8 -100.8 -100.8 -100.8",0.073,114,0,341,180,"-8e+01 -8e+01 -8e+01","1 0 0","0.073 0.048 0.023",3,3,0.01,0.00,0,0,3,0
6.800,6,1.000,1.000,0.000,3,0,-78.353,"-76.3 -81.5 -77.3","1.000 1.000 1.000",-93.966,-100.820,"-100.8 -100.8 -100.8 -100.8 -100.8 -100.8 -100.8 -100.8",0.073,116,0,350,184,"-8e+01 -8e+01 -8e+01","1 0 0","0.073 0.048 0.023",3,3,0.01,0.00,0,0,3,0
6.900,6,1.000,1.000,0.000,3,0,-78.473,"-76.6 -81.5 -77.3","1.000 1.000 1.000",-93.966,-100.820,"-100.8 -100.8 -100.8 -100.8 -100.8 -100.8 -100.8 -100.8",0.073,118,0,357,188,"-8e+01 -8e+01 -8e+01","1 0 0","0.073 0.048 0.023",3,3,0.01,0.00,0,0,3,0
7.000,6,1.000,1.000,0.000,3,0,-78.353,"-76.3 -81.5 -77.3","1.000 1.000 1.000",-93.966,-100.820,"-100.8 -100.8 -100.8 -100.8 -100.8 -100.8 -100.8 -100.8",0.073,120,0,366,192,"-8e+01 -8e+01 -8e+01","1 0 0","0.073 0.048 0.023",3,3,0.01,0.00,0,0,3,0
7.100,6,1.000,1.000,0.000,3,0,-78.473,"-76.6 -81.5 -77.3","1.000 1.000 1.000",-93.966,-100.820,"-100.8 -100.8 -100.8 -100.8 -100.8 -100.8 -100.8 -100.8",0.073,122,0,373,196,"-8e+01 -8e+01 -8e+01","1 0 0","0.073 0.048 0.023",3,3,0.01,0.00,0,0,3,0
7.200,6,1.000,1.000,0.000,3,0,-78.353,"-76.3 -81.5 -77.3","1.000 1.000 1.000",-93.966,-100.820,"-100.8 -100.8 -100.8 -100.8 -100.8 -100.8 -100.8 -100.8",0.073,124,0,382,200,"-8e+01 -8e+01 -8e+01","1 0 0","0.073 0.048 0.023",3,3,0.01,0.00,0,0,3,0
7.300,6,1.000,1.000,0.000,3,0,-78.473,"-76.6 -81.5 -77.3","1.000 1.000 1.000",-93.966,-100.820,"-100.8 -100.8 -100.8 -100.8 -100.8 -100.8 -100.8 -100.8",0.073,126,0,389,204,"-8e+01 -8e+01 -8e+01","1 0 0","0.073 0.048 0.023",3,3,0.01,0.00,0,0,3,0
7.400,6,1.000,1.000,0.000,3,0,-78.353,"-76.3 -81.5 -77.3","1.000 1.000 1.000",-93.966,-100.820,"-100.8 -100.8 -100.8 -100.8 -100.8 -100.8 -100.8 -100.8",0.073,128,0,398,208,"-8e+01 -8e+01 -8e+01","1 0 0","0.073 0.048 0.023",3,3,0.01,0.00,0,0,3,0
7.500,6,1.000,1.000,0.000,3,0,-78.473,"-76.6 -81.5 -77.3","1.000 1.000 1.000",-93.966,-100.820,"-100.8 -100.8 -100.8 -100.8 -100.8 -100.8 -100.8 -100.8",0.073,130,0,405,212,"-8e+01 -8e+01 -8e+01","1 0 0","0.073 0.048 0.023",3,3,0.01,0.00,0,0,3,0
7.600,6,1.000,1.000,0.000,3,0,-78.353,"-76.3 -81.5 -77.3","1.000 1.000 1.000",-93.966,-100.820,"-100.8 -100.8 -100.8 -100.8 -100.8 -100.8 -100.8 -100.8",0.073,132,0,414,216,"-8e+01 -8e+01 -8e+01","1 0 0","0.073 0.048 0.023",3,3,0.01,0.00,0,0,3,0
7.700,6,1.000,1.000,0.000,3,0,-78.473,"-76.6 -81.5 -77.3","1.000 1.000 1.000",-93.966,-100.820,"-100.8 -100.8 -100.8 -100.8 -100.8 -100.8 -100.8 -100.8",0.073,134,0,421,220,"-8e+01 -8e+01 -8e+01","1 0 0","0.073 0.048 0.023",3,3,0.01,0.00,0,0,3,0
7.800,6,1.000,1.000,0.000,3,0,-78.353,"-76.3 -81.5 -77.3","1.000 1.000 1.000",-93.966,-100.820,"-100.8 -100.8 -100.8 -100.8 -100.8 -100.8 -100.8 -100.8",0.073,136,0,430,224,"-8e+01 -8e+01 -8e+01","1 0 0","0.073 0.048 0.023",3,3,0.01,0.00,0,0,3,0
7.900,6,1.000,1.000,0.000,3,0,-78.473,"-76.6 -81.5 -77.3","1.000 1.000 1.000",-93.966,-100.820,"-100.8 -100.8 -100.8 -100.8 -100.8 -100.8 -100.8 -100.8",0.073,138,0,437,228,"-8e+01 -8e+01 -8e+01","1 0 0","0.073 0.048 0.023",3,3,0.01,0.00,0,0,3,0
8.000,6,1.000,1.000,0.000,3,0,-78.353,"-76.3 -81.5 -77.3","1.000 1.000 1.000",-93.966,-100.820,"-100.8 -100.8 -100.8 -100.8 -100.8 -100.8 -100.8 -100.8",0.073,140,0,446,232,"-8e+01 -8e+01 -8e+01","1 0 0","0.073 0.048 0.023",3,3,0.01,0.00,0,0,3,0
8.100,6,1.000,1.000,0.000,3,0,-78.473,"-76.6 -81.5 -77.3","1.000 1.000 1.000",-93.966,-100.820,"-100.8 -100.8 -100.8 -100.8 -100.8 -100.8 -100.8 -100.8",0.073,142,0,454,237,"-8e+01 -8e+01 -8e+01","1 0 0","0.073 0.048 0.023",3,3,0.01,0.00,0,0,3,0
8.200,6,1.000,1.000,0.000,3,0,-78.353,"-76.3 -81.5 -77.3","1.000 1.000 1.000",-93.966,-100.820,"-100.8 -100.8 -100.8 -100.8 -100.8 -100.8 -100.8 -100.8",0.073,144,0,463,241,"-8e+01 -8e+01 -8e+01","1 0 0","0.073 0.048 0.023",4,4,0.00,0.00,0,0,3,0
8.300,6,1.000,1.000,0.000,3,0,-78.473,"-76.6 -81.5 -77.3","1.000 1.000 1.000",-93.966,-100.820,"-100.8 -100.8 -100.8 -100.8 -100.8 -100.8 -100.8 -100.8",0.073,146,0,470,246,"-8e+01 -8e+01 -8e+01","1 0 0","0.073 0.048 0.023",3,3,0.01,0.00,0,0,3,0
8.400,6,1.000,1.000,0.000,3,0,-78.353,"-76.3 -81.5 -77.3","1.000 1.000 1.000",-93.966,-100.820,"-100.8 -100.8 -100.8 -100.8 -100.8 -100.8 -100.8 -100.8",0.073,148,0,479,251,"-8e+01 -8e+01 -8e+01","1 0 0","0.073 0.048 0.023",3,3,0.02,0.00,0,0,3,0
8.500,6,1.000,1.000,0.000,3,0,-78.473,"-76.6 -81.5 -77.3","1.000 1.000 1.000",-93.966,-100.820,"-100.8 -100.8 -100.8 -100.8 -100.8 -100.8 -100.8 -100.8",0.073,150,0,486,255,"-8e+01 -8e+01 -8e+01","1 0 0","0.073 0.048 0.023",3,3,0.00,0.00,0,0,3,0
8.600,6,1.000,1.000,0.000,3,0,-78.353,"-76.3 -81.5 -77.3","1.000 1.000 1.000",-93.966,-100.820,"-100.8 -100.8 -100.8 -100.8 -100.8 -100.8 -100.8 -100.8",0.073,152,0,496,259,"-8e+01 -8e+01 -8e+01","1 0 0","0.073 0.048 0.023",3,3,0.51,0.00,0,0,3,0
8.700,6,1.000,1.000,0.000,3,0,-78.473,"-76.6 -81.5 -77.3","1.000 1.000 1.000",-93.966,-100.820,"-100.8 -100.8 -100.8 -100.8 -100.8 -100.8 -100.8 -100.8",0.073,154,0,503,263,"-8e+01 -8e+01 -8e+01","1 0 0","0.073 0.048 0.023",3,3,0.02,0.00,0,0,3,0
8.800,6,1.000,1.000,0.000,3,0,-78.353,"-76.3 -81.5 -77.3","1.000 1.000 1.000",-93.966,-100.820,"-100.8 -100.8 -100.8 -100.8 -100.8 -100.8 -100.8 -100.8",0.073,156,0,512,267,"-8e+01 -8e+01 -8e+01","1 0 0","0.073 0.048 0.023",3,3,0.01,0.00,0,0,3,0
8.900,6,1.000,1.000,0.000,3,0,-78.473,"-76.6 -81.5 -77.3","1.000 1.000 1.000",-93.966,-100.820,"-100.8 -100.8 -100.8 -100.8 -100.8 -100.8 -100.8 -100.8",0.073,158,0,519,271,"-8e+01 -8e+01 -8e+01","1 0 0","0.073 0.048 0.023",3,3,0.01,0.00,0,0,3,0
9.000,6,1.000,1.000,0.000,3,0,-78.353,"-76.3 -81.5 -77.3","1.000 1.000 1.000",-93.966,-100.820,"-100.8 -100.8 -100.8 -100.8 -100.8 -100.8 -100.8 -100.8",0.073,160,0,528,275,"-8e+01 -8e+01 -8e+01","1 0 0","0.073 0.048 0.023",3,3,0.02,0.00,0,0,3,0
9.100,6,1.000,1.000,0.000,3,0,-78.473,"-76.6 -81.5 -77.3","1.000 1.000 1.000",-93.966,-100.820,"-100.8 -100.8 -100.8 -100.8 -100.8 -100.8 -100.8 -100.8",0.073,162,0,535,279,"-8e+01 -8e+01 -8e+01","1 0 0","0.073 0.048 0.023",3,3,0.00,0.00,0,0,3,0
9.200,6,1.000,1.000,0.000,3,0,-78.353,"-76.3 -81.5 -77.3","1.000 1.000 1.000",-93.966,-100.820,"-100.8 -100.8 -100.8 -100.8 -100.8 -100.8 -100.8 -100.8",0.073,164,0,544,283,"-8e+01 -8e+01 -8e+01","1 0 0","0.073 0.048 0.023",3,3,0.01,0.00,0,0,3,0
9.300,6,1.000,1.000,0.000,3,0,-78.473,"-76.6 -81.5 -77.3","1.000 1.000 1.000",-93.966,-100.820,"-100.8 -100.8 -100.8 -100.8 -100.8 -100.8 -100.8 -100.8",0.073,166,0,551,287,"-8e+01 -8e+01 -8e+01","1 0 0","0.073 0.048 0.023",3,3,0.02,0.00,0,0,3,0
9.400,6,1.000,1.000,0.000,3,0,-78.353,"-76.3 -81.5 -77.3","1.000 1.000 1.000",-93.966,-100.820,"-100.8 -100.8 -100.8 -100.8 -100.8 -100.8 -100.8 -100.8",0.073,168,0,560,291,"-8e+01 -8e+01 -8e+01","1 0 0","0.073 0.048 0.023",3,3,0.00,0.00,0,0,3,0
9.500,6,1.000,1.000,0.000,3,0,-78.473,"-76.6 -81.5 -77.3","1.000 1.000 1.000",-93.966,-100.820,"-100.8 -100.8 -100.8 -100.8 -100.8 -100.8 -100.8 -100.8",0.073,170,0,567,295,"-8e+01 -8e+01 -8e+01","1 0 0","0.073 0.048 0.023",3,3,0.01,0.00,0,0,3,0
9.600,6,1.000,1.000,0.000,3,0,-78.473,"-76.6 -81.5 -77.3","1.000 1.000 1.000",-93.966,-100.820,"-100.8 -100.8 -100.8 -100.8 -100.8 -100.8 -100.8 -100.8",0.073,172,0,574,299,"-8e+01 -8e+01 -8e+01","1 0 0","0.073 0.048 0.023",3,3,0.02,0.00,0,0,3,0
9.700,6,1.000,1.000,0.000,3,0,-78.473,"-76.6 -81.5 -77.3","1.000 1.000 1.000",-93.966,-100.820,"-100.8 -100.8 -100.8 -100.8 -100.8 -100.8 -100.8 -100.8",0.073,174,0,583,303,"-8e+01 -8e+01 -8e+01","1 0 0","0.073 0.048 0.023",3,3,0.00,0.00,0,0,3,0
9.800,6,1.000,1.000,0.000,3,0,-78.473,"-76.6 -81.5 -77.3","1.000 1.000 1.000",-93.966,-100.820,"-100.8 -100.8 -100.8 -100.8 -100.8 -100.8 -100.8 -100.8",0.073,176,0,590,307,"-8e+01 -8e+01 -8e+01","1 0 0","0.073 0.048 0.023",3,3,0.01,0.00,0,0,3,0
9.900,6,1.000,1.000,0.000,3,0,-78.473,"-76.6 -81.5 -77.3","1.000 1.000 1.000",-93.966,-100.820,"-100.8 -100.8 -100.8 -100.8 -100.8 -100.8 -100.8 -100.8",0.073,178,0,599,311,"-8e+01 -8e+01 -8e+01","1 0 0","0.073 0.048 0.023",3,3,0.01,0.00,0,0,3,0
10.000,6,1.000,1.000,0.000,3,0,-78.473,"-76.6 -81.5 -77.3","1.000 1.000 1.000",-93.966,-100.820,"-100.8 -100.8 -100.8 -100.8 -100.8 -100.8 -100.8 -100.8",0.073,180,0,606,315,"-8e+01 -8e+01 -8e+01","1 0 0","0.073 0.048 0.023",3,3,0.01,0.00,0,0,3,0
10.100,6,1.000,1.000,0.000,3,0,-78.473,"-76.6 -81.5 -77.3","1.000 1.000 1.000",-93.966,-100.820,"-100.8 -100.8 -100.8 -100.8 -100.8 -100.8 -100.8 -100.8",0.073,182,0,616,319,"-8e+01 -8e+01 -8e+01","1 0 0","0.073 0.048 0.023",3,3,0.01,0.00,0,0,3,0
10.200,6,1.000,1.000,0.000,3,0,-78.473,"-76.6 -81.5 -77.3","1.000 1.000 1.000",-93.966,-100.820,"-100.8 -100.8 -100.8 -100.8 -100.8 -100.8 -100.8 -100.8",0.073,184,0,625,323,"-8e+01 -8e+01 -8e+01","1 0 0","0.073 0.048 0.023",3,3,0.01,0.00,0,0,3,0
10.300,6,1.000,1.000,0.000,3,0,-78.473,"-76.6 -81.5 -77.3","1.000 1.000 1.000",-93.966,-100.820,"-100.8 -100.8 -100.8 -100.8 -100.8 -100.8 -100.8 -100.8",0.073,186,0,634,328,"-8e+01 -8e+01 -8e+01","1 0 0","0.073 0.048 0.023",3,3,0.01,0.00,0,0,3,0
10.400,6,1.000,1.000,0.000,3,0,-78.473,"-76.6 -81.5 -77.3","1.000 1.000 1.000",-93.966,-100.820,"-100.8 -100.8 -100.8 -100.8 -100.8 -100.8 -100.8 -100.8",0.073,188,0,641,333,"-8e+01 -8e+01 -8e+01","1 0 0","0.073 0.048 0.023",4,4,0.01,0.00,0,0,3,0
10.500,6,1.000,1.000,0.000,3,0,-78.473,"-76.6 -81.5 -77.3","1.000 1.000 1.000",-93.966,-100.820,"-100.8 -100.8 -100.8 -100.8 -100.8 -100.8 -100.8 -100.8",0.073,190,0,650,337,"-8e+01 -8e+01 -8e+01","1 0 0","0.073 0.048 0.023",3,3,0.01,0.00,0,0,3,0
10.600,6,1.000,1.000,0.000,3,0,-78.473,"-76.6 -81.5 -77.3","1.000 1.000 1.000",-93.966,-100.820,"-100.8 -100.8 -100.8 -100.8 -100.8 -100.8 -100.8 -100.8",0.073,192,0,658,341,"-8e+01 -8e+01 -8e+01","1 0 0","0.073 0.048 0.023",3,3,0.01,0.00,0,0,3,0
10.700,6,1.000,1.000,0.000,3,0,-78.353,"-76.3 -81.5 -77.3","1.000 1.000 1.000",-93.966,-100.820,"-100.8 -100.8 -100.8 -100.8 -100.8 -100.8 -100.8 -100.8",0.073,194,0,668,345,"-8e+01 -8e+01 -8e+01","1 0 0","0.073 0.048 0.023",3,3,0.01,0.00,0,0,3,0
10.800,6,1.000,1.000,0.000,3,0,-78.473,"-76.6 -81.5 -77.3","1.000 1.000 1.000",-93.966,-100.820,"-100.8 -100.8 -100.8 -100.8 -100.8 -100.8 -100.8 -100.8",0.073,196,0,675,349,"-8e+01 -8e+01 -8e+01","1 0 0","0.073 0.048 0.023",3,3,0.01,0.00,0,0,3,0
10.900,6,1.000,1.000,0.000,3,0,-78.353,"-76.3 -81.5 -77.3","1.000 1.000 1.000",-93.966,-100.820,"-100.8 -100.8 -100.8 -100.8 -100.8 -100.8 -100.8 -100.8",0.073,198,0,684,353,"-8e+01 -8e+01 -8e+01","1 0 0","0.073 0.048 0.023",3,3,0.01,0.00,0,0,3,0
11.000,6,1.000,1.000,0.000,3,0,-78.473,"-76.6 -81.5 -77.3","1.000 1.000 1.000",-93.966,-100.820,"-100.8 -100.8 -100.8 -100.8 -100.8 -100.8 -100.8 -100.8",0.073,200,0,691,357,"-8e+01 -8e+01 -8e+01","1 0 0","0.073 0.048 0.023",3,3,0.01,0.00,0,0,3,0
11.100,6,1.000,1.000,0.000,3,0,-78.353,"-76.3 -81.5 -77.3","1.000 1.000 1.000",-93.966,-100.820,"-100.8 -100.8 -100.8 -100.8 -100.8 -100.8 -100.8 -100.8",0.073,202,0,700,361,"-8e+01 -8e+01 -8e+01","1 0 0","0.073 0.048 0.023",3,3,0.01,0.00,0,0,3,0
11.200,6,1.000,1.000,0.000,3,0,-78.473,"-76.6 -81.5 -77.3","1.000 1.000 1.000",-93.966,-100.820,"-100.8 -100.8 -100.8 -100.8 -100.8 -100.8 -100.8 -100.8",0.073,204,0,707,365,"-8e+01 -8e+01 -8e+01","1 0 0","0.073 0.048 0.023",3,3,0.01,0.00,0,0,3,0
11.300,6,1.000,1.000,0.000,3,0,-78.353,"-76.3 -81.5 -77.3","1.000 1.000 1.000",-93.966,-100.820,"-100.8 -100.8 -100.8 -100.8 -100.8 -100.8 -100.8 -100.8",0.073,206,0,716,369,"-8e+01 -8e+01 -8e+01","1 0 0","0.073 0.048 0.023",3,3,0.01,0.00,0,0,3,0
11.400,6,1.000,1.000,0.000,3,0,-78.473,"-76.6 -81.5 -77.3","1.000 1.000 1.000",-93.966,-100.820,"-100.8 -100.8 -100.8 -100.8 -100.8 -100.8 -100.8 -100.8",0.073,208,0,723,373,"-8e+01 -8e+01 -8e+01","1 0 0","0.073 0.048 0.023",3,3,0.01,0.00,0,0,3,0
11.500,6,1.000,1.000,0.000,3,0,-78.353,"-76.3 -81.5 -77.3","1.000 1.000 1.000",-93.966,-100.820,"-100.8 -100.8 -100.8 -100.8 -100.8 -100.8 -100.8 -100.8",0.073,210,0,732,377,"-8e+01 -8e+01 -8e+01","1 0 0","0.073 0.048 0.023",3,3,0.01,0.00,0,0,3,0
11.600,6,1.000,1.000,0.000,3,0,-78.473,"-76.6 -81.5 -77.3","1.000 1.000 1.000",-93.966,-100.820,"-100.8 -100.8 -100.8 -100.8 -100.8 -100.8 -100.8 -100.8",0.073,212,0,739,381,"-8e+01 -8e+01 -8e+01","1 0 0","0.073 0.048 0.023",3,3,0.01,0.00,0,0,3,0
11.700,6,1.000,1.000,0.000,3,0,-78.353,"-76.3 -81.5 -77.3","1.000 1.000 1.000",-93.966,-100.820,"-100.8 -100.8 -100.8 -100.8 -100.8 -100.8 -100.8 -100.8",0.073,214,0,748,385,"-8e+01 -8e+01 -8e+01","1 0 0","0.073 0.048 0.023",3,3,0.01,0.00,0,0,3,0
11.800,6,1.000,1.000,0.000,3,0,-78.473,"-76.6 -81.5 -77.3","1.000 1.000 1.000",-93.966,-100.820,"-100.8 -100.8 -100.8 -100.8 -100.8 -100.8 -100.8 -100.8",0.073,216,0,755,389,"-8e+01 -8e+01 -8e+01","1 0 0","0.073 0.048 0.023",3,3,0.01,0.00,0,0,3,0
11.900,6,1.000,1.000,0.000,3,0,-78.353,"-76.3 -81.5 -77.3","1.000 1.000 1.000",-93.966,-100.820,"-100.8 -100.8 -100.8 -100.8 -100.8 -100.8 -100.8 -100.8",0.073,218,0,764,393,"-8e+01 -8e+01 -8e+01","1 0 0","0.073 0.048 0.023",3,3,0.00,0.00,0,0,3,0
12.000,6,1.000,1.000,0.000,3,0,-78.473,"-76.6 -81.5 -77.3","1.000 1.000 1.000",-93.966,-100.820,"-100.8 -100.8 -100.8 -100.8 -100.8 -100.8 -100.8 -100.8",0.073,220,0,771,397,"-8e+01 -8e+01 -8e+01","1 0 0","0.073 0.048 0.023",3,3,0.01,0.00,0,0,3,0
12.100,6,1.000,1.000,0.000,3,0,-78.353,"-76.3 -81.5 -77.3","1.000 1.000 1.000",-93.966,-100.820,"-100.8 -100.8 -100.8 -100.8 -100.8 -100.8 -100.8 -100.8",0.073,222,0,781,401,"-8e+01 -8e+01 -8e+01","1 0 0","0.073 0.048 0.023",3,3,0.01,0.00,0,0,3,0
12.200,6,1.000,1.000,0.000,3,0,-78.473,"-76.6 -81.5 -77.3","1.000 1.000 1.000",-93.966,-100.820,"-100.8 -100.8 -100.8 -100.8 -100.8 -100.8 -100.8 -100.8",0.073,224,0,788,405,"-8e+01 -8e+01 -8e+01","1 0 0","0.073 0.048 0.023",3,3,0.01,0.00,0,0,3,0
12.300,6,1.000,1.000,0.000,3,0,-78.353,"-76.3 -81.5 -77.3","1.000 1.000 1.000",-93.966,-100.820,"-100.8 -100.8 -100.8 -100.8 -100.8 -100.8 -100.8 -100.8",0.073,226,0,798,410,"-8e+01 -8e+01 -8e+01","1 0 0","0.073 0.048 0.023",3,3,0.01,0.00,0,0,3,0
12.400,6,0.970,0.909,0.043,3,0,-78.353,"-76.6 -81.2 -77.3","1.000 0.909 1.000",-93.966,-100.820,"-100.8 -100.8 -100.8 -100.8 -100.8 -100.8 -100.8 -100.8",0.148,228,0,805,416,"-8e+01 -8e+01 -8e+01","1 0 0","0.073 0.15 0.023",4,4,0.00,0.00,0,0,2,0
12.500,6,0.970,0.909,0.043,3,0,-78.353,"-76.3 -81.5 -77.3","1.000 0.909 1.000",-93.966,-100.820,"-100.8 -100.8 -100.8 -100.8 -100.8 -100.8 -100.8 -100.8",0.073,230,0,814,420,"-8e+01 -8e+01 -8e+01","1 0 0","0.073 0.048 0.023",3,3,0.01,0.00,1,1,3,0
12.600,6,0.970,0.909,0.043,3,0,-78.473,"-76.6 -81.5 -77.3","1.000 0.909 1.000",-93.966,-100.820,"-100.8 -100.8 -100.8 -100.8 -100.8 -100.8 -100.8 -100.8",0.073,232,0,821,424,"-8e+01 -8e+01 -8e+01","1 0 0","0.073 0.048 0.023",3,3,0.01,0.00,0,0,3,0
12.700,6,0.970,0.909,0.043,3,0,-78.353,"-76.3 -81.5 -77.3","1.000 0.909 1.000",-93.966,-100.820,"-100.8 -100.8 -100.8 -100.8 -100.8 -100.8 -100.8 -100.8",0.073,234,0,830,428,"-8e+01 -8e+01 -8e+01","1 0 0","0.073 0.048 0.023",3,3,0.01,0.00,0,0,3,0
12.800,6,0.970,0.909,0.043,3,0,-78.473,"-76.6 -81.5 -77.3","1.000 0.909 1.000",-93.966,-100.820,"-100.8 -100.8 -100.8 -100.8 -100.8 -100.8 -100.8 -100.8",0.073,236,0,837,432,"-8e+01 -8e+01 -8e+01","1 0 0","0.073 0.048 0.023",3,3,0.01,0.00,0,0,3,0
12.900,6,0.970,0.909,0.043,3,0,-78.353,"-76.3 -81.5 -77.3","1.000 0.909 1.000",-93.966,-100.820,"-100.8 -100.8 -100.8 -100.8 -100.8 -100.8 -100.8 -100.8",0.073,238,0,846,436,"-8e+01 -8e+01 -8e+01","1 0 0","0.073 0.048 0.023",3,3,0.01,0.00,0,0,3,0
13.000,6,0.970,0.909,0.043,3,0,-78.473,"-76.6 -81.5 -77.3","1.000 0.909 1.000",-93.966,-100.820,"-100.8 -100.8 -100.8 -100.8 -100.8 -100.8 -100.8 -100.8",0.073,240,0,853,440,"-8e+01 -8e+01 -8e+01","1 0 0","0.073 0.048 0.023",3,3,0.01,0.00,0,0,3,0
13.100,6,0.970,0.909,0.043,3,0,-78.353,"-76.3 -81.5 -77.3","1.000 0.909 1.000",-93.966,-100.820,"-100.8 -100.8 -100.8 -100.8 -100.8 -100.8 -100.8 -100.8",0.073,242,0,862,444,"-8e+01 -8e+01 -8e+01","1 0 0","0.073 0.048 0.023",3,3,0.01,0.00,0,0,3,0
13.200,6,0.970,0.909,0.043,3,0,-78.473,"-76.6 -81.5 -77.3","1.000 0.909 1.000",-93.966,-100.820,"-100.8 -100.8 -100.8 -100.8 -100.8 -100.8 -100.8 -100.8",0.073,244,0,869,448,"-8e+01 -8e+01 -8e+01","1 0 0","0.073 0.048 0.023",3,3,0.01,0.00,0,0,3,0
13.300,6,0.970,0.909,0.043,3,0,-78.353,"-76.3 -81.5 -77.3","1.000 0.909 1.000",-93.966,-100.820,"-100.8 -100.8 -100.8 -100.8 -100.8 -100.8 -100.8 -100.8",0.073,246,0,878,452,"-8e+01 -8e+01 -8e+01","1 0 0","0.073 0.048 0.023",3,3,0.01,0.00,0,0,3,0
13.400,6,0.970,0.909,0.043,3,0,-78.473,"-76.6 -81.5 -77.3","1.000 0.909 1.000",-93.966,-100.820,"-100.8 -100.8 -100.8 -100.8 -100.8 -100.8 -100.8 -100.8",0.073,248,0,885,456,"-8e+01 -8e+01 -8e+01","1 0 0","0.073 0.048 0.023",3,3,0.01,0.00,0,0,3,0
13.500,6,1.000,1.000,0.000,3,0,-78.353,"-76.3 -81.5 -77.3","1.000 1.000 1.000",-93.966,-100.820,"-100.8 -100.8 -100.8 -100.8 -100.8 -100.8 -100.8 -100.8",0.073,250,0,894,460,"-8e+01 -8e+01 -8e+01","1 0 0","0.073 0.048 0.023",3,3,0.01,0.00,0,0,3,0
13.600,6,1.000,1.000,0.000,3,0,-78.473,"-76.6 -81.5 -77.3","1.000 1.000 1.000",-93.966,-100.820,"-100.8 -100.8 -100.8 -100.8 -100.8 -100.8 -100.8 -100.8",0.073,252,0,901,464,"-8e+01 -8e+01 -8e+01","1 0 0","0.073 0.048 0.023",3,3,0.01,0.00,0,0,3,0
13.700,6,1.000,1.000,0.000,3,0,-78.353,"-76.3 -81.5 -77.3","1.000 1.000 1.000",-93.966,-100.820,"-100.8 -100.8 -100.8 -100.8 -100.8 -100.8 -100.8 -100.8",0.073,254,0,910,468,"-8e+01 -8e+01 -8e+01","1 0 0","0.073 0.048 0.023",3,3,0.01,0.00,0,0,3,0
13.800,6,1.000,1.000,0.000,3,0,-78.473,"-76.6 -81.5 -77.3","1.000 1.000 1.000",-93.966,-100.820,"-100.8 -100.8 -100.8 -100.8 -100.8 -100.8 -100.8 -100.8",0.073,256,0,917,472,"-8e+01 -8e+01 -8e+01","1 0 0","0.073 0.048 0.023",3,3,0.01,0.00,0,0,3,0
13.900,6,1.000,1.000,0.000,3,0,-78.473,"-76.6 -81.5 -77.3","1.000 1.000 1.000",-93.966,-100.820,"-100.8 -100.8 -100.8 -100.8 -100.8 -100.8 -100.8 -100.8",0.073,258,0,924,476,"-8e+01 -8e+01 -8e+01","1 0 0","0.073 0.048 0.023",3,3,0.01,0.00,0,0,3,0
14.000,6,1.000,1.000,0.000,3,0,-78.473,"-76.6 -81.5 -77.3","1.000 1.000 1.000",-93.966,-100.820,"-100.8 -100.8 -100.8 -100.8 -100.8 -100.8 -100.8 -100.8",0.073,260,0,933,480,"-8e+01 -8e+01 -8e+01","1 0 0","0.073 0.048 0.023",3,3,0.01,0.00,0,0,3,0
14.100,6,1.000,1.000,0.000,3,0,-78.473,"-76.6 -81.5 -77.3","1.000 1.000 1.000",-93.966,-100.820,"-100.8 -100.8 -100.8 -100.8 -100.8 -100.8 -100.8 -100.8",0.073,262,0,941,484,"-8e+01 -8e+01 -8e+01","1 0 0","0.073 0.048 0.023",3,3,0.02,0.00,0,0,3,0
14.200,6,1.000,1.000,0.000,3,0,-78.473,"-76.6 -81.5 -77.3","1.000 1.000 1.000",-93.966,-100.820,"-100.8 -100.8 -100.8 -100.8 -100.8 -100.8 -100.8 -100.8",0.073,264,0,950,489,"-8e+01 -8e+01 -8e+01","1 0 0","0.073 0.048 0.023",3,3,0.01,0.00,0,0,3,0
14.300,6,1.000,1.000,0.000,3,0,-78.473,"-76.6 -81.5 -77.3","1.000 1.000 1.000",-93.966,-100.820,"-100.8 -100.8 -100.8 -100.8 -100.8 -100.8 -100.8 -100.8",0.073,266,0,958,494,"-8e+01 -8e+01 -8e+01","1 0 0","0.073 0.048 0.023",3,3,0.01,0.00,0,0,3,0
14.400,6,1.000,1.000,0.000,3,0,-78.473,"-76.6 -81.5 -77.3","1.000 1.000 1.000",-93.966,-100.820,"-100.8 -100.8 -100.8 -100.8 -100.8 -100.8 -100.8 -100.8",0.073,268,0,968,498,"-8e+01 -8e+01 -8e+01","1 0 0","0.073 0.048 0.023",3,3,0.01,0.00,0,0,3,0
14.500,6,1.000,1.000,0.000,3,0,-78.473,"-76.6 -81.5 -77.3","1.000 1.000 1.000",-93.966,-100.820,"-100.8 -100.8 -100.8 -100.8 -100.8 -100.8 -100.8 -100.8",0.073,270,0,975,502,"-8e+01 -8e+01 -8e+01","1 0 0","0.073 0.048 0.023",4,4,0.00,0.00,0,0,3,0
14.600,6,1.000,1.000,0.000,3,0,-78.473,"-76.6 -81.5 -77.3","1.000 1.000 1.000",-93.966,-100.820,"-100.8 -100.8 -100.8 -100.8 -100.8 -100.8 -100.8 -100.8",0.073,272,0,984,506,"-8e+01 -8e+01 -8e+01","1 0 0","0.073 0.048 0.023",3,3,0.01,0.00,0,0,3,0
14.700,6,1.000,1.000,0.000,3,0,-78.473,"-76.6 -81.5 -77.3","1.000 1.000 1.000",-93.966,-100.820,"-100.8 -100.8 -100.8 -100.8 -100.8 -100.8 -100.8 -100.8",0.073,274,0,991,510,"-8e+01 -8e+01 -8e+01","1 0 0","0.073 0.048 0.023",3,3,0.01,0.00,0,0,3,0
14.800,6,1.000,1.000,0.000,3,0,-78.473,"-76.6 -81.5 -77.3","1.000 1.000 1.000",-93.966,-100.820,"-100.8 -100.8 -100.8 -100.8 -100.8 -100.8 -100.8 -100.8",0.073,276,0,1000,514,"-8e+01 -8e+01 -8e+01","1 0 0","0.073 0.048 0.023",3,3,0.01,0.00,0,0,3,0
14.900,6,1.000,1.000,0.000,3,0,-78.473,"-76.6 -81.5 -77.3","1.000 1.000 1.000",-93.966,-100.820,"-100.8 -100.8 -100.8 -100.8 -100.8 -100.8 -100.8 -100.8",0.073,278,0,1007,518,"-8e+01 -8e+01 -8e+01","1 0 0","0.073 0.048 0.023",3,3,0.01,0.00,0,0,3,0
15.000,6,1.000,1.000,0.000,3,0,-78.353,"-76.3 -81.5 -77.3","1.000 1.000 1.000",-93.966,-100.820,"-100.8 -100.8 -100.8 -100.8 -100.8 -100.8 -100.8 -100.8",0.073,280,0,1016,522,"-8e+01 -8e+01 -8e+01","1 0 0","0.073 0.048 0.023",3,3,0.01,0.00,0,0,3,0
15.100,6,1.000,1.000,0.000,3,0,-78.473,"-76.6 -81.5 -77.3","1.000 1.000 1.000",-93.966,-100.820,"-100.8 -100.8 -100.8 -100.8 -100.8 -100.8 -100.8 -100.8",0.073,282,0,1023,526,"-8e+01 -8e+01 -8e+01","1 0 0","0.073 0.048 0.023",3,3,0.00,0.00,0,0,3,0
15.200,6,1.000,1.000,0.000,3,0,-78.353,"-76.3 -81.5 -77.3","1.000 1.000 1.000",-93.966,-100.820,"-100.8 -100.8 -100.8 -100.8 -100.8 -100.8 -100.8 -100.8",0.073,284,0,1033,530,"-8e+01 -8e+01 -8e+01","1 0 0","0.073 0.048 0.023",3,3,0.01,0.00,0,0,3,0
15.300,6,1.000,1.000,0.000,3,0,-78.473,"-76.6 -81.5 -77.3","1.000 1.000 1.000",-93.966,-100.820,"-100.8 -100.8 -100.8 -100.8 -100.8 -100.8 -100.8 -100.8",0.073,286,0,1040,534,"-8e+01 -8e+01 -8e+01","1 0 0","0.073 0.048 0.023",4,4,0.01,0.00,0,0,3,0
15.400,6,1.000,1.000,0.000,3,0,-78.353,"-76.3 -81.5 -77.3","1.000 1.000 1.000",-93.966,-100.820,"-100.8 -100.8 -100.8 -100.8 -100.8 -100.8 -100.8 -100.8",0.073,288,0,1051,538,"-8e+01 -8e+01 -8e+01","1 0 0","0.073 0.048 0.023",3,3,0.01,0.00,0,0,3,0
15.500,6,1.000,1.000,0.000,3,0,-78.473,"-76.6 -81.5 -77.3","1.000 1.000 1.000",-93.966,-100.820,"-100.8 -100.8 -100.8 -100.8 -100.8 -100.8 -100.8 -100.8",0.073,290,0,1059,543,"-8e+01 -8e+01 -8e+01","1 0 0","0.073 0.048 0.023",3,3,0.01,0.00,0,0,3,0
15.600,6,1.000,1.000,0.000,3,0,-78.353,"-76.3 -81.5 -77.3","1.000 1.000 1.000",-93.966,-100.820,"-100.8 -100.8 -100.8 -100.8 -100.8 -100.8 -100.8 -100.8",0.073,292,0,1068,547,"-8e+01 -8e+01 -8e+01","1 0 0","0.073 0.048 0.023",3,3,0.01,0.00,0,0,3,0
15.700,6,1.000,1.000,0.000,3,0,-78.473,"-76.6 -81.5 -77.3","1.000 1.000 1.000",-93.966,-100.820,"-100.8 -100.8 -100.8 -100.8 -100.8 -100.8 -100.8 -100.8",0.073,294,0,1075,551,"-8e+01 -8e+01 -8e+01","1 0 0","0.073 0.048 0.023",3,3,0.01,0.00,0,0,3,0
15.800,6,1.000,1.000,0.000,3,0,-78.353,"-76.3 -81.5 -77.3","1.000 1.000 1.000",-93.966,-100.820,"-100.8 -100.8 -100.8 -100.8 -100.8 -100.8 -100.8 -100.8",0.073,296,0,1084,555,"-8e+01 -8e+01 -8e+01","1 0 0","0.073 0.048 0.023",3,3,0.01,0.00,0,0,3,0
15.900,6,1.000,1.000,0.000,3,0,-78.473,"-76.6 -81.5 -77.3","1.000 1.000 1.000",-93.966,-100.820,"-100.8 -100.8 -100.8 -100.8 -100.8 -100.8 -100.8 -100.8",0.073,298,0,1091,559,"-8e+01 -8e+01 -8e+01","1 0 0","0.073 0.048 0.023",3,3,0.01,0.00,0,0,3,0
16.000,6,1.000,1.000,0.000,3,0,-78.353,"-76.3 -81.5 -77.3","1.000 1.000 1.000",-93.966,-100.820,"-100.8 -100.8 -100.8 -100.8 -100.8 -100.8 -100.8 -100.8",0.073,300,0,1100,563,"-8e+01 -8e+01 -8e+01","1 0 0","0.073 0.048 0.023",3,3,0.01,0.00,0,0,3,0
16.100,6,1.000,1.000,0.000,3,0,-78.473,"-76.6 -81.5 -77.3","1.000 1.000 1.000",-93.966,-100.820,"-100.8 -100.8 -100.8 -100.8 -100.8 -100.8 -100.8 -100.8",0.073,302,0,1107,567,"-8e+01 -8e+01 -8e+01","1 0 0","0.073 0.048 0.023",3,3,0.01,0.00,0,0,3,0
16.200,6,1.000,1.000,0.000,3,0,-78.353,"-76.3 -81.5 -77.3","1.000 1.000 1.000",-93.966,-100.820,"-100.8 -100.8 -100.8 -100.8 -100.8 -100.8 -100.8 -100.8",0.073,304,0,1117,571,"-8e+01 -8e+01 -8e+01","1 0 0","0.073 0.048 0.023",4,4,0.11,0.00,0,0,3,0
16.300,6,1.000,1.000,0.000,3,0,-78.473,"-76.6 -81.5 -77.3","1.000 1.000 1.000",-93.966,-100.820,"-100.8 -100.8 -100.8 -100.8 -100.8 -100.8 -100.8 -100.8",0.073,306,0,1125,577,"-8e+01 -8e+01 -8e+01","1 0 0","0.073 0.048 0.023",3,3,0.01,0.00,0,0,3,0
16.400,6,1.000,1.000,0.000,3,0,-78.353,"-76.3 -81.5 -77.3","1.000 1.000 1.000",-93.966,-100.819,"-100.8 -100.8 -100.8 -100.8 -100.8 -100.8 -100.8 -100.8",0.073,308,0,1134,581,"-8e+01 -8e+01 -8e+01","1 0 0","0.073 0.048 0.023",4,4,0.01,0.00,0,0,3,0
16.500,6,1.000,1.000,0.000,3,0,-78.473,"-76.6 -81.5 -77.3","1.000 1.000 1.000",-93.966,-100.819,"-100.8 -100.8 -100.8 -100.8 -100.8 -100.8 -100.8 -100.8",0.073,310,0,1142,585,"-8e+01 -8e+01 -8e+01","1 0 0","0.073 0.048 0.023",3,3,0.01,0.00,0,0,3,0
16.600,6,1.000,1.000,0.000,3,0,-78.353,"-76.3 -81.5 -77.3","1.000 1.000 1.000",-93.966,-100.819,"-100.8 -100.8 -100.8 -100.8 -100.8 -100.8 -100.8 -100.8",0.073,312,0,1151,589,"-8e+01 -8e+01 -8e+01","1 0 0","0.073 0.048 0.023",3,3,0.01,0.00,0,0,3,0
16.700,6,1.000,1.000,0.000,3,0,-78.473,"-76.6 -81.5 -77.3","1.000 1.000 1.000",-93.966,-100.819,"-100.8 -100.8 -100.8 -100.8 -100.8 -100.8 -100.8 -100.8",0.073,314,0,1158,593,"-8e+01 -8e+01 -8e+01","1 0 0","0.073 0.048 0.023",3,3,0.01,0.00,0,0,3,0
16.800,6,1.000,1.000,0.000,3,0,-78.353,"-76.3 -81.5 -77.3","1.000 1.000 1.000",-93.966,-100.819,"-100.8 -100.8 -100.8 -100.8 -100.8 -100.8 -100.8 -100.8",0.073,316,0,1167,597,"-8e+01 -8e+01 -8e+01","1 0 0","0.073 0.048 0.023",3,3,0.01,0.00,0,0,3,0
16.900,6,1.000,1.000,0.000,3,0,-78.473,"-76.6 -81.5 -77.3","1.000 1.000 1.000",-93.966,-100.819,"-100.8 -100.8 -100.8 -100.8 -100.8 -100.8 -100.8 -100.8",0.073,318,0,1174,601,"-8e+01 -8e+01 -8e+01","1 0 0","0.073 0.048 0.023",3,3,0.01,0.00,0,0,3,0
17.000,6,1.000,1.000,0.000,3,0,-78.473,"-76.6 -81.5 -77.3","1.000 1.000 1.000",-93.966,-100.819,"-100.8 -100.8 -100.8 -100.8 -100.8 -100.8 -100.8 -100.8",0.073,320,0,1181,607,"-8e+01 -8e+01 -8e+01","1 0 0","0.073 0.048 0.023",3,3,0.01,0.00,0,0,3,0
17.100,6,1.000,1.000,0.000,3,0,-78.473,"-76.6 -81.5 -77.3","1.000 1.000 1.000",-93.966,-100.819,"-100.8 -100.8 -100.8 -100.8 -100.8 -100.8 -100.8 -100.8",0.073,322,0,1188,611,"-8e+01 -8e+01 -8e+01","1 0 0","0.073 0.048 0.023",3,3,0.01,0.00,0,0,3,0
17.200,6,1.000,1.000,0.000,3,0,-78.353,"-76.3 -81.5 -77.3","1.000 1.000 1.000",-93.966,-100.819,"-100.8 -100.8 -100.8 -100.8 -100.8 -100.8 -100.8 -100.8",0.073,324,0,1197,615,"-8e+01 -8e+01 -8e+01","1 0 0","0.073 0.048 0.023",3,3,0.01,0.00,0,0,3,0
17.300,6,1.000,1.000,0.000,3,0,-78.473,"-76.6 -81.5 -77.3","1.000 1.000 1.000",-93.966,-100.819,"-100.8 -100.8 -100.8 -100.8 -100.8 -100.8 -100.8 -100.8",0.073,326,0,1204,619,"-8e+01 -8e+01 -8e+01","1 0 0","0.073 0.048 0.023",3,3,0.01,0.00,0,0,3,0
17.400,6,1.000,1.000,0.000,3,0,-78.353,"-76.3 -81.5 -77.3","1.000 1.000 1.000",-93.966,-100.819,"-100.8 -100.8 -100.8 -100.8 -100.8 -100.8 -100.8 -100.8",0.073,328,0,1213,623,"-8e+01 -8e+01 -8e+01","1 0 0","0.073 0.048 0.023",3,3,0.01,0.00,0,0,3,0
17.500,6,1.000,1.000,0.000,3,0,-78.473,"-76.6 -81.5 -77.3","1.000 1.000 1.000",-93.966,-100.819,"-100.8 -100.8 -100.8 -100.8 -100.8 -100.8 -100.8 -100.8",0.073,330,0,1220,627,"-8e+01 -8e+01 -8e+01","1 0 0","0.073 0.048 0.023",3,3,0.01,0.00,0,0,3,0
17.600,6,1.000,1.000,0.000,3,0,-78.353,"-76.3 -81.5 -77.3","1.000 1.000 1.000",-93.966,-100.819,"-100.8 -100.8 -100.8 -100.8 -100.8 -100.8 -100.8 -100.8",0.073,332,0,1229,631,"-8e+01 -8e+01 -8e+01","1 0 0","0.073 0.048 0.023",3,3,0.01,0.00,0,0,3,0
17.700,6,1.000,1.000,0.000,3,0,-78.473,"-76.6 -81.5 -77.3","1.000 1.000 1.000",-93.966,-100.819,"-100.8 -100.8 -100.8 -100.8 -100.8 -100.8 -100.8 -100.8",0.073,334,0,1236,635,"-8e+01 -8e+01 -8e+01","1 0 0","0.073 0.048 0.023",3,3,0.02,0.00,0,0,3,0
17.800,6,1.000,1.000,0.000,3,0,-78.353,"-76.3 -81.5 -77.3","1.000 1.000 1.000",-93.966,-100.819,"-100.8 -100.8 -100.8 -100.8 -100.8 -100.8 -100.8 -100.8",0.073,336,0,1245,639,"-8e+01 -8e+01 -8e+01","1 0 0","0.073 0.048 0.023",3,3,0.01,0.00,0,0,3,0
17.900,6,1.000,1.000,0.000,3,0,-78.473,"-76.6 -81.5 -77.3","1.000 1.000 1.000",-93.966,-100.819,"-100.8 -100.8 -100.8 -100.8 -100.8 -100.8 -100.8 -100.8",0.073,338,0,1252,643,"-8e+01 -8e+01 -8e+01","1 0 0","0.073 0.048 0.023",3,3,0.01,0.00,0,0,3,0
18.000,6,1.000,1.000,0.000,3,0,-78.353,"-76.3 -81.5 -77.3","1.000 1.000 1.000",-93.966,-100.819,"-100.8 -100.8 -100.8 -100.8 -100.8 -100.8 -100.8 -100.8",0.073,340,0,1261,647,"-8e+01 -8e+01 -8e+01","1 0 0","0.073 0.048 0.023",3,3,0.02,0.00,0,0,3,0
18.100,6,1.000,1.000,0.000,3,0,-78.352,"-76.6 -81.2 -77.3","1.000 1.000 1.000",-93.966,-100.820,"-100.8 -100.8 -100.8 -100.8 -100.8 -100.8 -100.8 -100.8",0.073,342,0,1269,651,"-8e+01 -8e+01 -8e+01","1 0 0","0.073 0.048 0.023",29,29,4.92,0.00,0,0,3,0
18.200,6,1.000,1.000,0.000,3,0,-78.352,"-76.6 -81.2 -77.3","1.000 1.000 1.000",-93.966,-100.820,"-100.8 -100.8 -100.8 -100.8 -100.8 -100.8 -100.8 -100.8",0.073,344,0,1275,653,"-8e+01 -8e+01 -8e+01","1 0 0","0.073 0.048 0.023",35,35,1.66,0.00,0,0,3,0
18.300,6,1.000,1.000,0.000,3,0,-78.473,"-76.6 -81.5 -77.3","1.000 1.000 1.000",-93.966,-100.820,"-100.8 -100.8 -100.8 -100.8 -100.8 -100.8 -100.8 -100.8",0.073,346,0,1280,656,"-8e+01 -8e+01 -8e+01","1 0 0","0.073 0.048 0.023",17,17,3.67,0.00,0,0,3,0
18.400,6,1.000,1.000,0.000,3,0,-78.352,"-76.6 -81.2 -77.3","1.000 1.000 1.000",-93.966,-100.820,"-100.8 -100.8 -100.8 -100.8 -100.8 -100.8 -100.8 -100.8",0.073,348,0,1287,659,"-8e+01 -8e+01 -8e+01","1 0 0","0.073 0.048 0.023",44,44,9.35,0.00,0,0,3,0
18.500,6,1.000,1.000,0.000,3,0,-78.473,"-76.6 -81.5 -77.3","1.000 1.000 1.000",-93.966,-100.821,"-100.8 -100.8 -100.8 -100.8 -100.8 -100.8 -100.8 -100.8",0.073,350,0,1294,661,"-8e+01 -8e+01 -8e+01","1 0 0","0.073 0.048 0.023",40,40,3.75,0.00,0,0,3,0
18.600,6,1.000,1.000,0.000,3,0,-78.352,"-76.6 -81.2 -77.3","1.000 1.000 1.000",-93.966,-100.821,"-100.8 -100.8 -100.8 -100.8 -100.8 -100.8 -100.8 -100.8",0.073,352,0,1298,663,"-8e+01 -8e+01 -8e+01","1 0 0.0118","0.073 0.048 0.023",38,36,4.58,0.16,0,0,3,0
18.700,6,1.000,1.000,0.000,3,0,-78.352,"-76.6 -81.2 -77.3","1.000 1.000 1.000",-93.966,-100.821,"-100.8 -100.8 -100.8 -100.8 -100.8 -100.8 -100.8 -100.8",0.073,354,0,1307,667,"-8e+01 -8e+01 -8e+01","1 0 0.0235","0.073 0.048 0.02",69,67,4.99,0.09,0,0,3,0
18.800,6,1.000,1.000,0.000,3,0,-78.473,"-76.6 -81.5 -77.3","1.000 1.000 1.000",-93.966,-100.821,"-100.8 -100.8 -100.8 -100.8 -100.8 -100.8 -100.8 -100.8",0.073,356,0,1310,669,"-8e+01 -8e+01 -8e+01","1 0.0118 0.0235","0.073 0.048 0.023",18,16,2.90,0.33,0,0,3,0
18.900,6,1.000,1.000,0.000,3,0,-78.352,"-76.6 -81.2 -77.3","1.000 1.000 1.000",-93.966,-100.822,"-100.8 -100.8 -100.8 -100.8 -100.8 -100.8 -100.8 -100.8",0.073,358,0,1316,671,"-8e+01 -8e+01 -8e+01","1 0.0118 0.0235","0.073 0.048 0.023",37,35,2.35,0.16,0,0,3,0
19.000,6,1.000,1.000,0.000,3,0,-78.473,"-76.6 -81.5 -77.3","1.000 1.000 1.000",-93.966,-100.822,"-100.8 -100.8 -100.8 -100.8 -100.8 -100.8 -100.8 -100.8",0.073,360,0,1319,673,"-8e+01 -8e+01 -8e+01","0.992 0.0235 0.0353","0.073 0.048 0.023",24,22,4.53,0.25,0,0,3,0
19.100,6,1.000,1.000,0.000,3,0,-78.352,"-76.6 -81.2 -77.3","1.000 1.000 1.000",-93.966,-100.822,"-100.8 -100.8 -100.8 -100.8 -100.8 -100.8 -100.8 -100.8",0.069,362,0,1325,677,"-8e+01 -8e+01 -8e+01","0.992 0.0235 0.0353","0.069 0.048 0.023",32,30,4.29,0.19,0,0,3,0
19.200,6,1.000,1.000,0.000,3,0,-78.473,"-76.6 -81.5 -77.3","1.000 1.000 1.000",-93.966,-100.822,"-100.8 -100.8 -100.8 -100.8 -100.8 -100.8 -100.8 -100.8",0.073,364,0,1328,679,"-8e+01 -8e+01 -8e+01","0.988 0.0235 0.0471","0.073 0.048 0.023",19,17,12.78,0.32,0,0,3,0
19.300,6,1.000,1.000,0.000,3,0,-78.233,"-76.3 -81.2 -77.3","1.000 1.000 1.000",-93.966,-100.822,"-100.8 -100.8 -100.8 -100.8 -100.8 -100.8 -100.8 -100.8",0.073,366,0,1336,681,"-8e+01 -8e+01 -8e+01","0.988 0.0235 0.0471","0.073 0.048 0.023",50,48,6.65,0.12,0,0,3,0
19.400,6,0.970,0.909,0.043,3,0,-78.473,"-76.6 -81.5 -77.3","1.000 1.000 0.909",-93.966,-100.822,"-100.8 -100.8 -100.8 -100.8 -100.8 -100.8 -100.8 -100.8",0.123,368,0,1339,684,"-8e+01 -8e+01 -8e+01","0.98 0.0235 0.0471","0.073 0.048 0.12",37,35,4.33,0.16,0,0,2,0
19.500,6,0.970,0.909,0.043,3,0,-78.233,"-76.3 -81.2 -77.3","1.000 1.000 0.909",-93.966,-100.823,"-100.8 -100.8 -100.8 -100.8 -100.8 -100.8 -100.8 -100.8",0.073,370,0,1348,686,"-8e+01 -8e+01 -8e+01","0.98 0.0235 0.0667","0.073 0.048 0.021",68,66,1.72,0.09,1,0,3,1
19.600,6,0.970,0.909,0.043,3,0,-78.473,"-76.6 -81.5 -77.3","1.000 1.000 0.909",-93.966,-100.823,"-100.8 -100.8 -100.8 -100.8 -100.8 -100.8 -100.8 -100.8",0.073,372,0,1354,688,"-8e+01 -8e+01 -8e+01","0.976 0.0314 0.0784","0.073 0.048 0.023",50,48,5.02,0.12,0,0,3,0
19.700,6,0.970,0.909,0.043,3,0,-78.353,"-76.3 -81.5 -77.3","1.000 1.000 0.909",-93.966,-100.823,"-100.8 -100.8 -100.8 -100.8 -100.8 -100.8 -100.8 -100.8",0.073,374,0,1361,690,"-8e+01 -8e+01 -8e+01","0.976 0.0431 0.0863","0.073 0.048 0.023",39,37,8.88,0.15,0,0,3,0
19.800,6,0.970,0.909,0.043,3,0,-78.473,"-76.6 -81.5 -77.3","1.000 1.000 0.909",-93.966,-100.823,"-100.8 -100.8 -100.8 -100.8 -100.8 -100.8 -100.8 -100.8",0.072,376,0,1364,692,"-8e+01 -8e+01 -8e+01","0.976 0.0431 0.0863","0.072 0.048 0.023",23,21,4.03,0.26,1,0,2,0
19.900,6,0.970,0.909,0.043,3,0,-78.233,"-76.3 -81.2 -77.3","1.000 1.000 0.909",-93.966,-100.824,"-100.8 -100.8 -100.8 -100.8 -100.8 -100.8 -100.8 -100.8",0.072,378,0,1371,694,"-8e+01 -8e+01 -8e+01","0.976 0.0431 0.0863","0.072 0.047 0.023",37,35,2.36,0.16,0,0,3,0
20.000,6,0.970,0.909,0.043,3,0,-78.352,"-76.6 -81.2 -77.3","1.000 1.000 0.909",-93.966,-100.824,"-100.8 -100.8 -100.8 -100.8 -100.8 -100.8 -100.8 -100.8",0.073,380,0,1376,696,"-8e+01 -8e+01 -8e+01","0.973 0.0431 0.106","0.073 0.048 0.023",42,40,2.76,0.14,0,0,3,0
20.100,6,0.970,0.909,0.043,3,0,-78.233,"-76.3 -81.2 -77.3","1.000 1.000 0.909",-93.966,-100.824,"-100.8 -100.8 -100.8 -100.8 -100.8 -100.8 -100.8 -100.8",0.071,382,0,1383,700,"-8e+01 -8e+01 -8e+01","0.973 0.051 0.106","0.071 0.047 0.023",36,34,5.04,0.17,0,0,3,0
20.200,6,0.970,0.909,0.043,3,0,-78.352,"-76.6 -81.2 -77.3","1.000 1.000 0.909",-93.966,-100.824,"-100.8 -100.8 -100.8 -100.8 -100.8 -100.8 -100.8 -100.8",0.073,384,0,1388,703,"-8e+01 -8e+01 -8e+01","0.973 0.051 0.114","0.073 0.048 0.023",33,31,1.08,0.18,0,0,3,0
20.300,6,0.970,0.909,0.043,3,0,-78.233,"-76.3 -81.2 -77.3","1.000 1.000 0.909",-93.966,-100.825,"-100.8 -100.8 -100.8 -100.8 -100.8 -100.8 -100.8 -100.8",0.073,386,0,1394,705,"-8e+01 -8e+01 -8e+01","0.973 0.051 0.125","0.073 0.047 0.023",36,34,11.11,0.17,1,0,2,0
20.400,6,0.939,0.909,0.043,3,0,-78.352,"-76.6 -81.2 -77.3","1.000 0.909 0.909",-93.966,-100.825,"-100.8 -100.8 -100.8 -100.8 -100.8 -100.8 -100.8 -100.8",0.147,388,0,1396,709,"-8e+01 -8e+01 -8e+01","0.973 0.051 0.133","0.073 0.15 0.023",23,21,9.93,0.26,0,0,2,0
20.500,6,0.970,0.909,0.043,3,0,-78.353,"-76.3 -81.5 -77.3","1.000 0.909 1.000",-93.966,-100.825,"-100.8 -100.8 -100.8 -100.8 -100.8 -100.8 -100.8 -100.8",0.073,390,0,1402,711,"-8e+01 -8e+01 -8e+01","0.973 0.051 0.133","0.073 0.048 0.023",24,22,6.89,0.25,1,1,3,0
20.600,6,0.939,0.909,0.043,3,0,-78.352,"-76.6 -81.2 -77.3","1.000 0.909 0.909",-93.966,-100.826,"-100.8 -100.8 -100.8 -100.8 -100.8 -100.8 -100.8 -100.8",0.123,392,0,1405,714,"-8e+01 -8e+01 -8e+01","0.973 0.051 0.133","0.073 0.048 0.12",40,38,7.93,0.15,0,0,2,0
20.700,6,0.939,0.909,0.043,3,0,-78.353,"-76.3 -81.5 -77.3","1.000 0.909 0.909",-93.966,-100.826,"-100.8 -100.8 -100.8 -100.8 -100.8 -100.8 -100.8 -100.8",0.073,394,0,1410,716,"-8e+01 -8e+01 -8e+01","0.961 0.0588 0.141","0.073 0.048 0.023",26,24,3.11,0.23,1,1,3,0
20.800,6,0.939,0.909,0.043,3,0,-78.352,"-76.6 -81.2 -77.3","1.000 0.909 0.909",-93.966,-100.826,"-100.8 -100.8 -100.8 -100.8 -100.8 -100.8 -100.8 -100.8",0.073,396,0,1415,718,"-8e+01 -8e+01 -8e+01","0.961 0.0588 0.141","0.073 0.048 0.023",41,39,7.48,0.15,0,0,3,0
20.900,6,0.939,0.909,0.043,3,0,-78.353,"-76.3 -81.5 -77.3","1.000 0.909 0.909",-93.966,-100.826,"-100.8 -100.8 -100.8 -100.8 -100.8 -100.8 -100.8 -100.8",0.073,398,0,1421,720,"-8e+01 -8e+01 -8e+01","0.957 0.0588 0.145","0.073 0.048 0.023",27,25,6.43,0.22,0,0,3,0
21.000,6,0.939,0.909,0.043,3,0,-78.352,"-76.6 -81.2 -77.3","1.000 0.909 0.909",-93.966,-100.826,"-100.8 -100.8 -100.8 -100.8 -100.8 -100.8 -100.8 -100.8",0.073,400,0,1428,722,"-8e+01 -8e+01 -8e+01","0.957 0.0588 0.153","0.073 0.048 0.023",69,67,10.86,0.09,0,0,3,0
21.100,6,0.939,0.909,0.043,3,0,-78.353,"-76.3 -81.5 -77.3","1.000 0.909 0.909",-93.966,-100.826,"-100.8 -100.8 -100.8 -100.8 -100.8 -100.8 -100.8 -100.8",0.073,402,0,1433,724,"-8e+01 -8e+01 -8e+01","0.953 0.0588 0.153","0.073 0.048 0.023",22,20,5.11,0.27,0,0,3,0
21.200,6,0.939,0.909,0.043,3,0,-78.473,"-76.6 -81.5 -77.3","1.000 0.909 0.909",-93.966,-100.826,"-100.8 -100.8 -100.8 -100.8 -100.8 -100.8 -100.8 -100.8",0.073,404,0,1436,726,"-8e+01 -8e+01 -8e+01","0.953 0.0588 0.153","0.073 0.048 0.023",17,15,7.11,0.35,0,0,3,0
21.300,6,0.939,0.909,0.043,3,0,-78.352,"-76.6 -81.2 -77.3","1.000 0.909 0.909",-93.966,-100.826,"-100.8 -100.8 -100.8 -100.8 -100.8 -100.8 -100.8 -100.8",0.073,406,0,1441,730,"-8e+01 -8e+01 -8e+01","0.953 0.0588 0.153","0.073 0.048 0.023",45,43,10.16,0.13,0,0,3,0
21.400,6,0.939,0.909,0.043,3,0,-78.473,"-76.6 -81.5 -77.3","1.000 0.909 0.909",-93.966,-100.827,"-100.8 -100.8 -100.8 -100.8 -100.8 -100.8 -100.8 -100.8",0.073,408,0,1444,732,"-8e+01 -8e+01 -8e+01","0.945 0.0588 0.157","0.073 0.048 0.023",20,18,5.14,0.30,0,0,3,0
21.500,6,0.939,0.818,0.086,3,0,-78.353,"-76.3 -81.5 -77.3","1.000 1.000 0.818",-93.966,-100.827,"-100.8 -100.8 -100.8 -100.8 -100.8 -100.8 -100.8 -100.8",0.123,410,0,1450,735,"-8e+01 -8e+01 -8e+01","0.945 0.0588 0.157","0.073 0.047 0.12",51,49,7.96,0.12,0,0,2,0
21.600,6,0.939,0.818,0.086,3,0,-78.352,"-76.6 -81.2 -77.3","1.000 1.000 0.818",-93.966,-100.827,"-100.8 -100.8 -100.8 -100.8 -100.8 -100.8 -100.8 -100.8",0.073,412,0,1457,737,"-8e+01 -8e+01 -8e+01","0.941 0.0588 0.173","0.073 0.048 0.023",69,67,1.01,0.09,1,1,3,0
21.700,6,0.970,0.909,0.043,3,0,-78.353,"-76.3 -81.5 -77.3","1.000 1.000 0.909",-93.966,-100.828,"-100.8 -100.8 -100.8 -100.8 -100.8 -100.8 -100.8 -100.8",0.071,414,0,1462,739,"-8e+01 -8e+01 -8e+01","0.941 0.0588 0.173","0.071 0.048 0.023",29,27,2.21,0.21,0,0,3,0
21.800,6,0.970,0.909,0.043,3,0,-78.473,"-76.6 -81.5 -77.3","1.000 1.000 0.909",-93.966,-100.828,"-100.8 -100.8 -100.8 -100.8 -100.8 -100.8 -100.8 -100.8",0.073,416,0,1467,741,"-8e+01 -8e+01 -8e+01","0.941 0.0627 0.176","0.073 0.047 0.02",46,44,6.81,0.13,1,0,2,0
21.900,6,0.970,0.909,0.043,3,0,-78.233,"-76.3 -81.2 -77.3","1.000 1.000 0.909",-93.966,-100.828,"-100.8 -100.8 -100.8 -100.8 -100.8 -100.8 -100.8 -100.8",0.073,418,0,1474,743,"-8e+01 -8e+01 -8e+01","0.933 0.0627 0.176","0.073 0.048 0.023",50,48,5.16,0.12,0,0,3,0
22.000,6,0.970,0.909,0.043,3,0,-78.352,"-76.6 -81.2 -77.3","1.000 1.000 0.909",-93.966,-100.828,"-100.8 -100.8 -100.8 -100.8 -100.8 -100.8 -100.8 -100.8",0.072,420,0,1479,745,"-8e+01 -8e+01 -8e+01","0.937 0.0706 0.192","0.072 0.048 0.022",33,31,7.63,0.18,0,0,3,0
22.100,6,0.939,0.909,0.043,3,0,-78.233,"-76.3 -81.2 -77.3","1.000 0.909 0.909",-93.966,-100.829,"-100.8 -100.8 -100.8 -100.8 -100.8 -100.8 -100.8 -100.8",0.148,422,0,1484,748,"-8e+01 -8e+01 -8e+01","0.937 0.0706 0.192","0.073 0.15 0.023",39,37,4.55,0.15,0,0,2,0
22.200,6,0.939,0.909,0.043,3,0,-78.352,"-76.6 -81.2 -77.3","1.000 0.909 0.909",-93.966,-100.829,"-100.8 -100.8 -100.8 -100.8 -100.8 -100.8 -100.8 -100.8",0.071,424,0,1491,750,"-8e+01 -8e+01 -8e+01","0.937 0.0706 0.208","0.071 0.048 0.023",48,46,8.99,0.12,1,1,3,0
22.300,6,0.939,0.909,0.043,3,0,-78.352,"-76.6 -81.2 -77.3","1.000 0.909 0.909",-93.966,-100.829,"-100.8 -100.8 -100.8 -100.8 -100.8 -100.8 -100.8 -100.8",0.073,426,0,1499,752,"-8e+01 -8e+01 -8e+01","0.937 0.0706 0.212","0.073 0.048 0.021",71,69,1.18,0.08,0,0,3,0
22.400,6,0.939,0.909,0.043,3,0,-78.473,"-76.6 -81.5 -77.3","1.000 0.909 0.909",-93.966,-100.829,"-100.8 -100.8 -100.8 -100.8 -100.8 -100.8 -100.8 -100.8",0.073,428,0,1507,754,"-8e+01 -8e+01 -8e+01","0.937 0.0745 0.22","0.073 0.048 0.023",32,30,3.76,0.19,0,0,3,0
22.500,6,0.939,0.909,0.043,3,0,-78.352,"-76.6 -81.2 -77.3","1.000 0.909 0.909",-93.966,-100.830,"-100.8 -100.8 -100.8 -100.8 -100.8 -100.8 -100.8 -100.8",0.073,430,0,1512,759,"-8e+01 -8e+01 -8e+01","0.937 0.0745 0.227","0.073 0.048 0.023",49,47,1.92,0.12,0,0,3,0
22.600,6,0.939,0.909,0.043,3,0,-78.233,"-76.3 -81.2 -77.3","0.909 0.909 1.000",-93.966,-100.830,"-100.8 -100.8 -100.8 -100.8 -100.8 -100.8 -100.8 -100.8",0.173,432,0,1517,762,"-8e+01 -8e+01 -8e+01","0.937 0.0824 0.235","0.17 0.048 0.023",33,31,1.24,0.18,0,0,2,0
22.700,6,0.939,0.909,0.043,3,0,-78.352,"-76.6 -81.2 -77.3","0.909 0.909 1.000",-93.966,-100.830,"-100.8 -100.8 -100.8 -100.8 -100.8 -100.8 -100.8 -100.8",0.073,434,0,1522,764,"-8e+01 -8e+01 -8e+01","0.937 0.0902 0.235","0.073 0.048 0.023",39,37,10.29,0.15,1,1,3,0
22.800,6,0.939,0.909,0.043,3,0,-78.473,"-76.6 -81.5 -77.3","0.909 0.909 1.000",-93.966,-100.830,"-100.8 -100.8 -100.8 -100.8 -100.8 -100.8 -100.8 -100.8",0.073,436,0,1527,766,"-8e+01 -8e+01 -8e+01","0.937 0.0902 0.239","0.073 0.048 0.023",25,23,2.91,0.24,0,0,3,0
22.900,6,0.939,0.909,0.043,3,0,-78.352,"-76.6 -81.2 -77.3","0.909 0.909 1.000",-93.966,-100.831,"-100.8 -100.8 -100.8 -100.8 -100.8 -100.8 -100.8 -100.8",0.073,438,0,1533,768,"-8e+01 -8e+01 -8e+01","0.937 0.0902 0.239","0.073 0.048 0.023",59,57,2.72,0.10,0,0,3,0
23.000,6,0.909,0.909,0.000,3,0,-78.352,"-76.6 -81.2 -77.3","0.909 0.909 0.909",-93.966,-100.831,"-100.8 -100.8 -100.8 -100.8 -100.8 -100.8 -100.8 -100.8",0.123,440,0,1540,771,"-8e+01 -8e+01 -8e+01","0.937 0.0902 0.239","0.073 0.047 0.12",43,41,5.98,0.14,0,0,2,0
23.100,6,0.909,0.909,0.000,3,0,-78.473,"-76.6 -81.5 -77.3","0.909 0.909 0.909",-93.966,-100.831,"-100.8 -100.8 -100.8 -100.8 -100.8 -100.8 -100.8 -100.8",0.073,442,0,1544,773,"-8e+01 -8e+01 -8e+01","0.929 0.0902 0.243","0.073 0.048 0.023",34,32,0.77,0.18,1,1,3,0
23.200,6,0.939,0.909,0.043,3,0,-78.352,"-76.6 -81.2 -77.3","0.909 1.000 0.909",-93.966,-100.831,"-100.8 -100.8 -100.8 -100.8 -100.8 -100.8 -100.8 -100.8",0.073,444,0,1550,775,"-8e+01 -8e+01 -8e+01","0.929 0.0902 0.243","0.073 0.047 0.023",40,38,5.09,0.15,0,0,3,0
23.300,6,0.939,0.909,0.043,3,0,-78.473,"-76.6 -81.5 -77.3","0.909 1.000 0.909",-93.966,-100.831,"-100.8 -100.8 -100.8 -100.8 -100.8 -100.8 -100.8 -100.8",0.073,446,0,1554,777,"-8e+01 -8e+01 -8e+01","0.925 0.102 0.251","0.073 0.048 0.023",32,30,13.38,0.19,1,0,2,0
23.400,6,0.939,0.909,0.043,3,0,-78.352,"-76.6 -81.2 -77.3","0.909 1.000 0.909",-93.966,-100.831,"-100.8 -100.8 -100.8 -100.8 -100.8 -100.8 -100.8 -100.8",0.073,448,0,1560,780,"-8e+01 -8e+01 -8e+01","0.925 0.102 0.251","0.073 0.048 0.023",44,42,5.95,0.14,0,0,3,0
23.500,6,0.939,0.909,0.043,3,0,-78.473,"-76.6 -81.5 -77.3","0.909 1.000 0.909",-93.966,-100.831,"-100.8 -100.8 -100.8 -100.8 -100.8 -100.8 -100.8 -100.8",0.073,450,0,1563,782,"-8e+01 -8e+01 -8e+01","0.925 0.11 0.259","0.073 0.048 0.023",18,16,9.45,0.33,0,0,3,0
23.600,6,0.939,0.909,0.043,3,0,-78.233,"-76.3 -81.2 -77.3","0.909 1.000 0.909",-93.966,-100.831,"-100.8 -100.8 -100.8 -100.8 -100.8 -100.8 -100.8 -100.8",0.072,452,0,1570,784,"-8e+01 -8e+01 -8e+01","0.925 0.11 0.263","0.072 0.048 0.023",54,52,4.66,0.11,1,0,2,0
23.700,6,0.970,0.909,0.043,3,0,-78.473,"-76.6 -81.5 -77.3","1.000 1.000 0.909",-93.966,-100.832,"-100.8 -100.8 -100.8 -100.8 -100.8 -100.8 -100.8 -100.8",0.073,454,0,1574,786,"-8e+01 -8e+01 -8e+01","0.922 0.11 0.263","0.073 0.048 0.023",26,24,2.04,0.23,0,0,3,0
23.800,6,0.970,0.909,0.043,3,0,-78.233,"-76.3 -81.2 -77.3","1.000 1.000 0.909",-93.966,-100.832,"-100.8 -100.8 -100.8 -100.8 -100.8 -100.8 -100.8 -100.8",0.073,456,0,1580,788,"-8e+01 -8e+01 -8e+01","0.922 0.11 0.267","0.073 0.048 0.023",26,24,10.01,0.23,0,0,3,0
23.900,6,0.939,0.818,0.086,3,0,-78.473,"-76.6 -81.5 -77.3","1.000 1.000 0.818",-93.966,-100.832,"-100.8 -100.8 -100.8 -100.8 -100.8 -100.8 -100.8 -100.8",0.123,458,0,1582,791,"-8e+01 -8e+01 -8e+01","0.918 0.114 0.267","0.073 0.048 0.12",24,22,9.49,0.25,0,0,2,0
24.000,6,0.939,0.818,0.086,3,0,-78.353,"-76.3 -81.5 -77.3","1.000 1.000 0.818",-93.966,-100.832,"-100.8 -100.8 -100.8 -100.8 -100.8 -100.8 -100.8 -100.8",0.073,460,0,1587,793,"-8e+01 -8e+01 -8e+01","0.918 0.114 0.267","0.073 0.048 0.023",32,30,6.71,0.19,1,1,3,0
24.100,6,0.970,0.909,0.043,3,0,-78.352,"-76.6 -81.2 -77.3","1.000 1.000 0.909",-93.966,-100.833,"-100.8 -100.8 -100.8 -100.8 -100.8 -100.8 -100.8 -100.8",0.073,462,0,1593,797,"-8e+01 -8e+01 -8e+01","0.918 0.114 0.267","0.073 0.048 0.023",49,47,10.09,0.12,0,0,3,0
24.200,6,0.939,0.818,0.086,3,0,-78.353,"-76.3 -81.5 -77.3","1.000 1.000 0.818",-93.966,-100.833,"-100.8 -100.8 -100.8 -100.8 -100.8 -100.8 -100.8 -100.8",0.123,464,0,1597,801,"-8e+01 -8e+01 -8e+01","0.91 0.118 0.267","0.072 0.048 0.12",17,15,5.45,0.35,0,0,2,0
24.300,6,0.939,0.818,0.086,3,0,-78.352,"-76.6 -81.2 -77.3","1.000 1.000 0.818",-93.966,-100.833,"-100.8 -100.8 -100.8 -100.8 -100.8 -100.8 -100.8 -100.8",0.072,466,0,1601,803,"-8e+01 -8e+01 -8e+01","0.91 0.118 0.267","0.072 0.048 0.023",40,38,0.73,0.15,2,1,2,0
24.400,6,0.939,0.818,0.086,3,0,-78.353,"-76.3 -81.5 -77.3","1.000 1.000 0.818",-93.966,-100.833,"-100.8 -100.8 -100.8 -100.8 -100.8 -100.8 -100.8 -100.8",0.073,468,0,1606,805,"-8e+01 -8e+01 -8e+01","0.906 0.122 0.271","0.073 0.048 0.022",24,22,3.17,0.25,1,0,2,0
24.500,6,0.939,0.818,0.086,3,0,-78.352,"-76.6 -81.2 -77.3","1.000 1.000 0.818",-93.966,-100.833,"-100.8 -100.8 -100.8 -100.8 -100.8 -100.8 -100.8 -100.8",0.071,470,0,1614,807,"-8e+01 -8e+01 -8e+01","0.906 0.122 0.271","0.071 0.048 0.021",61,59,4.84,0.10,2,0,1,0
24.600,6,0.939,0.818,0.086,3,0,-78.233,"-76.3 -81.2 -77.3","1.000 1.000 0.818",-93.966,-100.834,"-100.8 -100.8 -100.8 -100.8 -100.8 -100.8 -100.8 -100.8",0.073,472,0,1620,809,"-8e+01 -8e+01 -8e+01","0.906 0.122 0.271","0.073 0.048 0.023",36,34,6.76,0.17,1,0,2,0
24.700,6,0.939,0.818,0.086,3,0,-78.473,"-76.6 -81.5 -77.3","1.000 1.000 0.818",-93.966,-100.834,"-100.8 -100.8 -100.8 -100.8 -100.8 -100.8 -100.8 -100.8",0.072,474,0,1623,811,"-8e+01 -8e+01 -8e+01","0.906 0.122 0.271","0.072 0.048 0.023",25,23,2.31,0.24,1,0,2,0
24.800,6,0.939,0.818,0.086,3,0,-78.233,"-76.3 -81.2 -77.3","1.000 1.000 0.818",-93.966,-100.834,"-100.8 -100.8 -100.8 -100.8 -100.8 -100.8 -100.8 -100.8",0.073,476,0,1630,813,"-8e+01 -8e+01 -8e+01","0.906 0.122 0.275","0.073 0.048 0.022",40,38,10.36,0.15,2,0,1,0
24.900,6,0.939,0.818,0.086,3,0,-78.352,"-76.6 -81.2 -77.3","1.000 1.000 0.818",-93.966,-100.834,"-100.8 -100.8 -100.8 -100.8 -100.8 -100.8 -100.8 -100.8",0.072,478,0,1636,817,"-8e+01 -8e+01 -8e+01","0.902 0.122 0.275","0.072 0.048 0.023",34,32,2.20,0.18,0,0,3,0
25.000,6,0.970,0.909,0.043,3,0,-78.353,"-76.3 -81.5 -77.3","1.000 1.000 0.909",-93.966,-100.834,"-100.8 -100.8 -100.8 -100.8 -100.8 -100.8 -100.8 -100.8",0.073,480,0,1644,822,"-8e+01 -8e+01 -8e+01","0.902 0.122 0.275","0.073 0.048 0.023",31,30,0.81,0.10,0,0,3,0
25.100,6,0.939,0.909,0.043,3,0,-78.233,"-76.3 -81.2 -77.3","0.909 1.000 0.909",-93.966,-100.835,"-100.8 -100.8 -100.8 -100.8 -100.8 -100.8 -100.8 -100.8",0.173,482,0,1647,825,"-8e+01 -8e+01 -8e+01","0.902 0.122 0.275","0.17 0.048 0.023",34,32,6.39,0.18,0,0,2,0
25.200,6,0.939,0.909,0.043,3,0,-78.233,"-76.3 -81.2 -77.3","0.909 1.000 0.909",-93.966,-100.835,"-100.8 -100.8 -100.8 -100.8 -100.8 -100.8 -100.8 -100.8",0.073,484,0,1655,828,"-8e+01 -8e+01 -8e+01","0.894 0.122 0.275","0.073 0.048 0.023",33,31,11.73,0.18,2,1,2,0
25.300,6,0.970,0.909,0.043,3,0,-78.352,"-76.6 -81.2 -77.3","0.909 1.000 1.000",-93.966,-100.835,"-100.8 -100.8 -100.8 -100.8 -100.8 -100.8 -100.8 -100.8",0.072,486,0,1659,830,"-8e+01 -8e+01 -8e+01","0.894 0.122 0.282","0.072 0.048 0.023",33,31,2.77,0.18,0,0,3,0
25.400,6,0.970,0.909,0.043,3,0,-78.353,"-76.3 -81.5 -77.3","0.909 1.000 1.000",-93.966,-100.835,"-100.8 -100.8 -100.8 -100.8 -100.8 -100.8 -100.8 -100.8",0.073,488,0,1664,832,"-8e+01 -8e+01 -8e+01","0.894 0.129 0.286","0.073 0.048 0.022",16,14,12.23,0.38,0,0,3,0
25.500,6,0.970,0.909,0.043,3,0,-78.352,"-76.6 -81.2 -77.3","0.909 1.000 1.000",-93.966,-100.835,"-100.8 -100.8 -100.8 -100.8 -100.8 -100.8 -100.8 -100.8",0.073,490,0,1668,835,"-8e+01 -8e+01 -8e+01","0.894 0.129 0.286","0.073 0.047 0.023",36,34,6.79,0.17,0,0,3,0
25.600,6,0.970,0.909,0.043,3,0,-78.233,"-76.3 -81.2 -77.3","0.909 1.000 1.000",-93.966,-100.835,"-100.8 -100.8 -100.8 -100.8 -100.8 -100.8 -100.8 -100.8",0.073,492,0,1675,837,"-8e+01 -8e+01 -8e+01","0.89 0.133 0.294","0.073 0.048 0.023",44,42,10.29,0.14,0,0,3,0
25.700,6,0.970,0.909,0.043,3,0,-78.473,"-76.6 -81.5 -77.3","0.909 1.000 1.000",-93.966,-100.836,"-100.8 -100.8 -100.8 -100.8 -100.8 -100.8 -100.8 -100.8",0.073,494,0,1679,839,"-8e+01 -8e+01 -8e+01","0.89 0.137 0.294","0.073 0.048 0.023",20,18,9.38,0.30,0,0,3,0
25.800,6,0.970,0.909,0.043,3,0,-78.353,"-76.3 -81.5 -77.3","0.909 1.000 1.000",-93.966,-100.836,"-100.8 -100.8 -100.8 -100.8 -100.8 -100.8 -100.8 -100.8",0.073,496,0,1684,841,"-8e+01 -8e+01 -8e+01","0.89 0.137 0.294","0.073 0.048 0.023",25,23,3.64,0.24,0,0,3,0
25.900,6,0.970,0.909,0.043,3,0,-78.352,"-76.6 -81.2 -77.3","0.909 1.000 1.000",-93.966,-100.836,"-100.8 -100.8 -100.8 -100.8 -100.8 -100.8 -100.8 -100.8",0.073,498,0,1689,843,"-8e+01 -8e+01 -8e+01","0.89 0.137 0.294","0.073 0.048 0.023",45,43,2.55,0.13,1,0,2,0
26.000,6,0.970,0.909,0.043,3,0,-78.233,"-76.3 -81.2 -77.3","0.909 1.000 1.000",-93.966,-100.836,"-100.8 -100.8 -100.8 -100.8 -100.8 -100.8 -100.8 -100.8",0.073,500,0,1696,845,"-8e+01 -8e+01 -8e+01","0.89 0.137 0.294","0.073 0.044 0.022",34,32,6.69,0.18,1,0,2,0
26.100,6,0.970,0.909,0.043,3,0,-78.473,"-76.6 -81.5 -77.3","0.909 1.000 1.000",-93.966,-100.837,"-100.8 -100.8 -100.8 -100.8 -100.8 -100.8 -100.8 -100.8",0.073,502,0,1699,847,"-8e+01 -8e+01 -8e+01","0.882 0.141 0.294","0.073 0.048 0.023",24,22,4.21,0.25,1,0,2,0
26.200,6,1.000,1.000,0.000,3,0,-78.233,"-76.3 -81.2 -77.3","1.000 1.000 1.000",-93.966,-100.837,"-100.8 -100.8 -100.8 -100.8 -100.8 -100.8 -100.8 -100.8",0.073,504,0,1705,849,"-8e+01 -8e+01 -8e+01","0.882 0.141 0.294","0.073 0.048 0.023",37,35,6.67,0.16,0,0,3,0
26.300,6,1.000,1.000,0.000,3,0,-78.473,"-76.6 -81.5 -77.3","1.000 1.000 1.000",-93.966,-100.837,"-100.8 -100.8 -100.8 -100.8 -100.8 -100.8 -100.8 -100.8",0.073,506,0,1708,852,"-8e+01 -8e+01 -8e+01","0.878 0.141 0.294","0.073 0.048 0.023",19,17,10.38,0.32,0,0,3,0
26.400,6,1.000,1.000,0.000,3,0,-78.233,"-76.3 -81.2 -77.3","1.000 1.000 1.000",-93.966,-100.837,"-100.8 -100.8 -100.8 -100.8 -100.8 -100.8 -100.8 -100.8",0.073,508,0,1718,854,"-8e+01 -8e+01 -8e+01","0.878 0.145 0.298","0.073 0.047 0.022",72,70,3.37,0.08,2,0,1,0
26.500,6,0.970,0.909,0.043,3,0,-78.473,"-76.6 -81.5 -77.3","1.000 1.000 0.909",-77.196,-100.838,"-100.8 -100.8 -100.8 -100.8 -100.8 -100.8 -100.8 -100.8",0.122,510,0,1723,858,"-8e+01 -8e+01 -8e+01","0.875 0.145 0.298","0.073 0.048 0.12",37,35,1.86,0.16,0,0,2,0
26.600,6,0.970,0.909,0.043,3,0,-78.473,"-76.6 -81.5 -77.3","1.000 1.000 0.909",-93.966,-100.838,"-100.8 -100.8 -100.8 -100.8 -100.8 -100.8 -100.8 -100.8",0.073,512,0,1726,860,"-8e+01 -8e+01 -8e+01","0.875 0.145 0.298","0.073 0.048 0.023",25,23,4.41,0.24,0,0,4,1
26.700,6,0.970,0.909,0.043,3,0,-78.473,"-76.6 -81.5 -77.3","1.000 1.000 0.909",-93.966,-100.838,"-100.8 -100.8 -100.8 -100.8 -100.8 -100.8 -100.8 -100.8",0.071,514,0,1732,862,"-8e+01 -8e+01 -8e+01","0.875 0.145 0.298","0.071 0.048 0.022",23,21,8.83,0.26,0,0,3,0
26.800,6,0.970,0.909,0.043,3,0,-78.473,"-76.6 -81.5 -77.3","1.000 1.000 0.909",-93.966,-100.839,"-100.8 -100.8 -100.8 -100.8 -100.8 -100.8 -100.8 -100.8",0.073,516,0,1735,864,"-8e+01 -8e+01 -8e+01","0.875 0.145 0.298","0.073 0.048 0.023",16,14,8.49,0.38,0,0,3,0
26.900,6,0.939,0.818,0.086,3,0,-78.352,"-76.6 -81.2 -77.3","1.000 1.000 0.818",-93.966,-100.839,"-100.8 -100.8 -100.8 -100.8 -100.8 -100.8 -100.8 -100.8",0.123,518,0,1740,867,"-8e+01 -8e+01 -8e+01","0.875 0.145 0.298","0.073 0.048 0.12",32,30,6.49,0.19,0,0,2,0
27.000,6,0.939,0.818,0.086,3,0,-78.352,"-76.6 -81.2 -77.3","1.000 1.000 0.818",-93.966,-100.839,"-100.8 -100.8 -100.8 -100.8 -100.8 -100.8 -100.8 -100.8",0.073,520,0,1747,869,"-8e+01 -8e+01 -8e+01","0.863 0.145 0.294","0.073 0.048 0.023",64,62,1.22,0.09,2,1,2,0
27.100,6,0.939,0.818,0.086,3,0,-78.473,"-76.6 -81.5 -77.3","1.000 1.000 0.818",-93.966,-100.839,"-100.8 -100.8 -100.8 -100.8 -100.8 -100.8 -100.8 -100.8",0.073,522,0,1753,871,"-8e+01 -8e+01 -8e+01","0.863 0.145 0.298","0.073 0.048 0.023",33,31,5.48,0.18,0,0,3,0
27.200,6,0.939,0.818,0.086,3,0,-78.352,"-76.6 -81.2 -77.3","1.000 1.000 0.818",-93.966,-100.839,"-100.8 -100.8 -100.8 -100.8 -100.8 -100.8 -100.8 -100.8",0.073,524,0,1757,873,"-8e+01 -8e+01 -8e+01","0.859 0.145 0.302","0.073 0.048 0.023",34,32,6.56,0.18,0,0,3,0
27.300,6,0.939,0.818,0.086,3,0,-78.352,"-76.6 -81.2 -77.3","1.000 1.000 0.818",-93.966,-100.839,"-100.8 -100.8 -100.8 -100.8 -100.8 -100.8 -100.8 -100.8",0.073,526,0,1764,875,"-8e+01 -8e+01 -8e+01","0.859 0.145 0.306","0.073 0.048 0.023",42,40,1.78,0.14,0,0,3,0
27.400,6,0.939,0.818,0.086,3,0,-78.473,"-76.6 -81.5 -77.3","1.000 1.000 0.818",-93.966,-100.840,"-100.8 -100.8 -100.8 -100.8 -100.8 -100.8 -100.8 -100.8",0.073,528,0,1767,877,"-8e+01 -8e+01 -8e+01","0.859 0.145 0.306","0.073 0.048 0.023",24,22,5.47,0.25,0,0,3,0
27.500,6,0.939,0.818,0.086,3,0,-78.473,"-76.6 -81.5 -77.3","1.000 1.000 0.818",-93.966,-100.840,"-100.8 -100.8 -100.8 -100.8 -100.8 -100.8 -100.8 -100.8",0.073,530,0,1772,879,"-8e+01 -8e+01 -8e+01","0.859 0.145 0.306","0.073 0.048 0.023",20,18,6.62,0.30,0,0,3,0
27.600,6,0.970,0.909,0.043,3,0,-78.352,"-76.6 -81.2 -77.3","1.000 1.000 0.909",-93.966,-100.840,"-100.8 -100.8 -100.8 -100.8 -100.8 -100.8 -100.8 -100.8",0.072,532,0,1776,881,"-8e+01 -8e+01 -8e+01","0.859 0.145 0.306","0.072 0.048 0.023",38,36,1.10,0.16,0,0,3,0
27.700,6,0.970,0.909,0.043,3,0,-78.233,"-76.3 -81.2 -77.3","1.000 1.000 0.909",-93.966,-100.840,"-100.8 -100.8 -100.8 -100.8 -100.8 -100.8 -100.8 -100.8",0.073,534,0,1782,883,"-8e+01 -8e+01 -8e+01","0.855 0.145 0.306","0.073 0.048 0.023",40,38,6.36,0.15,0,0,3,0
27.800,6,0.970,0.909,0.043,3,0,-78.473,"-76.6 -81.5 -77.3","1.000 1.000 0.909",-93.966,-100.841,"-100.8 -100.8 -100.8 -100.8 -100.8 -100.8 -100.8 -100.8",0.073,536,0,1785,885,"-8e+01 -8e+01 -8e+01","0.855 0.153 0.31","0.073 0.048 0.023",23,21,8.73,0.26,0,0,3,0
27.900,6,0.970,0.909,0.043,3,0,-78.353,"-76.3 -81.5 -77.3","1.000 1.000 0.909",-93.966,-100.841,"-100.8 -100.8 -100.8 -100.8 -100.8 -100.8 -100.8 -100.8",0.073,538,0,1791,888,"-8e+01 -8e+01 -8e+01","0.855 0.157 0.314","0.073 0.048 0.023",33,31,2.46,0.18,0,0,3,0
28.000,6,1.000,1.000,0.000,3,0,-78.352,"-76.6 -81.2 -77.3","1.000 1.000 1.000",-93.966,-100.841,"-100.8 -100.8 -100.8 -100.8 -100.8 -100.8 -100.8 -100.8",0.073,540,0,1797,890,"-8e+01 -8e+01 -8e+01","0.851 0.157 0.318","0.073 0.048 0.023",61,59,2.04,0.10,1,0,2,0
28.100,6,1.000,1.000,0.000,3,0,-78.353,"-76.3 -81.5 -77.3","1.000 1.000 1.000",-93.966,-100.841,"-100.8 -100.8 -100.8 -100.8 -100.8 -100.8 -100.8 -100.8",0.073,542,0,1802,893,"-8e+01 -8e+01 -8e+01","0.855 0.161 0.318","0.073 0.048 0.023",19,17,11.95,0.32,0,0,3,0
28.200,6,1.000,1.000,0.000,3,0,-78.473,"-76.6 -81.5 -77.3","1.000 1.000 1.000",-93.966,-100.841,"-100.8 -100.8 -100.8 -100.8 -100.8 -100.8 -100.8 -100.8",0.073,544,0,1806,896,"-8e+01 -8e+01 -8e+01","0.855 0.161 0.318","0.073 0.048 0.023",29,27,7.29,0.21,0,0,3,0
28.300,6,1.000,1.000,0.000,3,0,-78.353,"-76.3 -81.5 -77.3","1.000 1.000 1.000",-93.966,-100.842,"-100.8 -100.8 -100.8 -100.8 -100.8 -100.8 -100.8 -100.8",0.073,546,0,1812,900,"-8e+01 -8e+01 -8e+01","0.855 0.161 0.318","0.073 0.048 0.023",24,22,8.82,0.25,0,0,3,0
28.400,6,1.000,1.000,0.000,3,0,-78.352,"-76.6 -81.2 -77.3","1.000 1.000 1.000",-93.966,-100.842,"-100.8 -100.8 -100.8 -100.8 -100.8 -100.8 -100.8 -100.8",0.073,548,0,1816,902,"-8e+01 -8e+01 -8e+01","0.855 0.161 0.318","0.073 0.048 0.023",34,32,8.67,0.18,0,0,3,0
28.500,6,1.000,1.000,0.000,3,0,-78.353,"-76.3 -81.5 -77.3","1.000 1.000 1.000",-93.966,-100.842,"-100.8 -100.8 -100.8 -100.8 -100.8 -100.8 -100.8 -100.8",0.072,550,0,1823,904,"-8e+01 -8e+01 -8e+01","0.843 0.161 0.314","0.072 0.048 0.023",20,18,2.60,0.30,1,0,2,0
28.600,6,1.000,1.000,0.000,3,0,-78.352,"-76.6 -81.2 -77.3","1.000 1.000 1.000",-93.966,-100.842,"-100.8 -100.8 -100.8 -100.8 -100.8 -100.8 -100.8 -100.8",0.073,552,0,1829,906,"-8e+01 -8e+01 -8e+01","0.843 0.161 0.314","0.073 0.048 0.023",47,46,6.49,0.06,0,0,3,0
28.700,6,1.000,1.000,0.000,3,0,-78.233,"-76.3 -81.2 -77.3","1.000 1.000 1.000",-93.966,-100.842,"-100.8 -100.8 -100.8 -100.8 -100.8 -100.8 -100.8 -100.8",0.073,554,0,1835,908,"-8e+01 -8e+01 -8e+01","0.843 0.161 0.318","0.073 0.048 0.023",32,30,7.10,0.19,0,0,3,0
28.800,6,1.000,1.000,0.000,3,0,-78.473,"-76.6 -81.5 -77.3","1.000 1.000 1.000",-93.966,-100.843,"-100.8 -100.8 -100.8 -100.8 -100.8 -100.8 -100.8 -100.8",0.073,556,0,1839,910,"-8e+01 -8e+01 -8e+01","0.843 0.169 0.325","0.073 0.046 0.023",31,29,8.72,0.19,1,0,2,0
28.900,6,0.970,0.909,0.043,3,0,-78.353,"-76.3 -81.5 -77.3","0.909 1.000 1.000",-93.966,-100.843,"-100.8 -100.8 -100.8 -100.8 -100.8 -100.8 -100.8 -100.8",0.173,558,0,1845,913,"-8e+01 -8e+01 -8e+01","0.843 0.169 0.325","0.17 0.048 0.023",38,36,2.15,0.16,0,0,2,0
29.000,6,0.970,0.909,0.043,3,0,-78.352,"-76.6 -81.2 -77.3","0.909 1.000 1.000",-93.966,-100.843,"-100.8 -100.8 -100.8 -100.8 -100.8 -100.8 -100.8 -100.8",0.073,560,0,1850,915,"-8e+01 -8e+01 -8e+01","0.843 0.169 0.325","0.073 0.048 0.023",55,53,4.01,0.11,1,1,3,0
29.100,6,0.970,0.909,0.043,3,0,-78.353,"-76.3 -81.5 -77.3","0.909 1.000 1.000",-93.966,-100.843,"-100.8 -100.8 -100.8 -100.8 -100.8 -100.8 -100.8 -100.8",0.073,562,0,1855,917,"-8e+01 -8e+01 -8e+01","0.839 0.173 0.325","0.073 0.048 0.023",26,24,5.15,0.23,0,0,3,0
29.200,6,0.970,0.909,0.043,3,0,-78.473,"-76.6 -81.5 -77.3","0.909 1.000 1.000",-93.966,-100.843,"-100.8 -100.8 -100.8 -100.8 -100.8 -100.8 -100.8 -100.8",0.073,564,0,1858,919,"-8e+01 -8e+01 -8e+01","0.839 0.173 0.325","0.073 0.048 0.023",17,15,1.78,0.35,0,0,3,0
29.300,6,0.970,0.909,0.043,3,0,-78.233,"-76.3 -81.2 -77.3","0.909 1.000 1.000",-93.966,-100.843,"-100.8 -100.8 -100.8 -100.8 -100.8 -100.8 -100.8 -100.8",0.073,566,0,1865,921,"-8e+01 -8e+01 -8e+01","0.839 0.173 0.325","0.073 0.048 0.023",55,53,3.79,0.11,1,0,2,0
29.400,6,0.970,0.909,0.043,3,0,-78.352,"-76.6 -81.2 -77.3","0.909 1.000 1.000",-93.966,-100.843,"-100.8 -100.8 -100.8 -100.8 -100.8 -100.8 -100.8 -100.8",0.073,568,0,1870,923,"-8e+01 -8e+01 -8e+01","0.835 0.173 0.329","0.073 0.045 0.023",42,40,1.59,0.14,1,0,2,0
29.500,6,0.970,0.909,0.043,3,0,-78.233,"-76.3 -81.2 -77.3","0.909 1.000 1.000",-93.966,-100.843,"-100.8 -100.8 -100.8 -100.8 -100.8 -100.8 -100.8 -100.8",0.073,570,0,1878,925,"-8e+01 -8e+01 -8e+01","0.835 0.176 0.333","0.073 0.048 0.022",62,60,7.29,0.10,0,0,3,0
29.600,6,0.970,0.909,0.043,3,0,-78.473,"-76.6 -81.5 -77.3","0.909 1.000 1.000",-93.966,-100.844,"-100.8 -100.8 -100.8 -100.8 -100.8 -100.8 -100.8 -100.8",0.072,572,0,1882,927,"-8e+01 -8e+01 -8e+01","0.835 0.18 0.333","0.072 0.048 0.023",31,29,1.98,0.19,0,0,3,0
29.700,6,0.939,0.818,0.086,3,0,-78.233,"-76.3 -81.2 -77.3","0.818 1.000 1.000",-93.966,-100.844,"-100.8 -100.8 -100.8 -100.8 -100.8 -100.8 -100.8 -100.8",0.172,574,0,1887,930,"-8e+01 -8e+01 -8e+01","0.835 0.18 0.333","0.17 0.048 0.023",38,36,0.97,0.16,0,0,2,0
29.800,6,0.939,0.818,0.086,3,0,-78.352,"-76.6 -81.2 -77.3","0.818 1.000 1.000",-93.966,-100.844,"-100.8 -100.8 -100.8 -100.8 -100.8 -100.8 -100.8 -100.8",0.073,576,0,1893,932,"-8e+01 -8e+01 -8e+01","0.835 0.18 0.337","0.073 0.048 0.023",57,55,6.45,0.11,2,1,2,0
29.900,6,0.939,0.818,0.086,3,0,-78.233,"-76.3 -81.2 -77.3","0.818 1.000 1.000",-93.966,-100.844,"-100.8 -100.8 -100.8 -100.8 -100.8 -100.8 -100.8 -100.8",0.073,578,0,1901,934,"-8e+01 -8e+01 -8e+01","0.835 0.192 0.341","0.073 0.048 0.023",44,42,4.66,0.14,1,0,2,0
30.000,6,0.939,0.909,0.043,3,0,-78.352,"-76.6 -81.2 -77.3","0.909 1.000 0.909",-93.966,-100.844,"-100.8 -100.8 -100.8 -100.8 -100.8 -100.8 -100.8 -100.8",0.123,580,0,1905,937,"-8e+01 -8e+01 -8e+01","0.835 0.192 0.341","0.073 0.048 0.12",49,47,4.69,0.12,0,0,2,0
30.100,6,0.939,0.909,0.043,3,0,-78.353,"-76.3 -81.5 -77.3","0.909 1.000 0.909",-93.966,-100.845,"-100.8 -100.8 -100.8 -100.8 -100.8 -100.8 -100.8 -100.8",0.072,582,0,1911,939,"-8e+01 -8e+01 -8e+01","0.835 0.196 0.345","0.072 0.048 0.023",26,24,1.07,0.23,2,1,2,0
30.200,6,0.939,0.909,0.043,3,0,-78.473,"-76.6 -81.5 -77.3","0.909 1.000 0.909",-93.966,-100.845,"-100.8 -100.8 -100.8 -100.8 -100.8 -100.8 -100.8 -100.8",0.073,584,0,1915,942,"-8e+01 -8e+01 -8e+01","0.835 0.196 0.345","0.073 0.048 0.023",21,19,11.81,0.29,0,0,3,0
30.300,6,0.909,0.818,0.074,3,0,-78.233,"-76.3 -81.2 -77.3","0.818 1.000 0.909",-93.966,-100.845,"-100.8 -100.8 -100.8 -100.8 -100.8 -100.8 -100.8 -100.8",0.173,586,0,1922,945,"-8e+01 -8e+01 -8e+01","0.835 0.196 0.345","0.17 0.047 0.022",50,48,2.34,0.12,1,0,1,0
30.400,6,0.909,0.818,0.074,3,0,-78.352,"-76.6 -81.2 -77.3","0.818 1.000 0.909",-93.966,-100.845,"-100.8 -100.8 -100.8 -100.8 -100.8 -100.8 -100.8 -100.8",0.073,588,0,1926,948,"-8e+01 -8e+01 -8e+01","0.831 0.196 0.345","0.073 0.048 0.023",25,23,10.44,0.24,1,1,3,0
30.500,6,0.909,0.818,0.074,3,0,-78.233,"-76.3 -81.2 -77.3","0.818 1.000 0.909",-93.966,-100.846,"-100.8 -100.8 -100.8 -100.8 -100.8 -100.8 -100.8 -100.8",0.073,590,0,1933,951,"-8e+01 -8e+01 -8e+01","0.831 0.196 0.353","0.073 0.048 0.023",28,26,3.28,0.21,0,0,3,0
30.600,6,0.879,0.818,0.043,3,0,-78.113,"-76.3 -81.2 -76.9","0.818 0.909 0.909",-93.966,-100.846,"-100.8 -100.8 -100.8 -100.8 -100.8 -100.8 -100.8 -100.8",0.148,592,0,1944,954,"-8e+01 -8e+01 -8e+01","0.831 0.196 0.353","0.073 0.15 0.022",59,57,6.11,0.10,0,0,2,0
30.700,6,0.879,0.818,0.043,3,0,-78.352,"-76.6 -81.5 -76.9","0.818 0.909 0.909",-93.966,-100.846,"-100.8 -100.8 -100.8 -100.8 -100.8 -100.8 -100.8 -100.8",0.073,594,0,1950,956,"-8e+01 -8e+01 -8e+01","0.831 0.2 0.353","0.073 0.047 0.023",51,51,0.88,0.00,1,1,3,0
30.800,6,0.909,0.909,0.000,3,0,-78.473,"-76.6 -81.5 -77.3","0.909 0.909 0.909",-93.966,-100.846,"-100.8 -100.8 -100.8 -100.8 -100.8 -100.8 -100.8 -100.8",0.073,596,0,1958,958,"-8e+01 -8e+01 -8e+01","0.831 0.2 0.357","0.073 0.045 0.023",38,36,6.55,0.16,1,0,2,0
30.900,6,0.909,0.909,0.000,3,0,-78.352,"-76.6 -81.5 -76.9","0.909 0.909 0.909",-93.966,-100.847,"-100.8 -100.8 -100.8 -100.8 -100.8 -100.8 -100.8 -100.8",0.073,598,0,1962,960,"-8e+01 -8e+01 -8e+01","0.831 0.204 0.357","0.073 0.048 0.023",38,36,2.31,0.16,0,0,3,0
31.000,6,0.909,0.909,0.000,3,0,-78.473,"-76.6 -81.5 -77.3","0.909 0.909 0.909",-93.966,-100.847,"-100.8 -100.8 -100.8 -100.8 -100.8 -100.8 -100.8 -100.8",0.072,600,0,1967,962,"-8e+01 -8e+01 -8e+01","0.831 0.204 0.361","0.072 0.048 0.023",30,28,1.58,0.20,0,0,3,0
31.100,6,0.939,0.909,0.043,3,0,-78.353,"-76.6 -81.5 -76.9","0.909 0.909 1.000",-93.966,-100.847,"-100.8 -100.8 -100.8 -100.8 -100.8 -100.8 -100.8 -100.8",0.073,602,0,1977,975,"-8e+01 -8e+01 -8e+01","0.831 0.204 0.361","0.073 0.047 0.023",37,36,7.25,0.08,0,0,3,0
31.200,6,0.939,0.909,0.043,3,0,-78.473,"-76.6 -81.5 -77.3","0.909 0.909 1.000",-93.966,-100.848,"-100.8 -100.8 -100.8 -100.8 -100.8 -100.8 -100.8 -100.8",0.073,604,0,1984,977,"-8e+01 -8e+01 -8e+01","0.827 0.204 0.361","0.073 0.048 0.023",38,38,9.21,0.00,0,0,3,0
31.300,6,0.909,0.818,0.074,3,0,-78.473,"-76.6 -81.5 -77.3","0.818 0.909 1.000",-93.966,-100.848,"-100.8 -100.8 -100.8 -100.8 -100.8 -100.8 -100.8 -100.8",0.173,606,0,1989,980,"-8e+01 -8e+01 -8e+01","0.827 0.204 0.361","0.17 0.048 0.023",34,32,1.93,0.18,0,0,2,0
31.400,6,0.939,0.909,0.043,3,0,-78.473,"-76.6 -81.5 -77.3","0.909 0.909 1.000",-93.966,-100.848,"-100.8 -100.8 -100.8 -100.8 -100.8 -100.8 -100.8 -100.8",0.073,608,0,1994,982,"-8e+01 -8e+01 -8e+01","0.827 0.204 0.361","0.073 0.048 0.023",22,20,3.55,0.27,1,1,3,0
31.500,6,0.939,0.909,0.043,3,0,-78.473,"-76.6 -81.5 -77.3","0.909 0.909 1.000",-93.966,-100.849,"-100.8 -100.8 -100.8 -100.8 -100.8 -100.8 -100.8 -100.8",0.073,610,0,2000,984,"-8e+01 -8e+01 -8e+01","0.827 0.2 0.353","0.073 0.048 0.023",52,50,2.02,0.12,2,0,1,0
31.600,6,0.939,0.909,0.043,3,0,-78.473,"-76.6 -81.5 -77.3","0.909 0.909 1.000",-93.966,-100.849,"-100.8 -100.8 -100.8 -100.8 -100.8 -100.8 -100.8 -100.8",0.073,612,0,2010,987,"-8e+01 -8e+01 -8e+01","0.82 0.2 0.357","0.073 0.048 0.022",33,32,9.89,0.09,0,0,3,0
31.700,6,0.939,0.818,0.086,3,0,-78.473,"-76.6 -81.5 -77.3","0.818 1.000 1.000",-93.966,-100.849,"-100.8 -100.8 -100.8 -100.8 -100.8 -100.8 -100.8 -100.8",0.173,614,0,2016,990,"-8e+01 -8e+01 -8e+01","0.82 0.204 0.357","0.17 0.048 0.022",58,58,1.45,0.00,0,0,2,0
31.800,6,0.909,0.818,0.074,3,0,-78.352,"-76.6 -81.5 -76.9","0.818 0.909 1.000",-93.966,-100.849,"-100.8 -100.8 -100.8 -100.8 -100.8 -100.8 -100.8 -100.8",0.148,616,0,2022,993,"-8e+01 -8e+01 -8e+01","0.82 0.204 0.357","0.073 0.15 0.023",40,38,7.57,0.15,1,1,2,0
31.900,6,0.909,0.818,0.074,3,0,-78.352,"-76.6 -81.5 -76.9","0.818 0.909 1.000",-93.966,-100.849,"-100.8 -100.8 -100.8 -100.8 -100.8 -100.8 -100.8 -100.8",0.073,618,0,2027,995,"-8e+01 -8e+01 -8e+01","0.82 0.208 0.357","0.073 0.048 0.023",27,25,4.90,0.22,1,1,3,0
32.000,6,0.879,0.818,0.043,3,0,-78.233,"-76.3 -81.5 -76.9","0.818 0.909 0.909",-93.966,-100.850,"-100.8 -100.8 -100.8 -100.8 -100.8 -100.8 -100.8 -100.8",0.123,620,0,2032,998,"-8e+01 -8e+01 -8e+01","0.82 0.208 0.357","0.073 0.048 0.12",22,20,4.83,0.27,0,0,2,0
32.100,6,0.879,0.818,0.043,3,0,-78.473,"-76.6 -81.5 -77.3","0.818 0.909 0.909",-93.966,-100.850,"-100.8 -100.8 -100.8 -100.8 -100.8 -100.9 -100.8 -100.8",0.072,622,0,2039,1002,"-8e+01 -8e+01 -8e+01","0.816 0.208 0.361","0.072 0.047 0.023",32,31,5.24,0.09,2,1,2,0
32.200,6,0.833,0.800,0.047,3,0,-78.233,"-76.3 -81.5 -76.9","0.800 0.900 0.800",-93.966,-100.850,"-100.8 -100.8 -100.8 -100.8 -100.8 -100.9 -100.8 -100.8",0.123,624,0,2046,1006,"-8e+01 -8e+01 -8e+01","0.816 0.208 0.361","0.073 0.048 0.12",44,44,4.14,0.00,0,0,2,0
32.300,6,0.848,0.818,0.043,3,0,-78.473,"-76.6 -81.5 -77.3","0.818 0.909 0.818",-93.966,-100.851,"-100.8 -100.8 -100.8 -100.8 -100.8 -100.9 -100.8 -100.8",0.073,626,0,2050,1008,"-8e+01 -8e+01 -8e+01","0.816 0.212 0.365","0.073 0.047 0.023",33,31,6.50,0.18,1,1,3,0
32.400,6,0.879,0.818,0.043,3,0,-78.233,"-76.3 -81.5 -76.9","0.909 0.909 0.818",-93.966,-100.851,"-100.8 -100.8 -100.8 -100.8 -100.8 -100.9 -100.8 -100.8",0.073,628,0,2059,1010,"-8e+01 -8e+01 -8e+01","0.816 0.212 0.369","0.073 0.048 0.023",38,36,1.41,0.16,1,0,2,0
32.500,6,0.879,0.818,0.043,3,0,-78.473,"-76.6 -81.5 -77.3","0.909 0.909 0.818",-93.966,-100.851,"-100.8 -100.8 -100.8 -100.8 -100.8 -100.9 -100.8 -100.8",0.073,630,0,2062,1012,"-8e+01 -8e+01 -8e+01","0.816 0.212 0.369","0.073 0.048 0.023",20,18,1.69,0.30,0,0,3,0
32.600,6,0.879,0.818,0.043,3,0,-78.353,"-76.3 -81.5 -77.3","0.909 0.909 0.818",-93.966,-100.851,"-100.8 -100.8 -100.8 -100.8 -100.8 -100.9 -100.8 -100.8",0.073,632,0,2068,1014,"-8e+01 -8e+01 -8e+01","0.816 0.212 0.369","0.073 0.048 0.023",22,21,10.23,0.14,0,0,3,0
32.700,6,0.900,0.800,0.082,3,0,-78.473,"-76.6 -81.5 -77.3","1.000 0.900 0.800",-93.966,-100.851,"-100.8 -100.8 -100.8 -100.8 -100.8 -100.9 -100.8 -100.8",0.072,634,0,2080,1031,"-8e+01 -8e+01 -8e+01","0.816 0.212 0.369","0.072 0.048 0.023",33,33,4.60,0.00,1,0,2,0
32.800,6,0.909,0.818,0.074,3,0,-78.353,"-76.3 -81.5 -77.3","1.000 0.909 0.818",-93.966,-100.852,"-100.8 -100.8 -100.8 -100.8 -100.8 -100.9 -100.8 -100.8",0.073,636,0,2085,1033,"-8e+01 -8e+01 -8e+01","0.816 0.212 0.369","0.073 0.048 0.023",31,29,9.99,0.19,0,0,3,0
32.900,6,0.939,0.818,0.086,3,0,-78.473,"-76.6 -81.5 -77.3","1.000 1.000 0.818",-93.966,-100.852,"-100.8 -100.8 -100.8 -100.8 -100.8 -100.9 -100.8 -100.8",0.073,638,0,2088,1035,"-8e+01 -8e+01 -8e+01","0.816 0.212 0.365","0.073 0.048 0.022",6,5,2.88,0.50,1,0,2,0
33.000,6,0.939,0.818,0.086,3,0,-78.353,"-76.3 -81.5 -77.3","1.000 1.000 0.818",-93.966,-100.852,"-100.8 -100.8 -100.8 -100.8 -100.8 -100.9 -100.8 -100.8",0.073,640,0,2093,1037,"-8e+01 -8e+01 -8e+01","0.808 0.216 0.376","0.073 0.048 0.023",2,2,2.94,0.00,1,0,2,0
33.100,6,0.970,0.909,0.043,3,0,-78.473,"-76.6 -81.5 -77.3","1.000 1.000 0.909",-93.966,-100.852,"-100.8 -100.8 -100.8 -100.8 -100.8 -100.9 -100.8 -100.8",0.073,642,0,2096,1039,"-8e+01 -8e+01 -8e+01","0.808 0.216 0.376","0.073 0.048 0.023",1,1,0.00,0.00,0,0,3,0
33.200,6,0.970,0.909,0.043,3,0,-78.353,"-76.3 -81.5 -77.3","1.000 1.000 0.909",-93.966,-100.851,"-100.8 -100.8 -100.8 -100.8 -100.8 -100.9 -100.8 -100.8",0.073,644,0,2101,1041,"-8e+01 -8e+01 -8e+01","0.812 0.216 0.376","0.073 0.048 0.023",1,1,0.01,0.00,0,0,3,0
33.300,6,1.000,1.000,0.000,3,0,-78.473,"-76.6 -81.5 -77.3","1.000 1.000 1.000",-93.966,-100.851,"-100.8 -100.8 -100.8 -100.8 -100.8 -100.9 -100.8 -100.8",0.073,646,0,2104,1043,"-8e+01 -8e+01 -8e+01","0.812 0.216 0.376","0.073 0.048 0.023",1,1,0.01,0.00,0,0,3,0
33.400,6,1.000,1.000,0.000,3,0,-78.353,"-76.3 -81.5 -77.3","1.000 1.000 1.000",-93.966,-100.851,"-100.8 -100.8 -100.8 -100.8 -100.8 -100.9 -100.8 -100.8",0.073,648,0,2109,1045,"-8e+01 -8e+01 -8e+01","0.812 0.216 0.376","0.073 0.048 0.023",1,1,0.01,0.00,0,0,3,0
33.500,6,1.000,1.000,0.000,3,0,-78.473,"-76.6 -81.5 -77.3","1.000 1.000 1.000",-93.966,-100.851,"-100.8 -100.8 -100.8 -100.8 -100.8 -100.9 -100.8 -100.8",0.073,650,0,2112,1047,"-8e+01 -8e+01 -8e+01","0.812 0.216 0.376","0.073 0.048 0.023",1,1,0.02,0.00,0,0,3,0
33.600,6,1.000,1.000,0.000,3,0,-78.353,"-76.3 -81.5 -77.3","1.000 1.000 1.000",-93.966,-100.851,"-100.8 -100.8 -100.8 -100.8 -100.8 -100.9 -100.8 -100.8",0.073,652,0,2117,1049,"-8e+01 -8e+01 -8e+01","0.812 0.216 0.376","0.073 0.048 0.023",1,1,0.00,0.00,0,0,3,0
33.700,6,1.000,1.000,0.000,3,0,-78.473,"-76.6 -81.5 -77.3","1.000 1.000 1.000",-93.966,-100.851,"-100.8 -100.8 -100.8 -100.8 -100.8 -100.9 -100.8 -100.8",0.073,654,0,2120,1051,"-8e+01 -8e+01 -8e+01","0.812 0.216 0.376","0.073 0.048 0.023",1,1,0.01,0.00,0,0,3,0
33.800,6,1.000,1.000,0.000,3,0,-78.353,"-76.3 -81.5 -77.3","1.000 1.000 1.000",-93.966,-100.851,"-100.8 -100.8 -100.8 -100.8 -100.8 -100.9 -100.8 -100.8",0.073,656,0,2125,1053,"-8e+01 -8e+01 -8e+01","0.816 0.216 0.376","0.073 0.048 0.023",1,1,0.01,0.00,0,0,3,0
33.900,6,1.000,1.000,0.000,3,0,-78.473,"-76.6 -81.5 -77.3","1.000 1.000 1.000",-93.966,-100.851,"-100.8 -100.8 -100.8 -100.8 -100.8 -100.9 -100.8 -100.8",0.073,658,0,2128,1055,"-8e+01 -8e+01 -8e+01","0.816 0.216 0.376","0.073 0.048 0.023",1,1,0.01,0.00,0,0,3,0
34.000,6,1.000,1.000,0.000,3,0,-78.353,"-76.3 -81.5 -77.3","1.000 1.000 1.000",-93.966,-100.851,"-100.8 -100.8 -100.8 -100.8 -100.8 -100.9 -100.8 -100.8",0.073,660,0,2133,1057,"-8e+01 -8e+01 -8e+01","0.816 0.216 0.376","0.073 0.048 0.023",1,1,0.02,0.00,0,0,3,0
34.100,6,1.000,1.000,0.000,3,0,-78.473,"-76.6 -81.5 -77.3","1.000 1.000 1.000",-93.966,-100.851,"-100.8 -100.8 -100.8 -100.8 -100.8 -100.9 -100.8 -100.8",0.073,662,0,2136,1059,"-8e+01 -8e+01 -8e+01","0.816 0.216 0.376","0.073 0.048 0.023",1,1,0.00,0.00,0,0,3,0
34.200,6,1.000,1.000,0.000,3,0,-78.353,"-76.3 -81.5 -77.3","1.000 1.000 1.000",-93.966,-100.852,"-100.8 -100.8 -100.8 -100.8 -100.8 -100.9 -100.8 -100.8",0.073,664,0,2142,1062,"-8e+01 -8e+01 -8e+01","0.816 0.216 0.376","0.073 0.048 0.023",2,2,4.47,0.00,0,0,3,0
34.300,6,1.000,1.000,0.000,3,0,-78.473,"-76.6 -81.5 -77.3","1.000 1.000 1.000",-93.966,-100.852,"-100.8 -100.8 -100.8 -100.8 -100.8 -100.9 -100.8 -100.8",0.073,666,0,2145,1064,"-8e+01 -8e+01 -8e+01","0.816 0.216 0.376","0.073 0.048 0.023",1,1,0.01,0.00,0,0,3,0
34.400,6,1.000,1.000,0.000,3,0,-78.353,"-76.3 -81.5 -77.3","1.000 1.000 1.000",-93.966,-100.851,"-100.8 -100.8 -100.8 -100.8 -100.8 -100.9 -100.8 -100.8",0.073,668,0,2150,1066,"-8e+01 -8e+01 -8e+01","0.816 0.216 0.376","0.073 0.048 0.023",1,1,0.01,0.00,0,0,3,0
34.500,6,1.000,1.000,0.000,3,0,-78.473,"-76.6 -81.5 -77.3","1.000 1.000 1.000",-93.966,-100.851,"-100.8 -100.8 -100.8 -100.8 -100.8 -100.9 -100.8 -100.8",0.073,670,0,2155,1069,"-8e+01 -8e+01 -8e+01","0.816 0.216 0.376","0.073 0.048 0.023",1,1,0.02,0.00,0,0,3,0
34.600,6,1.000,1.000,0.000,3,0,-78.353,"-76.3 -81.5 -77.3","1.000 1.000 1.000",-93.966,-100.851,"-100.8 -100.8 -100.8 -100.8 -100.8 -100.9 -100.8 -100.8",0.073,672,0,2160,1071,"-8e+01 -8e+01 -8e+01","0.82 0.216 0.376","0.073 0.048 0.023",1,1,0.00,0.00,0,0,3,0
34.700,6,1.000,1.000,0.000,3,0,-78.473,"-76.6 -81.5 -77.3","1.000 1.000 1.000",-93.966,-100.851,"-100.8 -100.8 -100.8 -100.8 -100.8 -100.9 -100.8 -100.8",0.073,674,0,2163,1073,"-8e+01 -8e+01 -8e+01","0.82 0.216 0.376","0.073 0.048 0.023",1,1,0.01,0.00,0,0,3,0
34.800,6,1.000,1.000,0.000,3,0,-78.353,"-76.3 -81.5 -77.3","1.000 1.000 1.000",-93.966,-100.851,"-100.8 -100.8 -100.8 -100.8 -100.8 -100.9 -100.8 -100.8",0.073,676,0,2168,1075,"-8e+01 -8e+01 -8e+01","0.82 0.216 0.376","0.073 0.048 0.023",1,1,0.01,0.00,0,0,3,0
34.900,6,1.000,1.000,0.000,3,0,-78.473,"-76.6 -81.5 -77.3","1.000 1.000 1.000",-93.966,-100.851,"-100.8 -100.8 -100.8 -100.8 -100.8 -100.9 -100.8 -100.8",0.073,678,0,2171,1077,"-8e+01 -8e+01 -8e+01","0.82 0.216 0.376","0.073 0.048 0.023",1,1,0.01,0.00,0,0,3,0
35.000,6,1.000,1.000,0.000,3,0,-78.353,"-76.3 -81.5 -77.3","1.000 1.000 1.000",-93.966,-100.851,"-100.8 -100.8 -100.8 -100.8 -100.8 -100.9 -100.8 -100.8",0.073,680,0,2176,1079,"-8e+01 -8e+01 -8e+01","0.82 0.216 0.376","0.073 0.048 0.023",1,1,0.02,0.00,0,0,3,0
35.100,6,1.000,1.000,0.000,3,0,-78.473,"-76.6 -81.5 -77.3","1.000 1.000 1.000",-93.966,-100.851,"-100.8 -100.8 -100.8 -100.8 -100.8 -100.9 -100.8 -100.8",0.073,682,0,2179,1081,"-8e+01 -8e+01 -8e+01","0.82 0.216 0.376","0.073 0.048 0.023",1,1,0.00,0.00,0,0,3,0
35.200,6,1.000,1.000,0.000,3,0,-78.473,"-76.6 -81.5 -77.3","1.000 1.000 1.000",-93.966,-100.851,"-100.8 -100.8 -100.8 -100.8 -100.8 -100.9 -100.8 -100.8",0.073,684,0,2182,1084,"-8e+01 -8e+01 -8e+01","0.82 0.216 0.376","0.073 0.048 0.023",1,1,0.01,0.00,0,0,3,0
35.300,6,1.000,1.000,0.000,3,0,-78.473,"-76.6 -81.5 -77.3","1.000 1.000 1.000",-93.966,-100.851,"-100.8 -100.8 -100.8 -100.8 -100.8 -100.9 -100.8 -100.8",0.073,686,0,2187,1086,"-8e+01 -8e+01 -8e+01","0.824 0.216 0.376","0.073 0.048 0.023",1,1,0.01,0.00,0,0,3,0
35.400,6,1.000,1.000,0.000,3,0,-78.473,"-76.6 -81.5 -77.3","1.000 1.000 1.000",-93.966,-100.851,"-100.8 -100.8 -100.8 -100.8 -100.8 -100.9 -100.8 -100.8",0.073,688,0,2192,1089,"-8e+01 -8e+01 -8e+01","0.824 0.216 0.376","0.073 0.048 0.023",1,1,0.02,0.00,0,0,3,0
35.500,6,1.000,1.000,0.000,3,0,-78.473,"-76.6 -81.5 -77.3","1.000 1.000 1.000",-93.966,-100.851,"-100.8 -100.8 -100.8 -100.8 -100.8 -100.9 -100.8 -100.8",0.073,690,0,2198,1092,"-8e+01 -8e+01 -8e+01","0.824 0.216 0.376","0.073 0.048 0.023",1,1,0.00,0.00,0,0,3,0
35.600,6,1.000,1.000,0.000,3,0,-78.473,"-76.6 -81.5 -77.3","1.000 1.000 1.000",-93.966,-100.851,"-100.8 -100.8 -100.8 -100.8 -100.8 -100.9 -100.8 -100.8",0.073,692,0,2201,1094,"-8e+01 -8e+01 -8e+01","0.824 0.216 0.376","0.073 0.048 0.023",1,1,0.01,0.00,0,0,3,0
35.700,6,1.000,1.000,0.000,3,0,-78.473,"-76.6 -81.5 -77.3","1.000 1.000 1.000",-93.966,-100.851,"-100.8 -100.8 -100.8 -100.8 -100.8 -100.9 -100.8 -100.8",0.073,694,0,2206,1098,"-8e+01 -8e+01 -8e+01","0.824 0.216 0.376","0.073 0.048 0.023",1,1,0.01,0.00,0,0,3,0
35.800,6,1.000,1.000,0.000,3,0,-78.473,"-76.6 -81.5 -77.3","1.000 1.000 1.000",-93.966,-100.851,"-100.8 -100.8 -100.8 -100.8 -100.8 -100.9 -100.8 -100.8",0.073,696,0,2210,1100,"-8e+01 -8e+01 -8e+01","0.824 0.216 0.376","0.073 0.048 0.023",1,1,0.02,0.00,0,0,3,0
35.900,6,1.000,1.000,0.000,3,0,-78.473,"-76.6 -81.5 -77.3","1.000 1.000 1.000",-93.966,-100.851,"-100.8 -100.8 -100.8 -100.8 -100.8 -100.9 -100.8 -100.8",0.073,698,0,2215,1102,"-8e+01 -8e+01 -8e+01","0.824 0.216 0.376","0.073 0.048 0.023",1,1,0.00,0.00,0,0,3,0
36.000,6,1.000,1.000,0.000,3,0,-78.473,"-76.6 -81.5 -77.3","1.000 1.000 1.000",-93.966,-100.851,"-100.8 -100.8 -100.8 -100.8 -100.8 -100.9 -100.8 -100.8",0.073,700,0,2219,1104,"-8e+01 -8e+01 -8e+01","0.824 0.216 0.376","0.073 0.048 0.023",1,1,0.01,0.00,0,0,3,0
36.100,6,1.000,1.000,0.000,3,0,-78.473,"-76.6 -81.5 -77.3","1.000 1.000 1.000",-93.966,-100.851,"-100.8 -100.8 -100.8 -100.8 -100.8 -100.9 -100.8 -100.8",0.073,702,0,2224,1106,"-8e+01 -8e+01 -8e+01","0.827 0.216 0.376","0.073 0.048 0.023",1,1,0.01,0.00,0,0,3,0
36.200,6,1.000,1.000,0.000,3,0,-78.473,"-76.6 -81.5 -77.3","1.000 1.000 1.000",-93.966,-100.851,"-100.8 -100.8 -100.8 -100.8 -100.8 -100.9 -100.8 -100.8",0.073,704,0,2228,1109,"-8e+01 -8e+01 -8e+01","0.827 0.216 0.376","0.073 0.048 0.023",1,1,0.01,0.00,0,0,3,0
36.300,6,0.970,0.909,0.043,3,0,-78.352,"-76.3 -81.5 -77.3","0.909 1.000 1.000",-93.966,-100.852,"-100.8 -100.8 -100.8 -100.8 -100.8 -100.9 -100.8 -100.8",0.173,706,0,2237,1114,"-8e+01 -8e+01 -8e+01","0.827 0.216 0.376","0.17 0.048 0.023",33,33,0.15,0.00,0,0,2,0
36.400,6,0.970,0.909,0.043,3,0,-78.352,"-76.3 -81.5 -77.3","0.909 1.000 1.000",-93.966,-100.852,"-100.8 -100.8 -100.8 -100.8 -100.8 -100.9 -100.8 -100.8",0.073,708,0,2243,1116,"-8e+01 -8e+01 -8e+01","0.827 0.216 0.376","0.073 0.048 0.023",42,42,2.14,0.00,2,1,2,0
36.500,6,0.970,0.909,0.043,3,0,-78.352,"-76.3 -81.5 -77.3","0.909 1.000 1.000",-93.966,-100.852,"-100.8 -100.8 -100.8 -100.8 -100.8 -100.9 -100.8 -100.8",0.073,710,0,2251,1118,"-8e+01 -8e+01 -8e+01","0.827 0.216 0.376","0.073 0.048 0.023",28,28,9.48,0.00,0,0,3,0
36.600,6,0.970,0.909,0.043,3,0,-78.473,"-76.6 -81.5 -77.3","0.909 1.000 1.000",-93.966,-100.852,"-100.8 -100.8 -100.8 -100.8 -100.8 -100.9 -100.8 -100.8",0.073,712,0,2255,1120,"-8e+01 -8e+01 -8e+01","0.827 0.216 0.376","0.073 0.048 0.023",23,23,8.99,0.00,0,0,3,0
36.700,6,0.970,0.909,0.043,3,0,-78.352,"-76.3 -81.5 -77.3","0.909 1.000 1.000",-93.966,-100.852,"-100.8 -100.8 -100.8 -100.8 -100.8 -100.9 -100.8 -100.8",0.073,714,0,2263,1122,"-8e+01 -8e+01 -8e+01","0.827 0.216 0.376","0.073 0.048 0.022",41,41,4.10,0.00,1,0,2,0
36.800,6,0.970,0.909,0.043,3,0,-78.352,"-76.3 -81.5 -77.3","0.909 1.000 1.000",-93.966,-100.853,"-100.8 -100.8 -100.8 -100.8 -100.8 -100.9 -100.8 -100.8",0.073,716,0,2267,1124,"-8e+01 -8e+01 -8e+01","0.827 0.216 0.376","0.073 0.047 0.023",25,23,5.91,0.24,0,0,3,0
36.900,6,0.970,0.909,0.043,3,0,-78.352,"-76.3 -81.5 -77.3","0.909 1.000 1.000",-93.966,-100.853,"-100.8 -100.8 -100.8 -100.8 -100.8 -100.9 -100.8 -100.8",0.073,718,0,2273,1126,"-8e+01 -8e+01 -8e+01","0.827 0.216 0.376","0.073 0.048 0.023",36,34,2.88,0.17,1,0,2,0
37.000,6,0.970,0.909,0.043,3,0,-78.352,"-76.6 -81.5 -76.9","0.909 1.000 1.000",-93.966,-100.853,"-100.8 -100.8 -100.8 -100.8 -100.8 -100.9 -100.8 -100.8",0.073,720,0,2279,1128,"-8e+01 -8e+01 -8e+01","0.824 0.188 0.329","0.073 0.047 0.023",57,55,8.17,0.11,1,0,2,0
37.100,6,0.970,0.909,0.043,3,0,-78.353,"-76.3 -81.5 -77.3","0.909 1.000 1.000",-93.966,-100.853,"-100.8 -100.8 -100.8 -100.8 -100.8 -100.9 -100.8 -100.8",0.072,722,0,2286,1130,"-8e+01 -8e+01 -8e+01","0.824 0.192 0.333","0.072 0.048 0.023",38,36,3.01,0.16,0,0,3,0
37.200,6,0.970,0.909,0.043,3,0,-78.473,"-76.6 -81.5 -77.3","0.909 1.000 1.000",-93.966,-100.854,"-100.8 -100.8 -100.8 -100.8 -100.8 -100.9 -100.8 -100.8",0.073,724,0,2289,1132,"-8e+01 -8e+01 -8e+01","0.824 0.192 0.333","0.073 0.048 0.023",17,15,14.65,0.35,0,0,3,0
37.300,6,0.970,0.909,0.043,3,0,-78.233,"-76.3 -81.5 -76.9","0.909 1.000 1.000",-93.966,-100.854,"-100.8 -100.8 -100.8 -100.8 -100.8 -100.9 -100.8 -100.8",0.073,726,0,2298,1134,"-8e+01 -8e+01 -8e+01","0.824 0.192 0.333","0.073 0.048 0.023",62,60,3.73,0.10,0,0,3,0
37.400,6,1.000,1.000,0.000,3,0,-78.352,"-76.6 -81.5 -76.9","1.000 1.000 1.000",-93.966,-100.854,"-100.8 -100.8 -100.8 -100.8 -100.8 -100.9 -100.8 -100.8",0.073,728,0,2307,1141,"-8e+01 -8e+01 -8e+01","0.82 0.192 0.333","0.073 0.048 0.023",33,32,5.77,0.09,0,0,3,0
37.500,6,1.000,1.000,0.000,3,0,-78.353,"-76.3 -81.5 -77.3","1.000 1.000 1.000",-93.966,-100.854,"-100.8 -100.8 -100.8 -100.8 -100.8 -100.9 -100.8 -100.8",0.073,730,0,2319,1143,"-8e+01 -8e+01 -8e+01","0.824 0.192 0.333","0.073 0.048 0.023",83,83,0.97,0.00,0,0,3,0
37.600,6,0.970,0.909,0.043,3,0,-78.473,"-76.6 -81.5 -77.3","1.000 1.000 0.909",-93.966,-100.854,"-100.8 -100.8 -100.8 -100.8 -100.8 -100.9 -100.8 -100.8",0.123,732,0,2321,1146,"-8e+01 -8e+01 -8e+01","0.824 0.192 0.333","0.073 0.048 0.12",24,22,7.48,0.25,0,0,2,0
37.700,6,0.939,0.818,0.086,3,0,-78.353,"-76.3 -81.5 -77.3","1.000 1.000 0.818",-93.966,-100.855,"-100.8 -100.8 -100.8 -100.8 -100.8 -100.9 -100.8 -100.8",0.223,734,0,2325,1149,"-8e+01 -8e+01 -8e+01","0.824 0.192 0.333","0.073 0.048 0.22",24,22,5.76,0.25,0,0,2,0
37.800,6,0.909,0.818,0.074,3,0,-78.233,"-76.3 -81.5 -76.9","0.909 1.000 0.818",-93.966,-100.855,"-100.8 -100.8 -100.8 -100.8 -100.8 -100.9 -100.8 -100.8",0.173,736,0,2328,1152,"-8e+01 -8e+01 -8e+01","0.824 0.192 0.333","0.17 0.048 0.023",30,28,3.77,0.20,2,2,2,0
37.900,6,0.909,0.818,0.074,3,0,-78.353,"-76.3 -81.5 -77.3","0.909 1.000 0.818",-93.966,-100.855,"-100.8 -100.8 -100.8 -100.8 -100.8 -100.9 -100.8 -100.8",0.073,738,0,2338,1155,"-8e+01 -8e+01 -8e+01","0.816 0.192 0.333","0.073 0.048 0.023",32,31,7.08,0.09,2,1,2,0
38.000,6,0.909,0.818,0.074,3,0,-78.473,"-76.6 -81.5 -77.3","0.909 1.000 0.818",-93.966,-100.855,"-100.8 -100.8 -100.8 -100.8 -100.8 -100.9 -100.8 -100.8",0.073,740,0,2343,1157,"-8e+01 -8e+01 -8e+01","0.816 0.196 0.333","0.073 0.047 0.023",36,36,9.36,0.00,1,0,2,0
38.100,6,0.909,0.818,0.074,3,0,-78.233,"-76.3 -81.5 -76.9","0.909 1.000 0.818",-93.966,-100.856,"-100.8 -100.8 -100.8 -100.8 -100.8 -100.9 -100.8 -100.8",0.073,742,0,2351,1159,"-8e+01 -8e+01 -8e+01","0.816 0.196 0.333","0.073 0.048 0.023",36,34,0.16,0.17,1,0,2,0
38.200,6,0.909,0.818,0.074,3,0,-78.352,"-76.6 -81.5 -76.9","0.909 1.000 0.818",-93.966,-100.856,"-100.8 -100.8 -100.8 -100.8 -100.8 -100.9 -100.8 -100.8",0.072,744,0,2356,1161,"-8e+01 -8e+01 -8e+01","0.816 0.196 0.333","0.072 0.047 0.023",35,33,2.79,0.17,0,0,3,0
38.300,6,0.909,0.818,0.074,3,0,-78.473,"-76.6 -81.5 -77.3","0.909 1.000 0.818",-93.966,-100.856,"-100.8 -100.8 -100.8 -100.8 -100.8 -100.9 -100.8 -100.8",0.073,746,0,2360,1165,"-8e+01 -8e+01 -8e+01","0.816 0.2 0.337","0.073 0.048 0.023",25,23,3.92,0.24,0,0,3,0
38.400,6,0.909,0.818,0.074,3,0,-78.473,"-76.6 -81.5 -77.3","0.909 1.000 0.818",-93.966,-100.856,"-100.8 -100.8 -100.8 -100.8 -100.8 -100.9 -100.8 -100.8",0.072,748,0,2369,1169,"-8e+01 -8e+01 -8e+01","0.816 0.2 0.337","0.072 0.048 0.022",39,38,10.36,0.08,0,0,3,0
38.500,6,0.879,0.818,0.043,3,0,-78.353,"-76.3 -81.5 -77.3","0.909 0.909 0.818",-93.966,-100.857,"-100.8 -100.8 -100.8 -100.8 -100.8 -100.9 -100.8 -100.8",0.148,750,0,2375,1173,"-8e+01 -8e+01 -8e+01","0.812 0.2 0.337","0.073 0.15 0.023",45,45,5.65,0.00,1,0,1,0
38.600,6,0.879,0.818,0.043,3,0,-78.473,"-76.6 -81.5 -77.3","0.909 0.909 0.818",-93.966,-100.857,"-100.8 -100.8 -100.8 -100.8 -100.8 -100.9 -100.8 -100.8",0.072,752,0,2378,1175,"-8e+01 -8e+01 -8e+01","0.812 0.2 0.337","0.072 0.048 0.023",24,22,5.56,0.25,1,1,3,0
38.700,6,0.909,0.909,0.000,3,0,-78.353,"-76.3 -81.5 -77.3","0.909 0.909 0.909",-93.966,-100.857,"-100.8 -100.8 -100.8 -100.8 -100.8 -100.9 -100.8 -100.8",0.073,754,0,2384,1181,"-8e+01 -8e+01 -8e+01","0.812 0.2 0.337","0.073 0.048 0.023",23,21,8.79,0.26,0,0,3,0
38.800,6,0.939,0.909,0.043,3,0,-78.352,"-76.6 -81.5 -76.9","0.909 0.909 1.000",-93.966,-100.857,"-100.8 -100.8 -100.8 -100.8 -100.8 -100.9 -100.8 -100.8",0.073,756,0,2390,1183,"-8e+01 -8e+01 -8e+01","0.812 0.2 0.337","0.073 0.048 0.023",36,34,3.74,0.17,0,0,3,0
38.900,6,0.970,0.909,0.043,3,0,-78.353,"-76.3 -81.5 -77.3","1.000 0.909 1.000",-93.966,-100.857,"-100.8 -100.8 -100.8 -100.8 -100.8 -100.9 -100.8 -100.8",0.073,758,0,2396,1185,"-8e+01 -8e+01 -8e+01","0.808 0.2 0.337","0.073 0.048 0.023",22,21,11.92,0.14,0,0,3,0
39.000,6,0.970,0.909,0.043,3,0,-78.352,"-76.6 -81.5 -76.9","1.000 0.909 1.000",-93.966,-100.858,"-100.8 -100.8 -100.8 -100.8 -100.8 -100.9 -100.8 -100.8",0.073,760,0,2405,1188,"-8e+01 -8e+01 -8e+01","0.808 0.2 0.337","0.073 0.048 0.023",57,57,1.27,0.00,0,0,3,0
39.100,6,0.939,0.818,0.086,3,0,-78.353,"-76.3 -81.5 -77.3","1.000 0.818 1.000",-93.966,-100.858,"-100.8 -100.8 -100.8 -100.8 -100.8 -100.9 -100.8 -100.8",0.148,762,0,2410,1192,"-8e+01 -8e+01 -8e+01","0.808 0.2 0.337","0.073 0.15 0.023",34,32,4.89,0.18,0,0,2,0
39.200,6,0.939,0.818,0.086,3,0,-78.352,"-76.6 -81.5 -76.9","1.000 0.818 1.000",-93.966,-100.858,"-100.8 -100.8 -100.8 -100.8 -100.8 -100.9 -100.8 -100.8",0.073,764,0,2415,1194,"-8e+01 -8e+01 -8e+01","0.808 0.2 0.337","0.073 0.048 0.023",35,33,1.32,0.17,1,1,3,0
39.300,6,0.939,0.818,0.086,3,0,-78.473,"-76.6 -81.5 -77.3","1.000 0.818 1.000",-93.966,-100.859,"-100.8 -100.8 -100.8 -100.8 -100.8 -100.9 -100.8 -100.8",0.073,766,0,2420,1196,"-8e+01 -8e+01 -8e+01","0.8 0.2 0.337","0.073 0.048 0.023",39,37,3.75,0.15,0,0,3,0
39.400,6,0.939,0.818,0.086,3,0,-78.473,"-76.6 -81.5 -77.3","1.000 0.818 1.000",-93.966,-100.859,"-100.8 -100.8 -100.8 -100.8 -100.8 -100.9 -100.8 -100.8",0.073,768,0,2427,1199,"-8e+01 -8e+01 -8e+01","0.8 0.2 0.337","0.073 0.048 0.023",21,20,7.07,0.14,0,0,3,0
39.500,6,0.939,0.818,0.086,3,0,-78.473,"-76.6 -81.5 -77.3","1.000 0.818 1.000",-93.966,-100.859,"-100.8 -100.8 -100.8 -100.8 -100.8 -100.9 -100.8 -100.8",0.073,770,0,2430,1201,"-8e+01 -8e+01 -8e+01","0.8 0.2 0.337","0.073 0.048 0.023",23,23,11.62,0.00,0,0,3,0
39.600,6,0.970,0.909,0.043,3,0,-78.473,"-76.6 -81.5 -77.3","1.000 0.909 1.000",-93.966,-100.859,"-100.8 -100.8 -100.8 -100.8 -100.8 -100.9 -100.8 -100.8",0.073,772,0,2435,1203,"-8e+01 -8e+01 -8e+01","0.8 0.2 0.337","0.073 0.048 0.023",17,15,2.87,0.35,0,0,3,0
39.700,6,0.939,0.818,0.086,3,0,-78.473,"-76.6 -81.5 -77.3","1.000 0.818 1.000",-93.966,-100.859,"-100.8 -100.8 -100.8 -100.8 -100.8 -100.9 -100.8 -100.8",0.148,774,0,2442,1207,"-8e+01 -8e+01 -8e+01","0.8 0.2 0.337","0.073 0.15 0.023",41,39,7.52,0.15,1,0,1,0
39.800,6,0.939,0.818,0.086,3,0,-78.473,"-76.6 -81.5 -77.3","1.000 0.818 1.000",-93.966,-100.860,"-100.8 -100.8 -100.8 -100.8 -100.8 -100.9 -100.8 -100.8",0.072,776,0,2447,1209,"-8e+01 -8e+01 -8e+01","0.796 0.2 0.337","0.072 0.048 0.023",24,22,5.56,0.25,1,1,3,0
39.900,6,0.939,0.818,0.086,3,0,-78.473,"-76.6 -81.5 -77.3","1.000 0.818 1.000",-93.966,-100.860,"-100.8 -100.8 -100.8 -100.8 -100.8 -100.9 -100.8 -100.8",0.073,778,0,2451,1211,"-8e+01 -8e+01 -8e+01","0.796 0.2 0.337","0.073 0.048 0.023",41,39,5.24,0.15,0,0,3,0
40.000,6,0.939,0.818,0.086,3,0,-78.473,"-76.6 -81.5 -77.3","1.000 0.818 1.000",-93.966,-100.860,"-100.8 -100.8 -100.8 -100.8 -100.8 -100.9 -100.8 -100.8",0.072,780,0,2457,1213,"-8e+01 -8e+01 -8e+01","0.796 0.2 0.337","0.072 0.047 0.022",28,26,3.69,0.21,1,0,2,0
40.100,6,0.939,0.818,0.086,3,0,-78.352,"-76.6 -81.5 -76.9","1.000 0.818 1.000",-93.966,-100.860,"-100.8 -100.8 -100.8 -100.8 -100.8 -100.9 -100.8 -100.8",0.073,782,0,2467,1216,"-8e+01 -8e+01 -8e+01","0.792 0.2 0.337","0.073 0.048 0.023",40,39,1.27,0.07,0,0,3,0
40.200,6,0.970,0.909,0.043,3,0,-78.473,"-76.6 -81.5 -77.3","1.000 0.909 1.000",-93.966,-100.861,"-100.8 -100.8 -100.8 -100.8 -100.8 -100.9 -100.8 -100.8",0.073,784,0,2472,1219,"-8e+01 -8e+01 -8e+01","0.792 0.2 0.337","0.073 0.047 0.023",26,26,8.70,0.00,0,0,3,0
40.300,6,0.970,0.909,0.043,3,0,-78.473,"-76.6 -81.5 -77.3","1.000 0.909 1.000",-93.966,-100.861,"-100.8 -100.8 -100.8 -100.8 -100.8 -100.9 -100.8 -100.8",0.073,786,0,2476,1221,"-8e+01 -8e+01 -8e+01","0.792 0.2 0.337","0.073 0.048 0.023",17,15,6.10,0.35,0,0,3,0
40.400,6,0.939,0.818,0.086,3,0,-78.473,"-76.6 -81.5 -77.3","1.000 0.818 1.000",-93.966,-100.861,"-100.8 -100.8 -100.8 -100.8 -100.8 -100.9 -100.8 -100.8",0.148,788,0,2481,1226,"-8e+01 -8e+01 -8e+01","0.792 0.2 0.337","0.073 0.15 0.022",32,30,9.57,0.19,0,0,2,0
40.500,6,0.939,0.818,0.086,3,0,-78.473,"-76.6 -81.5 -77.3","1.000 0.818 1.000",-93.966,-100.861,"-100.8 -100.8 -100.8 -100.8 -100.8 -100.9 -100.8 -100.8",0.073,790,0,2487,1228,"-8e+01 -8e+01 -8e+01","0.792 0.2 0.337","0.073 0.048 0.023",40,38,0.86,0.15,1,1,3,0
40.600,6,0.939,0.818,0.086,3,0,-78.353,"-76.3 -81.5 -77.3","1.000 0.818 1.000",-93.966,-100.862,"-100.8 -100.8 -100.8 -100.8 -100.8 -100.9 -100.8 -100.8",0.073,792,0,2493,1230,"-8e+01 -8e+01 -8e+01","0.788 0.204 0.337","0.073 0.048 0.022",32,30,0.44,0.19,2,0,1,0
40.700,6,0.939,0.818,0.086,3,0,-78.352,"-76.6 -81.5 -76.9","1.000 0.818 1.000",-93.966,-100.862,"-100.8 -100.8 -100.8 -100.8 -100.8 -100.9 -100.8 -100.8",0.073,794,0,2502,1232,"-8e+01 -8e+01 -8e+01","0.788 0.204 0.341","0.073 0.048 0.023",56,54,11.59,0.11,0,0,3,0
40.800,6,0.970,0.909,0.043,3,0,-78.353,"-76.3 -81.5 -77.3","1.000 0.909 1.000",-93.966,-100.862,"-100.8 -100.8 -100.8 -100.8 -100.8 -100.9 -100.8 -100.8",0.073,796,0,2508,1234,"-8e+01 -8e+01 -8e+01","0.788 0.204 0.345","0.073 0.048 0.023",26,24,6.96,0.23,0,0,3,0
40.900,6,0.970,0.909,0.043,3,0,-78.473,"-76.6 -81.5 -77.3","1.000 0.909 1.000",-93.966,-100.862,"-100.8 -100.8 -100.8 -100.8 -100.8 -100.9 -100.8 -100.8",0.073,798,0,2516,1238,"-8e+01 -8e+01 -8e+01","0.788 0.208 0.345","0.073 0.047 0.022",35,34,8.39,0.09,0,0,3,0
41.000,6,0.970,0.909,0.043,3,0,-78.353,"-76.3 -81.5 -77.3","1.000 0.909 1.000",-93.966,-100.862,"-100.8 -100.8 -100.8 -100.8 -100.8 -100.9 -100.8 -100.8",0.073,800,0,2522,1240,"-8e+01 -8e+01 -8e+01","0.788 0.208 0.345","0.073 0.048 0.023",32,32,8.55,0.00,0,0,3,0
41.100,6,0.970,0.909,0.043,3,0,-78.473,"-76.6 -81.5 -77.3","1.000 0.909 1.000",-93.966,-100.862,"-100.8 -100.8 -100.8 -100.8 -100.8 -100.9 -100.8 -100.8",0.073,802,0,2526,1242,"-8e+01 -8e+01 -8e+01","0.788 0.208 0.345","0.073 0.048 0.023",21,19,15.59,0.29,0,0,3,0
41.200,6,0.939,0.909,0.043,3,0,-78.353,"-76.3 -81.5 -77.3","1.000 0.909 0.909",-93.966,-100.863,"-100.8 -100.8 -100.8 -100.8 -100.8 -100.9 -100.8 -100.8",0.123,804,0,2530,1245,"-8e+01 -8e+01 -8e+01","0.788 0.208 0.345","0.073 0.048 0.12",19,17,2.13,0.32,0,0,2,0
41.300,6,0.939,0.909,0.043,3,0,-78.473,"-76.6 -81.5 -77.3","1.000 0.909 0.909",-93.966,-100.863,"-100.8 -100.8 -100.8 -100.8 -100.8 -100.9 -100.8 -100.8",0.072,806,0,2533,1247,"-8e+01 -8e+01 -8e+01","0.788 0.208 0.345","0.072 0.048 0.023",31,29,7.21,0.19,1,1,3,0
41.400,6,0.939,0.909,0.043,3,0,-78.353,"-76.3 -81.5 -77.3","1.000 0.909 0.909",-93.966,-100.863,"-100.8 -100.8 -100.8 -100.8 -100.8 -100.9 -100.8 -100.8",0.073,808,0,2541,1250,"-8e+01 -8e+01 -8e+01","0.788 0.208 0.345","0.073 0.048 0.023",46,45,12.16,0.07,0,0,3,0
41.500,6,0.970,0.909,0.043,3,0,-78.473,"-76.6 -81.5 -77.3","1.000 1.000 0.909",-93.966,-100.864,"-100.8 -100.8 -100.8 -100.8 -100.8 -100.9 -100.8 -100.8",0.073,810,0,2545,1252,"-8e+01 -8e+01 -8e+01","0.784 0.208 0.345","0.073 0.048 0.023",47,45,8.98,0.13,1,0,2,0
41.600,6,0.939,0.818,0.086,3,0,-78.233,"-76.3 -81.5 -76.9","1.000 1.000 0.818",-93.966,-100.864,"-100.8 -100.8 -100.8 -100.8 -100.8 -100.9 -100.8 -100.8",0.123,812,0,2550,1255,"-8e+01 -8e+01 -8e+01","0.784 0.208 0.345","0.073 0.048 0.12",19,17,10.08,0.32,0,0,2,0
41.700,6,0.939,0.818,0.086,3,0,-78.352,"-76.6 -81.5 -76.9","1.000 1.000 0.818",-93.966,-100.864,"-100.8 -100.8 -100.8 -100.8 -100.8 -100.9 -100.8 -100.8",0.073,814,0,2554,1257,"-8e+01 -8e+01 -8e+01","0.784 0.208 0.345","0.073 0.048 0.022",29,27,10.17,0.21,1,1,3,0
41.800,6,0.909,0.727,0.129,3,0,-78.233,"-76.3 -81.5 -76.9","1.000 1.000 0.727",-93.966,-100.864,"-100.8 -100.8 -100.8 -100.8 -100.8 -100.9 -100.8 -100.8",0.122,816,0,2562,1261,"-8e+01 -8e+01 -8e+01","0.784 0.208 0.345","0.073 0.047 0.12",32,31,6.22,0.09,0,0,2,0
41.900,6,0.909,0.727,0.129,3,0,-78.352,"-76.6 -81.5 -76.9","1.000 1.000 0.727",-93.966,-100.864,"-100.8 -100.8 -100.8 -100.8 -100.8 -100.9 -100.8 -100.8",0.072,818,0,2569,1263,"-8e+01 -8e+01 -8e+01","0.784 0.212 0.349","0.072 0.048 0.023",48,48,4.81,0.00,2,1,2,0
42.000,6,0.909,0.727,0.129,3,0,-78.353,"-76.3 -81.5 -77.3","1.000 1.000 0.727",-93.966,-100.864,"-100.8 -100.8 -100.8 -100.8 -100.8 -100.9 -100.8 -100.8",0.073,820,0,2574,1265,"-8e+01 -8e+01 -8e+01","0.784 0.212 0.349","0.073 0.048 0.023",22,20,3.72,0.27,0,0,3,0
42.100,6,0.879,0.727,0.113,3,0,-78.473,"-76.6 -81.5 -77.3","1.000 0.909 0.727",-93.966,-100.865,"-100.8 -100.8 -100.8 -100.8 -100.8 -100.9 -100.8 -100.8",0.148,822,0,2578,1268,"-8e+01 -8e+01 -8e+01","0.784 0.212 0.349","0.073 0.15 0.023",31,29,2.06,0.19,0,0,2,0
42.200,6,0.879,0.727,0.113,3,0,-78.353,"-76.3 -81.5 -77.3","1.000 0.909 0.727",-93.966,-100.865,"-100.8 -100.8 -100.8 -100.8 -100.8 -100.9 -100.8 -100.8",0.073,824,0,2588,1271,"-8e+01 -8e+01 -8e+01","0.776 0.212 0.349","0.073 0.047 0.023",55,53,5.88,0.11,1,1,3,0
42.300,6,0.909,0.818,0.074,3,0,-78.352,"-76.6 -81.5 -76.9","1.000 0.909 0.818",-93.966,-100.866,"-100.8 -100.8 -100.8 -100.8 -100.8 -100.9 -100.8 -100.8",0.073,826,0,2595,1275,"-8e+01 -8e+01 -8e+01","0.776 0.212 0.349","0.073 0.047 0.023",28,27,1.41,0.11,0,0,3,0
42.400,6,0.909,0.818,0.074,3,0,-78.233,"-76.3 -81.2 -77.3","1.000 0.909 0.818",-93.966,-100.866,"-100.8 -100.8 -100.8 -100.8 -100.8 -100.9 -100.8 -100.8",0.073,828,0,2601,1277,"-8e+01 -8e+01 -8e+01","0.776 0.212 0.349","0.073 0.048 0.023",31,31,7.93,0.00,0,0,3,0
42.500,6,0.909,0.818,0.074,3,0,-78.473,"-76.6 -81.5 -77.3","1.000 0.909 0.818",-93.966,-100.866,"-100.8 -100.8 -100.8 -100.8 -100.8 -100.9 -100.8 -100.8",0.072,830,0,2605,1279,"-8e+01 -8e+01 -8e+01","0.776 0.212 0.349","0.072 0.048 0.023",23,21,11.85,0.26,0,0,3,0
42.600,6,0.879,0.818,0.043,3,0,-78.352,"-76.6 -81.5 -76.9","0.909 0.909 0.818",-93.966,-100.866,"-100.8 -100.8 -100.8 -100.8 -100.8 -100.9 -100.8 -100.8",0.172,832,0,2609,1283,"-8e+01 -8e+01 -8e+01","0.776 0.212 0.349","0.17 0.048 0.023",30,28,6.90,0.20,0,0,2,0
42.700,6,0.909,0.909,0.000,3,0,-78.352,"-76.6 -81.2 -77.3","0.909 0.909 0.909",-93.966,-100.867,"-100.8 -100.8 -100.8 -100.8 -100.8 -100.9 -100.8 -100.8",0.073,834,0,2617,1285,"-8e+01 -8e+01 -8e+01","0.776 0.212 0.349","0.073 0.048 0.023",64,62,1.15,0.09,2,1,2,0
42.800,6,0.909,0.909,0.000,3,0,-78.233,"-76.3 -81.2 -77.3","0.909 0.909 0.909",-93.966,-100.867,"-100.8 -100.8 -100.8 -100.8 -100.8 -100.9 -100.8 -100.8",0.073,836,0,2623,1287,"-8e+01 -8e+01 -8e+01","0.776 0.212 0.345","0.073 0.048 0.023",22,20,9.24,0.27,0,0,3,0
42.900,6,0.939,0.909,0.043,3,0,-78.473,"-76.6 -81.5 -77.3","0.909 0.909 1.000",-93.966,-100.867,"-100.8 -100.8 -100.8 -100.8 -100.8 -100.9 -100.8 -100.8",0.073,838,0,2626,1289,"-8e+01 -8e+01 -8e+01","0.761 0.212 0.345","0.073 0.048 0.023",30,28,8.58,0.20,0,0,3,0
43.000,6,0.939,0.909,0.043,3,0,-78.353,"-76.3 -81.5 -77.3","0.909 0.909 1.000",-93.966,-100.867,"-100.8 -100.8 -100.8 -100.8 -100.8 -100.9 -100.8 -100.8",0.073,840,0,2631,1291,"-8e+01 -8e+01 -8e+01","0.761 0.212 0.353","0.073 0.048 0.023",14,12,1.84,0.43,0,0,3,0
43.100,6,0.939,0.909,0.043,3,0,-78.473,"-76.6 -81.5 -77.3","0.909 0.909 1.000",-93.966,-100.867,"-100.8 -100.8 -100.8 -100.8 -100.8 -100.9 -100.8 -100.8",0.073,842,0,2634,1293,"-8e+01 -8e+01 -8e+01","0.761 0.208 0.353","0.073 0.048 0.023",1,1,0.00,0.00,0,0,3,0
43.200,6,0.970,0.909,0.043,3,0,-78.353,"-76.3 -81.5 -77.3","0.909 1.000 1.000",-93.966,-100.867,"-100.8 -100.8 -100.8 -100.8 -100.8 -100.9 -100.8 -100.8",0.073,844,0,2639,1295,"-8e+01 -8e+01 -8e+01","0.761 0.208 0.353","0.073 0.048 0.023",1,1,0.01,0.00,0,0,3,0
43.300,6,0.970,0.909,0.043,3,0,-78.473,"-76.6 -81.5 -77.3","0.909 1.000 1.000",-93.966,-100.867,"-100.8 -100.8 -100.8 -100.8 -100.8 -100.9 -100.8 -100.8",0.073,846,0,2642,1297,"-8e+01 -8e+01 -8e+01","0.761 0.208 0.353","0.073 0.048 0.023",1,1,0.01,0.00,0,0,3,0
43.400,6,0.970,0.909,0.043,3,0,-78.353,"-76.3 -81.5 -77.3","0.909 1.000 1.000",-93.966,-100.867,"-100.8 -100.8 -100.8 -100.8 -100.8 -100.9 -100.8 -100.8",0.073,848,0,2647,1299,"-8e+01 -8e+01 -8e+01","0.761 0.208 0.353","0.073 0.048 0.023",1,1,0.02,0.00,0,0,3,0
43.500,6,0.970,0.909,0.043,3,0,-78.473,"-76.6 -81.5 -77.3","0.909 1.000 1.000",-93.966,-100.867,"-100.8 -100.8 -100.8 -100.8 -100.8 -100.9 -100.8 -100.8",0.073,850,0,2650,1301,"-8e+01 -8e+01 -8e+01","0.765 0.208 0.353","0.073 0.048 0.023",1,1,0.00,0.00,0,0,3,0
43.600,6,0.970,0.909,0.043,3,0,-78.473,"-76.6 -81.5 -77.3","0.909 1.000 1.000",-93.966,-100.867,"-100.8 -100.8 -100.8 -100.8 -100.8 -100.9 -100.8 -100.8",0.073,852,0,2653,1303,"-8e+01 -8e+01 -8e+01","0.765 0.208 0.353","0.073 0.048 0.023",1,1,0.00,0.00,0,0,3,0
43.700,6,1.000,1.000,0.000,3,0,-78.473,"-76.6 -81.5 -77.3","1.000 1.000 1.000",-93.966,-100.867,"-100.8 -100.8 -100.8 -100.8 -100.8 -100.9 -100.8 -100.8",0.073,854,0,2658,1305,"-8e+01 -8e+01 -8e+01","0.765 0.208 0.353","0.073 0.048 0.023",1,1,0.01,0.00,0,0,3,0
43.800,6,1.000,1.000,0.000,3,0,-78.473,"-76.6 -81.5 -77.3","1.000 1.000 1.000",-93.966,-100.867,"-100.8 -100.8 -100.8 -100.8 -100.8 -100.9 -100.8 -100.8",0.073,856,0,2661,1307,"-8e+01 -8e+01 -8e+01","0.765 0.208 0.353","0.073 0.048 0.023",1,1,0.01,0.00,0,0,3,0
43.900,6,1.000,1.000,0.000,3,0,-78.473,"-76.6 -81.5 -77.3","1.000 1.000 1.000",-93.966,-100.867,"-100.8 -100.8 -100.8 -100.8 -100.8 -100.9 -100.8 -100.8",0.073,858,0,2666,1309,"-8e+01 -8e+01 -8e+01","0.769 0.208 0.353","0.073 0.048 0.023",1,1,0.02,0.00,0,0,3,0
44.000,6,1.000,1.000,0.000,3,0,-78.473,"-76.6 -81.5 -77.3","1.000 1.000 1.000",-93.966,-100.867,"-100.8 -100.8 -100.8 -100.8 -100.8 -100.9 -100.8 -100.8",0.073,860,0,2669,1311,"-8e+01 -8e+01 -8e+01","0.769 0.208 0.353","0.073 0.048 0.023",1,1,0.02,0.00,0,0,3,0
44.100,6,1.000,1.000,0.000,3,0,-78.473,"-76.6 -81.5 -77.3","1.000 1.000 1.000",-93.966,-100.867,"-100.8 -100.8 -100.8 -100.8 -100.8 -100.9 -100.8 -100.8",0.073,862,0,2675,1313,"-8e+01 -8e+01 -8e+01","0.769 0.208 0.353","0.073 0.048 0.023",1,1,0.00,0.00,0,0,3,0
44.200,6,1.000,1.000,0.000,3,0,-78.473,"-76.6 -81.5 -77.3","1.000 1.000 1.000",-93.966,-100.867,"-100.8 -100.8 -100.8 -100.8 -100.8 -100.9 -100.8 -100.8",0.073,864,0,2679,1315,"-8e+01 -8e+01 -8e+01","0.769 0.208 0.353","0.073 0.048 0.023",2,2,0.01,0.00,0,0,3,0
44.300,6,1.000,1.000,0.000,3,0,-78.473,"-76.6 -81.5 -77.3","1.000 1.000 1.000",-93.966,-100.867,"-100.8 -100.8 -100.8 -100.8 -100.8 -100.9 -100.8 -100.8",0.073,866,0,2684,1317,"-8e+01 -8e+01 -8e+01","0.773 0.208 0.353","0.073 0.048 0.023",1,1,0.01,0.00,0,0,3,0
44.400,6,1.000,1.000,0.000,3,0,-78.473,"-76.6 -81.5 -77.3","1.000 1.000 1.000",-93.966,-100.867,"-100.8 -100.8 -100.8 -100.8 -100.8 -100.9 -100.8 -100.8",0.073,868,0,2687,1321,"-8e+01 -8e+01 -8e+01","0.773 0.208 0.353","0.073 0.048 0.023",1,1,0.02,0.00,0,0,3,0
44.500,6,1.000,1.000,0.000,3,0,-78.473,"-76.6 -81.5 -77.3","1.000 1.000 1.000",-93.966,-100.867,"-100.8 -100.8 -100.8 -100.8 -100.8 -100.9 -100.8 -100.8",0.073,870,0,2693,1323,"-8e+01 -8e+01 -8e+01","0.773 0.208 0.353","0.073 0.048 0.023",1,1,0.02,0.00,0,0,3,0
44.600,6,1.000,1.000,0.000,3,0,-78.473,"-76.6 -81.5 -77.3","1.000 1.000 1.000",-93.966,-100.867,"-100.8 -100.8 -100.8 -100.8 -100.8 -100.9 -100.8 -100.8",0.073,872,0,2696,1325,"-8e+01 -8e+01 -8e+01","0.773 0.208 0.353","0.073 0.048 0.023",1,1,0.00,0.00,0,0,3,0
44.700,6,1.000,1.000,0.000,3,0,-78.473,"-76.6 -81.5 -77.3","1.000 1.000 1.000",-93.966,-100.867,"-100.8 -100.8 -100.8 -100.8 -100.8 -100.9 -100.8 -100.8",0.073,874,0,2701,1327,"-8e+01 -8e+01 -8e+01","0.776 0.208 0.353","0.073 0.048 0.023",1,1,0.01,0.00,0,0,3,0
44.800,6,1.000,1.000,0.000,3,0,-78.473,"-76.6 -81.5 -77.3","1.000 1.000 1.000",-93.966,-100.867,"-100.8 -100.8 -100.8 -100.8 -100.8 -100.9 -100.8 -100.8",0.073,876,0,2704,1329,"-8e+01 -8e+01 -8e+01","0.776 0.208 0.353","0.073 0.048 0.023",1,1,0.01,0.00,0,0,3,0
44.900,6,1.000,1.000,0.000,3,0,-78.353,"-76.3 -81.5 -77.3","1.000 1.000 1.000",-93.966,-100.867,"-100.8 -100.8 -100.8 -100.8 -100.8 -100.9 -100.8 -100.8",0.073,878,0,2709,1331,"-8e+01 -8e+01 -8e+01","0.776 0.208 0.353","0.073 0.048 0.023",1,1,0.02,0.00,0,0,3,0
45.000,6,1.000,1.000,0.000,3,0,-78.473,"-76.6 -81.5 -77.3","1.000 1.000 1.000",-93.966,-100.867,"-100.8 -100.8 -100.8 -100.8 -100.8 -100.9 -100.8 -100.8",0.073,880,0,2712,1333,"-8e+01 -8e+01 -8e+01","0.776 0.208 0.353","0.073 0.048 0.023",1,1,0.00,0.00,0,0,3,0
45.100,6,1.000,1.000,0.000,3,0,-78.353,"-76.3 -81.5 -77.3","1.000 1.000 1.000",-93.966,-100.867,"-100.8 -100.8 -100.8 -100.8 -100.8 -100.9 -100.8 -100.8",0.073,882,0,2717,1335,"-8e+01 -8e+01 -8e+01","0.78 0.208 0.353","0.073 0.048 0.023",1,1,0.00,0.00,0,0,3,0
45.200,6,1.000,1.000,0.000,3,0,-78.473,"-76.6 -81.5 -77.3","1.000 1.000 1.000",-93.966,-100.867,"-100.8 -100.8 -100.8 -100.8 -100.8 -100.9 -100.8 -100.8",0.073,884,0,2720,1337,"-8e+01 -8e+01 -8e+01","0.78 0.208 0.353","0.073 0.048 0.023",1,1,0.01,0.00,0,0,3,0
45.300,6,1.000,1.000,0.000,3,0,-78.353,"-76.3 -81.5 -77.3","1.000 1.000 1.000",-93.966,-100.867,"-100.8 -100.8 -100.8 -100.8 -100.8 -100.9 -100.8 -100.8",0.073,886,0,2726,1340,"-8e+01 -8e+01 -8e+01","0.78 0.208 0.353","0.073 0.048 0.023",1,1,0.01,0.00,0,0,3,0
45.400,6,1.000,1.000,0.000,3,0,-78.473,"-76.6 -81.5 -77.3","1.000 1.000 1.000",-93.966,-100.867,"-100.8 -100.8 -100.8 -100.8 -100.8 -100.9 -100.8 -100.8",0.073,888,0,2731,1342,"-8e+01 -8e+01 -8e+01","0.78 0.208 0.353","0.073 0.048 0.023",1,1,0.02,0.00,0,0,3,0
45.500,6,1.000,1.000,0.000,3,0,-78.353,"-76.3 -81.5 -77.3","1.000 1.000 1.000",-93.966,-100.867,"-100.8 -100.8 -100.8 -100.8 -100.8 -100.9 -100.8 -100.8",0.073,890,0,2736,1344,"-8e+01 -8e+01 -8e+01","0.784 0.208 0.353","0.073 0.048 0.023",1,1,0.02,0.00,0,0,3,0
45.600,6,1.000,1.000,0.000,3,0,-78.473,"-76.6 -81.5 -77.3","1.000 1.000 1.000",-93.966,-100.867,"-100.8 -100.8 -100.8 -100.8 -100.8 -100.9 -100.8 -100.8",0.073,892,0,2739,1346,"-8e+01 -8e+01 -8e+01","0.784 0.208 0.353","0.073 0.048 0.023",1,1,0.00,0.00,0,0,3,0
45.700,6,1.000,1.000,0.000,3,0,-78.353,"-76.3 -81.5 -77.3","1.000 1.000 1.000",-93.966,-100.867,"-100.8 -100.8 -100.8 -100.8 -100.8 -100.9 -100.8 -100.8",0.073,894,0,2745,1348,"-8e+01 -8e+01 -8e+01","0.784 0.208 0.353","0.073 0.048 0.023",1,1,0.01,0.00,0,0,3,0
45.800,6,1.000,1.000,0.000,3,0,-78.473,"-76.6 -81.5 -77.3","1.000 1.000 1.000",-93.966,-100.867,"-100.8 -100.8 -100.8 -100.8 -100.8 -100.9 -100.8 -100.8",0.073,896,0,2748,1350,"-8e+01 -8e+01 -8e+01","0.784 0.208 0.353","0.073 0.048 0.023",1,1,0.01,0.00,0,0,3,0
45.900,6,1.000,1.000,0.000,3,0,-78.353,"-76.3 -81.5 -77.3","1.000 1.000 1.000",-93.966,-100.867,"-100.8 -100.8 -100.8 -100.8 -100.8 -100.9 -100.8 -100.8",0.073,898,0,2753,1353,"-8e+01 -8e+01 -8e+01","0.784 0.208 0.353","0.073 0.048 0.023",1,1,0.01,0.00,0,0,3,0
46.000,6,1.000,1.000,0.000,3,0,-78.473,"-76.6 -81.5 -77.3","1.000 1.000 1.000",-93.966,-100.867,"-100.8 -100.8 -100.8 -100.8 -100.8 -100.9 -100.8 -100.8",0.073,900,0,2756,1355,"-8e+01 -8e+01 -8e+01","0.788 0.208 0.353","0.073 0.048 0.023",1,1,0.02,0.00,0,0,3,0
46.100,6,1.000,1.000,0.000,3,0,-78.353,"-76.3 -81.5 -77.3","1.000 1.000 1.000",-93.966,-100.867,"-100.8 -100.8 -100.8 -100.8 -100.8 -100.9 -100.8 -100.8",0.073,902,0,2761,1357,"-8e+01 -8e+01 -8e+01","0.788 0.208 0.353","0.073 0.048 0.023",1,1,0.02,0.00,0,0,3,0
46.200,6,1.000,1.000,0.000,3,0,-78.473,"-76.6 -81.5 -77.3","1.000 1.000 1.000",-93.966,-100.867,"-100.8 -100.8 -100.8 -100.8 -100.8 -100.9 -100.8 -100.8",0.073,904,0,2764,1360,"-8e+01 -8e+01 -8e+01","0.788 0.208 0.353","0.073 0.048 0.023",2,2,14.18,0.00,1,0,2,0
46.300,6,1.000,1.000,0.000,3,0,-78.353,"-76.3 -81.5 -77.3","1.000 1.000 1.000",-93.966,-100.867,"-100.8 -100.8 -100.8 -100.8 -100.8 -100.9 -100.8 -100.8",0.073,906,0,2769,1362,"-8e+01 -8e+01 -8e+01","0.788 0.208 0.353","0.073 0.048 0.023",1,1,0.00,0.00,0,0,3,0
46.400,6,1.000,1.000,0.000,3,0,-78.473,"-76.6 -81.5 -77.3","1.000 1.000 1.000",-93.966,-100.867,"-100.8 -100.8 -100.8 -100.8 -100.8 -100.9 -100.8 -100.8",0.073,908,0,2774,1365,"-8e+01 -8e+01 -8e+01","0.792 0.208 0.353","0.073 0.048 0.022",1,1,0.01,0.00,0,0,3,0
46.500,6,1.000,1.000,0.000,3,0,-78.353,"-76.3 -81.5 -77.3","1.000 1.000 1.000",-93.966,-100.867,"-100.8 -100.8 -100.8 -100.8 -100.8 -100.9 -100.8 -100.8",0.073,910,0,2781,1367,"-8e+01 -8e+01 -8e+01","0.792 0.208 0.353","0.073 0.048 0.022",26,26,10.30,0.00,0,0,3,0
46.600,6,1.000,1.000,0.000,3,0,-78.473,"-76.6 -81.5 -77.3","1.000 1.000 1.000",-93.966,-100.867,"-100.8 -100.8 -100.8 -100.8 -100.8 -100.9 -100.8 -100.8",0.073,912,0,2785,1369,"-8e+01 -8e+01 -8e+01","0.792 0.208 0.353","0.073 0.048 0.023",25,25,6.06,0.00,0,0,3,0
46.700,6,1.000,1.000,0.000,3,0,-78.353,"-76.3 -81.5 -77.3","1.000 1.000 1.000",-93.966,-100.867,"-100.8 -100.8 -100.8 -100.8 -100.8 -100.9 -100.8 -100.8",0.073,914,0,2792,1371,"-8e+01 -8e+01 -8e+01","0.792 0.208 0.353","0.073 0.048 0.023",34,34,9.13,0.00,0,0,3,0
46.800,6,1.000,1.000,0.000,3,0,-78.473,"-76.6 -81.5 -77.3","1.000 1.000 1.000",-93.966,-100.868,"-100.8 -100.8 -100.8 -100.8 -100.8 -100.9 -100.8 -100.8",0.073,916,0,2796,1373,"-8e+01 -8e+01 -8e+01","0.792 0.208 0.353","0.073 0.047 0.023",33,33,1.40,0.00,1,0,2,0
46.900,6,1.000,1.000,0.000,3,0,-78.353,"-76.3 -81.5 -77.3","1.000 1.000 1.000",-93.966,-100.868,"-100.8 -100.8 -100.8 -100.8 -100.8 -100.9 -100.8 -100.8",0.073,918,0,2801,1375,"-8e+01 -8e+01 -8e+01","0.792 0.208 0.353","0.073 0.048 0.023",17,17,2.49,0.00,0,0,3,0
47.000,6,0.970,0.909,0.043,3,0,-78.352,"-76.6 -81.5 -76.9","1.000 1.000 0.909",-93.966,-100.868,"-100.8 -100.8 -100.8 -100.8 -100.8 -100.9 -100.8 -100.8",0.123,920,0,2804,1378,"-8e+01 -8e+01 -8e+01","0.792 0.208 0.353","0.073 0.048 0.12",32,30,4.10,0.19,0,0,2,0
47.100,6,0.970,0.909,0.043,3,0,-78.353,"-76.3 -81.5 -77.3","1.000 1.000 0.909",-93.966,-100.868,"-100.8 -100.8 -100.8 -100.8 -100.8 -100.9 -100.8 -100.8",0.073,922,0,2809,1380,"-8e+01 -8e+01 -8e+01","0.792 0.208 0.322","0.073 0.048 0.023",23,21,6.99,0.26,2,1,2,0
47.200,6,0.970,0.909,0.043,3,0,-78.473,"-76.6 -81.5 -77.3","1.000 1.000 0.909",-93.966,-100.868,"-100.8 -100.8 -100.8 -100.8 -100.8 -100.9 -100.8 -100.8",0.073,924,0,2814,1382,"-8e+01 -8e+01 -8e+01","0.792 0.188 0.322","0.073 0.048 0.023",50,48,1.36,0.12,0,0,3,0
47.300,6,0.970,0.909,0.043,3,0,-78.353,"-76.3 -81.5 -77.3","1.000 1.000 0.909",-93.966,-100.869,"-100.8 -100.8 -100.8 -100.8 -100.8 -100.9 -100.8 -100.8",0.073,926,0,2821,1385,"-8e+01 -8e+01 -8e+01","0.788 0.188 0.322","0.073 0.048 0.023",42,40,4.72,0.14,0,0,3,0
47.400,6,0.970,0.909,0.043,3,0,-78.352,"-76.6 -81.5 -76.9","1.000 1.000 0.909",-93.966,-100.869,"-100.8 -100.8 -100.8 -100.8 -100.8 -100.9 -100.8 -100.8",0.073,928,0,2825,1387,"-8e+01 -8e+01 -8e+01","0.792 0.188 0.322","0.073 0.048 0.023",33,31,4.90,0.18,0,0,3,0
47.500,6,0.970,0.909,0.043,3,0,-78.353,"-76.3 -81.5 -77.3","1.000 1.000 0.909",-93.966,-100.869,"-100.8 -100.8 -100.8 -100.8 -100.8 -100.9 -100.8 -100.8",0.072,930,0,2831,1389,"-8e+01 -8e+01 -8e+01","0.792 0.192 0.325","0.072 0.048 0.022",31,29,4.31,0.19,0,0,3,0
47.600,6,0.970,0.909,0.043,3,0,-78.352,"-76.6 -81.5 -76.9","1.000 1.000 0.909",-93.966,-100.869,"-100.8 -100.8 -100.8 -100.8 -100.8 -100.9 -100.8 -100.8",0.073,932,0,2840,1392,"-8e+01 -8e+01 -8e+01","0.792 0.192 0.325","0.073 0.048 0.023",51,50,3.85,0.06,1,0,2,0
47.700,6,0.970,0.909,0.043,3,0,-78.353,"-76.3 -81.5 -77.3","1.000 1.000 0.909",-93.966,-100.869,"-100.8 -100.8 -100.8 -100.8 -100.8 -100.9 -100.8 -100.8",0.073,934,0,2845,1394,"-8e+01 -8e+01 -8e+01","0.788 0.192 0.325","0.073 0.048 0.023",22,22,4.38,0.00,0,0,3,0
47.800,6,0.970,0.909,0.043,3,0,-78.473,"-76.6 -81.5 -77.3","1.000 1.000 0.909",-93.966,-100.869,"-100.8 -100.8 -100.8 -100.8 -100.8 -100.9 -100.8 -100.8",0.073,936,0,2848,1396,"-8e+01 -8e+01 -8e+01","0.788 0.192 0.325","0.073 0.048 0.023",25,23,5.66,0.24,1,0,2,0
47.900,6,0.970,0.909,0.043,3,0,-78.473,"-76.6 -81.5 -77.3","1.000 1.000 0.909",-93.966,-100.870,"-100.8 -100.8 -100.8 -100.8 -100.8 -100.9 -100.8 -100.8",0.073,938,0,2854,1398,"-8e+01 -8e+01 -8e+01","0.788 0.192 0.325","0.073 0.048 0.023",56,54,4.02,0.11,1,0,2,0
48.000,6,0.970,0.909,0.043,3,0,-78.473,"-76.6 -81.5 -77.3","1.000 1.000 0.909",-93.966,-100.870,"-100.8 -100.8 -100.8 -100.8 -100.8 -100.9 -100.8 -100.8",0.073,940,0,2862,1400,"-8e+01 -8e+01 -8e+01","0.784 0.192 0.329","0.073 0.048 0.023",38,36,8.96,0.16,0,0,3,0
48.100,6,0.970,0.909,0.043,3,0,-78.473,"-76.6 -81.5 -77.3","1.000 0.909 1.000",-93.966,-100.870,"-100.8 -100.8 -100.8 -100.8 -100.8 -100.9 -100.8 -100.8",0.148,942,0,2866,1403,"-8e+01 -8e+01 -8e+01","0.784 0.192 0.329","0.073 0.15 0.023",19,18,10.33,0.16,0,0,2,0
48.200,6,0.939,0.818,0.086,3,0,-78.353,"-76.6 -81.5 -76.9","1.000 0.818 1.000",-93.966,-100.870,"-100.8 -100.8 -100.8 -100.8 -100.8 -100.9 -100.8 -100.8",0.248,944,0,2873,1407,"-8e+01 -8e+01 -8e+01","0.784 0.192 0.329","0.073 0.25 0.023",27,25,0.76,0.22,0,0,2,0
48.300,6,0.939,0.818,0.086,3,0,-78.473,"-76.6 -81.5 -77.3","1.000 0.818 1.000",-93.966,-100.870,"-100.8 -100.8 -100.8 -100.8 -100.8 -100.9 -100.8 -100.8",0.073,946,0,2876,1409,"-8e+01 -8e+01 -8e+01","0.784 0.192 0.329","0.073 0.048 0.023",30,28,1.28,0.20,2,2,3,0
48.400,6,0.939,0.818,0.086,3,0,-78.473,"-76.6 -81.5 -77.3","1.000 0.818 1.000",-93.966,-100.871,"-100.8 -100.8 -100.8 -100.8 -100.8 -100.9 -100.8 -100.8",0.073,948,0,2881,1411,"-8e+01 -8e+01 -8e+01","0.784 0.192 0.329","0.073 0.048 0.023",28,28,13.44,0.00,1,0,2,0
48.500,6,0.939,0.818,0.086,3,0,-78.352,"-76.6 -81.5 -76.9","1.000 0.818 1.000",-93.966,-100.871,"-100.8 -100.8 -100.8 -100.8 -100.8 -100.9 -100.8 -100.8",0.073,950,0,2888,1416,"-8e+01 -8e+01 -8e+01","0.784 0.192 0.329","0.073 0.048 0.023",28,26,4.06,0.21,0,0,3,0
48.600,6,0.939,0.818,0.086,3,0,-78.352,"-76.6 -81.2 -77.3","1.000 0.818 1.000",-93.966,-100.871,"-100.8 -100.8 -100.8 -100.8 -100.8 -100.9 -100.8 -100.8",0.073,952,0,2895,1418,"-8e+01 -8e+01 -8e+01","0.773 0.192 0.325","0.073 0.048 0.023",40,39,1.02,0.07,0,0,3,0
48.700,6,0.939,0.818,0.086,3,0,-78.473,"-76.6 -81.5 -77.3","1.000 0.818 1.000",-93.966,-100.871,"-100.8 -100.8 -100.8 -100.8 -100.8 -100.9 -100.8 -100.8",0.073,954,0,2898,1420,"-8e+01 -8e+01 -8e+01","0.773 0.192 0.325","0.073 0.048 0.023",20,18,7.95,0.30,0,0,3,0
48.800,6,0.879,0.727,0.113,3,0,-78.233,"-76.3 -81.2 -77.3","0.909 0.727 1.000",-93.966,-100.871,"-100.8 -100.8 -100.8 -100.8 -100.8 -100.9 -100.8 -100.8",0.173,956,0,2905,1424,"-8e+01 -8e+01 -8e+01","0.773 0.192 0.325","0.17 0.15 0.023",72,70,1.53,0.08,0,0,1,0
48.900,6,0.879,0.727,0.113,3,0,-78.473,"-76.6 -81.5 -77.3","0.909 0.727 1.000",-93.966,-100.872,"-100.8 -100.8 -100.8 -100.8 -100.8 -100.9 -100.8 -100.8",0.073,958,0,2908,1426,"-8e+01 -8e+01 -8e+01","0.769 0.196 0.325","0.073 0.048 0.023",22,20,9.53,0.27,2,2,3,0
49.000,6,0.879,0.727,0.113,3,0,-78.233,"-76.3 -81.2 -77.3","0.909 0.727 1.000",-93.966,-100.872,"-100.8 -100.8 -100.8 -100.8 -100.8 -100.9 -100.8 -100.8",0.073,960,0,2916,1428,"-8e+01 -8e+01 -8e+01","0.769 0.196 0.325","0.073 0.046 0.023",56,54,6.19,0.11,1,0,2,0
49.100,6,0.879,0.727,0.113,3,0,-78.473,"-76.6 -81.5 -77.3","0.909 0.727 1.000",-93.966,-100.872,"-100.8 -100.8 -100.8 -100.8 -100.8 -100.9 -100.8 -100.8",0.072,962,0,2920,1430,"-8e+01 -8e+01 -8e+01","0.769 0.196 0.325","0.072 0.048 0.023",23,21,9.72,0.26,0,0,3,0
49.200,6,0.909,0.818,0.074,3,0,-78.353,"-76.3 -81.5 -77.3","0.909 0.818 1.000",-93.966,-100.872,"-100.8 -100.8 -100.8 -100.8 -100.8 -100.9 -100.8 -100.8",0.073,964,0,2925,1434,"-8e+01 -8e+01 -8e+01","0.769 0.196 0.325","0.073 0.048 0.023",17,15,10.03,0.35,0,0,3,0
49.300,6,0.909,0.909,0.000,3,0,-78.352,"-76.6 -81.2 -77.3","0.909 0.909 0.909",-93.966,-100.872,"-100.8 -100.8 -100.8 -100.8 -100.8 -100.9 -100.8 -100.8",0.123,966,0,2928,1437,"-8e+01 -8e+01 -8e+01","0.769 0.196 0.325","0.073 0.048 0.12",33,31,3.65,0.18,0,0,2,0
49.400,6,0.879,0.818,0.043,3,0,-78.233,"-76.3 -81.2 -77.3","0.818 0.909 0.909",-93.966,-100.872,"-100.8 -100.8 -100.8 -100.8 -100.8 -100.9 -100.8 -100.8",0.173,968,0,2933,1440,"-8e+01 -8e+01 -8e+01","0.769 0.196 0.329","0.17 0.048 0.023",31,29,1.46,0.19,1,1,2,0
49.500,6,0.879,0.818,0.043,3,0,-78.473,"-76.6 -81.5 -77.3","0.818 0.909 0.909",-93.966,-100.872,"-100.8 -100.8 -100.8 -100.8 -100.8 -100.9 -100.8 -100.8",0.073,970,0,2936,1442,"-8e+01 -8e+01 -8e+01","0.765 0.196 0.329","0.073 0.048 0.023",24,22,2.79,0.25,1,1,3,0
49.600,6,0.879,0.818,0.043,3,0,-78.233,"-76.3 -81.2 -77.3","0.818 0.909 0.909",-93.966,-100.872,"-100.8 -100.8 -100.8 -100.8 -100.8 -100.9 -100.8 -100.8",0.073,972,0,2944,1444,"-8e+01 -8e+01 -8e+01","0.765 0.196 0.329","0.073 0.046 0.023",48,46,7.16,0.12,1,0,2,0
49.700,6,0.879,0.818,0.043,3,0,-78.352,"-76.6 -81.2 -77.3","0.818 0.909 0.909",-93.966,-100.873,"-100.8 -100.8 -100.8 -100.8 -100.8 -100.9 -100.8 -100.8",0.073,974,0,2949,1446,"-8e+01 -8e+01 -8e+01","0.761 0.196 0.333","0.073 0.048 0.023",51,49,6.80,0.12,0,0,3,0
49.800,6,0.848,0.818,0.043,3,0,-78.233,"-76.3 -81.2 -77.3","0.818 0.909 0.818",-93.966,-100.873,"-100.8 -100.8 -100.8 -100.8 -100.8 -100.9 -100.8 -100.8",0.123,976,0,2954,1449,"-8e+01 -8e+01 -8e+01","0.761 0.196 0.333","0.073 0.048 0.12",28,26,3.43,0.21,0,0,2,0
49.900,6,0.909,0.818,0.074,3,0,-78.473,"-76.6 -81.5 -77.3","0.909 1.000 0.818",-93.966,-100.873,"-100.8 -100.8 -100.8 -100.8 -100.8 -100.9 -100.8 -100.8",0.072,978,0,2957,1451,"-8e+01 -8e+01 -8e+01","0.765 0.196 0.333","0.072 0.048 0.023",30,28,3.58,0.20,1,1,3,0
50.000,6,0.909,0.818,0.074,3,0,-78.233,"-76.3 -81.2 -77.3","0.909 1.000 0.818",-93.966,-100.874,"-100.8 -100.8 -100.8 -100.8 -100.8 -100.9 -100.8 -100.8",0.073,980,0,2965,1453,"-8e+01 -8e+01 -8e+01","0.765 0.196 0.333","0.073 0.047 0.022",48,46,3.16,0.12,1,0,2,0
50.100,6,0.909,0.818,0.074,3,0,-78.473,"-76.6 -81.5 -77.3","0.909 1.000 0.818",-93.966,-100.874,"-100.8 -100.8 -100.8 -100.8 -100.8 -100.9 -100.8 -100.8",0.073,982,0,2968,1455,"-8e+01 -8e+01 -8e+01","0.761 0.2 0.333","0.073 0.048 0.023",24,22,0.76,0.25,0,0,3,0
50.200,6,0.909,0.818,0.074,3,0,-78.353,"-76.3 -81.5 -77.3","0.909 1.000 0.818",-93.966,-100.874,"-100.8 -100.8 -100.8 -100.8 -100.8 -100.9 -100.8 -100.8",0.073,984,0,2977,1457,"-8e+01 -8e+01 -8e+01","0.761 0.2 0.333","0.073 0.048 0.023",53,51,9.05,0.11,1,0,2,0
50.300,6,0.909,0.818,0.074,3,0,-78.352,"-76.6 -81.2 -77.3","0.909 1.000 0.818",-93.966,-100.874,"-100.8 -100.8 -100.8 -100.8 -100.8 -100.9 -100.8 -100.8",0.072,986,0,2982,1459,"-8e+01 -8e+01 -8e+01","0.761 0.2 0.333","0.072 0.048 0.023",44,42,5.35,0.14,0,0,3,0
50.400,6,0.939,0.909,0.043,3,0,-78.353,"-76.3 -81.5 -77.3","0.909 1.000 0.909",-93.966,-100.874,"-100.8 -100.8 -100.8 -100.8 -100.8 -100.9 -100.8 -100.8",0.073,988,0,2989,1461,"-8e+01 -8e+01 -8e+01","0.761 0.204 0.337","0.073 0.048 0.023",40,38,3.94,0.15,0,0,3,0
50.500,6,0.939,0.818,0.086,3,0,-78.473,"-76.6 -81.5 -77.3","1.000 1.000 0.818",-93.966,-100.875,"-100.8 -100.8 -100.8 -100.8 -100.8 -100.9 -100.8 -100.8",0.123,990,0,2991,1466,"-8e+01 -8e+01 -8e+01","0.761 0.204 0.337","0.073 0.048 0.12",19,17,6.18,0.32,0,0,2,0
50.600,6,0.939,0.818,0.086,3,0,-78.233,"-76.3 -81.2 -77.3","1.000 1.000 0.818",-93.966,-100.875,"-100.8 -100.8 -100.8 -100.8 -100.8 -100.9 -100.8 -100.8",0.073,992,0,2998,1468,"-8e+01 -8e+01 -8e+01","0.761 0.204 0.337","0.073 0.047 0.023",50,48,4.54,0.12,1,1,3,0
50.700,6,0.939,0.818,0.086,3,0,-78.352,"-76.6 -81.2 -77.3","1.000 1.000 0.818",-93.966,-100.875,"-100.8 -100.8 -100.8 -100.8 -100.8 -100.9 -100.8 -100.8",0.073,994,0,3004,1470,"-8e+01 -8e+01 -8e+01","0.761 0.204 0.337","0.073 0.048 0.022",56,54,4.62,0.11,1,0,2,0
50.800,6,0.939,0.818,0.086,3,0,-78.353,"-76.3 -81.5 -77.3","1.000 1.000 0.818",-93.966,-100.875,"-100.8 -100.8 -100.8 -100.8 -100.8 -100.9 -100.8 -100.8",0.073,996,0,3010,1472,"-8e+01 -8e+01 -8e+01","0.753 0.204 0.337","0.073 0.047 0.023",23,21,7.39,0.26,0,0,3,0
50.900,6,0.939,0.818,0.086,3,0,-78.352,"-76.6 -81.2 -77.3","1.000 1.000 0.818",-93.966,-100.876,"-100.8 -100.8 -100.8 -100.8 -100.8 -100.9 -100.8 -100.8",0.123,998,0,3015,1475,"-8e+01 -8e+01 -8e+01","0.753 0.204 0.337","0.073 0.048 0.12",65,63,1.22,0.09,0,0,2,0
51.000,6,0.909,0.727,0.129,3,0,-78.352,"-76.6 -81.2 -77.3","1.000 1.000 0.727",-93.966,-100.876,"-100.8 -100.8 -100.8 -100.8 -100.8 -100.9 -100.8 -100.8",0.223,1000,0,3018,1479,"-8e+01 -8e+01 -8e+01","0.753 0.204 0.337","0.073 0.048 0.22",44,42,2.84,0.14,0,0,2,0
51.100,6,0.909,0.727,0.129,3,0,-78.352,"-76.6 -81.2 -77.3","1.000 1.000 0.727",-93.966,-100.876,"-100.8 -100.8 -100.8 -100.8 -100.8 -100.9 -100.8 -100.8",0.072,1002,0,3023,1481,"-8e+01 -8e+01 -8e+01","0.753 0.208 0.341","0.072 0.048 0.023",42,40,3.27,0.14,2,2,3,0
51.200,6,0.909,0.727,0.129,3,0,-78.353,"-76.3 -81.5 -77.3","1.000 1.000 0.727",-93.966,-100.876,"-100.8 -100.8 -100.8 -100.8 -100.8 -100.9 -100.8 -100.8",0.073,1004,0,3028,1483,"-8e+01 -8e+01 -8e+01","0.753 0.212 0.341","0.073 0.048 0.023",18,16,1.32,0.33,0,0,3,0
51.300,6,0.879,0.727,0.113,3,0,-78.352,"-76.6 -81.2 -77.3","1.000 0.909 0.727",-93.966,-100.876,"-100.8 -100.8 -100.8 -100.8 -100.8 -100.9 -100.8 -100.8",0.148,1006,0,3035,1486,"-8e+01 -8e+01 -8e+01","0.753 0.212 0.341","0.073 0.15 0.023",68,66,5.99,0.09,0,0,2,0
51.400,6,0.879,0.727,0.113,3,0,-78.353,"-76.3 -81.5 -77.3","1.000 0.909 0.727",-93.966,-100.876,"-100.8 -100.8 -100.8 -100.8 -100.8 -100.9 -100.8 -100.8",0.073,1008,0,3042,1490,"-8e+01 -8e+01 -8e+01","0.753 0.216 0.349","0.073 0.045 0.023",47,45,5.23,0.13,3,1,1,0
51.500,6,0.879,0.727,0.113,3,0,-78.352,"-76.6 -81.2 -77.3","1.000 0.909 0.727",-93.966,-100.877,"-100.8 -100.8 -100.8 -100.8 -100.8 -100.9 -100.8 -100.8",0.072,1010,0,3047,1492,"-8e+01 -8e+01 -8e+01","0.753 0.216 0.349","0.072 0.048 0.023",53,51,1.26,0.11,0,0,3,0
51.600,6,0.879,0.727,0.113,3,0,-78.233,"-76.3 -81.2 -77.3","1.000 0.909 0.727",-93.966,-100.877,"-100.8 -100.8 -100.8 -100.8 -100.8 -100.9 -100.8 -100.8",0.123,1012,0,3056,1495,"-8e+01 -8e+01 -8e+01","0.753 0.216 0.349","0.073 0.045 0.12",77,75,8.04,0.08,1,0,1,0
51.700,6,0.879,0.727,0.113,3,0,-78.473,"-76.6 -81.5 -77.3","1.000 0.909 0.727",-93.966,-100.877,"-100.8 -100.8 -100.8 -100.8 -100.8 -100.9 -100.8 -100.8",0.073,1014,0,3059,1497,"-8e+01 -8e+01 -8e+01","0.753 0.22 0.353","0.073 0.047 0.023",26,24,7.90,0.23,2,1,2,0
51.800,6,0.879,0.727,0.113,3,0,-78.233,"-76.3 -81.2 -77.3","1.000 0.909 0.727",-93.966,-100.877,"-100.8 -100.8 -100.8 -100.8 -100.8 -100.9 -100.8 -100.8",0.073,1016,0,3068,1499,"-8e+01 -8e+01 -8e+01","0.753 0.22 0.357","0.073 0.048 0.021",73,71,2.73,0.08,1,0,2,0
51.900,6,0.879,0.727,0.113,3,0,-78.473,"-76.6 -81.5 -77.3","1.000 0.909 0.727",-93.966,-100.877,"-100.8 -100.8 -100.8 -100.8 -100.8 -100.9 -100.8 -100.8",0.073,1018,0,3072,1501,"-8e+01 -8e+01 -8e+01","0.753 0.22 0.357","0.073 0.048 0.023",34,32,1.48,0.18,1,0,2,0
52.000,6,0.909,0.818,0.074,3,0,-78.353,"-76.3 -81.5 -77.3","1.000 0.909 0.818",-93.966,-100.878,"-100.8 -100.8 -100.8 -100.8 -100.8 -100.9 -100.8 -100.8",0.073,1020,0,3077,1503,"-8e+01 -8e+01 -8e+01","0.753 0.22 0.357","0.073 0.047 0.023",31,29,6.09,0.19,0,0,3,0
52.100,6,0.909,0.909,0.000,3,0,-78.353,"-76.3 -81.5 -77.3","0.909 0.909 0.909",-93.966,-100.878,"-100.8 -100.8 -100.8 -100.8 -100.8 -100.9 -100.8 -100.8",0.173,1022,0,3082,1507,"-8e+01 -8e+01 -8e+01","0.753 0.22 0.361","0.17 0.048 0.023",49,47,4.19,0.12,0,0,2,0
52.200,6,0.909,0.909,0.000,3,0,-78.352,"-76.6 -81.2 -77.3","0.909 0.909 0.909",-93.966,-100.878,"-100.8 -100.8 -100.8 -100.8 -100.8 -100.9 -100.8 -100.8",0.073,1024,0,3087,1509,"-8e+01 -8e+01 -8e+01","0.753 0.224 0.361","0.073 0.048 0.023",46,44,0.51,0.13,1,1,3,0
52.300,6,0.879,0.818,0.043,3,0,-78.352,"-76.6 -81.2 -77.3","0.909 0.818 0.909",-93.966,-100.879,"-100.8 -100.8 -100.8 -100.8 -100.8 -100.9 -100.8 -100.8",0.148,1026,0,3092,1512,"-8e+01 -8e+01 -8e+01","0.753 0.224 0.365","0.073 0.15 0.022",34,32,4.45,0.18,0,0,2,0
52.400,6,0.909,0.909,0.000,3,0,-78.473,"-76.6 -81.5 -77.3","0.909 0.909 0.909",-93.966,-100.879,"-100.8 -100.8 -100.8 -100.8 -100.8 -100.9 -100.8 -100.8",0.072,1028,0,3095,1515,"-8e+01 -8e+01 -8e+01","0.753 0.227 0.365","0.072 0.048 0.023",23,21,1.05,0.26,1,1,3,0
52.500,6,0.909,0.909,0.000,3,0,-78.473,"-76.6 -81.5 -77.3","0.909 0.909 0.909",-93.966,-100.879,"-100.8 -100.8 -100.8 -100.8 -100.8 -100.9 -100.8 -100.8",0.072,1030,0,3102,1517,"-8e+01 -8e+01 -8e+01","0.753 0.227 0.365","0.072 0.048 0.023",21,19,2.17,0.29,0,0,3,0
52.600,6,0.909,0.909,0.000,3,0,-78.473,"-76.6 -81.5 -77.3","0.909 0.909 0.909",-93.966,-100.880,"-100.8 -100.8 -100.8 -100.8 -100.8 -100.9 -100.8 -100.8",0.073,1032,0,3105,1519,"-8e+01 -8e+01 -8e+01","0.753 0.227 0.365","0.073 0.048 0.023",28,26,5.53,0.21,0,0,3,0
52.700,6,0.939,0.909,0.043,3,0,-78.352,"-76.6 -81.2 -77.3","0.909 0.909 1.000",-93.966,-100.880,"-100.8 -100.8 -100.8 -100.8 -100.8 -100.9 -100.8 -100.8",0.072,1034,0,3113,1521,"-8e+01 -8e+01 -8e+01","0.753 0.227 0.365","0.072 0.048 0.023",51,49,7.30,0.12,1,0,2,0
52.800,6,0.939,0.909,0.043,3,0,-78.473,"-76.6 -81.5 -77.3","0.909 0.909 1.000",-93.966,-100.880,"-100.8 -100.8 -100.8 -100.8 -100.9 -100.9 -100.9 -100.8",0.073,1036,0,3116,1523,"-8e+01 -8e+01 -8e+01","0.745 0.227 0.365","0.073 0.048 0.023",16,14,18.85,0.38,0,0,3,0
52.900,6,0.909,0.909,0.000,3,0,-78.352,"-76.6 -81.2 -77.3","0.909 0.909 0.909",-93.966,-100.880,"-100.8 -100.8 -100.8 -100.8 -100.9 -100.9 -100.9 -100.8",0.123,1038,0,3123,1526,"-8e+01 -8e+01 -8e+01","0.745 0.227 0.365","0.073 0.048 0.12",56,54,2.11,0.11,1,0,1,0
53.000,6,0.879,0.818,0.043,3,0,-78.473,"-76.6 -81.5 -77.3","0.818 0.909 0.909",-93.966,-100.880,"-100.8 -100.8 -100.8 -100.9 -100.9 -100.9 -100.9 -100.9",0.173,1040,0,3127,1529,"-8e+01 -8e+01 -8e+01","0.745 0.231 0.369","0.17 0.048 0.023",37,35,1.92,0.16,1,1,2,0
53.100,6,0.879,0.818,0.043,3,0,-78.473,"-76.6 -81.5 -77.3","0.818 0.909 0.909",-93.966,-100.881,"-100.8 -100.8 -100.8 -100.9 -100.9 -100.9 -100.9 -100.9",0.073,1042,0,3132,1532,"-8e+01 -8e+01 -8e+01","0.745 0.231 0.369","0.073 0.048 0.023",24,22,6.81,0.25,1,1,3,0
53.200,6,0.909,0.909,0.000,3,0,-78.473,"-76.6 -81.5 -77.3","0.909 0.909 0.909",-93.966,-100.881,"-100.8 -100.8 -100.8 -100.9 -100.9 -100.9 -100.9 -100.9",0.073,1044,0,3135,1534,"-8e+01 -8e+01 -8e+01","0.745 0.231 0.369","0.073 0.048 0.023",24,22,8.58,0.25,0,0,3,0
53.300,6,0.909,0.909,0.000,3,0,-78.353,"-76.3 -81.5 -77.3","0.909 0.909 0.909",-93.966,-100.881,"-100.8 -100.8 -100.8 -100.9 -100.9 -100.9 -100.9 -100.9",0.073,1046,0,3140,1536,"-8e+01 -8e+01 -8e+01","0.745 0.231 0.369","0.073 0.048 0.023",24,22,2.62,0.25,0,0,3,0
53.400,6,0.909,0.909,0.000,3,0,-78.352,"-76.6 -81.2 -77.3","0.909 0.909 0.909",-93.966,-100.881,"-100.8 -100.8 -100.9 -100.9 -100.9 -100.9 -100.9 -100.9",0.148,1048,0,3143,1539,"-8e+01 -8e+01 -8e+01","0.745 0.231 0.365","0.073 0.15 0.023",35,33,4.85,0.17,0,0,2,0
53.500,6,0.909,0.909,0.000,3,0,-78.233,"-76.3 -81.2 -77.3","0.909 0.909 0.909",-93.966,-100.881,"-100.8 -100.8 -100.9 -100.9 -100.9 -100.9 -100.9 -100.9",0.073,1050,0,3152,1541,"-8e+01 -8e+01 -8e+01","0.741 0.231 0.365","0.073 0.048 0.023",56,54,4.72,0.11,1,1,3,0
53.600,6,0.909,0.909,0.000,3,0,-78.473,"-76.6 -81.5 -77.3","0.909 0.909 0.909",-93.966,-100.882,"-100.8 -100.8 -100.9 -100.9 -100.9 -100.9 -100.9 -100.9",0.072,1052,0,3156,1543,"-8e+01 -8e+01 -8e+01","0.741 0.231 0.365","0.072 0.048 0.023",33,31,2.15,0.18,0,0,3,0
53.700,6,0.909,0.909,0.000,3,0,-78.233,"-76.3 -81.2 -77.3","0.909 0.909 0.909",-93.966,-100.882,"-100.8 -100.8 -100.9 -100.9 -100.9 -100.9 -100.9 -100.9",0.073,1054,0,3162,1545,"-8e+01 -8e+01 -8e+01","0.741 0.231 0.365","0.073 0.048 0.021",32,30,0.61,0.19,1,0,2,0
53.800,6,0.909,0.909,0.000,3,0,-78.473,"-76.6 -81.5 -77.3","0.909 0.909 0.909",-93.966,-100.882,"-100.8 -100.8 -100.9 -100.9 -100.9 -100.9 -100.9 -100.9",0.073,1056,0,3167,1547,"-8e+01 -8e+01 -8e+01","0.737 0.231 0.365","0.073 0.048 0.023",37,35,5.86,0.16,0,0,3,0
53.900,6,0.909,0.909,0.000,3,0,-78.353,"-76.3 -81.5 -77.3","0.909 0.909 0.909",-93.966,-100.882,"-100.8 -100.8 -100.9 -100.9 -100.9 -100.9 -100.9 -100.9",0.073,1058,0,3172,1549,"-8e+01 -8e+01 -8e+01","0.737 0.231 0.365","0.073 0.048 0.023",22,20,9.02,0.27,0,0,3,0
54.000,6,0.939,0.909,0.043,3,0,-78.352,"-76.6 -81.2 -77.3","0.909 0.909 1.000",-93.966,-100.883,"-100.8 -100.8 -100.9 -100.9 -100.9 -100.9 -100.9 -100.9",0.072,1060,0,3177,1551,"-8e+01 -8e+01 -8e+01","0.737 0.231 0.365","0.072 0.048 0.023",59,57,2.97,0.10,0,0,3,0
54.100,6,0.970,0.909,0.043,3,0,-78.233,"-76.3 -81.2 -77.3","1.000 0.909 1.000",-93.966,-100.883,"-100.8 -100.8 -100.9 -100.9 -100.9 -100.9 -100.9 -100.9",0.072,1062,0,3183,1555,"-8e+01 -8e+01 -8e+01","0.733 0.231 0.369","0.072 0.047 0.022",35,33,4.04,0.17,2,0,1,0
54.200,6,0.970,0.909,0.043,3,0,-78.473,"-76.6 -81.5 -77.3","1.000 0.909 1.000",-93.966,-100.883,"-100.8 -100.8 -100.9 -100.9 -100.9 -100.9 -100.9 -100.9",0.073,1064,0,3188,1557,"-8e+01 -8e+01 -8e+01","0.733 0.235 0.369","0.073 0.048 0.023",49,47,2.58,0.12,0,0,3,0
54.300,6,0.970,0.909,0.043,3,0,-78.233,"-76.3 -81.2 -77.3","1.000 0.909 1.000",-93.966,-100.883,"-100.8 -100.8 -100.9 -100.9 -100.9 -100.9 -100.9 -100.9",0.073,1066,0,3197,1559,"-8e+01 -8e+01 -8e+01","0.733 0.235 0.369","0.073 0.046 0.023",47,45,14.94,0.13,0,0,3,0
54.400,6,0.970,0.909,0.043,3,0,-78.352,"-76.6 -81.2 -77.3","1.000 0.909 1.000",-93.966,-100.883,"-100.8 -100.8 -100.9 -100.9 -100.9 -100.9 -100.9 -100.9",0.073,1068,0,3202,1561,"-8e+01 -8e+01 -8e+01","0.733 0.239 0.373","0.073 0.047 0.023",44,42,11.28,0.14,1,0,2,0
54.500,6,0.970,0.909,0.043,3,0,-78.353,"-76.3 -81.5 -77.3","1.000 1.000 0.909",-93.966,-100.883,"-100.8 -100.8 -100.9 -100.9 -100.9 -100.9 -100.9 -100.9",0.123,1070,0,3211,1564,"-8e+01 -8e+01 -8e+01","0.733 0.243 0.373","0.073 0.048 0.12",56,54,4.57,0.11,0,0,2,0
54.600,6,0.939,0.909,0.043,3,0,-78.352,"-76.6 -81.2 -77.3","1.000 0.909 0.909",-93.966,-100.883,"-100.8 -100.8 -100.9 -100.9 -100.9 -100.9 -100.9 -100.9",0.148,1072,0,3217,1567,"-8e+01 -8e+01 -8e+01","0.733 0.243 0.376","0.073 0.15 0.022",70,68,7.50,0.09,1,1,2,0
54.700,6,0.939,0.909,0.043,3,0,-78.353,"-76.3 -81.5 -77.3","1.000 0.909 0.909",-93.966,-100.884,"-100.8 -100.8 -100.9 -100.9 -100.9 -100.9 -100.9 -100.9",0.073,1074,0,3223,1569,"-8e+01 -8e+01 -8e+01","0.733 0.243 0.376","0.073 0.048 0.023",30,28,7.12,0.20,1,1,3,0
54.800,6,0.939,0.909,0.043,3,0,-78.352,"-76.6 -81.2 -77.3","1.000 0.909 0.909",-93.966,-100.884,"-100.8 -100.8 -100.9 -100.9 -100.9 -100.9 -100.9 -100.9",0.073,1076,0,3229,1571,"-8e+01 -8e+01 -8e+01","0.733 0.243 0.376","0.073 0.046 0.023",58,56,7.24,0.10,1,0,2,0
54.900,6,0.939,0.909,0.043,3,0,-78.233,"-76.3 -81.2 -77.3","1.000 0.909 0.909",-93.966,-100.884,"-100.8 -100.8 -100.9 -100.9 -100.9 -100.9 -100.9 -100.9",0.073,1078,0,3235,1573,"-8e+01 -8e+01 -8e+01","0.733 0.243 0.376","0.073 0.048 0.023",31,29,7.71,0.19,0,0,3,0
55.000,6,0.939,0.909,0.043,3,0,-78.473,"-76.6 -81.5 -77.3","1.000 0.909 0.909",-93.966,-100.885,"-100.8 -100.8 -100.9 -100.9 -100.9 -100.9 -100.9 -100.9",0.072,1080,0,3238,1575,"-8e+01 -8e+01 -8e+01","0.733 0.243 0.38","0.072 0.048 0.023",33,31,1.45,0.18,0,0,3,0
55.100,6,0.939,0.909,0.043,3,0,-78.353,"-76.3 -81.5 -77.3","1.000 0.909 0.909",-93.966,-100.885,"-100.8 -100.8 -100.9 -100.9 -100.9 -100.9 -100.9 -100.9",0.073,1082,0,3244,1577,"-8e+01 -8e+01 -8e+01","0.733 0.243 0.38","0.073 0.048 0.023",25,23,5.41,0.24,0,0,3,0
55.200,6,0.939,0.909,0.043,3,0,-78.473,"-76.6 -81.5 -77.3","1.000 0.909 0.909",-93.966,-100.885,"-100.8 -100.8 -100.9 -100.9 -100.9 -100.9 -100.9 -100.9",0.073,1084,0,3247,1579,"-8e+01 -8e+01 -8e+01","0.733 0.243 0.38","0.073 0.048 0.023",24,22,8.13,0.25,0,0,3,0
55.300,6,0.909,0.818,0.074,3,0,-78.473,"-76.6 -81.5 -77.3","1.000 0.909 0.818",-93.966,-100.885,"-100.8 -100.8 -100.9 -100.9 -100.9 -100.9 -100.9 -100.9",0.123,1086,0,3250,1583,"-8e+01 -8e+01 -8e+01","0.733 0.243 0.38","0.071 0.048 0.12",17,15,3.36,0.35,0,0,2,0
55.400,6,0.909,0.818,0.074,3,0,-78.473,"-76.6 -81.5 -77.3","1.000 0.909 0.818",-93.966,-100.885,"-100.8 -100.8 -100.9 -100.9 -100.9 -100.9 -100.9 -100.9",0.073,1088,0,3257,1585,"-8e+01 -8e+01 -8e+01","0.733 0.243 0.376","0.073 0.048 0.023",61,60,9.11,0.05,2,1,2,0
55.500,6,0.909,0.818,0.074,3,0,-78.353,"-76.3 -81.5 -77.3","1.000 0.909 0.818",-93.966,-100.886,"-100.8 -100.8 -100.9 -100.9 -100.9 -100.9 -100.9 -100.9",0.073,1090,0,3263,1588,"-8e+01 -8e+01 -8e+01","0.725 0.243 0.376","0.073 0.048 0.023",24,22,1.24,0.25,1,0,2,0
55.600,6,0.939,0.909,0.043,3,0,-78.473,"-76.6 -81.5 -77.3","1.000 0.909 0.909",-93.966,-100.886,"-100.8 -100.8 -100.9 -100.9 -100.9 -100.9 -100.9 -100.9",0.073,1092,0,3267,1590,"-8e+01 -8e+01 -8e+01","0.725 0.243 0.376","0.073 0.048 0.023",32,30,3.10,0.19,0,0,3,0
55.700,6,0.939,0.818,0.086,3,0,-78.353,"-76.3 -81.5 -77.3","1.000 1.000 0.818",-93.966,-100.886,"-100.8 -100.8 -100.9 -100.9 -100.9 -100.9 -100.9 -100.9",0.123,1094,0,3272,1593,"-8e+01 -8e+01 -8e+01","0.725 0.243 0.376","0.073 0.048 0.12",24,22,10.91,0.25,0,0,2,0
55.800,6,0.939,0.818,0.086,3,0,-78.352,"-76.6 -81.2 -77.3","1.000 1.000 0.818",-93.966,-100.886,"-100.8 -100.8 -100.9 -100.9 -100.9 -100.9 -100.9 -100.9",0.073,1096,0,3278,1596,"-8e+01 -8e+01 -8e+01","0.725 0.243 0.376","0.073 0.048 0.021",55,53,5.87,0.11,1,1,3,0
55.900,6,0.939,0.818,0.086,3,0,-78.353,"-76.3 -81.5 -77.3","1.000 1.000 0.818",-93.966,-100.886,"-100.8 -100.8 -100.9 -100.9 -100.9 -100.9 -100.9 -100.9",0.071,1098,0,3284,1598,"-8e+01 -8e+01 -8e+01","0.722 0.243 0.376","0.071 0.048 0.023",26,24,2.73,0.23,0,0,3,0
56.000,6,0.939,0.818,0.086,3,0,-78.352,"-76.6 -81.2 -77.3","1.000 1.000 0.818",-93.966,-100.887,"-100.8 -100.8 -100.9 -100.9 -100.9 -100.9 -100.9 -100.9",0.073,1100,0,3289,1600,"-8e+01 -8e+01 -8e+01","0.722 0.243 0.376","0.073 0.048 0.022",37,35,1.98,0.16,0,0,3,0
56.100,6,0.909,0.727,0.129,3,0,-78.233,"-76.3 -81.2 -77.3","1.000 1.000 0.727",-93.966,-100.887,"-100.8 -100.8 -100.9 -100.9 -100.9 -100.9 -100.9 -100.9",0.122,1102,0,3296,1604,"-8e+01 -8e+01 -8e+01","0.722 0.243 0.376","0.073 0.048 0.12",45,43,4.03,0.13,0,0,2,0
56.200,6,0.879,0.727,0.113,3,0,-78.353,"-76.3 -81.5 -77.3","0.909 1.000 0.727",-81.274,-100.887,"-100.8 -100.8 -100.9 -100.9 -100.9 -100.9 -100.9 -100.9",0.173,1104,0,3298,1608,"-8e+01 -8e+01 -8e+01","0.722 0.243 0.376","0.17 0.048 0.023",19,17,2.38,0.32,1,1,2,0
56.300,6,0.879,0.727,0.113,3,0,-78.353,"-76.3 -81.5 -77.3","0.909 1.000 0.727",-93.966,-100.888,"-100.8 -100.8 -100.9 -100.9 -100.9 -100.9 -100.9 -100.9",0.073,1106,0,3305,1612,"-8e+01 -8e+01 -8e+01","0.718 0.243 0.38","0.073 0.048 0.023",47,45,2.38,0.13,1,1,3,0
56.400,6,0.909,0.818,0.074,3,0,-78.352,"-76.6 -81.2 -77.3","0.909 1.000 0.818",-93.966,-100.888,"-100.8 -100.8 -100.9 -100.9 -100.9 -100.9 -100.9 -100.9",0.072,1108,0,3309,1614,"-8e+01 -8e+01 -8e+01","0.718 0.243 0.38","0.072 0.048 0.023",38,36,4.81,0.16,0,0,3,0
56.500,6,0.909,0.818,0.074,3,0,-78.473,"-76.6 -81.5 -77.3","0.909 1.000 0.818",-93.966,-100.888,"-100.8 -100.8 -100.9 -100.9 -100.9 -100.9 -100.9 -100.9",0.073,1110,0,3312,1616,"-8e+01 -8e+01 -8e+01","0.718 0.239 0.38","0.073 0.048 0.023",24,22,2.40,0.25,0,0,3,0
56.600,6,0.848,0.727,0.113,3,0,-78.353,"-76.3 -81.5 -77.3","0.818 1.000 0.727",-93.966,-100.888,"-100.8 -100.8 -100.9 -100.9 -100.9 -100.9 -100.9 -100.9",0.173,1112,0,3315,1620,"-8e+01 -8e+01 -8e+01","0.718 0.239 0.38","0.17 0.048 0.12",17,15,3.91,0.35,0,0,1,0
56.700,6,0.848,0.727,0.113,3,0,-78.352,"-76.6 -81.2 -77.3","0.818 1.000 0.727",-93.966,-100.888,"-100.8 -100.8 -100.9 -100.9 -100.9 -100.9 -100.9 -100.9",0.073,1114,0,3319,1622,"-8e+01 -8e+01 -8e+01","0.718 0.239 0.38","0.073 0.048 0.023",26,24,9.68,0.23,2,2,3,0
56.800,6,0.879,0.818,0.086,3,0,-78.352,"-76.6 -81.2 -77.3","0.818 1.000 0.818",-93.966,-100.888,"-100.8 -100.8 -100.9 -100.9 -100.9 -100.9 -100.9 -100.9",0.073,1116,0,3325,1626,"-8e+01 -8e+01 -8e+01","0.714 0.243 0.38","0.073 0.047 0.023",33,31,10.05,0.18,0,0,3,0
56.900,6,0.879,0.818,0.086,3,0,-78.473,"-76.6 -81.5 -77.3","0.818 1.000 0.818",-93.966,-100.889,"-100.8 -100.8 -100.9 -100.9 -100.9 -100.9 -100.9 -100.9",0.073,1118,0,3330,1628,"-8e+01 -8e+01 -8e+01","0.718 0.243 0.384","0.073 0.048 0.023",37,35,5.45,0.16,0,0,3,0
57.000,6,0.879,0.818,0.086,3,0,-78.473,"-76.6 -81.5 -77.3","0.818 1.000 0.818",-93.966,-100.889,"-100.8 -100.8 -100.9 -100.9 -100.9 -100.9 -100.9 -100.9",0.073,1120,0,3337,1630,"-8e+01 -8e+01 -8e+01","0.718 0.243 0.384","0.073 0.048 0.023",42,40,8.85,0.14,0,0,3,0
57.100,6,0.879,0.818,0.086,3,0,-78.473,"-76.6 -81.5 -77.3","0.818 1.000 0.818",-93.966,-100.889,"-100.8 -100.8 -100.9 -100.9 -100.9 -100.9 -100.9 -100.9",0.073,1122,0,3340,1632,"-8e+01 -8e+01 -8e+01","0.714 0.243 0.384","0.073 0.048 0.023",17,15,9.92,0.35,0,0,3,0
57.200,6,0.909,0.818,0.074,3,0,-78.352,"-76.6 -81.2 -77.3","0.818 1.000 0.909",-93.966,-100.889,"-100.8 -100.8 -100.9 -100.9 -100.9 -100.9 -100.9 -100.9",0.073,1124,0,3349,1634,"-8e+01 -8e+01 -8e+01","0.714 0.243 0.384","0.073 0.048 0.023",53,51,2.08,0.11,0,0,3,0
57.300,6,0.939,0.909,0.043,3,0,-78.473,"-76.6 -81.5 -77.3","0.909 1.000 0.909",-93.966,-100.889,"-100.8 -100.8 -100.9 -100.9 -100.9 -100.9 -100.9 -100.9",0.073,1126,0,3352,1636,"-8e+01 -8e+01 -8e+01","0.714 0.243 0.384","0.073 0.048 0.023",20,18,9.54,0.30,0,0,3,0
57.400,6,0.939,0.909,0.043,3,0,-78.352,"-76.6 -81.2 -77.3","0.909 1.000 0.909",-93.966,-100.889,"-100.8 -100.8 -100.9 -100.9 -100.9 -100.9 -100.9 -100.9",0.073,1128,0,3359,1638,"-8e+01 -8e+01 -8e+01","0.714 0.243 0.384","0.073 0.048 0.023",47,45,12.50,0.13,0,0,3,0
57.500,6,0.939,0.909,0.043,3,0,-78.352,"-76.6 -81.2 -77.3","0.909 1.000 0.909",-93.966,-100.890,"-100.8 -100.8 -100.9 -100.9 -100.9 -100.9 -100.9 -100.9",0.073,1130,0,3365,1640,"-8e+01 -8e+01 -8e+01","0.714 0.243 0.384","0.073 0.048 0.023",52,50,7.99,0.12,0,0,3,0
57.600,6,0.909,0.909,0.000,3,0,-78.233,"-76.3 -81.2 -77.3","0.909 0.909 0.909",-93.966,-100.890,"-100.8 -100.8 -100.9 -100.9 -100.9 -100.9 -100.9 -100.9",0.148,1132,0,3371,1643,"-8e+01 -8e+01 -8e+01","0.714 0.243 0.388","0.073 0.15 0.023",56,54,1.97,0.11,1,0,1,0
57.700,6,0.970,0.909,0.043,3,0,-78.473,"-76.6 -81.5 -77.3","1.000 0.909 1.000",-93.966,-100.890,"-100.8 -100.8 -100.9 -100.9 -100.9 -100.9 -100.9 -100.9",0.073,1134,0,3374,1645,"-8e+01 -8e+01 -8e+01","0.714 0.239 0.388","0.073 0.048 0.023",17,15,12.29,0.35,1,1,3,0
57.800,6,0.970,0.909,0.043,3,0,-78.353,"-76.3 -81.5 -77.3","1.000 0.909 1.000",-93.966,-100.891,"-100.8 -100.8 -100.9 -100.9 -100.9 -100.9 -100.9 -100.9",0.073,1136,0,3380,1647,"-8e+01 -8e+01 -8e+01","0.714 0.239 0.388","0.073 0.048 0.023",37,35,4.39,0.16,0,0,3,0
57.900,6,0.970,0.909,0.043,3,0,-78.473,"-76.6 -81.5 -77.3","1.000 0.909 1.000",-93.966,-100.891,"-100.8 -100.8 -100.9 -100.9 -100.9 -100.9 -100.9 -100.9",0.073,1138,0,3384,1649,"-8e+01 -8e+01 -8e+01","0.714 0.239 0.388","0.073 0.048 0.023",24,22,6.89,0.25,0,0,3,0
58.000,6,0.970,0.909,0.043,3,0,-78.353,"-76.3 -81.5 -77.3","1.000 0.909 1.000",-93.966,-100.891,"-100.8 -100.8 -100.9 -100.9 -100.9 -100.9 -100.9 -100.9",0.073,1140,0,3389,1651,"-8e+01 -8e+01 -8e+01","0.714 0.239 0.388","0.073 0.048 0.023",24,22,6.09,0.25,0,0,3,0
58.100,6,0.939,0.818,0.086,3,0,-78.473,"-76.6 -81.5 -77.3","1.000 0.818 1.000",-93.966,-100.891,"-100.8 -100.8 -100.9 -100.9 -100.9 -100.9 -100.9 -100.9",0.148,1142,0,3392,1654,"-8e+01 -8e+01 -8e+01","0.714 0.239 0.388","0.073 0.15 0.022",29,27,3.40,0.21,1,0,1,0
58.200,6,0.939,0.818,0.086,3,0,-78.353,"-76.3 -81.5 -77.3","1.000 0.818 1.000",-93.966,-100.891,"-100.8 -100.8 -100.9 -100.9 -100.9 -100.9 -100.9 -100.9",0.073,1144,0,3397,1656,"-8e+01 -8e+01 -8e+01","0.714 0.239 0.388","0.073 0.048 0.023",15,13,5.19,0.40,1,1,3,0
58.300,6,0.939,0.818,0.086,3,0,-78.352,"-76.6 -81.2 -77.3","1.000 0.818 1.000",-93.966,-100.891,"-100.8 -100.8 -100.9 -100.9 -100.9 -100.9 -100.9 -100.9",0.072,1146,0,3404,1660,"-8e+01 -8e+01 -8e+01","0.714 0.239 0.384","0.072 0.048 0.023",61,60,1.50,0.05,0,0,3,0
58.400,6,0.909,0.818,0.074,3,0,-78.353,"-76.3 -81.5 -77.3","0.909 0.818 1.000",-93.966,-100.892,"-100.8 -100.8 -100.9 -100.9 -100.9 -100.9 -100.9 -100.9",0.172,1148,0,3409,1663,"-8e+01 -8e+01 -8e+01","0.714 0.239 0.384","0.17 0.048 0.023",25,23,1.20,0.24,0,0,2,0
58.500,6,0.909,0.818,0.074,3,0,-78.473,"-76.6 -81.5 -77.3","0.909 0.818 1.000",-93.966,-100.893,"-100.8 -100.8 -100.9 -100.9 -100.9 -100.9 -100.9 -100.9",0.073,1150,0,3414,1665,"-8e+01 -8e+01 -8e+01","0.702 0.239 0.384","0.073 0.048 0.023",24,22,4.78,0.25,1,1,3,0
58.600,6,0.879,0.818,0.043,3,0,-78.353,"-76.3 -81.5 -77.3","0.909 0.818 0.909",-93.966,-100.893,"-100.8 -100.8 -100.9 -100.9 -100.9 -100.9 -100.9 -100.9",0.123,1152,0,3420,1668,"-8e+01 -8e+01 -8e+01","0.702 0.239 0.384","0.073 0.048 0.12",39,37,8.47,0.15,0,0,2,0
58.700,6,0.909,0.909,0.000,3,0,-78.352,"-76.6 -81.2 -77.3","0.909 0.909 0.909",-93.966,-100.893,"-100.8 -100.8 -100.9 -100.9 -100.9 -100.9 -100.9 -100.9",0.073,1154,0,3425,1670,"-8e+01 -8e+01 -8e+01","0.702 0.239 0.384","0.073 0.048 0.023",30,28,10.60,0.20,1,1,3,0
58.800,6,0.909,0.909,0.000,3,0,-78.353,"-76.3 -81.5 -77.3","0.909 0.909 0.909",-93.966,-100.893,"-100.8 -100.8 -100.9 -100.9 -100.9 -100.9 -100.9 -100.9",0.073,1156,0,3430,1672,"-8e+01 -8e+01 -8e+01","0.702 0.239 0.384","0.073 0.048 0.023",28,26,10.36,0.21,0,0,3,0
58.900,6,0.909,0.909,0.000,3,0,-78.352,"-76.6 -81.5 -76.9","0.909 0.909 0.909",-93.966,-100.893,"-100.8 -100.8 -100.9 -100.9 -100.9 -100.9 -100.9 -100.9",0.073,1158,0,3436,1674,"-8e+01 -8e+01 -8e+01","0.702 0.239 0.384","0.073 0.048 0.023",29,29,6.83,0.00,0,0,3,0
59.000,6,0.909,0.909,0.000,3,0,-78.353,"-76.3 -81.5 -77.3","0.909 0.909 0.909",-93.966,-100.893,"-100.8 -100.8 -100.9 -100.9 -100.9 -100.9 -100.9 -100.9",0.073,1160,0,3444,1677,"-8e+01 -8e+01 -8e+01","0.702 0.255 0.392","0.073 0.048 0.023",14,13,1.08,0.21,0,0,3,0
59.100,6,0.909,0.909,0.000,3,0,-78.473,"-76.6 -81.5 -77.3","0.909 0.909 0.909",-93.966,-100.893,"-100.8 -100.8 -100.9 -100.9 -100.9 -100.9 -100.9 -100.9",0.073,1162,0,3447,1679,"-8e+01 -8e+01 -8e+01","0.702 0.255 0.392","0.073 0.048 0.023",1,1,0.02,0.00,0,0,3,0
59.200,6,0.939,0.909,0.043,3,0,-78.353,"-76.3 -81.5 -77.3","0.909 1.000 0.909",-93.966,-100.893,"-100.8 -100.8 -100.9 -100.9 -100.9 -100.9 -100.9 -100.9",0.073,1164,0,3452,1681,"-8e+01 -8e+01 -8e+01","0.702 0.255 0.392","0.073 0.048 0.023",1,1,0.00,0.00,0,0,3,0
59.300,6,0.939,0.909,0.043,3,0,-78.473,"-76.6 -81.5 -77.3","0.909 1.000 0.909",-93.966,-100.893,"-100.8 -100.8 -100.9 -100.9 -100.9 -100.9 -100.9 -100.9",0.073,1166,0,3455,1683,"-8e+01 -8e+01 -8e+01","0.702 0.255 0.392","0.073 0.048 0.023",1,1,0.00,0.00,0,0,3,0
59.400,6,0.939,0.909,0.043,3,0,-78.353,"-76.3 -81.5 -77.3","0.909 1.000 0.909",-93.966,-100.893,"-100.8 -100.8 -100.9 -100.9 -100.9 -100.9 -100.9 -100.9",0.073,1168,0,3460,1685,"-8e+01 -8e+01 -8e+01","0.706 0.255 0.392","0.073 0.048 0.023",1,1,0.01,0.00,0,0,3,0
59.500,6,0.970,0.909,0.043,3,0,-78.473,"-76.6 -81.5 -77.3","1.000 1.000 0.909",-93.966,-100.893,"-100.8 -100.8 -100.9 -100.9 -100.9 -100.9 -100.9 -100.9",0.073,1170,0,3463,1687,"-8e+01 -8e+01 -8e+01","0.706 0.255 0.392","0.073 0.048 0.023",1,1,0.01,0.00,0,0,3,0
59.600,6,0.970,0.909,0.043,3,0,-78.473,"-76.6 -81.5 -77.3","1.000 1.000 0.909",-93.966,-100.893,"-100.8 -100.8 -100.9 -100.9 -100.9 -100.9 -100.9 -100.9",0.073,1172,0,3466,1691,"-8e+01 -8e+01 -8e+01","0.706 0.255 0.392","0.073 0.048 0.023",1,1,0.02,0.00,0,0,3,0
59.700,6,1.000,1.000,0.000,3,0,-78.473,"-76.6 -81.5 -77.3","1.000 1.000 1.000",-93.966,-100.893,"-100.8 -100.8 -100.9 -100.9 -100.9 -100.9 -100.9 -100.9",0.073,1174,0,3469,1693,"-8e+01 -8e+01 -8e+01","0.706 0.255 0.392","0.073 0.048 0.023",1,1,0.02,0.00,0,0,3,0
59.800,6,1.000,1.000,0.000,3,0,-78.353,"-76.3 -81.5 -77.3","1.000 1.000 1.000",-93.966,-100.893,"-100.8 -100.8 -100.9 -100.9 -100.9 -100.9 -100.9 -100.9",0.073,1176,0,3474,1695,"-8e+01 -8e+01 -8e+01","0.706 0.255 0.392","0.073 0.048 0.023",1,1,0.00,0.00,0,0,3,0
59.900,6,1.000,1.000,0.000,3,0,-78.473,"-76.6 -81.5 -77.3","1.000 1.000 1.000",-93.966,-100.893,"-100.8 -100.8 -100.9 -100.9 -100.9 -100.9 -100.9 -100.9",0.073,1178,0,3477,1697,"-8e+01 -8e+01 -8e+01","0.71 0.255 0.392","0.073 0.048 0.023",1,1,0.01,0.00,0,0,3,0
